cash_mode,offset,cost_bps,rule,period,Return_Retention,n,cycles,years,CAGR,annual_return,annual_vol,downside_deviation,Sharpe,Sortino,Calmar,MaxDD,recovery_sessions,recovery_censored,longest_completed_recovery,average_exposure,cash_share,beta,annual_turnover,annual_fee_drag,VaR95_5D,ES95_5D,loss2_frequency,loss5_frequency,mean_path_D,actual_5D_proxy_ann,vol_proxy_overshoot,vol_prediction_rmse,ES_budget_predicted_gross_breach,ES_budget_predicted_net_breach,probability_budget_predicted_gross_breach,probability_budget_predicted_net_breach,loss_budget_realized_frequency,VaR_hit,ES_identification,expected_loss2,expected_loss5,path_projection_approx,CAGR_cost_drag
PROXY,0,0,BUYHOLD,ALL,1.0,5085,1017,20.216290212183434,0.16355377568402613,0.17577608316930807,0.21858988074875285,0.15608325833975395,0.7263988340086548,1.0141717333216305,0.31284107100409975,0.5228014824239071,761,False,761,1.0,0.0,1.0000000000000002,0.049557522123893805,0.0,0.044170306453956476,0.0673669467465383,0.168141592920354,0.032448377581120944,0.01934459635763229,0.22052746778901208,0.47099311701081614,0.011567848016397573,0.6794493608652901,0.6794493608652901,0.6892822025565388,0.6892822025565388,0.09734513274336283,0.05309734513274336,-0.12577978111667723,0.16621684466447012,0.03634826480730003,0.01939637242741534,0.0
PROXY,0,0,BUYHOLD,GFC,1.0,755,151,2.9924709103353866,0.025218340736438468,0.06774886567589,0.2925071856818414,0.21043921521532827,0.16204710974143618,0.22475010368989,0.048236934255650135,0.5228014824239078,545,True,46,1.0,0.0,1.0000000000000002,0.0,0.0,0.058124506762131656,0.0890108537839654,0.2251655629139073,0.0728476821192053,0.026079487010715403,0.2913983919267302,0.7152317880794702,0.011865703518121962,0.8410596026490066,0.8410596026490066,0.8410596026490066,0.8410596026490066,0.12582781456953643,0.059602649006622516,-0.1696329065262465,0.21403756485282932,0.06272102409480772,0.02510639847998463,0.0
PROXY,0,0,BUYHOLD,2011,1.0,251,49,0.9883641341546886,0.02620089941577715,0.04947803757043888,0.2182788534844953,0.16021662664652134,0.22411953020628014,0.3053101061448519,0.1726588430260247,0.1517495365808047,110,True,55,1.0,0.0,1.0000000000000002,0.0,0.0,0.04895348877415595,0.07001148828641822,0.22448979591836735,0.04081632653061224,0.023297595086573242,0.22768262162933053,0.6122448979591837,0.010736967289898513,0.7346938775510204,0.7346938775510204,0.7551020408163265,0.7551020408163265,0.16326530612244897,0.10204081632653061,-0.31388112607301694,0.18712659509003501,0.04330799432626789,0.02085192437862324,0.0
PROXY,0,0,BUYHOLD,2015_2016,1.0,503,100,1.9931553730321698,0.0868854138912926,0.10159890232515283,0.19107510807991782,0.14103405886072146,0.5223466988703075,0.7074539974237628,0.5005900764226787,0.17356599338163858,72,False,182,1.0,0.0,1.0000000000000002,0.0,0.0,0.03670936630915478,0.07286818059521075,0.13,0.03,0.016293981782477252,0.20010966319044216,0.27,0.016570760950499284,0.5,0.5,0.52,0.52,0.06,0.07,-0.5815012463589665,0.13825218192365035,0.022679336219866276,0.01645456595233466,0.0
PROXY,0,0,BUYHOLD,2018Q4,1.0,62,11,0.24914442162902123,-0.5289552733768645,-0.7093384933401242,0.32342420700991975,0.2593995857842623,-2.2660375423157855,-2.815954583043899,-2.3890268173076827,0.22141035401727782,62,True,0,1.0,0.0,0.9999999999999994,0.0,0.0,0.08661429031576695,0.08661429031576695,0.5454545454545454,0.2727272727272727,0.04402090241656724,0.3056793754317853,1.0,0.01438927802166601,0.9090909090909091,0.9090909090909091,0.9090909090909091,0.9090909090909091,0.5454545454545454,0.18181818181818182,-2.5389495501817803,0.22859420529360222,0.07516146944035527,0.026288822780981155,0.0
PROXY,0,0,BUYHOLD,COVID,1.0,92,18,0.3613963039014374,0.09137008939043718,0.17534673481457277,0.42145989130573286,0.3122586428054668,0.4073796893561575,0.5495431079380513,0.3314938400367208,0.2756313341458043,72,False,72,1.0,0.0,0.9999999999999993,0.0,0.0,0.14387144108251682,0.14387144108251682,0.3333333333333333,0.1111111111111111,0.0433502149873622,0.5089858971721861,0.9444444444444444,0.035581659653158695,1.0,1.0,1.0,1.0,0.16666666666666666,0.1111111111111111,-2.0172700483624038,0.26481957680289425,0.12664832062081594,0.03855362189130534,0.0
PROXY,0,0,BUYHOLD,2022,1.0,250,49,0.9883641341546886,-0.3376954837308446,-0.35839987569999615,0.322264532664297,0.23937477070898194,-1.173976549512866,-1.5760015170155277,-0.9315640449314492,0.36250377584688187,249,True,0,1.0,0.0,1.0000000000000002,0.0,0.0,0.07536583571341748,0.09073972297539527,0.3469387755102041,0.12244897959183673,0.038030339617945205,0.3001217169953161,0.9795918367346939,0.010353769351564769,1.0,1.0,1.0,1.0,0.2857142857142857,0.12244897959183673,-0.37173557105417715,0.24481127910182943,0.08668814700553157,0.02870464178807477,0.0
PROXY,0,0,BUYHOLD,2023_PLUS,1.0,912,182,3.6386036960985626,0.3132740919559739,0.2948167531887495,0.20354189868957773,0.1377101563188095,1.2166497840571102,1.7799840540362144,1.296050653327124,0.24171438913422105,88,False,88,1.0,0.0,0.9999999999999999,0.0,0.0,0.036440876690191915,0.04701723693933039,0.16483516483516483,0.005494505494505495,0.01799736890422296,0.20080157030273565,0.4945054945054945,0.009718569337858644,0.8626373626373627,0.8626373626373627,0.8461538461538461,0.8461538461538461,0.09340659340659341,0.038461538461538464,0.17644015727305004,0.17203298125773334,0.03511259897515613,0.01941367932420709,0.0
PROXY,0,0,BUYHOLD,2024_PLUS,1.0,662,132,2.642026009582478,0.24180329822952404,0.24019018237164713,0.2113558599035655,0.14674629483730456,0.9233270363150031,1.3178892758633274,1.0003678270690541,0.2417143891342206,88,False,88,1.0,0.0,1.0000000000000002,0.0,0.0,0.039735387881278506,0.048960110847080865,0.17424242424242425,0.007575757575757576,0.018783079134402036,0.2088647023813075,0.5,0.010724909098413081,0.8484848484848485,0.8484848484848485,0.8257575757575758,0.8257575757575758,0.09848484848484848,0.03787878787878788,0.16571887543625527,0.1719027765382527,0.03606556478282237,0.01956540531663441,0.0
PROXY,0,0,BUYHOLD,EX_MAJOR_SHOCKS,1.0,3982,793,15.824777549623546,0.2324365657841814,0.2264854670191833,0.1847006677023722,0.12985871667373183,1.1373025840236073,1.6112919506771999,0.9616165864875847,0.24171438913422105,88,False,182,1.0,0.0,1.0,0.06328478151682572,0.0,0.036140405740173964,0.05348838904732318,0.1424968474148802,0.017654476670870115,0.016398111863387396,0.1858445218277842,0.38209331651954603,0.010448951368897681,0.6204287515762925,0.6204287515762925,0.6330390920554855,0.6330390920554855,0.07818411097099622,0.04539722572509458,-0.05565421802078785,0.15011168221468735,0.02626096147008557,0.017314679063692596,0.0
PROXY,0,0,VOL,ALL,0.8347570602644805,5085,1017,20.216290212183434,0.13652766898515392,0.13987252554617438,0.15217442683835408,0.11012526592925263,0.8074737506340584,1.1104693549824145,0.44424770471349906,0.30732329629750665,546,False,546,0.831821896905649,0.168178103094351,0.6485963670465713,3.2895212204261304,0.0,0.03261909469244928,0.04904340918334999,0.119960668633235,0.014749262536873156,0.014508860731492573,0.15234168903608514,0.24680432645034414,0.0077944687031054295,0.6745329400196657,0.6745329400196657,0.6892822025565388,0.6892822025565388,0.05703048180924287,0.05309734513274336,-0.12576878785404852,0.12467345262846798,0.009971879005344821,0.01443361071683506,0.0
PROXY,0,0,MATCH_VOL,ALL,0.8613299786762522,5085,1017,20.216290212183434,0.14087377012234276,0.14860435542612663,0.1815852692962107,0.1296400101845283,0.7247980786462512,1.0114590541720654,0.3110875104003349,0.4528428992248964,756,False,756,0.83182189691238,0.16817810308762005,0.8306997397358635,0.19022497062554686,0.0,0.03659985535700949,0.05596883890907536,0.12979351032448377,0.02261553588987217,0.01608915315864808,0.18315464913254934,0.3421828908554572,0.009578023536132192,0.49262536873156343,0.49262536873156343,0.49655850540806296,0.49655850540806296,0.06686332350049164,0.05309734513274336,-0.12593675473953267,0.13342029798544003,0.02321921429371793,0.016131798854836482,0.0
PROXY,0,0,VOL,GFC,2.81577583753595,755,151,2.9924709103353866,0.07100919450841199,0.0806584417800132,0.15573696167492887,0.11122224804102177,0.38711986574293694,0.5389627327322919,0.23105698579931613,0.30732329629750654,545,True,48,0.7069036362497453,0.2930963637502547,0.4826995300931534,3.0798488279748653,0.0,0.03643727360150861,0.04991161148165861,0.10596026490066225,0.026490066225165563,0.01553740167538782,0.1583408741770873,0.33112582781456956,0.0061063711387309575,0.8278145695364238,0.8278145695364238,0.8410596026490066,0.8410596026490066,0.06622516556291391,0.059602649006622516,-0.1702212476731208,0.13552107655683368,0.010529444869724533,0.015213490157998997,0.0
PROXY,0,0,MATCH_VOL,GFC,1.2299581050723736,755,151,2.9924709103353866,0.031017502585259305,0.05182585983402087,0.2063675735119106,0.14855823825195558,0.15253287052728445,0.21123284536836284,0.07831968247203963,0.3960371340414033,545,True,43,0.7069036362524785,0.29309636374752146,0.7054654008427004,0.2761840081175525,0.0,0.040813463289610996,0.0628289849196408,0.12582781456953643,0.019867549668874173,0.018447165080618253,0.20521872999200508,0.4304635761589404,0.008308097560959161,0.5562913907284768,0.5562913907284768,0.5960264900662252,0.5960264900662252,0.09933774834437085,0.059602649006622516,-0.1714722643932765,0.14921411550177754,0.029763604757186382,0.017754925815530627,0.0
PROXY,0,0,VOL,2011,-0.7280266540086655,251,49,0.9883641341546886,-0.019074953133685835,-0.007651725687297368,0.15144075955489325,0.11452258480017827,-0.054201000349749555,-0.07166153346737654,-0.14645633430968763,0.13024327847337147,218,True,13,0.7886104184044044,0.21138958159559562,0.6602435812925641,3.8656912773249448,0.0,0.045737084539043016,0.05138146254925013,0.12244897959183673,0.02040816326530612,0.017139205403145473,0.16047726572484403,0.32653061224489793,0.007559698305209743,0.7346938775510204,0.7346938775510204,0.7551020408163265,0.7551020408163265,0.10204081632653061,0.10204081632653061,-0.31390070590179875,0.13154262245355117,0.009926618008336656,0.014843602365102883,0.0
PROXY,0,0,MATCH_VOL,2011,0.9534032850820977,251,49,0.9883641341546886,0.02498002357510755,0.03922843085025728,0.1718252885378305,0.12616772465718415,0.22505968174543184,0.3064660620776996,0.20714961917360264,0.1205892807081288,110,True,55,0.7886104184085253,0.2113895815914747,0.787169082912026,0.20596988661233212,0.0,0.03861704821378431,0.05522937116695538,0.16326530612244897,0.04081632653061224,0.018395999636075012,0.17918567787317036,0.3877551020408163,0.008390097206874381,0.4897959183673469,0.4897959183673469,0.5510204081632653,0.5510204081632653,0.08163265306122448,0.10204081632653061,-0.3139054583047981,0.14338741028154264,0.023898281793803433,0.016449940546596493,0.0
PROXY,0,0,VOL,2015_2016,0.6454590381935441,503,100,1.9931553730321698,0.05608097568332172,0.06819546497750384,0.16446203108340704,0.12559246000445687,0.4037652434829737,0.528537305495788,0.32189136724701595,0.1742232982603904,276,False,276,0.9089897740763173,0.09101022592368269,0.833078851025519,3.0768601984853814,0.0,0.029517775582916905,0.0627237236064238,0.12,0.02,0.014242209587605841,0.16548737711863243,0.18,0.01281932662493468,0.5,0.5,0.52,0.52,0.04,0.07,-0.5815041751785927,0.11570999241470713,0.007765934619655302,0.013717414993940764,0.0
PROXY,0,0,MATCH_VOL,2015_2016,0.9282833660912136,503,100,1.9931553730321698,0.08065428447123739,0.09261869386308196,0.17353950889706177,0.12801420192664573,0.5233807974293174,0.7092556245540154,0.510022715012617,0.15813861245227512,72,False,182,0.9089897740803662,0.09101022591963381,0.9082248441405725,0.07797387641198746,0.0,0.03336334555269216,0.06622354692537584,0.12,0.03,0.01481707141258274,0.18180497978462853,0.22,0.015052463622719083,0.3,0.3,0.34,0.34,0.05,0.07,-0.5815556669913822,0.12150286024286629,0.017919451961557042,0.014954827641926733,0.0
PROXY,0,0,VOL,2018Q4,,62,11,0.24914442162902123,-0.46460409610474124,-0.6116296626475155,0.2019582288790992,0.1727447547410771,-3.145043489124035,-3.659264815678786,-2.769854532154627,0.1677359192373662,62,True,0,0.619991881543818,0.380008118456182,0.6081197066775431,5.054728393944332,0.0,0.0765658821947156,0.0765658821947156,0.45454545454545453,0.09090909090909091,0.028580999421573015,0.18890477297326624,0.6363636363636364,0.00855039472293168,0.9090909090909091,0.9090909090909091,0.9090909090909091,0.9090909090909091,0.36363636363636365,0.18181818181818182,-2.54008866394221,0.13584211528315426,0.012596713996557124,0.015236182133834895,0.0
PROXY,0,0,MATCH_VOL,2018Q4,,62,11,0.24914442162902123,-0.3578062313605532,-0.42828987354963893,0.20007783841400656,0.16009345096164607,-2.258352762518338,-2.8072474199960253,-2.5731640569293606,0.1390530193350885,62,True,0,0.619991881543127,0.380008118456873,0.61859849295779,0.47545342737561275,0.0,0.053556113362086544,0.053556113362086544,0.5454545454545454,0.09090909090909091,0.02729813930884172,0.18917909871537394,0.6363636363636364,0.008861138469308617,0.8181818181818182,0.8181818181818182,0.8181818181818182,0.8181818181818182,0.2727272727272727,0.18181818181818182,-2.555414319077476,0.14544744102590706,0.02108353328973681,0.016308834441232503,0.0
PROXY,0,0,VOL,COVID,-1.5136323997411842,92,18,0.3613963039014374,-0.13830072766861395,-0.12790010547415376,0.19713085974000527,0.1596472344529537,-0.6667113037785116,-0.822315985966029,-0.8379092056858266,0.1650545509348058,91,True,0,0.49755566163663173,0.5024443383633683,0.4161592146525886,5.543685496635829,0.0,0.1080945285868481,0.1080945285868481,0.16666666666666666,0.1111111111111111,0.021605319036620867,0.2047562797918717,0.3333333333333333,0.014290272650886884,1.0,1.0,1.0,1.0,0.1111111111111111,0.1111111111111111,-2.0183036813707975,0.13920144388408456,0.014058569632000905,0.015310031920330834,0.0
PROXY,0,0,MATCH_VOL,COVID,0.7764213171484248,92,18,0.3613963039014374,0.07094168515249255,0.08941786112683996,0.2083082768491229,0.15406109169786167,0.4117206135478445,0.5560768391635599,0.4952639133448904,0.1432401659821526,66,False,66,0.4975556616432265,0.5024443383567735,0.49415114261973664,0.5843439860924736,0.0,0.07126334378063748,0.07126334378063748,0.1111111111111111,0.1111111111111111,0.02168027131936649,0.2513025570990708,0.4444444444444444,0.017331542801811112,0.6666666666666666,0.6666666666666666,0.6111111111111112,0.6111111111111112,0.1111111111111111,0.1111111111111111,-2.030664106175028,0.15985706227710023,0.04129367192307088,0.0191258961321067,0.0
PROXY,0,0,VOL,2022,,250,49,0.9883641341546886,-0.2579789187594221,-0.2805775412738598,0.1818832638822065,0.1414746017089898,-1.65217346679119,-2.1140639418623404,-0.9823801536247443,0.2626059960673498,249,True,0,0.5663001945389603,0.4336998054610397,0.5531398971426338,3.799913978457849,0.0,0.04580663322266232,0.05651570945791439,0.2653061224489796,0.04081632653061224,0.02180253020004086,0.16461943933762507,0.46938775510204084,0.005444810698506875,1.0,1.0,1.0,1.0,0.12244897959183673,0.12244897959183673,-0.3727545194206716,0.13976526689214616,0.014885708602331656,0.01559859438828417,0.0
PROXY,0,0,MATCH_VOL,2022,,250,49,0.9883641341546886,-0.19301593312233853,-0.19703959067062132,0.18210364495803938,0.13530757934496115,-1.1914913403733078,-1.5955137955990388,-0.8969561496612903,0.21518993230073225,249,True,0,0.5663001945331081,0.4336998054668919,0.5650244317841676,0.4057949146723809,0.0,0.0427646131005992,0.05131491740173837,0.24489795918367346,0.04081632653061224,0.021592639899951856,0.16967152499114946,0.4489795918367347,0.005754513365328727,0.7959183673469388,0.7959183673469388,0.7755102040816326,0.7755102040816326,0.10204081632653061,0.12244897959183673,-0.3742709432690401,0.14599620165759317,0.02025020134236094,0.016292482530831237,0.0
PROXY,0,0,VOL,2023_PLUS,0.7423058079985708,912,182,3.6386036960985626,0.23254517795439777,0.22199189222115698,0.15286473313275212,0.10686458728925304,1.1436872358121473,1.613858591278636,1.2950249599902528,0.1795681049700757,150,False,150,0.8336697556018255,0.16633024439817445,0.717470109106782,4.093960565885607,0.0,0.029610127062723146,0.03720474031867788,0.13186813186813187,0.0,0.014389708859189408,0.15258072535459985,0.26373626373626374,0.006699814814162657,0.8626373626373627,0.8626373626373627,0.8461538461538461,0.8461538461538461,0.04945054945054945,0.038461538461538464,0.17725087573843398,0.1330633773251879,0.01279733481013639,0.0151978953257942,0.0
PROXY,0,0,MATCH_VOL,2023_PLUS,0.8548151792976018,912,182,3.6386036960985626,0.2677914490846392,0.25298706697037926,0.16936916772412083,0.11447396278485758,1.215169064732003,1.7759596110944602,1.3153455509900325,0.2035901888162227,87,False,87,0.8336697556071907,0.1663302443928093,0.8320939948719404,0.14508423988407704,0.0,0.03018661641078002,0.03902916269391853,0.12637362637362637,0.005494505494505495,0.014957868840089598,0.16716355696481822,0.32967032967032966,0.00804786604640762,0.6318681318681318,0.6318681318681318,0.5989010989010989,0.5989010989010989,0.04945054945054945,0.038461538461538464,0.1770046000482831,0.13813657060794607,0.02086479439820725,0.01617730762012959,0.0
PROXY,0,0,VOL,2024_PLUS,0.7061320047655779,662,132,2.642026009582478,0.17074504773774274,0.17054090889541854,0.15445104804997484,0.1121984657605298,0.8126820491517842,1.1051561641070995,0.9508651203185366,0.1795681049700758,150,False,150,0.8302026186513219,0.16979738134867806,0.6932062368886096,4.150317020555383,0.0,0.028987677590588623,0.037719560191032515,0.13636363636363635,0.0,0.014796310825458542,0.15569980189273316,0.29545454545454547,0.007256382426372936,0.8484848484848485,0.8484848484848485,0.8257575757575758,0.8257575757575758,0.03787878787878788,0.03787878787878788,0.16649223511615882,0.13173388464178548,0.0124227547643036,0.015091283149011028,0.0
PROXY,0,0,MATCH_VOL,2024_PLUS,0.8639999842981377,662,132,2.642026009582478,0.20891804587354668,0.20617434627763195,0.17503572610391094,0.12147867392655426,0.9205933238539221,1.3120761647674997,1.0301301444157864,0.20280742875651847,87,False,87,0.8302026186555151,0.16979738134448485,0.8281382053015973,0.14568343704236494,0.0,0.032836169198538157,0.04047929524803022,0.12878787878787878,0.007575757575757576,0.015552692292105793,0.17308636312869055,0.3484848484848485,0.008836859358327181,0.6136363636363636,0.6136363636363636,0.5833333333333334,0.5833333333333334,0.06060606060606061,0.03787878787878788,0.16628589245362957,0.1376270305087359,0.02164988411540453,0.016237846089521692,0.0
PROXY,0,0,VOL,EX_MAJOR_SHOCKS,0.7961530456610242,3982,793,15.824777549623546,0.18505507977206503,0.18110754074504548,0.14809300390332575,0.10628172292337454,1.112008796438836,1.5421034375792109,1.0305565111515975,0.1795681049700757,150,False,276,0.8798196819343708,0.12018031806562923,0.7727850932148923,3.250108483285006,0.0,0.02965843778496402,0.044985721135519394,0.11223203026481715,0.008827238335435058,0.013707361659207553,0.14905932409583048,0.21437578814627994,0.008008006021961148,0.617906683480454,0.617906683480454,0.6330390920554855,0.6330390920554855,0.04918032786885246,0.04539722572509458,-0.05544427845503393,0.121320789871007,0.009463675019720194,0.014190523254653949,0.0
PROXY,0,0,MATCH_VOL,EX_MAJOR_SHOCKS,0.8870958844407127,3982,793,15.824777549623546,0.2061935209006803,0.2010220172376861,0.16235974652398646,0.11411600494072267,1.136970330582711,1.6104499028914978,0.9621188790393246,0.21431189574677556,87,False,182,0.8798196819334959,0.12018031806650409,0.8790377240873251,0.15581256716026634,0.0,0.03173457573449112,0.04700598376014142,0.1223203026481715,0.013871374527112233,0.01442206051945061,0.16337700310685385,0.2786885245901639,0.009168781922574533,0.45901639344262296,0.45901639344262296,0.4665825977301387,0.4665825977301387,0.05170239596469105,0.04539722572509458,-0.05560896243641183,0.12719887214894235,0.01829536172143003,0.015230741186675691,0.0
PROXY,0,0,CORE_VOL,ALL,0.922531782516207,5085,1017,20.216290212183434,0.1508835562190405,0.15748722679616461,0.18221294275624464,0.13087825207437676,0.7710364595283516,1.069302461462403,0.35886129739481026,0.420450902101717,616,False,616,0.9159080836629635,0.0840919163370365,0.8238530890083345,1.662671798722167,0.0,0.03796329864988657,0.05738181793268035,0.14454277286135694,0.02359882005899705,0.01693406424212845,0.1831243415165516,0.39823008849557523,0.009485057199334419,0.6794493608652901,0.6794493608652901,0.6892822025565388,0.6892822025565388,0.07866273352999016,0.05309734513274336,-0.12577328796559833,0.1496941014926296,0.023120899286608182,0.0169149915721252,0.0
PROXY,0,0,MATCH_CORE_VOL,ALL,0.9313876285159597,5085,1017,20.216290212183434,0.15233196326917633,0.16216547488749294,0.20007308501523782,0.14285444543779982,0.725601153114334,1.0128183582329537,0.3116632870977012,0.48877095755401834,758,False,758,0.9159080836636344,0.08409191633636559,0.9152863986833237,0.1274617615648733,0.0,0.04037264568922938,0.061666975727455935,0.14945919370698132,0.029498525073746312,0.01771786372667345,0.20182442388174793,0.40216322517207476,0.010570395016040417,0.5821042281219272,0.5821042281219272,0.5988200589970502,0.5988200589970502,0.08456243854473942,0.05309734513274336,-0.12585094784591977,0.15041638395980583,0.02955115361434894,0.017763943371306015,0.0
PROXY,0,0,CORE_VOL,GFC,1.988483500496502,755,151,2.9924709103353866,0.0501462544643067,0.0729011327968375,0.21911971342955255,0.15728940256721624,0.23980384568297702,0.3329386158390719,0.11926780086245328,0.4204509021017193,545,True,48,0.8532906931937133,0.1467093068062867,0.740496039784916,1.5368838475921167,0.0,0.04640207835698307,0.06819063440895683,0.15894039735099338,0.039735099337748346,0.020828682475488653,0.2196633720565986,0.6490066225165563,0.008736467060447995,0.8410596026490066,0.8410596026490066,0.8410596026490066,0.8410596026490066,0.11258278145695365,0.059602649006622516,-0.16984559633563584,0.18385620108397668,0.03717760230899053,0.020159944318991815,0.0
PROXY,0,0,MATCH_CORE_VOL,GFC,1.1452392789781034,755,151,2.9924709103353866,0.028881034362022922,0.059572196889006626,0.24933996922254653,0.179449939921054,0.1573101354081482,0.21801679146998873,0.062468565145042766,0.4623290817544061,545,True,46,0.853290693200777,0.146709306799223,0.8524092432142593,0.1671463683435498,0.0,0.049461795765397,0.07590904604568094,0.152317880794702,0.046357615894039736,0.02226563541408519,0.24817330689929612,0.6291390728476821,0.010075135026813216,0.7549668874172185,0.7549668874172185,0.7682119205298014,0.7682119205298014,0.11920529801324503,0.059602649006622516,-0.17039106521709463,0.18414870674964207,0.04550942805113639,0.021427609087903754,0.0
PROXY,0,0,CORE_VOL,2011,0.15723649439726628,251,49,0.9883641341546886,0.004119737574192181,0.020734726923714704,0.18256484519075172,0.1358630936041079,0.11052292050833974,0.14849523467522724,0.030594224752568972,0.1346573612343699,110,True,108,0.894246306190594,0.10575369380940602,0.8294927891584954,1.9167891886057538,0.0,0.04895348877415595,0.06033545045266847,0.1836734693877551,0.04081632653061224,0.02022169501164174,0.1920601970700873,0.5510204081632653,0.009068698536301689,0.7346938775510204,0.7346938775510204,0.7551020408163265,0.7551020408163265,0.10204081632653061,0.10204081632653061,-0.3138893608150742,0.16486549790648417,0.026118700049515074,0.017847763371863064,0.0
PROXY,0,0,MATCH_CORE_VOL,2011,0.9875934846378029,251,49,0.9883641341546886,0.02587583755467193,0.04435131478773773,0.19501664573732824,0.14317040527440078,0.22456457453311912,0.30585246730181853,0.18994890538820394,0.1362252522687022,110,True,55,0.8942463061890252,0.10575369381097477,0.8934251132420226,0.11682295480271902,0.0,0.04378353739997198,0.06261795409360252,0.1836734693877551,0.04081632653061224,0.020847140107416055,0.20339356194571367,0.5714285714285714,0.009557192819984552,0.6122448979591837,0.6122448979591837,0.673469387755102,0.673469387755102,0.08163265306122448,0.10204081632653061,-0.3138918600982225,0.16670061051293825,0.03350099630211028,0.018650195240957335,0.0
PROXY,0,0,CORE_VOL,2015_2016,0.8244169587582677,503,100,1.9931553730321698,0.0716298086807128,0.08479705631954383,0.17634319245432967,0.1322368432224761,0.4707048881580221,0.6274870733259396,0.41191497496961094,0.1738946458210151,259,False,259,0.9545101778090658,0.045489822190934226,0.9165269537773919,1.5360996557292463,0.0,0.0313668991170466,0.06702910102550821,0.13,0.03,0.01527039248831617,0.1813860473518207,0.23,0.014560510425188746,0.5,0.5,0.52,0.52,0.05,0.07,-0.5815024642906428,0.12942367389954434,0.015222201869369591,0.015085990473137712,0.0
PROXY,0,0,MATCH_CORE_VOL,2015_2016,0.9646403474279523,503,100,1.9931553730321698,0.08381317584251793,0.09711296353822678,0.18230638502281885,0.1345215852973426,0.5228643781276069,0.7083555836010639,0.5053114880049848,0.16586437837267443,72,False,182,0.9545101778054776,0.045489822194522356,0.9541080223853213,0.040951883403731605,0.0,0.03503681065495112,0.06954676676562548,0.13,0.03,0.015555954397865142,0.1909578434692172,0.25,0.015811569943886716,0.4,0.4,0.44,0.44,0.05,0.07,-0.5815271479169845,0.1299942505137614,0.020165693818536116,0.01570490061148051,0.0
PROXY,0,0,CORE_VOL,2018Q4,,62,11,0.24914442162902123,-0.4964733726504033,-0.6600851616048969,0.2609967383828742,0.21464795688173882,-2.61928279939108,-3.1722029639121048,-2.551494814597506,0.194581376301453,62,True,0,0.810047876817255,0.18995212318274501,0.8038506423044474,2.4585675293761353,0.0,0.07656588219471572,0.07656588219471572,0.5454545454545454,0.18181818181818182,0.036316237230705345,0.24609259939340658,0.8181818181818182,0.011354150297417227,0.9090909090909091,0.9090909090909091,0.9090909090909091,0.9090909090909091,0.45454545454545453,0.18181818181818182,-2.5393547037230806,0.19208908510664202,0.04210444399580173,0.02076250245740802,0.0
PROXY,0,0,MATCH_CORE_VOL,2018Q4,,62,11,0.24914442162902123,-0.4487418908600933,-0.5684763864239407,0.2617035962240121,0.20970043458007612,-2.26221917487503,-2.811636901638523,-2.4812876837035094,0.18085040836148114,62,True,0,0.8100478768181074,0.18995212318189258,0.8091570741629576,0.31266728232628094,0.0,0.07009618874090606,0.07009618874090606,0.5454545454545454,0.18181818181818182,0.03567873001343205,0.2473918258488597,1.0,0.011616378038058707,0.9090909090909091,0.9090909090909091,0.9090909090909091,0.9090909090909091,0.45454545454545453,0.18181818181818182,-2.5452221983547463,0.1932095097947043,0.046729943107024434,0.021302145465324062,0.0
PROXY,0,0,CORE_VOL,COVID,-0.24601661452141985,92,18,0.3613963039014374,-0.022478560060354858,0.022883331310130067,0.3017017035781953,0.22928282849655052,0.06384412955083578,0.08394270282069985,-0.10197865695898863,0.22042416257153452,77,False,77,0.7494064861441828,0.2505935138558172,0.7079162705490344,2.697340835621084,0.0,0.1080945285868482,0.1080945285868482,0.2222222222222222,0.1111111111111111,0.03256184462669256,0.34811958834953294,0.8333333333333334,0.02413994723197545,1.0,1.0,1.0,1.0,0.1111111111111111,0.1111111111111111,-2.017547850908032,0.22611295836564593,0.07698928304085563,0.026931826905818086,0.0
PROXY,0,0,MATCH_CORE_VOL,COVID,0.9599392916981608,92,18,0.3613963039014374,0.0877097388918539,0.13261422570009596,0.3147821190939069,0.23303470748375332,0.4096846573895953,0.5529929769072879,0.4152087215996079,0.21124252533508614,71,False,71,0.7494064861502506,0.25059351384974937,0.746845978119961,0.442329442214759,0.0,0.10761250273180734,0.10761250273180734,0.2222222222222222,0.1111111111111111,0.0325768695710814,0.379946454786849,0.8333333333333334,0.026380832925850545,0.9444444444444444,0.9444444444444444,0.9444444444444444,0.9444444444444444,0.1111111111111111,0.1111111111111111,-2.02168429195582,0.22446435487547292,0.08512925883087144,0.028851829160551037,0.0
PROXY,0,0,CORE_VOL,2022,,250,49,0.9883641341546886,-0.29747190657752187,-0.3201538245161664,0.25074961365494486,0.189401284409358,-1.3562687923487384,-1.789132858275539,-0.9509172645860412,0.31282627590847145,249,True,0,0.7830114874132352,0.21698851258676477,0.7760539676757943,1.8893442950799324,0.0,0.0634555162771624,0.07298359172889257,0.30612244897959184,0.08163265306122448,0.02993911121202683,0.23144179665312664,0.8979591836734694,0.007854872793470361,1.0,1.0,1.0,1.0,0.22448979591836735,0.12244897959183673,-0.37219978043538515,0.20430354793504593,0.04892354070144187,0.022151618088179472,0.0
PROXY,0,0,MATCH_CORE_VOL,2022,,250,49,0.9883641341546886,-0.2674483035456653,-0.2782123304992991,0.25205511615095016,0.18731468358752526,-1.1828571867880753,-1.5858985121188172,-0.9173308874978431,0.29155052684988125,249,True,0,0.7830114874202463,0.2169885125797537,0.7821202689744026,0.28123657031950766,0.0,0.05907543728816134,0.07103967067181668,0.30612244897959184,0.08163265306122448,0.029834586771645605,0.23479470388711648,0.8979591836734694,0.008030616175964367,1.0,1.0,1.0,1.0,0.22448979591836735,0.12244897959183673,-0.3726476153950623,0.20436810825179816,0.05205261309056647,0.022502450477043152,0.0
PROXY,0,0,CORE_VOL,2023_PLUS,0.8706725671360708,912,182,3.6386036960985626,0.2727591578605293,0.2581173170253986,0.1761315423114038,0.12128859344365753,1.1976654027438012,1.7186905832395651,1.3029506135157607,0.20933959816369507,91,False,91,0.9168895712663538,0.08311042873364616,0.8580510886422851,2.0392160387191383,0.0,0.033993124904339256,0.041290381902372233,0.14835164835164835,0.0,0.01619604948358847,0.1750302706142176,0.4065934065934066,0.008116396788249585,0.8626373626373627,0.8626373626373627,0.8461538461538461,0.8461538461538461,0.07692307692307693,0.038461538461538464,0.17675685054761398,0.15556854727628303,0.02377100641210958,0.01730578732500065,0.0
PROXY,0,0,MATCH_CORE_VOL,2023_PLUS,0.92728485464048,912,182,3.6386036960985626,0.29049432082202364,0.2738809272089378,0.18644871738732421,0.12609432116223604,1.215908680710407,1.7779575790357744,1.3037596450422146,0.2228127875614816,88,False,88,0.9168895712702453,0.08311042872975472,0.9160170485815571,0.07971674600404055,0.0,0.03331516345019925,0.04302500951107302,0.14835164835164835,0.005494505494505495,0.016479306224131504,0.1839798680280452,0.3956043956043956,0.008880641191085989,0.7692307692307693,0.7692307692307693,0.7637362637362637,0.7637362637362637,0.07142857142857142,0.038461538461538464,0.17669609681316156,0.1557305236636421,0.0276822688891749,0.017796226670649794,0.0
PROXY,0,0,CORE_VOL,2024_PLUS,0.8530519018063417,662,132,2.642026009582478,0.2062707634177415,0.20496681115608445,0.1804419723265561,0.12831845027197392,0.8863539634149167,1.2332902218942798,0.9853404001303477,0.20933959816369507,91,False,91,0.9151528043369995,0.08484719566300047,0.8457066999583341,2.065403821578008,0.0,0.03638234067923529,0.04265495557529404,0.1590909090909091,0.0,0.01679252076571109,0.18033291139120886,0.4166666666666667,0.008883621818808697,0.8484848484848485,0.8484848484848485,0.8257575757575758,0.8257575757575758,0.07575757575757576,0.03787878787878788,0.166012920838107,0.1552414307917419,0.02410213684448388,0.017328344232822722,0.0
PROXY,0,0,MATCH_CORE_VOL,2024_PLUS,0.9321909271987611,662,132,2.642026009582478,0.22540684077629855,0.22314344896723884,0.19318194302738037,0.1341132039372493,0.921953515050553,1.3149593783961473,1.0133924080009642,0.2224279943254559,88,False,88,0.9151528043421685,0.0848471956578315,0.9140076819944706,0.0802406475131408,0.0,0.03628737457216036,0.044721664958873475,0.1590909090909091,0.007575757575757576,0.017169658661677273,0.190967913394541,0.4166666666666667,0.009777505714592637,0.7196969696969697,0.7196969696969697,0.7121212121212122,0.7121212121212122,0.07575757575757576,0.03787878787878788,0.16597533245775004,0.15548478526786683,0.028640138582823715,0.01790239548471433,0.0
PROXY,0,0,CORE_VOL,EX_MAJOR_SHOCKS,0.8986186741368699,3982,793,15.824777549623546,0.20887183856590844,0.2036737897198687,0.16486281731397712,0.11711584862103283,1.1357792619543232,1.5918568312939438,0.99776554650009,0.20933959816369507,91,False,259,0.9399308317831355,0.06006916821686448,0.8861144383463703,1.6508908490514933,0.0,0.03300563744133522,0.04876671092805928,0.12988650693568726,0.015132408575031526,0.015054971179818171,0.16607522050389548,0.308953341740227,0.009141478862129732,0.6204287515762925,0.6204287515762925,0.6330390920554855,0.6330390920554855,0.0617906683480454,0.04539722572509458,-0.05557149706607338,0.13813425214448452,0.017675014592623283,0.01575260115917327,0.0
PROXY,0,0,MATCH_CORE_VOL,EX_MAJOR_SHOCKS,0.9435575208839834,3982,793,15.824777549623546,0.21931726977410912,0.2137501935281069,0.173528696665779,0.12198734548168132,1.1371363995770571,1.6108689061354489,0.9615141850413745,0.22809571942474438,88,False,182,0.939930831781849,0.060069168218151,0.9395118230954178,0.1129549117268677,0.0,0.03393806872505867,0.05024803681118916,0.13240857503152584,0.015132408575031526,0.015410759792385802,0.17460966394729188,0.3203026481715006,0.009808162977023398,0.532156368221942,0.532156368221942,0.5548549810844893,0.5548549810844893,0.07313997477931904,0.04539722572509458,-0.05563309076753462,0.1389603943687063,0.022151687653322316,0.01627298351079207,0.0
PROXY,0,1,BUYHOLD,ALL,1.0,5085,1017,20.216290212183434,0.16354802046033232,0.17577113428870247,0.21858992681159667,0.15608330072083026,0.726376038524468,1.0141398268709367,0.3128300625737732,0.5228014824239073,761,False,761,1.0,0.0,1.000000205555796,0.04955256686720708,4.955256686720709e-06,0.044170306453956476,0.06736694674653829,0.168141592920354,0.032448377581120944,0.01934469123446626,0.22052746778901208,0.47099311701081614,0.011567848016397573,0.6794493608652901,0.6794493608652901,0.6892822025565388,0.6892822025565388,0.09734513274336283,0.05309734513274336,-0.1257771431173147,0.16621684466447012,0.03634826480730003,0.01939637242741534,5.755223693809652e-06
PROXY,0,1,BUYHOLD,GFC,1.0,755,151,2.9924709103353866,0.02521834073643867,0.06774886567589018,0.2925071856818413,0.2104392152153282,0.16204710974143693,0.22475010368989098,0.04823693425565055,0.5228014824239074,545,True,46,1.0,0.0,1.0,0.0,0.0,0.058124506762131656,0.08901085378396535,0.2251655629139073,0.0728476821192053,0.026079487010715392,0.2913983919267302,0.7152317880794702,0.011865703518121962,0.8410596026490066,0.8410596026490066,0.8410596026490066,0.8410596026490066,0.12582781456953643,0.059602649006622516,-0.16963290652624594,0.21403756485282932,0.06272102409480772,0.02510639847998463,-2.0122792321330962e-16
PROXY,0,1,BUYHOLD,2011,1.0,251,49,0.9883641341546886,0.02620089941577576,0.04947803757043755,0.2182788534844951,0.1602166266465213,0.22411953020627423,0.30531010614484355,0.17265884302601542,0.1517495365808048,110,True,55,1.0,0.0,0.999999999999999,0.0,0.0,0.04895348877415606,0.07001148828641815,0.22448979591836735,0.04081632653061224,0.023297595086573225,0.22768262162933053,0.6122448979591837,0.010736967289898513,0.7346938775510204,0.7346938775510204,0.7551020408163265,0.7551020408163265,0.16326530612244897,0.10204081632653061,-0.31388112607301766,0.18712659509003501,0.04330799432626789,0.02085192437862324,1.3877787807814457e-15
PROXY,0,1,BUYHOLD,2015_2016,1.0,503,100,1.9931553730321698,0.08688541389129416,0.10159890232515423,0.19107510807991773,0.14103405886072135,0.522346698870315,0.7074539974237731,0.5005900764226883,0.17356599338163836,72,False,182,1.0,0.0,0.9999999999999992,0.0,0.0,0.036709366309155,0.07286818059521075,0.13,0.03,0.016293981782477252,0.20010966319044216,0.27,0.016570760950499284,0.5,0.5,0.52,0.52,0.06,0.07,-0.5815012463589649,0.13825218192365035,0.022679336219866276,0.01645456595233466,-1.5543122344752192e-15
PROXY,0,1,BUYHOLD,2018Q4,1.0,62,11,0.24914442162902123,-0.5289552733768622,-0.7093384933401192,0.3234242070099193,0.2593995857842618,-2.2660375423157726,-2.815954583043885,-2.389026817307684,0.2214103540172767,62,True,0,1.0,0.0,0.9999999999999982,0.0,0.0,0.08661429031576706,0.08661429031576706,0.5454545454545454,0.2727272727272727,0.044020902416567205,0.3056793754317853,1.0,0.01438927802166601,0.9090909090909091,0.9090909090909091,0.9090909090909091,0.9090909090909091,0.5454545454545454,0.18181818181818182,-2.5389495501817723,0.22859420529360222,0.07516146944035527,0.026288822780981155,-2.3314683517128287e-15
PROXY,0,1,BUYHOLD,COVID,1.0,92,18,0.3613963039014374,0.09137008939043605,0.17534673481457186,0.421459891305733,0.312258642805467,0.4073796893561552,0.5495431079380481,0.3314938400367165,0.27563133414580443,72,False,72,1.0,0.0,1.0000000000000002,0.0,0.0,0.14387144108251693,0.14387144108251695,0.3333333333333333,0.1111111111111111,0.043350214987362204,0.5089858971721861,0.9444444444444444,0.035581659653158695,1.0,1.0,1.0,1.0,0.16666666666666666,0.1111111111111111,-2.0172700483624078,0.26481957680289425,0.12664832062081594,0.03855362189130534,1.1379786002407855e-15
PROXY,0,1,BUYHOLD,2022,1.0,250,49,0.9883641341546886,-0.3376954837308437,-0.35839987569999454,0.3222645326642971,0.23937477070898194,-1.1739765495128611,-1.576001517015521,-0.9315640449314474,0.36250377584688154,249,True,0,1.0,0.0,1.0000000000000002,0.0,0.0,0.07536583571341748,0.09073972297539527,0.3469387755102041,0.12244897959183673,0.03803033961794519,0.3001217169953161,0.9795918367346939,0.010353769351564769,1.0,1.0,1.0,1.0,0.2857142857142857,0.12244897959183673,-0.37173557105417715,0.24481127910182943,0.08668814700553157,0.02870464178807477,-9.43689570931383e-16
PROXY,0,1,BUYHOLD,2023_PLUS,1.0,912,182,3.6386036960985626,0.3132740919559748,0.29481675318875017,0.2035418986895778,0.13771015631880953,1.2166497840571135,1.7799840540362195,1.2960506533271272,0.24171438913422116,88,False,88,1.0,0.0,1.0000000000000002,0.0,0.0,0.036440876690192026,0.0470172369393304,0.16483516483516483,0.005494505494505495,0.017997368904222967,0.20080157030273565,0.4945054945054945,0.009718569337858644,0.8626373626373627,0.8626373626373627,0.8461538461538461,0.8461538461538461,0.09340659340659341,0.038461538461538464,0.17644015727304987,0.17203298125773334,0.03511259897515613,0.01941367932420709,-8.881784197001252e-16
PROXY,0,1,BUYHOLD,2024_PLUS,1.0,662,132,2.642026009582478,0.24180329822952376,0.24019018237164694,0.2113558599035655,0.14674629483730456,0.923327036315002,1.3178892758633258,1.0003678270690515,0.24171438913422094,88,False,88,1.0,0.0,1.0000000000000002,0.0,0.0,0.03973538788127862,0.04896011084708086,0.17424242424242425,0.007575757575757576,0.018783079134402036,0.2088647023813075,0.5,0.010724909098413081,0.8484848484848485,0.8484848484848485,0.8257575757575758,0.8257575757575758,0.09848484848484848,0.03787878787878788,0.16571887543625527,0.1719027765382527,0.03606556478282237,0.01956540531663441,2.7755575615628914e-16
PROXY,0,1,BUYHOLD,EX_MAJOR_SHOCKS,1.0,3982,793,15.824777549623546,0.2324287781798974,0.22647914731604918,0.18470074420785756,0.1298587817236643,1.1372678854079314,1.6112425982332057,0.9615843682803361,0.24171438913422116,88,False,182,1.0,0.0,1.0000004049637632,0.06327845367145857,6.327845367145857e-06,0.036140405740174075,0.05348838904732318,0.1424968474148802,0.017654476670870115,0.016398233540234997,0.1858445218277842,0.38209331651954603,0.010448951368897681,0.6204287515762925,0.6204287515762925,0.6330390920554855,0.6330390920554855,0.07818411097099622,0.04539722572509458,-0.05565083486145409,0.15011168221468735,0.02626096147008557,0.017314679063692596,7.787604283993055e-06
PROXY,0,1,VOL,ALL,0.8325051218911735,5085,1017,20.216290212183434,0.1361545647083891,0.13954360363602916,0.1521755819830398,0.11013693985369048,0.8053064311145173,1.1073799332039642,0.4425892508015499,0.30763188320052237,547,False,547,0.8318218969056491,0.16817810309435088,0.6486016536223032,3.2894907635046273,0.0003289490763504628,0.032633754299282614,0.04905224426203173,0.119960668633235,0.014749262536873156,0.014511568418351632,0.15234168903608514,0.24680432645034414,0.0077944687031054295,0.6745329400196657,0.6745329400196657,0.6892822025565388,0.6892822025565388,0.05703048180924287,0.05309734513274336,-0.12575606072304119,0.12471453612431814,0.009975103995753905,0.01443361071683506,0.0003731042767648185
PROXY,0,1,MATCH_VOL,ALL,0.8612278411124868,5085,1017,20.216290212183434,0.14085210857927283,0.148585327007157,0.18158528026437867,0.1296405728257864,0.7246932517916816,1.011308422278362,0.31103024123326944,0.45285663548592114,756,False,756,0.83182189691238,0.16817810308762005,0.830699787375751,0.19022296943671002,1.9022296943671006e-05,0.03660054494368692,0.05596913846858231,0.13077679449360866,0.02261553588987217,0.016089342572409814,0.18315464913254934,0.3421828908554572,0.009578023536132192,0.49262536873156343,0.49262536873156343,0.49655850540806296,0.49655850540806296,0.06686332350049164,0.05309734513274336,-0.1259338886660475,0.1334232907385065,0.02321921429371793,0.016131798854836482,2.1661543069928513e-05
PROXY,0,1,VOL,GFC,2.802682344285534,755,151,2.9924709103353866,0.07067899833419332,0.08035086911006702,0.15574006438028287,0.11123471909920907,0.3851382121024914,0.5361544035387207,0.229751863164727,0.3076318832005207,545,True,48,0.7069036362497454,0.2930963637502546,0.4827083972508711,3.0798309472443597,0.000307983094724436,0.03643862542067977,0.049917186309353684,0.10596026490066225,0.026490066225165563,0.015540018626266522,0.1583408741770873,0.33112582781456956,0.006106371138730958,0.8278145695364238,0.8278145695364238,0.8410596026490066,0.8410596026490066,0.06622516556291391,0.059602649006622516,-0.17021585538866313,0.1355455670169528,0.010529444869724533,0.015213490157998997,0.0003301961742186721
PROXY,0,1,MATCH_VOL,GFC,1.2288276367727513,755,151,2.9924709103353866,0.030988994050487932,0.05179828602560054,0.20636778274364254,0.1485594655885182,0.15239913933607097,0.2110461193826962,0.07824329162961807,0.39605943723816206,545,True,43,0.7069036362524785,0.29309636374752146,0.705466115771044,0.2761837744022418,2.761837744022418e-05,0.04081378816856496,0.0628296089201521,0.12582781456953643,0.019867549668874173,0.018447378616715162,0.20521872999200508,0.4304635761589404,0.008308097560959163,0.5562913907284768,0.5562913907284768,0.5960264900662252,0.5960264900662252,0.09933774834437085,0.059602649006622516,-0.17147086292773217,0.1492219213522432,0.029767475310404554,0.017754925815530627,2.8508534771373023e-05
PROXY,0,1,VOL,2011,-0.7426087708104433,251,49,0.9883641341546886,-0.0194570177092773,-0.008037798508245986,0.1514437850315232,0.11453570968519414,-0.056749132703217055,-0.07502343335348702,-0.14907192468096395,0.13052100689595447,218,True,13,0.7886104184044044,0.21138958159559562,0.6602609320519534,3.865679242282749,0.00038656792422827495,0.04574505792360628,0.05140038516106134,0.12244897959183673,0.02040816326530612,0.017143806408125083,0.16047726572484403,0.32653061224489793,0.007559698305209741,0.7346938775510204,0.7346938775510204,0.7551020408163265,0.7551020408163265,0.10204081632653061,0.10204081632653061,-0.31373765653316316,0.13156061548903686,0.009935831626063657,0.014843602365102883,0.0003820645755914648
PROXY,0,1,MATCH_VOL,2011,0.9525912869195465,251,49,0.9883641341546886,0.024958748492923427,0.03920780691504109,0.1718251369868702,0.1261682283363785,0.22493985399179933,0.30630139853567834,0.2069687343927458,0.12059187860501419,110,True,55,0.7886104184085253,0.2113895815914747,0.7871683897734141,0.20597001667542228,2.0597001667542223e-05,0.038617064374302235,0.05522973784524988,0.16326530612244897,0.04081632653061224,0.018396193917314865,0.17918567787317036,0.3877551020408163,0.008390097206874381,0.4897959183673469,0.4897959183673469,0.5510204081632653,0.5510204081632653,0.08163265306122448,0.10204081632653061,-0.31390297388855515,0.14339603952605226,0.023898281793803433,0.016449940546596493,2.1275082184121774e-05
PROXY,0,1,VOL,2015_2016,0.6417143319249078,503,100,1.9931553730321698,0.05575561532927093,0.06788650974605773,0.16445438523091782,0.12559816072446925,0.40190537373708063,0.5260543446780589,0.32000597014286575,0.17423304729089584,276,False,276,0.9089897740763173,0.09101022592368269,0.8330497287838043,3.0768263188332647,0.0003076826318833265,0.029532884231615264,0.0627316728724143,0.12,0.02,0.014244317677579898,0.16548737711863243,0.18,0.01281932662493468,0.5,0.5,0.52,0.52,0.04,0.07,-0.5814810554337037,0.11575038170885826,0.007768939427347611,0.013717414993940764,0.00032536035405078545
PROXY,0,1,MATCH_VOL,2015_2016,0.9281862443503454,503,100,1.9931553730321698,0.08064584600858565,0.09261084642130517,0.1735392089043956,0.1280144306097421,0.5233364826857966,0.7091930788507469,0.5099680183026636,0.15813902659425738,72,False,182,0.9089897740803662,0.09101022591963381,0.9082232750358986,0.07797437094333588,7.797437094333589e-06,0.03336343658606922,0.06622369360382982,0.12,0.03,0.014817114360191617,0.18180497978462853,0.22,0.015052463622719083,0.3,0.3,0.34,0.34,0.05,0.07,-0.5815554451999091,0.12150286024286629,0.01792227921629269,0.014954827641926733,8.438462651735867e-06
PROXY,0,1,VOL,2018Q4,,62,11,0.24914442162902123,-0.46487128459140864,-0.6121378305678311,0.20193819767274013,0.17275184090440165,-3.1478706830301624,-3.662040737180114,-2.7697384161085044,0.1678394182958819,62,True,0,0.619991881543818,0.380008118456182,0.608064860087822,5.0548455083461175,0.0005054845508346117,0.07656588219471572,0.07656588219471572,0.45454545454545453,0.09090909090909091,0.02858444030709515,0.18890477297326624,0.6363636363636364,0.00855039472293168,0.9090909090909091,0.9090909090909091,0.9090909090909091,0.9090909090909091,0.36363636363636365,0.18181818181818182,-2.540103832349482,0.13593002515242644,0.012596713996557124,0.015236182133834895,0.00026718848666740236
PROXY,0,1,MATCH_VOL,2018Q4,,62,11,0.24914442162902123,-0.35783638161677234,-0.42833762030906025,0.20007636779565624,0.16009424876307854,-2.258607842702058,-2.8075298792565877,-2.5731945226959647,0.13906309004647777,62,True,0,0.6199918815431272,0.38000811845687277,0.6185939521435061,0.4754390289894216,4.7543902898942165e-05,0.05355621944273892,0.05355621944273892,0.5454545454545454,0.09090909090909091,0.027298349152803027,0.18917909871537397,0.6363636363636364,0.008861138469308617,0.8181818181818182,0.8181818181818182,0.8181818181818182,0.8181818181818182,0.2727272727272727,0.18181818181818182,-2.5554169160133906,0.14544744102590706,0.02108353328973681,0.016308834441232503,3.0150256219163563e-05
PROXY,0,1,VOL,COVID,-1.5189124380728314,92,18,0.3613963039014374,-0.13878316524295975,-0.12845322826609348,0.19713481533684232,0.1596781339381016,-0.6695019003387871,-0.8256149900672958,-0.8405128169445204,0.16511725037991942,91,True,0,0.49755566163663184,0.5024443383633681,0.41616914720570053,5.543688049661706,0.0005543688049661706,0.10809911432815345,0.10809911432815345,0.16666666666666666,0.1111111111111111,0.021609977929142512,0.20475627979187172,0.3333333333333333,0.014290272650886886,1.0,1.0,1.0,1.0,0.1111111111111111,0.1111111111111111,-2.0180152664788777,0.1393126342314449,0.014058569632000905,0.015310031920330834,0.00048243757434579537
PROXY,0,1,MATCH_VOL,COVID,0.775729450626103,92,18,0.3613963039014374,0.07087846924650087,0.08935934910371471,0.20830793918940613,0.15406313785276907,0.41144051409553967,0.5556902605447243,0.4947984360174303,0.14324715699789325,66,False,66,0.4975556616432265,0.5024443383567735,0.4941503422554455,0.5843450282800726,5.843450282800726e-05,0.07126353320539092,0.07126353320539093,0.1111111111111111,0.1111111111111111,0.02168071818007116,0.2513025570990708,0.4444444444444444,0.01733154280181111,0.6666666666666666,0.6666666666666666,0.6111111111111112,0.6111111111111112,0.1111111111111111,0.1111111111111111,-2.030641480181973,0.1598694024715817,0.041306125533372505,0.0191258961321067,6.321590599167592e-05
PROXY,0,1,VOL,2022,,250,49,0.9883641341546886,-0.2582618832923659,-0.2809563275488723,0.18188726853973344,0.1414920993941274,-1.6542193084646053,-2.1164671627663783,-0.9824179381813423,0.26288392470770816,249,True,0,0.5663001945389602,0.4336998054610398,0.5531493510106913,3.7999118009937183,0.00037999118009937187,0.04580746299347871,0.05652508877314955,0.2653061224489796,0.04081632653061224,0.0218057263494366,0.16461943933762507,0.46938775510204084,0.005444810698506874,1.0,1.0,1.0,1.0,0.12244897959183673,0.12244897959183673,-0.37268175768422374,0.13982177170670243,0.014889684476725831,0.01559859438828417,0.00028296453294379686
PROXY,0,1,MATCH_VOL,2022,,250,49,0.9883641341546886,-0.19304880154629994,-0.19708010010667043,0.18210382603402642,0.13530916987764108,-1.1917126234560405,-1.5957930020648732,-0.8970053742641072,0.2152147658030198,249,True,0,0.5663001945331081,0.4336998054668919,0.5650249968686035,0.405788739807401,4.0578873980740105e-05,0.042764999220287536,0.05131532336593483,0.24489795918367346,0.04081632653061224,0.021592956557261882,0.16967152499114946,0.4489795918367347,0.005754513365328727,0.7959183673469388,0.7959183673469388,0.7755102040816326,0.7755102040816326,0.10204081632653061,0.12244897959183673,-0.3742669730381001,0.1460001613322663,0.020254328372343814,0.016292482530831237,3.2868423961412985e-05
PROXY,0,1,VOL,2023_PLUS,0.7407040651138891,912,182,3.6386036960985626,0.2320433934066528,0.2215820441973582,0.15286391444946149,0.1068756196273344,1.141012137500123,1.6099089562221396,1.2912327901124856,0.17970686245230683,150,False,150,0.8336697556018255,0.16633024439817445,0.7174683509282305,4.0939256028667765,0.0004093925602866777,0.029630879197406812,0.03721242541159574,0.13186813186813187,0.0,0.01439264356400406,0.15258072535459982,0.26373626373626374,0.006699814814162655,0.8626373626373627,0.8626373626373627,0.8461538461538461,0.8461538461538461,0.04945054945054945,0.038461538461538464,0.17721650703656994,0.13313289318678947,0.012804093631313167,0.0151978953257942,0.0005017845477449656
PROXY,0,1,MATCH_VOL,2023_PLUS,0.8547567799415061,912,182,3.6386036960985626,0.2677731540793883,0.25297253502270217,0.1693691061617644,0.11447432477915429,1.2150837108035848,1.775828608696541,1.3152377299289797,0.20359296877367372,87,False,87,0.8336697556071908,0.1663302443928092,0.8320936936151595,0.1450869044611113,1.450869044611113e-05,0.030186761104381232,0.03902957101118003,0.12637362637362637,0.005494505494505495,0.014957964910874273,0.16716355696481822,0.32967032967032966,0.008047866046407622,0.6318681318681318,0.6318681318681318,0.5989010989010989,0.5989010989010989,0.04945054945054945,0.038461538461538464,0.17700366103176182,0.13813929180198126,0.02086479439820725,0.01617730762012959,1.8295005250912322e-05
PROXY,0,1,VOL,2024_PLUS,0.7041343862532848,662,132,2.642026009582478,0.17026201699286572,0.17012529062445034,0.15444884167239947,0.11220874486225133,0.8100029113737978,1.1013962656161644,0.9474430451316359,0.17970686245230694,150,False,150,0.8302026186513219,0.16979738134867806,0.693199879486338,4.150287397582107,0.00041502873975821086,0.02899397761074396,0.03772911364866615,0.13636363636363635,0.0,0.01479907957045935,0.15569980189273316,0.29545454545454547,0.007256382426372935,0.8484848484848485,0.8484848484848485,0.8257575757575758,0.8257575757575758,0.03787878787878788,0.03787878787878788,0.16646229341124733,0.13180980505908588,0.012430621337506349,0.015091283149011028,0.0004830307448770166
PROXY,0,1,MATCH_VOL,2024_PLUS,0.8639275627101153,662,132,2.642026009582478,0.2089005340946996,0.20615975830848035,0.17503567164492495,0.12147905043360276,0.920510281687279,1.3119533459982087,1.0300294389564457,0.20281025589554325,87,False,87,0.8302026186555151,0.16979738134448485,0.8281379486970917,0.1456854197866913,1.4568541978669131e-05,0.03283686786138573,0.04047973817609924,0.12878787878787878,0.007575757575757576,0.015552794659182313,0.17308636312869058,0.3484848484848485,0.008836859358327183,0.6136363636363636,0.6136363636363636,0.5833333333333334,0.5833333333333334,0.06060606060606061,0.03787878787878788,0.16628516017275313,0.1376270305087359,0.02165125977503332,0.016237846089521692,1.7511778847068005e-05
PROXY,0,1,VOL,EX_MAJOR_SHOCKS,0.7945253283425965,3982,793,15.824777549623546,0.18467055129965151,0.1807823858777256,0.14809338085298102,0.10629216043128373,1.1098104497847858,1.5389077704481662,1.0276210311593528,0.17970686245230683,150,False,276,0.8798196819343708,0.12018031806562923,0.772787061632606,3.2500730578689687,0.0003250073057868969,0.02965843778496402,0.04499472919443783,0.11223203026481715,0.008827238335435058,0.013710016137584902,0.14905932409583048,0.21437578814627994,0.008008006021961148,0.617906683480454,0.617906683480454,0.6330390920554855,0.6330390920554855,0.04918032786885246,0.04539722572509458,-0.05544490806917166,0.12136226584401814,0.009467309154936899,0.014190523254653949,0.00038452847241352006
PROXY,0,1,MATCH_VOL,EX_MAJOR_SHOCKS,0.8870448671400764,3982,793,15.824777549623546,0.20617475466011737,0.2010064248577276,0.16235974343406237,0.11411635416894961,1.1368743059277353,1.6103088765364597,0.9620219179724442,0.21431398891061748,87,False,182,0.8798196819334959,0.12018031806650409,0.8790377011912827,0.1558094133696568,1.558094133696568e-05,0.03173477742148689,0.04700621009874957,0.1223203026481715,0.013871374527112233,0.014422240717650952,0.16337700310685385,0.2786885245901639,0.009168781922574535,0.45901639344262296,0.45901639344262296,0.4665825977301387,0.4665825977301387,0.05170239596469105,0.04539722572509458,-0.055605705559508084,0.12720126882554317,0.01829536172143003,0.015230741186675691,1.8766240562934078e-05
PROXY,0,1,CORE_VOL,ALL,0.9213965089342597,5085,1017,20.216290212183434,0.15069257509525907,0.1573209941360209,0.18221353902137816,0.13088438504554992,0.7701217327538084,1.0679873726484412,0.35829679413370535,0.42058030538510827,616,False,616,0.9159080836629633,0.08409191633703672,0.823855767828311,1.6626611410371712,0.0001662661141037171,0.037975148670702175,0.057385535379286486,0.14454277286135694,0.02359882005899705,0.016935462054704694,0.1831243415165516,0.39823008849557523,0.009485057199334419,0.6794493608652901,0.6794493608652901,0.6892822025565388,0.6892822025565388,0.07866273352999016,0.05309734513274336,-0.12576513922757157,0.1497215070444597,0.02312951528373994,0.0169149915721252,0.00019098112378143628
PROXY,0,1,MATCH_CORE_VOL,ALL,0.9313307654382053,5085,1017,20.216290212183434,0.15231730308122454,0.16215272794383262,0.20007311054602586,0.14285477424820872,0.7255373513223012,1.0127270816793719,0.3116287695150686,0.4887780525471007,758,False,758,0.9159080836636344,0.08409191633636559,0.9152865114849484,0.12745844482853055,1.2745844482853059e-05,0.04037270794387671,0.06166714046922323,0.14945919370698132,0.029498525073746312,0.01771801137248386,0.2018244238817479,0.40216322517207476,0.010570395016040415,0.5821042281219272,0.5821042281219272,0.5988200589970502,0.5988200589970502,0.08456243854473942,0.05309734513274336,-0.12584819723194146,0.15042154923749335,0.02955137202487074,0.017763943371306015,1.4660187951792691e-05
PROXY,0,1,CORE_VOL,GFC,1.9820764656716083,755,151,2.9924709103353866,0.0499846796769827,0.07274774648259005,0.2191211711696038,0.157295320047379,0.23910245361442634,0.3319545206127941,0.11884693371748337,0.4205803053851068,545,True,48,0.8532906931937133,0.1467093068062867,0.7405006527483635,1.536878469244773,0.0001536878469244773,0.04640805485967903,0.0681932424906653,0.15894039735099338,0.039735099337748346,0.020829986109753534,0.2196633720565986,0.6490066225165563,0.008736467060447995,0.8410596026490066,0.8410596026490066,0.8410596026490066,0.8410596026490066,0.11258278145695365,0.059602649006622516,-0.16984285930499768,0.18388664509594427,0.0371899540059117,0.020159944318991815,0.00016157478732399533
PROXY,0,1,MATCH_CORE_VOL,GFC,1.1445565350313922,755,151,2.9924709103353866,0.028863816692539252,0.05955551430068953,0.24934008831710927,0.17945067902630793,0.15724316956557965,0.21792318942298505,0.062429693964017256,0.46234115306052204,545,True,46,0.853290693200777,0.146709306799223,0.85240965037019,0.1671460911525389,1.671460911525389e-05,0.049461989738731504,0.07590941634426661,0.152317880794702,0.046357615894039736,0.02226576357172246,0.24817330689929612,0.6291390728476821,0.010075135026813216,0.7549668874172185,0.7549668874172185,0.7682119205298014,0.7682119205298014,0.11920529801324503,0.059602649006622516,-0.17039037288305775,0.18415222562135103,0.04550942805113639,0.021427609087903754,1.7217669483669817e-05
PROXY,0,1,CORE_VOL,2011,0.1498343019321781,251,49,0.9883641341546886,0.003925793473957974,0.020543373736695517,0.18256660987805726,0.13586971772686932,0.10947374447260844,0.14707984475944466,0.029146482266891663,0.13469184507447052,110,True,108,0.894246306190594,0.10575369380940602,0.829501479425096,1.9167922933396422,0.00019167922933396422,0.04896090733140668,0.060344059961746015,0.1836734693877551,0.04081632653061224,0.020223974166972608,0.19206019707008729,0.5510204081632653,0.009068698536301689,0.7346938775510204,0.7346938775510204,0.7551020408163265,0.7551020408163265,0.10204081632653061,0.10204081632653061,-0.3138170497666425,0.1649101183279602,0.026127913667242073,0.017847763371863064,0.00019394410023420693
PROXY,0,1,MATCH_CORE_VOL,2011,0.9871325273731069,251,49,0.9883641341546886,0.025863760059743286,0.04433961513011074,0.1950165586596755,0.14317068991341508,0.2245046826979897,0.30577015142059644,0.1898582203923912,0.13622670646701063,110,True,55,0.8942463061890252,0.10575369381097477,0.8934247146602282,0.1168229943428801,1.1682299434288008e-05,0.043783546513948446,0.0626181611807755,0.1836734693877551,0.04081632653061224,0.020847250118687596,0.20339356194571365,0.5714285714285714,0.009557192819984555,0.6122448979591837,0.6122448979591837,0.673469387755102,0.673469387755102,0.08163265306122448,0.10204081632653061,-0.3138906097795125,0.1667095653893162,0.033509789134193564,0.018650195240957335,1.2077494928642435e-05
PROXY,0,1,CORE_VOL,2015_2016,0.8225197700761144,503,100,1.9931553730321698,0.07146497065683531,0.08464285631531526,0.17633984642560252,0.13224094185628768,0.46983938288723687,0.6263019857748535,0.41095553404341967,0.17389952132700726,259,False,259,0.9545101778090658,0.045489822190934226,0.9165120544568405,1.536091889965692,0.0001536091889965692,0.03136689911704671,0.067035641655615,0.13,0.03,0.015271443130837677,0.1813860473518207,0.23,0.014560510425188742,0.5,0.5,0.52,0.52,0.05,0.07,-0.5814898914667733,0.129450121495267,0.015225113925281064,0.015085990473137712,0.0001648380238774838
PROXY,0,1,MATCH_CORE_VOL,2015_2016,0.9645891898845833,503,100,1.9931553730321698,0.08380873099819015,0.09710884050815277,0.1823062253941215,0.13452170495404003,0.5228422202288269,0.7083243146809595,0.5052840333100441,0.16586459391794162,72,False,182,0.9545101778054775,0.04548982219452247,0.954107187208273,0.040952148177048314,4.095214817704831e-06,0.035036858383368896,0.06954684374153353,0.13,0.03,0.01555597693097361,0.1909578434692172,0.25,0.015811569943886716,0.4,0.4,0.44,0.44,0.05,0.07,-0.5815270371667429,0.13000026012914603,0.020165693818536116,0.01570490061148051,4.444844327780584e-06
PROXY,0,1,CORE_VOL,2018Q4,,62,11,0.24914442162902123,-0.496595611066218,-0.6603326885792834,0.26098753133409924,0.21465176416355317,-2.6203232206579763,-3.1732948370656535,-2.551484191022921,0.194630095225919,62,True,0,0.8100478768172551,0.1899521231827449,0.8038236730877509,2.458648332592772,0.0002458648332592772,0.07656588219471572,0.07656588219471572,0.5454545454545454,0.18181818181818182,0.03631791061904262,0.24609259939340658,0.8181818181818182,0.011354150297417228,0.9090909090909091,0.9090909090909091,0.9090909090909091,0.9090909090909091,0.45454545454545453,0.18181818181818182,-2.539360412687174,0.19208908510664202,0.0421482767300877,0.02076250245740802,0.00012223841581471273
PROXY,0,1,MATCH_CORE_VOL,2018Q4,,62,11,0.24914442162902123,-0.44875891062123097,-0.5685078244794993,0.26170262667824684,0.20970095809395514,-2.2623476221525287,-2.811779110946684,-2.481295340951355,0.18085670948351196,62,True,0,0.8100478768181074,0.18995212318189258,0.8091540783011543,0.3126547220120236,3.126547220120236e-05,0.07009625682497933,0.07009625682497933,0.5454545454545454,0.18181818181818182,0.0356788659560429,0.2473918258488597,1.0,0.011616378038058707,0.9090909090909091,0.9090909090909091,0.9090909090909091,0.9090909090909091,0.45454545454545453,0.18181818181818182,-2.545223504624115,0.1932095097947043,0.046729943107024434,0.021302145465324062,1.7019761137659906e-05
PROXY,0,1,CORE_VOL,COVID,-0.2489314128698299,92,18,0.3613963039014374,-0.0227448854460039,0.022614466460488574,0.30170396818604656,0.22929863124012378,0.06295281114260314,0.08276571547812092,-0.10317216162797262,0.2204556450801083,77,False,77,0.7494064861441828,0.2505935138558172,0.7079217614412288,2.697363862343014,0.0002697363862343014,0.10809682070017346,0.10809682070017346,0.2222222222222222,0.1111111111111111,0.032564134211523876,0.34811958834953294,0.8333333333333334,0.024139947231975448,1.0,1.0,1.0,1.0,0.1111111111111111,0.1111111111111111,-2.0174235268006644,0.2261747768481271,0.07700151186664378,0.026931826905818086,0.00026632538564904176
PROXY,0,1,MATCH_CORE_VOL,COVID,0.9594073677623196,92,18,0.3613963039014374,0.0876611369542861,0.13256990396566443,0.3147818367321065,0.23303625072500536,0.40954426489430235,0.5527993214012398,0.41496882922042694,0.2112475221788802,71,False,71,0.7494064861502506,0.25059351384974937,0.746845308615252,0.44232996333124175,4.423299633312418e-05,0.10761263956682221,0.10761263956682221,0.2222222222222222,0.1111111111111111,0.03257720189313203,0.37994645478684896,0.8333333333333334,0.026380832925850545,0.9444444444444444,0.9444444444444444,0.9444444444444444,0.9444444444444444,0.1111111111111111,0.1111111111111111,-2.021673168602303,0.22447675566912373,0.08512925883087144,0.028851829160551037,4.8601937567810394e-05
PROXY,0,1,CORE_VOL,2022,,250,49,0.9883641341546886,-0.29760512319949617,-0.3203420619374966,0.25075124640448826,0.18940966080550414,-1.3570106011694372,-1.7900440334294156,-0.9510527692968457,0.312921777641769,249,True,0,0.7830114874132353,0.21698851258676466,0.7760584759677692,1.8893487703704317,0.0001889348770370432,0.06346033873232959,0.07298717015744303,0.30612244897959184,0.08163265306122448,0.029940698044307632,0.23144179665312664,0.8979591836734694,0.007854872793470363,1.0,1.0,1.0,1.0,0.22448979591836735,0.12244897959183673,-0.37216841945199475,0.2043194211410198,0.04892748430786995,0.022151618088179472,0.00013321662197429696
PROXY,0,1,MATCH_CORE_VOL,2022,,250,49,0.9883641341546886,-0.2674689819560156,-0.27824038557194425,0.2520552375015726,0.18731578079457256,-1.1829679273153477,-1.5860384807935926,-0.9173529194260315,0.29156606611484415,249,True,0,0.7830114874202463,0.2169885125797537,0.7821206466574608,0.28123043168196343,2.8123043168196334e-05,0.05907569830374193,0.07103994364749219,0.30612244897959184,0.08163265306122448,0.02983480522796409,0.23479470388711648,0.8979591836734694,0.008030616175964367,1.0,1.0,1.0,1.0,0.22448979591836735,0.12244897959183673,-0.3726456886992931,0.20437206792647133,0.05205261309056647,0.022502450477043152,2.0678410350305487e-05
PROXY,0,1,CORE_VOL,2023_PLUS,0.8698486182487485,912,182,3.6386036960985626,0.27250103602103604,0.25791315308593543,0.17613119946761663,0.12129455308087402,1.1965085857361377,1.7169429533249438,1.3014942747337206,0.2093755165206458,91,False,91,0.9168895712663538,0.08311042873364616,0.85804983980767,2.0392071475469673,0.0002039207147546967,0.033998269471870346,0.04129549056919717,0.14835164835164835,0.0,0.01619752943225018,0.1750302706142176,0.4065934065934066,0.008116396788249587,0.8626373626373627,0.8626373626373627,0.8461538461538461,0.8461538461538461,0.07692307692307693,0.038461538461538464,0.17674310906823598,0.1555930497103558,0.023776622619690577,0.01730578732500065,0.00025812183949325274
PROXY,0,1,MATCH_CORE_VOL,2023_PLUS,0.927252192268082,912,182,3.6386036960985626,0.29048408854697033,0.273872941465555,0.18644868304634596,0.12609452001927793,1.215866076349375,1.7778921508558765,1.3037049723121594,0.2228142829215326,88,False,88,0.9168895712702453,0.08311042872975472,0.9160168802012905,0.07971833786522736,7.971833786522737e-06,0.03331524267402042,0.043025233243605805,0.14835164835164835,0.005494505494505495,0.01647935890177516,0.1839798680280452,0.3956043956043956,0.008880641191085989,0.7692307692307693,0.7692307692307693,0.7637362637362637,0.7637362637362637,0.07142857142857142,0.038461538461538464,0.17669563011442996,0.15573142543706972,0.0276822688891749,0.017796226670649794,1.0232275053312367e-05
PROXY,0,1,CORE_VOL,2024_PLUS,0.8520275150961687,662,132,2.642026009582478,0.20602306333255893,0.20475996424089057,0.1804410346513472,0.12832426230292693,0.8852123903861397,1.231639797909896,0.9839883227810144,0.2093755165206459,91,False,91,0.9151528043369995,0.08484719566300047,0.8457030996650944,2.0653983972255845,0.00020653983972255846,0.03639514644496411,0.04266003182645265,0.1590909090909091,0.0,0.016793897528447427,0.18033291139120886,0.4166666666666667,0.0088836218188087,0.8484848484848485,0.8484848484848485,0.8257575757575758,0.8257575757575758,0.07575757575757576,0.03787878787878788,0.1660018033178395,0.15526086554478033,0.024108427995910623,0.017328344232822722,0.0002477000851825728
PROXY,0,1,MATCH_CORE_VOL,2024_PLUS,0.932150494046933,662,132,2.642026009582478,0.22539706390682845,0.22313541314860122,0.19318191254012185,0.13411341116084677,0.9219120700772647,1.3148980324068194,1.0133415123203815,0.22242951775527986,88,False,88,0.9151528043421683,0.08484719565783172,0.9140075380660946,0.08024183180448914,8.024183180448913e-06,0.03628775650226568,0.04472190837747691,0.1590909090909091,0.007575757575757576,0.017169714914559812,0.190967913394541,0.4166666666666667,0.009777505714592637,0.7196969696969697,0.7196969696969697,0.7121212121212122,0.7121212121212122,0.07575757575757576,0.03787878787878788,0.16597496866684683,0.15548731996429324,0.028640138582823715,0.01790239548471433,9.77686947009615e-06
PROXY,0,1,CORE_VOL,EX_MAJOR_SHOCKS,0.8977914779887909,3982,793,15.824777549623546,0.20867257628925892,0.20350862360031213,0.16486301030007483,0.11712152862050298,1.1347761164201118,1.5903756876558997,0.9966426818041184,0.2093755165206458,91,False,259,0.9399308317831355,0.06006916821686448,0.8861154008365437,1.650877445998505,0.00016508774459985051,0.03301218056651567,0.04877329010036165,0.12988650693568726,0.015132408575031526,0.015056357243732964,0.16607522050389548,0.308953341740227,0.009141478862129732,0.6204287515762925,0.6204287515762925,0.6330390920554855,0.6330390920554855,0.0617906683480454,0.04539722572509458,-0.055568771148577084,0.1381609403686491,0.01768244763885898,0.01575260115917327,0.00019926227664951446
PROXY,0,1,MATCH_CORE_VOL,EX_MAJOR_SHOCKS,0.9435299672636304,3982,793,15.824777549623546,0.2193035174672042,0.21373889553478462,0.17352873025045454,0.12198756236319024,1.1370710612564099,1.6107737420373243,0.9614492551016905,0.22809681977860485,88,False,182,0.939930831781849,0.060069168218151,0.939511997079295,0.11295030665976101,1.1295030665976102e-05,0.03393817632268714,0.05024815729980311,0.13240857503152584,0.015132408575031526,0.015410913198030509,0.17460966394729188,0.3203026481715006,0.009808162977023398,0.532156368221942,0.532156368221942,0.5548549810844893,0.5548549810844893,0.07313997477931904,0.04539722572509458,-0.05562977102737846,0.13896364628145444,0.022151687653322316,0.01627298351079207,1.3752306904923906e-05
PROXY,0,3,BUYHOLD,ALL,1.0,5085,1017,20.216290212183434,0.16353651182451517,0.17576123949592806,0.21859002568882152,0.15608339495158424,0.7263304387381075,1.014075971873728,0.31280804917824073,0.5228014824239087,761,False,761,1.0,0.0,1.000000616544092,0.04954265932609598,1.4862797797828791e-05,0.044170306453956365,0.0673669467465383,0.168141592920354,0.032448377581120944,0.01934488093122517,0.22052746778901208,0.47099311701081614,0.011567848016397573,0.6794493608652901,0.6794493608652901,0.6892822025565388,0.6892822025565388,0.09734513274336283,0.05309734513274336,-0.12577190395107343,0.16621877267264487,0.03634826480730003,0.01939637242741534,1.7263859510951995e-05
PROXY,0,3,BUYHOLD,GFC,1.0,755,151,2.9924709103353866,0.02521834073643786,0.06774886567588936,0.2925071856818413,0.21043921521532824,0.1620471097414341,0.2247501036898871,0.04823693425564899,0.5228014824239076,545,True,46,1.0,0.0,1.0,0.0,0.0,0.058124506762131545,0.0890108537839654,0.2251655629139073,0.0728476821192053,0.026079487010715392,0.2913983919267302,0.7152317880794702,0.011865703518121962,0.8410596026490066,0.8410596026490066,0.8410596026490066,0.8410596026490066,0.12582781456953643,0.059602649006622516,-0.16963290652624533,0.21403756485282932,0.06272102409480772,0.02510639847998463,6.071532165918825e-16
PROXY,0,3,BUYHOLD,2011,1.0,251,49,0.9883641341546886,0.026200899415774706,0.04947803757043654,0.21827885348449513,0.16021662664652125,0.22411953020626957,0.3053101061448374,0.17265884302600845,0.1517495365808048,110,True,55,1.0,0.0,0.9999999999999994,0.0,0.0,0.04895348877415595,0.07001148828641822,0.22448979591836735,0.04081632653061224,0.023297595086573253,0.22768262162933053,0.6122448979591837,0.010736967289898513,0.7346938775510204,0.7346938775510204,0.7551020408163265,0.7551020408163265,0.16326530612244897,0.10204081632653061,-0.31388112607301694,0.18712659509003501,0.04330799432626789,0.02085192437862324,2.4424906541753444e-15
PROXY,0,3,BUYHOLD,2015_2016,1.0,503,100,1.9931553730321698,0.08688541389129313,0.10159890232515334,0.19107510807991776,0.1410340588607214,0.5223466988703103,0.7074539974237667,0.5005900764226814,0.1735659933816387,72,False,182,1.0,0.0,1.0,0.0,0.0,0.03670936630915489,0.0728681805952108,0.13,0.03,0.016293981782477256,0.20010966319044216,0.27,0.016570760950499284,0.5,0.5,0.52,0.52,0.06,0.07,-0.581501246358968,0.13825218192365035,0.022679336219866276,0.01645456595233466,-5.273559366969494e-16
PROXY,0,3,BUYHOLD,2018Q4,1.0,62,11,0.24914442162902123,-0.5289552733768641,-0.7093384933401233,0.32342420700991986,0.2593995857842623,-2.266037542315782,-2.8159545830438963,-2.3890268173076854,0.22141035401727738,62,True,0,1.0,0.0,0.9999999999999998,0.0,0.0,0.08661429031576695,0.08661429031576695,0.5454545454545454,0.2727272727272727,0.04402090241656724,0.3056793754317853,1.0,0.01438927802166601,0.9090909090909091,0.9090909090909091,0.9090909090909091,0.9090909090909091,0.5454545454545454,0.18181818181818182,-2.5389495501817754,0.22859420529360222,0.07516146944035527,0.026288822780981155,-4.440892098500626e-16
PROXY,0,3,BUYHOLD,COVID,1.0,92,18,0.3613963039014374,0.0913700893904379,0.17534673481457336,0.4214598913057328,0.31225864280546695,0.4073796893561589,0.5495431079380529,0.3314938400367232,0.27563133414580443,72,False,72,1.0,0.0,0.9999999999999993,0.0,0.0,0.1438714410825167,0.1438714410825167,0.3333333333333333,0.1111111111111111,0.043350214987362176,0.5089858971721861,0.9444444444444444,0.035581659653158695,1.0,1.0,1.0,1.0,0.16666666666666666,0.1111111111111111,-2.017270048362406,0.26481957680289425,0.12664832062081594,0.03855362189130534,-7.216449660063518e-16
PROXY,0,3,BUYHOLD,2022,1.0,250,49,0.9883641341546886,-0.33769548373084446,-0.3583998756999958,0.322264532664297,0.2393747707089819,-1.1739765495128651,-1.5760015170155266,-0.931564044931449,0.36250377584688176,249,True,0,1.0,0.0,1.0000000000000002,0.0,0.0,0.07536583571341737,0.09073972297539526,0.3469387755102041,0.12244897959183673,0.038030339617945184,0.3001217169953161,0.9795918367346939,0.010353769351564769,1.0,1.0,1.0,1.0,0.2857142857142857,0.12244897959183673,-0.37173557105417726,0.24481127910182943,0.08668814700553157,0.02870464178807477,-1.6653345369377348e-16
PROXY,0,3,BUYHOLD,2023_PLUS,1.0,912,182,3.6386036960985626,0.3132740919559753,0.2948167531887505,0.2035418986895778,0.1377101563188095,1.2166497840571155,1.779984054036223,1.296050653327132,0.2417143891342206,88,False,88,1.0,0.0,1.0000000000000002,0.0,0.0,0.036440876690191915,0.04701723693933037,0.16483516483516483,0.005494505494505495,0.01799736890422296,0.20080157030273565,0.4945054945054945,0.009718569337858644,0.8626373626373627,0.8626373626373627,0.8461538461538461,0.8461538461538461,0.09340659340659341,0.038461538461538464,0.17644015727305007,0.17203298125773334,0.03511259897515613,0.01941367932420709,-1.3877787807814457e-15
PROXY,0,3,BUYHOLD,2024_PLUS,1.0,662,132,2.642026009582478,0.24180329822952532,0.24019018237164816,0.21135585990356553,0.14674629483730456,0.9233270363150079,1.3178892758633345,1.0003678270690584,0.24171438913422083,88,False,88,1.0,0.0,1.0000000000000004,0.0,0.0,0.039735387881278506,0.04896011084708083,0.17424242424242425,0.007575757575757576,0.018783079134402032,0.2088647023813075,0.5,0.010724909098413081,0.8484848484848485,0.8484848484848485,0.8257575757575758,0.8257575757575758,0.09848484848484848,0.03787878787878788,0.16571887543625555,0.1719027765382527,0.03606556478282237,0.01956540531663441,-1.27675647831893e-15
PROXY,0,3,BUYHOLD,EX_MAJOR_SHOCKS,1.0,3982,793,15.824777549623546,0.2324132054546929,0.22646651170046483,0.1847009074182502,0.1298589263566572,1.1371984460073066,1.6111437437499345,0.9615199421398,0.2417143891342206,88,False,182,1.0,0.0,1.000001214648383,0.06326580177629282,1.8979740532887844e-05,0.036140405740173964,0.053488389047323164,0.1424968474148802,0.017654476670870115,0.01639847682094599,0.1858445218277842,0.38209331651954603,0.010448951368897681,0.6204287515762925,0.6204287515762925,0.6330390920554855,0.6330390920554855,0.07818411097099622,0.04539722572509458,-0.055644115779402085,0.15011415483046758,0.02626096147008557,0.017314679063692596,2.3360329488492093e-05
PROXY,0,3,VOL,ALL,0.8280030111617904,5085,1017,20.216290212183434,0.1354087242255943,0.13888577799496216,0.15217799927593817,0.11016036784132051,0.8009714485670049,1.1012024232040392,0.4392840775577494,0.30824865080112795,551,False,551,0.831821896905649,0.168178103094351,0.6486122246261257,3.289429967989649,0.0009868289903968948,0.03266306839907096,0.049069911777023446,0.119960668633235,0.014749262536873156,0.014517002913314167,0.15234168903608514,0.24680432645034414,0.0077944687031054295,0.6745329400196657,0.6745329400196657,0.6892822025565388,0.6892822025565388,0.05703048180924287,0.05309734513274336,-0.12573067276320365,0.12477310649415782,0.009988386591653619,0.01443361071683506,0.0011189447595596203
PROXY,0,3,MATCH_VOL,ALL,0.8610235434367715,5085,1017,20.216290212183434,0.14080878689243354,0.14854727137255114,0.1815853079920623,0.12964170606321435,0.7244835816536728,1.0110071101314357,0.31091571892170716,0.4528841043507714,756,False,756,0.83182189691238,0.16817810308762005,0.8306998827787643,0.19021897495354406,5.70656924860632e-05,0.036601923773013634,0.055969737570014444,0.13077679449360866,0.02261553588987217,0.016089721638944766,0.18315464913254934,0.3421828908554572,0.009578023536132192,0.49262536873156343,0.49262536873156343,0.49655850540806296,0.49655850540806296,0.06686332350049164,0.05309734513274336,-0.12592819381301856,0.13343140671768716,0.023219837163427133,0.016131798854836482,6.498322990922123e-05
PROXY,0,3,VOL,GFC,2.77650748003054,755,151,2.9924709103353866,0.07001891168867859,0.07973573444467354,0.15574632878021802,0.11125970882355543,0.3811750665572578,0.5305395049522529,0.22715074828941162,0.3082486508011316,545,True,48,0.7069036362497454,0.2930963637502546,0.48272613093698213,3.079795282792954,0.000923938584837886,0.03644132857855731,0.049928336447898736,0.10596026490066225,0.026490066225165563,0.015545252448853235,0.1583408741770873,0.33112582781456956,0.0061063711387309575,0.8278145695364238,0.8278145695364238,0.8410596026490066,0.8410596026490066,0.06622516556291391,0.059602649006622516,-0.17020507644500857,0.13555960631575448,0.010529444869724533,0.015213490157998997,0.0009902828197334013
PROXY,0,3,MATCH_VOL,GFC,1.2265667960059283,755,151,2.9924709103353866,0.03093197939767837,0.05174313855474137,0.20636820163235245,0.14856192041277952,0.15213167815216275,0.21067267742499984,0.07809054303526253,0.3961040376388565,545,True,43,0.7069036362524785,0.29309636374752146,0.7054675457753267,0.2761833152589978,8.285499457769934e-05,0.04081443806435192,0.06283085696928954,0.12582781456953643,0.019867549668874173,0.018447805691550842,0.20521872999200508,0.4304635761589404,0.008308097560959163,0.5562913907284768,0.5562913907284768,0.5960264900662252,0.5960264900662252,0.09933774834437085,0.059602649006622516,-0.17146806037745507,0.14923571833470486,0.029771535712952865,0.017754925815530627,8.552318758093397e-05
PROXY,0,3,VOL,2011,-0.7717564058556402,251,49,0.9883641341546886,-0.02022071196330343,-0.00880993717989478,0.151449946954376,0.11456206191421857,-0.06184500045220289,-0.08174478821630228,-0.15426682497320038,0.13107621788946666,218,True,13,0.7886104184044044,0.21138958159559562,0.6602956312502015,3.8656553115681165,0.001159696593470435,0.04576100154268736,0.051438230990406536,0.12244897959183673,0.02040816326530612,0.017153008269423054,0.16047726572484403,0.32653061224489793,0.007559698305209743,0.7346938775510204,0.7346938775510204,0.7551020408163265,0.7551020408163265,0.10204081632653061,0.10204081632653061,-0.3134120576190833,0.13160597438228147,0.009945045243790657,0.014843602365102883,0.0011457588296175936
PROXY,0,3,MATCH_VOL,2011,0.9509673363645945,251,49,0.9883641341546886,0.024916199527775934,0.03916655897148065,0.17182483413746946,0.12616923586037254,0.22470019709457517,0.3059720744143945,0.2066069993121383,0.12059707372320416,110,True,55,0.7886104184085253,0.2113895815914747,0.787167003681586,0.20597028449277494,6.179108534783247e-05,0.038617096702989295,0.05523047103112805,0.16326530612244897,0.04081632653061224,0.018396582463076225,0.17918567787317036,0.3877551020408163,0.008390097206874381,0.4897959183673469,0.4897959183673469,0.5510204081632653,0.5510204081632653,0.08163265306122448,0.10204081632653061,-0.31389800638518695,0.1434134616026452,0.023898281793803433,0.016449940546596493,6.382404733161484e-05
PROXY,0,3,VOL,2015_2016,0.6342283658286313,503,100,1.9931553730321698,0.0551051940666191,0.06726861948232846,0.16443921669906802,0.1256096329446165,0.3981849398364858,0.5210889667673314,0.3162375278524079,0.17425254504372867,286,False,286,0.9089897740763173,0.09101022592368269,0.832991479568173,3.076758674417772,0.0009230276023253315,0.02956309246654132,0.06274756742762552,0.12,0.02,0.014248533685139167,0.16548737711863243,0.18,0.01281932662493468,0.5,0.5,0.52,0.52,0.04,0.07,-0.5814348305614776,0.11580647175326923,0.007807588908780904,0.013717414993940764,0.0009757816167026145
PROXY,0,3,MATCH_VOL,2015_2016,0.9279919993273388,503,100,1.9931553730321698,0.08062896894936444,0.09259515127544642,0.17353860918188535,0.12801488805478098,0.5232478504351314,0.7090679856296974,0.5098586252958421,0.1581398547540115,72,False,182,0.9089897740803662,0.09101022591963381,0.9082201379617758,0.07797536387060629,2.339260916118189e-05,0.033363618603195144,0.06622398689206428,0.12,0.03,0.014817200387630191,0.18180497978462848,0.22,0.01505246362271908,0.3,0.3,0.34,0.34,0.05,0.07,-0.581555001874714,0.12150881587861045,0.01792227921629269,0.014954827641926733,2.5315521872945612e-05
PROXY,0,3,VOL,2018Q4,,62,11,0.24914442162902123,-0.4654053105895799,-0.6131542371218335,0.20189822570792068,0.172766051594524,-3.1535256914803416,-3.6675914970728822,-2.769504847916019,0.16804639679175337,62,True,0,0.619991881543818,0.380008118456182,0.6079551582766276,5.055079846479253,0.001516523953943776,0.0765658821947156,0.0765658821947156,0.45454545454545453,0.09090909090909091,0.028591322102392416,0.18890477297326624,0.6363636363636364,0.008550394722931676,0.9090909090909091,0.9090909090909091,0.9090909090909091,0.9090909090909091,0.36363636363636365,0.18181818181818182,-2.540134104108316,0.13608346332979104,0.012596713996557124,0.015236182133834895,0.0008012144848386638
PROXY,0,3,MATCH_VOL,2018Q4,,62,11,0.24914442162902123,-0.3578966725334089,-0.42843310516162775,0.20007342764350802,0.1600958447757026,-2.259117958759213,-2.808094728444031,-2.5732554115993542,0.13908322932894002,62,True,0,0.6199918815431269,0.3800081184568731,0.6185848712355541,0.47541024319470754,0.0001426230729584122,0.05355643156456502,0.05355643156456502,0.5454545454545454,0.09090909090909091,0.027298768853429745,0.18917909871537394,0.6363636363636364,0.008861138469308617,0.8181818181818182,0.8181818181818182,0.8181818181818182,0.8181818181818182,0.2727272727272727,0.18181818181818182,-2.555422108376352,0.14544744102590706,0.02108353328973681,0.016308834441232503,9.044117285572639e-05
PROXY,0,3,VOL,COVID,-1.529464000740045,92,18,0.3613963039014374,-0.1397472624670747,-0.12955947431296394,0.1971428913095112,0.15974005284655055,-0.6750821959510732,-0.8322085571317214,-0.8457093732595615,0.16524265532077065,91,True,0,0.49755566163663173,0.5024443383633683,0.4161890230127948,5.543693254108509,0.0016631079762325523,0.10810828306014486,0.10810828306014486,0.16666666666666666,0.1111111111111111,0.021619296255370807,0.2047562797918717,0.3333333333333333,0.014290272650886886,1.0,1.0,1.0,1.0,0.1111111111111111,0.1111111111111111,-2.0174387601036425,0.13937427995624463,0.014083027283577203,0.015310031920330834,0.0014465347984607413
PROXY,0,3,MATCH_VOL,COVID,0.7743458285740087,92,18,0.3613963039014374,0.07075204757591988,0.08924232445019203,0.20830726546190223,0.15406723087072116,0.4108803064187299,0.5549171275978957,0.493867695069544,0.14326113710668387,66,False,66,0.4975556616432265,0.5024443383567735,0.494148741798667,0.5843471212837941,0.0001753041363851382,0.07126391211128902,0.07126391211128902,0.1111111111111111,0.1111111111111111,0.02168161194256081,0.25130255709907073,0.4444444444444444,0.017331542801811112,0.6666666666666666,0.6666666666666666,0.6111111111111112,0.6111111111111112,0.1111111111111111,0.1111111111111111,-2.0305962212639432,0.15988163129736985,0.04131852632702329,0.0191258961321067,0.000189637576572671
PROXY,0,3,VOL,2022,,250,49,0.9883641341546886,-0.2588274977787556,-0.28171389908655925,0.18189534073507338,0.14152713810350373,-1.65831014024119,-2.12127117339524,-0.9824932125413668,0.26343947670565504,249,True,0,0.5663001945389603,0.4336998054610397,0.5531682541263326,3.799907530727297,0.0011399722592181894,0.045809122773641464,0.05654384681121934,0.2653061224489796,0.04081632653061224,0.021812118444115826,0.16461943933762507,0.46938775510204084,0.005444810698506874,1.0,1.0,1.0,1.0,0.12244897959183673,0.12244897959183673,-0.3725363583015728,0.13991458373080007,0.014901881467126099,0.01559859438828417,0.0008485790193334952
PROXY,0,3,MATCH_VOL,2022,,250,49,0.9883641341546886,-0.19311453150756266,-0.1971611152961512,0.18210418885622945,0.13531235121627283,-1.1921551636837484,-1.5963513651098824,-0.8971037780059656,0.21526442786453015,249,True,0,0.5663001945331081,0.4336998054668919,0.5650261267582418,0.4057763979207968,0.00012173291937623903,0.042765771591181556,0.05131613540169144,0.24489795918367346,0.04081632653061224,0.021593589813453027,0.16967152499114946,0.4489795918367347,0.005754513365328727,0.7959183673469388,0.7959183673469388,0.7755102040816326,0.7755102040816326,0.10204081632653061,0.12244897959183673,-0.37425903001935473,0.1460120893531174,0.020254328372343814,0.016292482530831237,9.859838522413567e-05
PROXY,0,3,VOL,2023_PLUS,0.7375025427199874,912,182,3.6386036960985626,0.2310404393858269,0.22076236891553713,0.1528623878326771,0.10689774894180996,1.1356611687519897,1.6020113684607558,1.2836698006662224,0.17998432249938212,150,False,150,0.8336697556018255,0.16633024439817445,0.7174648285705496,4.093855831209309,0.0012281567493627925,0.029672371847975665,0.037227792828601954,0.13186813186813187,0.0,0.014398593039116067,0.15258072535459985,0.26373626373626374,0.006699814814162655,0.8626373626373627,0.8626373626373627,0.8461538461538461,0.8461538461538461,0.04945054945054945,0.038461538461538464,0.17714783701696168,0.13326363787694037,0.012819830569794318,0.0151978953257942,0.0015047385685708625
PROXY,0,3,MATCH_VOL,2023_PLUS,0.854639977236373,912,182,3.6386036960985626,0.2677365628180001,0.25294346952717084,0.16936898315222187,0.11447504882951867,1.2149129924856028,1.775566591589421,1.3150220952406335,0.203598527954017,87,False,87,0.8336697556071907,0.1663302443928093,0.8320930911702358,0.14509223966023205,4.3527671898069604e-05,0.030187050563945217,0.039030387626340965,0.12637362637362637,0.005494505494505495,0.014958157065392856,0.16716355696481822,0.32967032967032966,0.008047866046407622,0.6318681318681318,0.6318681318681318,0.5989010989010989,0.5989010989010989,0.04945054945054945,0.038461538461538464,0.1770017828129096,0.13814701110620867,0.020865748636743984,0.01617730762012959,5.488626663907592e-05
PROXY,0,3,VOL,2024_PLUS,0.7001416096320497,662,132,2.642026009582478,0.16929655043675843,0.16929407175911365,0.15444454651271222,0.11222935930004772,0.8046439044011519,1.0938781400218385,0.9406183165611002,0.17998432249938157,150,False,150,0.8302026186513219,0.16979738134867806,0.6931871618062437,4.150228301202367,0.00124506849036071,0.029006580062068688,0.03774821685190763,0.13636363636363635,0.0,0.014804616783777357,0.15569980189273316,0.29545454545454547,0.007256382426372935,0.8484848484848485,0.8484848484848485,0.8257575757575758,0.8257575757575758,0.03787878787878788,0.03787878787878788,0.16640247378136053,0.13193574558076326,0.012446588661705565,0.015091283149011028,0.0014484973009843138
PROXY,0,3,MATCH_VOL,2024_PLUS,0.8637827166591596,662,132,2.642026009582478,0.20886550984184435,0.20613058117510855,0.17503556281481544,0.12147980347065664,0.9203441899076366,1.3117077007280722,1.0298280368125934,0.20281590942921024,87,False,87,0.8302026186555151,0.16979738134448485,0.8281374354307408,0.14568939129628083,4.3706817388884244e-05,0.03283826553507074,0.040480623940905784,0.12878787878787878,0.007575757575757576,0.015552999403888825,0.17308636312869055,0.3484848484848485,0.008836859358327181,0.6136363636363636,0.6136363636363636,0.5833333333333334,0.5833333333333334,0.06060606060606061,0.03787878787878788,0.16628369539304932,0.13762965134399915,0.02165125977503332,0.016237846089521692,5.2536031702327124e-05
PROXY,0,3,VOL,EX_MAJOR_SHOCKS,0.7912711801354302,3982,793,15.824777549623546,0.18390187135919306,0.1801320972811109,0.14809425339695959,0.10631312409461102,1.105413048977464,1.53251724862499,1.0217660560953823,0.17998432249938212,150,False,286,0.8798196819343708,0.12018031806562923,0.7727909944363361,3.2500023321594376,0.0009750006996478314,0.029672371847975665,0.04501297073963445,0.11223203026481715,0.008827238335435058,0.013715349636441084,0.14905932409583048,0.21437578814627994,0.008008006021961148,0.617906683480454,0.617906683480454,0.6330390920554855,0.6330390920554855,0.04918032786885246,0.04539722572509458,-0.055446209289339625,0.12142677820019408,0.009482778740810978,0.014190523254653949,0.0011532084128719755
PROXY,0,3,MATCH_VOL,EX_MAJOR_SHOCKS,0.8869428187043585,3982,793,15.824777549623546,0.20613722355010053,0.20097524199184286,0.1623597463431283,0.11411706549075991,1.1366822046667644,1.610026663144623,0.961828010520148,0.2143181746585061,87,False,182,0.8798196819334959,0.12018031806650409,0.8790376554912295,0.15580311302165237,4.674093390649571e-05,0.03173518068905912,0.04700666278535794,0.1223203026481715,0.013871374527112233,0.01442260121728476,0.16337700310685385,0.2786885245901639,0.009168781922574533,0.45901639344262296,0.45901639344262296,0.4665825977301387,0.4665825977301387,0.05170239596469105,0.04539722572509458,-0.05559923957384402,0.12720434475031883,0.01829645093797705,0.015230741186675691,5.6297350579770367e-05
PROXY,0,3,CORE_VOL,ALL,0.9191262993025728,5085,1017,20.216290212183434,0.15031070891411807,0.1569885351428513,0.182214759618962,0.1308966762723628,0.7682922137966923,1.0653574087159585,0.3571691292581183,0.4208390272315271,616,False,616,0.9159080836629635,0.0840919163370365,0.823861124190059,1.6626399032976658,0.0004987919709892998,0.037998841604453215,0.0573929695043817,0.14454277286135694,0.02359882005899705,0.016938259666470362,0.1831243415165516,0.39823008849557523,0.009485057199334419,0.6794493608652901,0.6794493608652901,0.6892822025565388,0.6892822025565388,0.07866273352999016,0.05309734513274336,-0.12574888983580068,0.14978042801135266,0.023142495232560577,0.0169149915721252,0.0005728473049224359
PROXY,0,3,MATCH_CORE_VOL,ALL,0.9312170255444052,5085,1017,20.216290212183434,0.15228798410913247,0.16212723604654058,0.20007316785685006,0.1428554405620532,0.7254097350852153,1.0125444825554926,0.31155974138499304,0.488792240718132,758,False,758,0.9159080836636344,0.08409191633636559,0.9152867371132481,0.1274518177697726,3.823554533093178e-05,0.04037283241897127,0.06166746994150691,0.14945919370698132,0.029498525073746312,0.017718306621188874,0.2018244238817479,0.40216322517207476,0.010570395016040415,0.5821042281219272,0.5821042281219272,0.5988200589970502,0.5988200589970502,0.08456243854473942,0.05309734513274336,-0.12584273304384816,0.15042555505334806,0.029551542793222446,0.017763943371306015,4.3979160043866594e-05
PROXY,0,3,CORE_VOL,GFC,1.9692653791163948,755,151,2.9924709103353866,0.049661605331027724,0.07244097703508003,0.21912409697885873,0.1573071635818199,0.23769970083977726,0.32998655496837637,0.11800617841392895,0.42083902723152566,545,True,48,0.8532906931937133,0.1467093068062867,0.7405098782143341,1.5368677797674823,0.0004610603339302445,0.046420010789571364,0.06819845850858355,0.15894039735099338,0.039735099337748346,0.020832593348755316,0.2196633720565986,0.6490066225165563,0.008736467060447995,0.8410596026490066,0.8410596026490066,0.8410596026490066,0.8410596026490066,0.11258278145695365,0.059602649006622516,-0.16983738667732354,0.18392535680886762,0.03719891669390605,0.020159944318991815,0.00048464913327897485
PROXY,0,3,MATCH_CORE_VOL,GFC,1.1431910867923378,755,151,2.9924709103353866,0.028829382353587885,0.05952214929561208,0.24934032665678682,0.1794521572511901,0.15710923866356438,0.21773598857617338,0.06235196028395448,0.4623652924831423,545,True,46,0.853290693200777,0.146709306799223,0.8524104647943014,0.16714554407557558,5.014366322267268e-05,0.04946237778475693,0.07591015697552557,0.152317880794702,0.046357615894039736,0.022266019888615773,0.24817330689929612,0.6291390728476821,0.010075135026813216,0.7549668874172185,0.7549668874172185,0.7682119205298014,0.7682119205298014,0.11920529801324503,0.059602649006622516,-0.1703889884449379,0.18415943186308023,0.04550942805113639,0.021427609087903754,5.1652008435036645e-05
PROXY,0,3,CORE_VOL,2011,0.13503395344222624,251,49,0.9883641341546886,0.0035380110318541744,0.020160665429714345,0.18257016204781562,0.13588298717617558,0.10737542928367623,0.14424944221226663,0.026252740987782627,0.13476730043162644,218,True,13,0.894246306190594,0.10575369380940602,0.8295188598513099,1.9167985920736463,0.0005750395776220939,0.0489757399961086,0.06036128023636825,0.1836734693877551,0.04081632653061224,0.020228532490656766,0.19206019707008729,0.5510204081632653,0.009068698536301689,0.7346938775510204,0.7346938775510204,0.7551020408163265,0.7551020408163265,0.10204081632653061,0.10204081632653061,-0.3136725168806345,0.16498903172374474,0.026145833839263145,0.017847763371863064,0.0005817265423380064
PROXY,0,3,MATCH_CORE_VOL,2011,0.9862106275975769,251,49,0.9883641341546886,0.02583960545645216,0.04431621579477339,0.19501638459079176,0.1431712592501125,0.22438489866485817,0.30560552037453154,0.18967685964155936,0.13622961443627013,110,True,55,0.8942463061890252,0.10575369381097477,0.8934239176166882,0.11682307903051106,3.504692370915332e-05,0.043783564746794235,0.06261857524581506,0.1836734693877551,0.04081632653061224,0.020847470130169358,0.20339356194571365,0.5714285714285714,0.009557192819984552,0.6122448979591837,0.6122448979591837,0.673469387755102,0.673469387755102,0.08163265306122448,0.10204081632653061,-0.31388810983151877,0.1667095653893162,0.033509789134193564,0.018650195240957335,3.623209821976975e-05
PROXY,0,3,CORE_VOL,2015_2016,0.8187262590606277,503,100,1.9931553730321698,0.07113536988215272,0.08433446090617944,0.1763331829487579,0.132249156151579,0.4681082239906889,0.623931985533026,0.40903724656349305,0.17390927227237407,260,False,260,0.9545101778090658,0.045489822190934226,0.9164822546811504,1.5360764306111085,0.0004608229291833325,0.03136689911704671,0.06704872358763729,0.13,0.03,0.015273544391647995,0.1813860473518207,0.23,0.014560510425188746,0.5,0.5,0.52,0.52,0.05,0.07,-0.5814647615358459,0.1295090776566612,0.015239895900595917,0.015085990473137712,0.000494438798560079
PROXY,0,3,MATCH_CORE_VOL,2015_2016,0.9644868734049064,503,100,1.9931553730321698,0.08379984118850453,0.09710059430917485,0.1823059062693944,0.1345219443043107,0.5227979031728824,0.7082617757818973,0.5052291236112028,0.1658650249406295,72,False,182,0.9545101778054776,0.045489822194522356,0.9541055174849936,0.04095267996206436,1.2285803988619309e-05,0.03503695381287952,0.06954699765548382,0.13,0.03,0.015556022002552688,0.1909578434692172,0.25,0.015811569943886716,0.4,0.4,0.44,0.44,0.05,0.07,-0.5815268158071168,0.13000026012914603,0.020165693818536116,0.01570490061148051,1.3334654013402725e-05
PROXY,0,3,CORE_VOL,2018Q4,,62,11,0.24914442162902123,-0.49684002567786445,-0.6608277914246357,0.2609691329157587,0.21465938617810898,-2.622404313263118,-3.1754785846586064,-2.5514626161259457,0.194727534919657,62,True,0,0.810047876817255,0.18995212318274501,0.803769728471563,2.458810032856616,0.0007376430098569848,0.0765658821947156,0.0765658821947156,0.5454545454545454,0.18181818181818182,0.03632125741235462,0.2460925993934066,0.8181818181818182,0.011354150297417228,0.9090909090909091,0.9090909090909091,0.9090909090909091,0.9090909090909091,0.45454545454545453,0.18181818181818182,-2.53937182927013,0.19217711717626432,0.0421482767300877,0.02076250245740802,0.00036665302746113904
PROXY,0,3,MATCH_CORE_VOL,2018Q4,,62,11,0.24914442162902123,-0.44879294451419366,-0.5685706930233626,0.26170068807549207,0.20970200519597917,-2.2626044864272883,-2.8120634905425708,-2.4813106453036875,0.18086931008159435,62,True,0,0.8100478768181074,0.18995212318189258,0.809148087210807,0.3126296136994657,9.378888410983968e-05,0.07009639296003245,0.07009639296003245,0.5454545454545454,0.18181818181818182,0.03567913785136165,0.24739182584885971,1.0,0.011616378038058707,0.9090909090909091,0.9090909090909091,0.9090909090909091,0.9090909090909091,0.45454545454545453,0.18181818181818182,-2.545226116483256,0.19325346472934044,0.04675174907749915,0.021302145465324062,5.1053654100352563e-05
PROXY,0,3,CORE_VOL,COVID,-0.25475887053755103,92,18,0.3613963039014374,-0.023277340774023037,0.02207672402086819,0.3017085260547917,0.22933026127572556,0.061170166476568096,0.08041216274253603,-0.10555725790623824,0.22051861933263983,77,False,77,0.7494064861441828,0.2505935138558172,0.7079327507201862,2.6974100106529946,0.0008092230031958983,0.10810140355196896,0.10810140355196896,0.2222222222222222,0.1111111111111111,0.03256871386560584,0.348119588349533,0.8333333333333334,0.024139947231975458,1.0,1.0,1.0,1.0,0.1111111111111111,0.1111111111111111,-2.0171749628777955,0.22626070951394844,0.07703837031187086,0.026931826905818086,0.000798780713668179
PROXY,0,3,MATCH_CORE_VOL,COVID,0.9583435849572758,92,18,0.3613963039014374,0.08756393902429901,0.13248126021483508,0.31478127271762163,0.23303933727365603,0.4092634773319159,0.5524120167126687,0.41448911062139077,0.2112575138416195,71,False,71,0.7494064861502506,0.25059351384974937,0.7468439699324375,0.44233102042751815,0.00013269930612825543,0.10761291329830602,0.10761291329830602,0.2222222222222222,0.1111111111111111,0.03257786658051329,0.37994645478684896,0.8333333333333334,0.026380832925850545,0.9444444444444444,0.9444444444444444,0.9444444444444444,0.9444444444444444,0.1111111111111111,0.1111111111111111,-2.021650916069829,0.22450143936252148,0.08512925883087144,0.028851829160551037,0.00014579986755489105
PROXY,0,3,CORE_VOL,2022,,250,49,0.9883641341546886,-0.29787148491760557,-0.3207185397630665,0.25075452226801614,0.18942642135494245,-1.3584941453436168,-1.7918660850551178,-0.9513234008127247,0.31311274868581085,249,True,0,0.7830114874132353,0.21698851258676466,0.7760674889933666,1.8893577937221755,0.0005668073381166525,0.06346998607966048,0.07299432622059109,0.30612244897959184,0.08163265306122448,0.02994387158334545,0.23144179665312664,0.8979591836734694,0.00785487279347036,1.0,1.0,1.0,1.0,0.22448979591836735,0.12244897959183673,-0.37210572528100405,0.20434344892449519,0.048947565821243495,0.022151618088179472,0.00039957834008369497
PROXY,0,3,MATCH_CORE_VOL,2022,,250,49,0.9883641341546886,-0.2675103343760426,-0.2782964920639494,0.2520554803818305,0.18731797517318832,-1.1831893927124604,-1.5863183941074606,-0.9173969717454025,0.29159714127580805,249,True,0,0.7830114874202464,0.2169885125797536,0.7821214017580128,0.28121816477595807,8.43654494327874e-05,0.05907622045770278,0.07104048969842229,0.30612244897959184,0.08163265306122448,0.029835242084074176,0.23479470388711648,0.8979591836734694,0.008030616175964367,1.0,1.0,1.0,1.0,0.22448979591836735,0.12244897959183673,-0.37264183350285385,0.2043841638198029,0.05205672349605797,0.022502450477043152,6.203083037731316e-05
PROXY,0,3,CORE_VOL,2023_PLUS,0.8682012240868247,912,182,3.6386036960985626,0.2719849501108662,0.25750483040535144,0.17613053723731073,0.12130648639049098,1.1941948087917693,1.7134480557633773,1.2985838624967507,0.20944735104587575,91,False,91,0.9168895712663538,0.08311042873364616,0.8580473390491943,2.039189462416628,0.0006117568387249884,0.03400855572239281,0.04130570769360665,0.14835164835164835,0.0,0.0162004891425955,0.1750302706142176,0.4065934065934066,0.008116396788249587,0.8626373626373627,0.8626373626373627,0.8461538461538461,0.8461538461538461,0.07692307692307693,0.038461538461538464,0.17671563621064237,0.1556891241583102,0.0237919704562347,0.01730578732500065,0.0007742077496630806
PROXY,0,3,MATCH_CORE_VOL,2023_PLUS,0.9271868643577967,912,182,3.6386036960985626,0.2904636230051968,0.2738569690227563,0.1864486144007301,0.12609491774940457,1.2157808622152355,1.777761287378416,1.3035956271141587,0.22281727321240874,88,False,88,0.9168895712702453,0.08311042872975472,0.916016543482994,0.07972152560713575,2.391645768214072e-05,0.03331540116524856,0.04302568069665072,0.14835164835164835,0.005494505494505495,0.016479464264818743,0.1839798680280452,0.3956043956043956,0.00888064119108599,0.7692307692307693,0.7692307692307693,0.7637362637362637,0.7637362637362637,0.07142857142857142,0.038461538461538464,0.17669469660489856,0.15573327362088527,0.027683183268521632,0.017796226670649794,3.069781682685235e-05
PROXY,0,3,CORE_VOL,2024_PLUS,0.8499793638925779,662,132,2.642026009582478,0.20552781361625924,0.20434627358945517,0.18043918403089115,0.12833589882245555,0.882929104757373,1.2283393031137098,0.9812862878902779,0.20944735104587564,91,False,91,0.9151528043369995,0.08484719566300047,0.8456958976296447,2.065387644894014,0.0006196162934682043,0.03642076433112973,0.042670184279932216,0.1590909090909091,0.0,0.016796650947992566,0.18033291139120886,0.4166666666666667,0.0088836218188087,0.8484848484848485,0.8484848484848485,0.8257575757575758,0.8257575757575758,0.07575757575757576,0.03787878787878788,0.16597957581696415,0.15535632983859057,0.02412668427279185,0.017328344232822722,0.0007429498014822622
PROXY,0,3,MATCH_CORE_VOL,2024_PLUS,0.9320696250939285,662,132,2.642026009582478,0.22537750952726907,0.22311934079713952,0.19318185158587955,0.13411382560081006,0.9218291762974852,1.314775335782231,1.0132397221594402,0.222432564178336,88,False,88,0.9151528043421683,0.08484719565783172,0.9140072501752801,0.08024420441820812,2.4073261325462437e-05,0.03628852057221432,0.04472239515900214,0.1590909090909091,0.007575757575757576,0.01716982742665788,0.190967913394541,0.4166666666666667,0.009777505714592636,0.7196969696969697,0.7196969696969697,0.7121212121212122,0.7121212121212122,0.07575757575757576,0.03787878787878788,0.16597424096087154,0.15549381830030057,0.028640138582823715,0.01790239548471433,2.933124902948503e-05
PROXY,0,3,CORE_VOL,EX_MAJOR_SHOCKS,0.8961373435599518,3982,793,15.824777549623546,0.2082741525444218,0.20317829931940812,0.1648634310629262,0.11713292059362465,1.1327696420059135,1.5874134693476039,0.9943985994781238,0.20944735104587575,91,False,260,0.9399308317831355,0.06006916821686448,0.8861173234840333,1.6508507195212359,0.0004952552158563708,0.03302526332083411,0.048786446539850176,0.12988650693568726,0.015132408575031526,0.015059131924530018,0.16607522050389548,0.308953341740227,0.009141478862129732,0.6204287515762925,0.6204287515762925,0.6330390920554855,0.6330390920554855,0.0617906683480454,0.04539722572509458,-0.0555633696454776,0.13822493332326388,0.01769506625068631,0.01575260115917327,0.000597686021486632
PROXY,0,3,MATCH_CORE_VOL,EX_MAJOR_SHOCKS,0.943474852072892,3982,793,15.824777549623546,0.21927601463615304,0.2137163023097835,0.17352880705473592,0.12198800981883151,1.136940337500623,1.610583258216638,0.9613194062773032,0.22809902016364836,88,False,182,0.939930831781849,0.060069168218151,0.9395123449935794,0.11294110251092677,3.3882330753278016e-05,0.03393839145728672,0.05024839828223494,0.13240857503152584,0.015132408575031526,0.015411219950587321,0.17460966394729188,0.3203026481715006,0.009808162977023398,0.532156368221942,0.532156368221942,0.5548549810844893,0.5548549810844893,0.07313997477931904,0.04539722572509458,-0.05562317904086742,0.13896710990062916,0.022151687653322316,0.01627298351079207,4.1255137956081045e-05
PROXY,1,0,BUYHOLD,ALL,1.0,5085,1017,20.216290212183434,0.1637542797373257,0.17594878930756302,0.21858968941717624,0.15608299549522794,0.7271408638899364,1.015204295074703,0.3132245895288925,0.52280148242391,761,False,761,1.0,0.0,1.0000000000000002,0.049557522123893805,0.0,0.04294169174343243,0.06728819087855528,0.1750245821042281,0.03933136676499508,0.019353470238408867,0.2205240957144458,0.4837758112094395,0.011620565383551355,0.6853490658800393,0.6853490658800393,0.7059980334316618,0.7059980334316618,0.10521140609636184,0.05703048180924287,-0.10255701507145619,0.16635233729605758,0.036424185282267624,0.01942224266053013,0.0
PROXY,1,0,BUYHOLD,GFC,1.0,755,150,2.9924709103353866,0.025218340736437188,0.06774886567588874,0.2925071856818413,0.21043921521532827,0.16175782351944215,0.22434401466871126,0.04823693425564759,0.5228014824239088,545,True,46,1.0,0.0,1.0,0.0,0.0,0.06780609557139194,0.08381601151899526,0.24666666666666667,0.08666666666666667,0.02673802419761459,0.29196822060478766,0.7266666666666667,0.012074941670513383,0.8466666666666667,0.8466666666666667,0.86,0.86,0.18,0.05333333333333334,-0.22041522085205628,0.21412546653531905,0.0630382780127665,0.025158422337642494,0.0
PROXY,1,0,BUYHOLD,2011,1.0,251,49,0.9883641341546886,0.02620089941577654,0.049478037570438324,0.21827885348449513,0.1602166266465213,0.22409353107654292,0.3052746029737228,0.1726588430260208,0.1517495365808046,110,True,55,1.0,0.0,0.9999999999999994,0.0,0.0,0.04379943962172417,0.06248421498297902,0.20408163265306123,0.04081632653061224,0.023458065952804988,0.22767483068914934,0.6530612244897959,0.01019606104569807,0.7959183673469388,0.7959183673469388,0.8163265306122449,0.8163265306122449,0.10204081632653061,0.061224489795918366,-0.05023568620230264,0.18899220528606098,0.043398905543669326,0.020947930231766228,0.0
PROXY,1,0,BUYHOLD,2015_2016,1.0,503,100,1.9931553730321698,0.08688541389129241,0.10159890232515266,0.19107510807991784,0.1410340588607215,0.5222856829142166,0.7073692082295439,0.5005900764226747,0.17356599338163958,72,False,182,1.0,0.0,1.0000000000000004,0.0,0.0,0.03343551502253972,0.05518378450903503,0.15,0.02,0.016435490079085322,0.20006399212858897,0.3,0.017941259185145046,0.49,0.49,0.52,0.52,0.05,0.06,-0.15034097931693302,0.14098155261864237,0.025109916212365708,0.017025165686387216,0.0
PROXY,1,0,BUYHOLD,2018Q4,1.0,62,11,0.24914442162902123,-0.5289552733768615,-0.7093384933401179,0.32342420700991975,0.25939958578426203,-2.2659137212410476,-2.8158230847256376,-2.389026817307685,0.22141035401727638,62,True,0,1.0,0.0,0.9999999999999999,0.0,0.0,0.08291808185525062,0.08291808185525062,0.6363636363636364,0.18181818181818182,0.043814403049944745,0.3079114405526997,1.0,0.013161184501508423,1.0,1.0,1.0,1.0,0.5454545454545454,0.2727272727272727,-0.4159755648165387,0.2321416080844118,0.07477851698218631,0.026400136828217846,0.0
PROXY,1,0,BUYHOLD,COVID,1.0,92,18,0.3613963039014374,0.0913700893904369,0.17534673481457277,0.42145989130573325,0.31225864280546706,0.4074530909012621,0.5496431248918446,0.3314938400367196,0.27563133414580443,72,False,72,1.0,0.0,1.0,0.0,0.0,0.14969396814825775,0.14969396814825778,0.2777777777777778,0.1111111111111111,0.043115890228185696,0.5088996484691735,1.0,0.0323996329137509,1.0,1.0,1.0,1.0,0.1111111111111111,0.05555555555555555,-1.9207493988832154,0.26444933750330696,0.1264673618820103,0.03862502072695048,0.0
PROXY,1,0,BUYHOLD,2022,1.0,250,49,0.9883641341546886,-0.33769548373084374,-0.35839987569999465,0.322264532664297,0.23937477070898183,-1.1737427863216419,-1.575701860568305,-0.9315640449314486,0.3625037758468811,249,True,0,1.0,0.0,0.9999999999999999,0.0,0.0,0.07774541022914916,0.08983686324367239,0.42857142857142855,0.1836734693877551,0.03844128359570039,0.30035302807501707,0.9591836734693877,0.011655130592491788,1.0,1.0,1.0,1.0,0.32653061224489793,0.10204081632653061,-0.3051549817991349,0.24507218461249694,0.08718247225087536,0.028795780830525138,0.0
PROXY,1,0,BUYHOLD,2023_PLUS,1.0,913,182,3.6413415468856947,0.31379703701624684,0.2951005843287713,0.20343099450119181,0.13763471936090613,1.2188592186518632,1.7832288630405955,1.2982141366933644,0.24171438913422116,88,False,88,1.0,0.0,1.0000000000000002,0.0,0.0,0.035841208776553946,0.05472396454898546,0.13736263736263737,0.016483516483516484,0.0176012393632274,0.20081186145344354,0.5439560439560439,0.01006056267495163,0.8626373626373627,0.8626373626373627,0.8626373626373627,0.8626373626373627,0.08241758241758242,0.038461538461538464,0.05901262498279718,0.1711294080101921,0.034640956652339606,0.01930857099036,0.0
PROXY,1,0,BUYHOLD,2024_PLUS,1.0,663,132,2.64476386036961,0.24255613964165668,0.24066343184624286,0.2111975602429938,0.14663558467832608,0.926394248392182,1.322278758712685,1.0034824178670172,0.2417143891342205,88,False,88,1.0,0.0,1.0000000000000004,0.0,0.0,0.037775300616400886,0.06098387703153996,0.14393939393939395,0.022727272727272728,0.018238684720032254,0.20891049024789823,0.553030303030303,0.011136039371257728,0.8409090909090909,0.8409090909090909,0.8409090909090909,0.8409090909090909,0.09848484848484848,0.03787878787878788,0.032614000897103895,0.1718548194413385,0.03608273666156173,0.019544673614755495,0.0
PROXY,1,0,BUYHOLD,EX_MAJOR_SHOCKS,1.0,3982,794,15.824777549623546,0.23270788184626107,0.22670601215053113,0.18470013807289795,0.1298583132381832,1.1384771057646406,1.6129573016762002,0.9627390519851969,0.24171438913422116,88,False,182,1.0,0.0,1.0,0.06328478151682572,0.0,0.03701186485452679,0.05360946205723752,0.14357682619647355,0.020151133501259445,0.016273729084446145,0.1857216014964929,0.3954659949622166,0.010630324366203332,0.6272040302267002,0.6272040302267002,0.6511335012594458,0.6511335012594458,0.07682619647355164,0.05415617128463476,-0.02644625747247514,0.15027381418952762,0.02628870307738393,0.017334064574195448,0.0
PROXY,1,0,VOL,ALL,0.8343239603048506,5085,1017,20.216290212183434,0.13662411918731393,0.14006755710857974,0.15292065246598813,0.1105120680220525,0.8047275425899193,1.1082499099246677,0.4275284379370085,0.31956732479967553,598,False,598,0.8324052890347655,0.16759471096523448,0.6514975370135765,3.141512975072152,0.0,0.03333189853375773,0.047538578860133886,0.13176007866273354,0.01376597836774828,0.014512458234623224,0.15374943740553848,0.25073746312684364,0.008245795882393585,0.6794493608652901,0.6794493608652901,0.7050147492625368,0.7050147492625368,0.0599803343166175,0.05703048180924287,-0.10259489091167649,0.12494769132568023,0.010024568113539937,0.014452859461143209,0.0
PROXY,1,0,MATCH_VOL,ALL,0.8616004422191894,5085,1017,20.216290212183434,0.14109075983696467,0.14881774466822345,0.1817092707179953,0.1297331424810355,0.7254195751256742,1.0122877732437234,0.31088356533210393,0.45383794954308154,756,False,756,0.832405289036788,0.167594710963212,0.831266207190502,0.19303001647461715,0.0,0.035731995979640385,0.0559500204936917,0.14060963618485742,0.02654867256637168,0.01610954862608542,0.18319057741238354,0.3303834808259587,0.009584011327848764,0.49262536873156343,0.49262536873156343,0.5014749262536873,0.5014749262536873,0.06981317600786627,0.05703048180924287,-0.10278792154634081,0.13359775755415623,0.023274473103265487,0.016164691183243086,0.0
PROXY,1,0,VOL,GFC,2.304886535428973,755,150,2.9924709103353866,0.05812541400927405,0.06872767842366959,0.15671686739135576,0.11332295010501767,0.3080702152703678,0.4236509897213174,0.18188785116159847,0.3195673247996781,545,True,48,0.7098541266473031,0.2901458733526969,0.48333355685255897,3.0079590818736115,0.0,0.03180909198265491,0.051655209172792274,0.17333333333333334,0.02,0.01609855214062288,0.15945143238264106,0.32,0.006173370409218569,0.8333333333333334,0.8333333333333334,0.86,0.86,0.05333333333333334,0.05333333333333334,-0.2206111106566022,0.13574397568345162,0.010557787010151799,0.0152267632260058,0.0
PROXY,1,0,MATCH_VOL,GFC,1.2208389303916147,755,150,2.9924709103353866,0.03078753213092326,0.051783081246399146,0.20723444861220316,0.14920260826976878,0.15128021656626192,0.20946614871081232,0.07727583618431415,0.39841085714673474,545,True,43,0.709854126644677,0.29014587335532305,0.7084358331548397,0.28438393860476296,0.0,0.04790381306803082,0.05938408216456888,0.18666666666666668,0.04666666666666667,0.01900880495109223,0.20674844915897944,0.44666666666666666,0.008460623575914743,0.5466666666666666,0.5466666666666666,0.58,0.58,0.08666666666666667,0.05333333333333334,-0.22331423966732955,0.15020560638638145,0.030484849808439442,0.017855774783035877,0.0
PROXY,1,0,VOL,2011,-0.27899779748586756,251,49,0.9883641341546886,-0.007309993229150409,0.003891991402046713,0.14955129980045198,0.11256613953265537,0.02226274605792299,0.029572363144658186,-0.06219703318929231,0.1175296128177522,218,True,13,0.792991636102024,0.20700836389797606,0.6516775582640221,3.37234599305757,0.0,0.03487339100938358,0.04533440577268411,0.12244897959183673,0.02040816326530612,0.017151720754507577,0.15969368445267948,0.30612244897959184,0.007287869283076775,0.7959183673469388,0.7959183673469388,0.8163265306122449,0.8163265306122449,0.08163265306122448,0.061224489795918366,-0.05025163384340446,0.13388303050020936,0.010223912725940431,0.015008250889095276,0.0
PROXY,1,0,MATCH_VOL,2011,0.9267728354157702,251,49,0.9883641341546886,0.02428228184200262,0.03875643355876135,0.17300527826250484,0.12708873229236328,0.22076370743568408,0.3004873416289646,0.19950944187840305,0.12170993820333664,110,True,55,0.7929916360948916,0.20700836390510835,0.7925790457040096,0.18382689067082145,0.0,0.03474256539523668,0.04956437563052856,0.14285714285714285,0.02040816326530612,0.018633670259445463,0.1802417490172931,0.3877551020408163,0.008001108274777326,0.46938775510204084,0.46938775510204084,0.5102040816326531,0.5102040816326531,0.061224489795918366,0.061224489795918366,-0.05024184836881383,0.14568411248052426,0.024273681983267688,0.016617252853033206,0.0
PROXY,1,0,VOL,2015_2016,0.6999998081918771,503,100,1.9931553730321698,0.06081977305857654,0.07302988558831973,0.16697954921669225,0.12435463480634606,0.4265603300064509,0.5725621777285453,0.3499508027889578,0.17379520942335047,265,False,265,0.9010220589652572,0.09897794103474278,0.8400405092093363,3.017895391853029,0.0,0.029616176427678664,0.04757514582518574,0.12,0.01,0.014123528320348182,0.17543914117130596,0.18,0.015533757682333515,0.49,0.49,0.52,0.52,0.04,0.06,-0.15035812164298912,0.11629626785518468,0.007885785859708958,0.013753041891110644,0.0
PROXY,1,0,MATCH_VOL,2015_2016,0.9153183251309147,503,100,1.9931553730321698,0.07952781152128408,0.09126191230222862,0.17171406588069715,0.1268657109067325,0.5209754814442765,0.7048890462248522,0.507524460995624,0.15669749466906935,72,False,182,0.9010220589718319,0.09897794102816815,0.8986601914471566,0.08045413000518588,0.0,0.0301264181146349,0.04971961452249094,0.12,0.02,0.01481555139561522,0.17939576595528295,0.24,0.016003882688593513,0.34,0.34,0.37,0.37,0.03,0.06,-0.15034021613582474,0.12279680037898762,0.019738252494293507,0.015340193192576007,0.0
PROXY,1,0,VOL,2018Q4,,62,11,0.24914442162902123,-0.44684909653390426,-0.5779756551387263,0.20543623617987297,0.17367371999495082,-2.9276167420367947,-3.4467588319476956,-2.752105348249369,0.16236627599235898,62,True,0,0.6294512992502646,0.37054870074973545,0.6171028998312124,5.142761684944064,0.0,0.04430307299522318,0.04430307299522318,0.5454545454545454,0.0,0.027944906971930365,0.1953527041859982,0.5454545454545454,0.009245541697679622,1.0,1.0,1.0,1.0,0.2727272727272727,0.2727272727272727,-0.416610042477977,0.13945130144669615,0.01333918207171565,0.01551560807831559,0.0
PROXY,1,0,MATCH_VOL,2018Q4,,62,11,0.24914442162902123,-0.3642252461074901,-0.4377969378496016,0.20332025912516274,0.16277616593293734,-2.2689124700828254,-2.8191217414528884,-2.567129117080028,0.14188037667609676,62,True,0,0.6294512992522165,0.37054870074778345,0.6286168893447179,0.45426196848481504,0.0,0.05216145981820952,0.05216145981820952,0.5454545454545454,0.09090909090909091,0.02759669677598547,0.19316541076768362,0.6363636363636364,0.008133470341994855,0.8181818181818182,0.8181818181818182,0.8181818181818182,0.8181818181818182,0.18181818181818182,0.2727272727272727,-0.41801308532281567,0.15067318461212872,0.021212404346281077,0.016670090464996682,0.0
PROXY,1,0,VOL,COVID,-1.6196811945047584,92,18,0.3613963039014374,-0.1479904155259094,-0.13752594658432488,0.2049887741326638,0.16465996757112383,-0.6879816704261382,-0.8556254916612029,-0.8709290629566498,0.16992246765024488,91,True,0,0.5043158335099226,0.4956841664900774,0.4286701974770659,6.196111034545466,0.0,0.12916384066661202,0.12916384066661202,0.1111111111111111,0.05555555555555555,0.02181108060034847,0.20315015001579884,0.3888888888888889,0.014107186938179115,1.0,1.0,1.0,1.0,0.05555555555555555,0.05555555555555555,-1.9224841135557424,0.13969120151483544,0.014200826807205635,0.01535693836047495,0.0
PROXY,1,0,MATCH_VOL,COVID,0.7274671747133311,92,18,0.3613963039014374,0.06646874078216565,0.08588584486329108,0.21122949092443657,0.15640603560057567,0.38946235454008427,0.5253989503526801,0.456919142895088,0.1454715605938781,66,False,66,0.5043158335094331,0.4956841664905669,0.501083897495981,0.47221050152329946,0.0,0.07533281256248114,0.07533281256248114,0.1111111111111111,0.05555555555555555,0.02188716754587127,0.2537086107081548,0.5,0.015884868994315685,0.6666666666666666,0.6666666666666666,0.6666666666666666,0.6666666666666666,0.1111111111111111,0.05555555555555555,-1.9325166373786284,0.16269488255886544,0.043539641709073165,0.019476627603197755,0.0
PROXY,1,0,VOL,2022,,250,49,0.9883641341546886,-0.24905224780443877,-0.2684236963045301,0.1833069575919341,0.1415333862756869,-1.5727246998784972,-2.027437847762934,-0.9131183202946849,0.2727491522939368,249,True,0,0.5653008216704107,0.43469917832958926,0.5583433237810183,4.041475103020205,0.0,0.04984012840500851,0.05435808350801235,0.2857142857142857,0.04081632653061224,0.021781061475893513,0.1658762220243781,0.40816326530612246,0.006182169462704049,1.0,1.0,1.0,1.0,0.14285714285714285,0.10204081632653061,-0.30476443987432406,0.13978911718421771,0.01488722714807267,0.015598872820838295,0.0
PROXY,1,0,MATCH_VOL,2022,,250,49,0.9883641341546886,-0.19143251919547066,-0.19511430625872142,0.18196385853407246,0.13508524324670818,-1.181406111037706,-1.5834186665270544,-0.8966231214252067,0.2135038843200736,249,True,0,0.5653008216639732,0.4346991783360268,0.5645999798511314,0.44587262786961424,0.0,0.044004590846997926,0.05079155104602587,0.2653061224489796,0.02040816326530612,0.02177684149439904,0.16966967168553976,0.3469387755102041,0.006536850278734313,0.7959183673469388,0.7959183673469388,0.7755102040816326,0.7755102040816326,0.14285714285714285,0.10204081632653061,-0.3049486803444112,0.1459204524138897,0.020067380182312744,0.01630350948360303,0.0
PROXY,1,0,VOL,2023_PLUS,0.725603477859591,913,182,3.6413415468856947,0.22769222140102352,0.21810397729374087,0.15384260308958878,0.10797458788036024,1.1113216048609855,1.5622713007083948,1.2681497733479083,0.17954679028165366,122,False,122,0.8370827913484818,0.16291720865151815,0.7265163348850477,3.9039088364088643,0.0,0.031110855113471003,0.04296290632961954,0.10989010989010989,0.01098901098901099,0.014229934912664478,0.15404644197565937,0.27472527472527475,0.006992776343699314,0.8626373626373627,0.8626373626373627,0.8626373626373627,0.8626373626373627,0.054945054945054944,0.038461538461538464,0.058904985793211156,0.1331464532621301,0.012807281818336834,0.015202128662207683,0.0
PROXY,1,0,MATCH_VOL,2023_PLUS,0.8587957098075983,913,182,3.6413415468856947,0.2694875491398889,0.254362676173746,0.17004325542125728,0.11483524361886531,1.2186227775485778,1.7825495213398095,1.3178127386472882,0.20449608752189874,87,False,87,0.8370827913446232,0.16291720865537684,0.835861891349666,0.1462387621516013,0.0,0.029829869875970916,0.045653497075853665,0.0989010989010989,0.01098901098901099,0.014691351532261122,0.16787221641637493,0.3076923076923077,0.00835223685864377,0.6263736263736264,0.6263736263736264,0.6043956043956044,0.6043956043956044,0.04945054945054945,0.038461538461538464,0.05922380922763955,0.13806709626095118,0.020680985880451575,0.016157942731377165,0.0
PROXY,1,0,VOL,2024_PLUS,0.6640777623709189,663,132,2.64476386036961,0.1610761384625595,0.16233370392773042,0.1557760053989824,0.11379923620892884,0.7532458569964633,1.0188161934865494,0.8971262488729596,0.1795467902816532,122,False,122,0.8316736000053375,0.16832639999466248,0.7046702776265668,4.020860091656572,0.0,0.031533538732309796,0.0458404823262886,0.12121212121212122,0.015151515151515152,0.014550427205743037,0.15694884403671086,0.2878787878787879,0.007621413181233247,0.8409090909090909,0.8409090909090909,0.8409090909090909,0.8409090909090909,0.06060606060606061,0.03787878787878788,0.03213981889353425,0.1321031988592257,0.012515822715028942,0.015117665862823862,0.0
PROXY,1,0,MATCH_VOL,2024_PLUS,0.8677235030535189,663,132,2.64476386036961,0.21047166317699684,0.2074232029481969,0.1753178475802043,0.12153036093182852,0.9263972510125913,1.3219290139437432,1.0354269225446815,0.20327041782894573,87,False,87,0.831673600004714,0.16832639999528598,0.8300949539344424,0.15459408106478292,0.0,0.03128928485267046,0.050571437530103104,0.11363636363636363,0.015151515151515152,0.015129302089125315,0.1734497478222955,0.32575757575757575,0.009175691427447312,0.6060606060606061,0.6060606060606061,0.5984848484848485,0.5984848484848485,0.06060606060606061,0.03787878787878788,0.03287306094457501,0.13818541646288873,0.02161232746408143,0.01625220653465991,0.0
PROXY,1,0,VOL,EX_MAJOR_SHOCKS,0.8054654687934634,3982,794,15.824777549623546,0.18743816314323256,0.18318018476584194,0.14853449698669527,0.10619202836422176,1.1226036549958076,1.5627322167453692,1.0439516231351158,0.17954679028165366,122,False,265,0.8799235258742815,0.12007647412571854,0.7752693920197193,3.0222462402415906,0.0,0.03201820520535159,0.04351492805913626,0.11460957178841309,0.010075566750629723,0.013603914498324477,0.15052377438002335,0.22418136020151133,0.008535413887865833,0.6221662468513854,0.6221662468513854,0.6498740554156172,0.6498740554156172,0.055415617128463476,0.05415617128463476,-0.026445309361362492,0.12158533447627906,0.009520282765076446,0.01421021596963347,0.0
PROXY,1,0,MATCH_VOL,EX_MAJOR_SHOCKS,0.887246316324412,3982,794,15.824777549623546,0.20646921094775164,0.2012509063725517,0.16235829759152198,0.11411729624556764,1.1383649463530323,1.6123929676286708,0.9629629922502516,0.2144103279247258,87,False,182,0.8799235258681682,0.12007647413183176,0.8790300152209017,0.15778646521862724,0.0,0.0325407529160181,0.04712299277475988,0.11964735516372796,0.013853904282115869,0.014313930461808856,0.16316429141222058,0.28337531486146095,0.009287211119401157,0.4672544080604534,0.4672544080604534,0.4899244332493703,0.4899244332493703,0.05793450881612091,0.05415617128463476,-0.026432277419313446,0.12721390359796467,0.018294750755536413,0.015250276301188123,0.0
PROXY,1,0,CORE_VOL,ALL,0.9221350356012253,5085,1017,20.216290212183434,0.15100355857543185,0.1576605220351574,0.18259663876004878,0.13112549358738373,0.770303359120068,1.068523905819976,0.35469729278733053,0.4257251511247665,623,False,623,0.916231402634094,0.08376859736590603,0.8255243451623249,1.5889165858771472,0.0,0.037969131054021665,0.05591934450327469,0.1553588987217306,0.02359882005899705,0.016942776278734223,0.18374169869657714,0.4060963618485742,0.00971755352211747,0.6853490658800393,0.6853490658800393,0.7059980334316618,0.7059980334316618,0.0855457227138643,0.05703048180924287,-0.1025818364524435,0.14992479139618856,0.023219871502622322,0.01693755106083667,0.0
PROXY,1,0,MATCH_CORE_VOL,ALL,0.9315275996144774,5085,1017,20.216290212183434,0.15254163113030866,0.16236173027883338,0.20014158129961415,0.14290614740325414,0.7262803790592784,1.0137431058407014,0.3117592729431183,0.489293003830364,758,False,758,0.9162314026308804,0.08376859736911957,0.9156001125007762,0.12893886931010826,0.0,0.03933790109276625,0.06162076831769792,0.16224188790560473,0.03343166175024582,0.017733174235584962,0.20184173814790785,0.40707964601769914,0.010597468747354712,0.5978367748279253,0.5978367748279253,0.6135693215339233,0.6135693215339233,0.08947885939036382,0.05703048180924287,-0.10266161151054065,0.15060638430866513,0.0295749892222449,0.0177939446098872,0.0
PROXY,1,0,CORE_VOL,GFC,1.7324691778407542,755,150,2.9924709103353866,0.043689998042163336,0.06681796182700538,0.21943731570866076,0.15820099046280783,0.21135828408782234,0.2921753979090651,0.10262489290739438,0.4257251511247654,545,True,48,0.8549312506872279,0.14506874931277214,0.7411794776384055,1.5059684281868497,0.0,0.049489773829704875,0.0649197555558814,0.22666666666666666,0.04,0.021454780202636546,0.22062439381955656,0.6333333333333333,0.008849285813072257,0.8466666666666667,0.8466666666666667,0.86,0.86,0.12666666666666668,0.05333333333333334,-0.22051713709984327,0.1843040326271302,0.03728560694574467,0.020192592781824146,0.0
PROXY,1,0,MATCH_CORE_VOL,GFC,1.1386414394209763,755,150,2.9924709103353866,0.028714647795945483,0.05953237677266348,0.24982459296552817,0.17981290154119842,0.15650694690299125,0.21688225104339925,0.06194103160626896,0.4635803933404189,545,True,46,0.8549312506814414,0.14506874931855862,0.8540680221616298,0.1714999266740886,0.0,0.05785505348932629,0.07160016858184011,0.22666666666666666,0.06666666666666667,0.02288148277720921,0.2492990794391318,0.6333333333333333,0.010254778033205137,0.7333333333333333,0.7333333333333333,0.76,0.76,0.12666666666666668,0.05333333333333334,-0.22161134705218216,0.18453283280156535,0.04631411687673346,0.02150713494816286,0.0
PROXY,1,0,CORE_VOL,2011,0.37846683084452537,251,49,0.9883641341546886,0.009916171367165124,0.026287668290317937,0.18170045584758715,0.13495031930638637,0.14157775550783627,0.1905991195087715,0.0750243086013746,0.13217277909020864,110,True,59,0.8965218593016183,0.10347814069838168,0.8256677439846052,1.6709484291879309,0.0,0.04243093815683785,0.05226808843465781,0.14285714285714285,0.02040816326530612,0.020312870717017206,0.19170108438402755,0.5306122448979592,0.00866266259832618,0.7959183673469388,0.7959183673469388,0.8163265306122449,0.8163265306122449,0.10204081632653061,0.061224489795918366,-0.050242100318345854,0.16685280069146685,0.02608441719001725,0.017978090560430753,0.0
PROXY,1,0,MATCH_CORE_VOL,2011,0.9719742181553294,251,49,0.9883641341546886,0.02546659872461583,0.04407765156820829,0.19564118045046822,0.14365923572894732,0.22241993610974234,0.30286759645066663,0.1861290139949914,0.13682229426789483,110,True,55,0.8965218593025239,0.10347814069747607,0.8962874861414128,0.10385985056961758,0.0,0.03927309342839136,0.056027278052089007,0.16326530612244897,0.02040816326530612,0.021048633897364957,0.20394219339171185,0.5306122448979592,0.009092876511524834,0.6326530612244898,0.6326530612244898,0.7142857142857143,0.7142857142857143,0.10204081632653061,0.061224489795918366,-0.050238410826519114,0.16831418921344604,0.03336493612652445,0.018783591346452765,0.0
PROXY,1,0,CORE_VOL,2015_2016,0.8524321199720292,503,100,1.9931553730321698,0.07406391755800158,0.08720187073524577,0.1772972657123304,0.13148674650884326,0.481669961869325,0.6492571277639207,0.42643749883954896,0.1736805927235513,75,False,184,0.950530958497956,0.04946904150204401,0.9200573667942471,1.5064156961897215,0.0,0.029616176427678775,0.05099753130762426,0.14,0.02,0.015282842194235728,0.18586012810641248,0.28,0.01646008177136713,0.49,0.49,0.52,0.52,0.04,0.06,-0.1503472223734275,0.13165721466928276,0.016931367549969493,0.01538910378874893,0.0
PROXY,1,0,MATCH_CORE_VOL,2015_2016,0.9580454428116125,503,100,1.9931553730321698,0.08324017482535347,0.0964171201278806,0.18138401275816074,0.13394675670308717,0.5216227002495192,0.706112010945985,0.5040461204896949,0.16514396489052097,72,False,182,0.9505309584983834,0.04946904150161657,0.949277765800082,0.04242529164600473,0.0,0.03178165907400177,0.05245284302029192,0.13,0.02,0.01562607450888991,0.18970539250546764,0.25,0.016967670429436726,0.41,0.41,0.43,0.43,0.05,0.06,-0.15034061836761745,0.13201780048047213,0.022191294677230074,0.016183032059126037,0.0
PROXY,1,0,CORE_VOL,2018Q4,,62,11,0.24914442162902123,-0.4880880555256794,-0.6430055720115871,0.26255519352191586,0.21494452300419453,-2.5384959927958257,-3.0885479758178525,-2.5426232751728732,0.1919623958026162,62,True,0,0.8145090998208147,0.18549090017918535,0.808300283924966,2.5436865889894196,0.0,0.06261935883269176,0.06261935883269176,0.6363636363636364,0.09090909090909091,0.03588627580601825,0.24991256370540296,0.9090909090909091,0.011072570637045635,1.0,1.0,1.0,1.0,0.45454545454545453,0.2727272727272727,-0.41617953127096724,0.1946957412939663,0.04244749628031569,0.02095787245326672,0.0
PROXY,1,0,MATCH_CORE_VOL,2018Q4,,62,11,0.24914442162902123,-0.4516817809750007,-0.5734714043368023,0.26326657387401503,0.21101027445005138,-2.2676145317131176,-2.817672036913477,-2.4780897874278374,0.1822701434252022,62,True,0,0.8145090998229632,0.18549090017703684,0.8139876094056098,0.29486221278356495,0.0,0.06754778259364236,0.06754778259364236,0.6363636363636364,0.09090909090909091,0.03571434932461701,0.25037061700354,1.0,0.010620751225669998,0.9090909090909091,0.9090909090909091,0.9090909090909091,0.9090909090909091,0.45454545454545453,0.2727272727272727,-0.4167612802604657,0.1967282285311126,0.047259224533568636,0.021537648215134174,0.0
PROXY,1,0,CORE_VOL,COVID,-0.34689706658045344,92,18,0.3613963039014374,-0.03169601598273637,0.014405974008700053,0.30467529856543396,0.23159616769986352,0.03550105639652285,0.046667837032258686,-0.14182981142657927,0.22347922248450836,84,False,84,0.7523031536593902,0.24769684634060984,0.7136049133844988,2.978104980076462,0.0,0.13942890440743494,0.13942890440743494,0.1111111111111111,0.1111111111111111,0.032522895873894175,0.3449827410103407,0.7777777777777778,0.022435667790125624,1.0,1.0,1.0,1.0,0.1111111111111111,0.05555555555555555,-1.9215867406740008,0.22611605059768594,0.0780630348814822,0.02699097954371272,0.0
PROXY,1,0,MATCH_CORE_VOL,COVID,0.9189229022308192,92,18,0.3613963039014374,0.08396206771974966,0.1296061936822212,0.3160704180840678,0.23412642908286788,0.3985992062834667,0.5377139066793706,0.39554379059097816,0.21226996786955687,71,False,71,0.7523031536550594,0.2476968463449406,0.7499034995028011,0.3545330132174078,0.0,0.11254283199511483,0.11254283199511483,0.16666666666666666,0.1111111111111111,0.032549183038064894,0.3806002131301124,0.7222222222222222,0.02402573973099186,0.9444444444444444,0.9444444444444444,0.9444444444444444,0.9444444444444444,0.1111111111111111,0.05555555555555555,-1.9246755413163632,0.22420138925683172,0.08631235357750124,0.029058405543921854,0.0
PROXY,1,0,CORE_VOL,2022,,250,49,0.9883641341546886,-0.29293800605857206,-0.3135423057405746,0.2516153698412894,0.18948280306507922,-1.3250474441111737,-1.7532773982515713,-0.922098272792336,0.31768631902051514,249,True,0,0.7825461469848446,0.2174538530151554,0.7788792560110398,2.01203837886843,0.0,0.06379276931707878,0.07209747337584234,0.40816326530612246,0.10204081632653061,0.03013309782259794,0.2323145778106772,0.9183673469387755,0.00888061309165425,1.0,1.0,1.0,1.0,0.24489795918367346,0.10204081632653061,-0.30503535465253895,0.20487415184670113,0.04917821569103588,0.02219732682568172,0.0
PROXY,1,0,MATCH_CORE_VOL,2022,,250,49,0.9883641341546886,-0.26651267909449905,-0.27694836467868567,0.25203417024189784,0.18721435974964262,-1.1776394021310443,-1.5796364761556827,-0.9172570489559068,0.29055397219118073,249,True,0,0.782546146990341,0.21745385300965903,0.7820584996545674,0.309490949529831,0.0,0.060882180803367825,0.07032251624063324,0.3877551020408163,0.08163265306122448,0.03013145698567328,0.23495154293210546,0.8979591836734694,0.009083546758318033,1.0,1.0,1.0,1.0,0.24489795918367346,0.10204081632653061,-0.3050814411398105,0.20527004493498274,0.05173423743656007,0.022552303593463743,0.0
PROXY,1,0,CORE_VOL,2023_PLUS,0.8625037578038113,913,182,3.6413415468856947,0.27065112361421456,0.25650284900966236,0.1768858869709913,0.12211733447946786,1.183595522622226,1.6944153669622708,1.2830735090005203,0.2109396863980494,101,False,117,0.9186440983103814,0.08135590168961859,0.8631867177971297,1.9406714327174592,0.0,0.0318235981566245,0.04821175858219612,0.12087912087912088,0.01098901098901099,0.015920223080961467,0.1760114098193467,0.3956043956043956,0.008444988332013327,0.8626373626373627,0.8626373626373627,0.8626373626373627,0.8626373626373627,0.06043956043956044,0.038461538461538464,0.05895734637112612,0.15501627122639927,0.023558548715357813,0.017255349826283843,0.0
PROXY,1,0,MATCH_CORE_VOL,2023_PLUS,0.9293896169615522,913,182,3.6413415468856947,0.29163970803619965,0.2747393490743285,0.18674426651496615,0.12624140293163538,1.2187458011787653,1.7828888219876617,1.3061896036321465,0.22327517170955236,87,False,87,0.9186440983105769,0.08135590168942308,0.9179694623492427,0.08013344945863107,0.0,0.03283894610814142,0.0501938712819113,0.12637362637362637,0.01098901098901099,0.016148792697580964,0.18435001553013564,0.41208791208791207,0.009203694136001273,0.7912087912087912,0.7912087912087912,0.7582417582417582,0.7582417582417582,0.06043956043956044,0.038461538461538464,0.05910855634734874,0.15519418966107998,0.02727339673873894,0.017735042403729858,0.0
PROXY,1,0,CORE_VOL,2024_PLUS,0.8322683499713127,663,132,2.64476386036961,0.2018717981149729,0.20138807877042797,0.1814424333190048,0.1294625702125213,0.86189265247255,1.1954264563302504,0.9570119381614837,0.2109396863980495,101,False,117,0.915950573048854,0.08404942695114603,0.8522193949848075,1.995273968564014,0.0,0.03399345898080053,0.052917650977006,0.12878787878787878,0.015151515151515152,0.01640004773374651,0.18128780287276214,0.42424242424242425,0.009286979846302806,0.8409090909090909,0.8409090909090909,0.8409090909090909,0.8409090909090909,0.06818181818181818,0.03787878787878788,0.03240215506913855,0.15529580730078232,0.0241231640116352,0.017331169738789676,0.0
PROXY,1,0,MATCH_CORE_VOL,2024_PLUS,0.9342586613294175,663,132,2.64476386036961,0.22661017431884542,0.22404825055012292,0.19326277921409807,0.1340889713478054,0.9263964672568242,1.3220970367618834,1.0176673185264953,0.222676084996971,87,False,87,0.9159505730502021,0.08404942694979789,0.9150755969929699,0.08502045026831152,0.0,0.0345365098523055,0.055784427305016634,0.12878787878787878,0.015151515151515152,0.01668692741386732,0.19118661805420678,0.44696969696969696,0.010152332531452351,0.7575757575757576,0.7575757575757576,0.7424242424242424,0.7424242424242424,0.07575757575757576,0.03787878787878788,0.032731044752198644,0.15560801068032457,0.028499649739811988,0.017900580791279527,0.0
PROXY,1,0,CORE_VOL,EX_MAJOR_SHOCKS,0.9036227423097364,3982,794,15.824777549623546,0.21028013435100854,0.20488060804970573,0.16512319210625764,0.11712276538973025,1.1412611622739848,1.6019672789934627,0.9968732671489979,0.2109396863980494,101,False,184,0.9400008619119317,0.05999913808806834,0.8876037439248063,1.5373013583476993,0.0,0.034455019539399445,0.04790936931246644,0.12720403022670027,0.013853904282115869,0.014941775818269252,0.16674424556047562,0.3224181360201511,0.009470193214199242,0.6272040302267002,0.6272040302267002,0.6511335012594458,0.6511335012594458,0.06675062972292191,0.05415617128463476,-0.026448253395259174,0.13830342229267514,0.01774833388997893,0.015772140271914457,0.0
PROXY,1,0,MATCH_CORE_VOL,EX_MAJOR_SHOCKS,0.9436517348854044,3982,794,15.824777549623546,0.21959519642573197,0.2139789160890023,0.17353005830704904,0.1219897022276125,1.1384215536099351,1.6126717026770325,0.9624994367651871,0.22815098693850433,88,False,182,0.9400008619105898,0.05999913808941015,0.9395212423220628,0.11398742124890061,0.0,0.03476602141574925,0.05036793065058376,0.13224181360201512,0.017632241813602016,0.015294799876749542,0.17444000980259466,0.3236775818639798,0.00995655903158677,0.5629722921914357,0.5629722921914357,0.5780856423173804,0.5780856423173804,0.06801007556675064,0.05415617128463476,-0.026439727271768063,0.13900178789429954,0.022138874043302035,0.01629278332558124,0.0
PROXY,1,1,BUYHOLD,ALL,1.0,5085,1017,20.216290212183434,0.1637485235218888,0.17594390173950647,0.21859001162505418,0.1560834247856177,0.7271174303127635,1.0151702797946622,0.3132135792015884,0.5228014824239089,761,False,761,1.0,0.0,1.0000014689874916,0.04955256686720708,4.955256686720709e-06,0.04294169174343243,0.06728819087855525,0.1750245821042281,0.03933136676499508,0.019353564908044695,0.2205240957144458,0.4837758112094395,0.011620565383551355,0.6853490658800393,0.6853490658800393,0.7059980334316618,0.7059980334316618,0.10521140609636184,0.05703048180924287,-0.10255458797700036,0.16635233729605758,0.036425149286355,0.01942224266053013,5.7562154369139584e-06
PROXY,1,1,BUYHOLD,GFC,1.0,755,150,2.9924709103353866,0.025218340736439138,0.06774886567589064,0.29250718568184136,0.2104392152153282,0.16175782351944856,0.22434401466872028,0.04823693425565145,0.5228014824239074,545,True,46,1.0,0.0,1.0,0.0,0.0,0.06780609557139194,0.08381601151899519,0.24666666666666667,0.08666666666666667,0.026738024197614577,0.29196822060478766,0.7266666666666667,0.012074941670513383,0.8466666666666667,0.8466666666666667,0.86,0.86,0.18,0.05333333333333334,-0.22041522085205362,0.21412546653531905,0.0630382780127665,0.025158422337642494,-1.949829186997931e-15
PROXY,1,1,BUYHOLD,2011,1.0,251,49,0.9883641341546886,0.02620089941577707,0.04947803757043877,0.21827885348449508,0.16021662664652117,0.22409353107654503,0.3052746029737258,0.1726588430260244,0.15174953658080448,110,True,55,1.0,0.0,0.999999999999999,0.0,0.0,0.04379943962172417,0.06248421498297902,0.20408163265306123,0.04081632653061224,0.02345806595280496,0.22767483068914934,0.6530612244897959,0.01019606104569807,0.7959183673469388,0.7959183673469388,0.8163265306122449,0.8163265306122449,0.10204081632653061,0.061224489795918366,-0.050235686202303294,0.18899220528606098,0.043398905543669326,0.020947930231766228,-5.273559366969494e-16
PROXY,1,1,BUYHOLD,2015_2016,1.0,503,100,1.9931553730321698,0.08688541389129296,0.10159890232515316,0.19107510807991773,0.1410340588607214,0.5222856829142196,0.7073692082295481,0.500590076422681,0.17356599338163847,72,False,182,1.0,0.0,0.9999999999999994,0.0,0.0,0.03343551502253972,0.05518378450903501,0.15,0.02,0.01643549007908531,0.20006399212858897,0.3,0.017941259185145046,0.49,0.49,0.52,0.52,0.05,0.06,-0.15034097931693172,0.14098155261864237,0.025109916212365708,0.017025165686387216,-5.551115123125783e-16
PROXY,1,1,BUYHOLD,2018Q4,1.0,62,11,0.24914442162902123,-0.5289552733768618,-0.7093384933401183,0.32342420700991975,0.25939958578426203,-2.265913721241049,-2.8158230847256394,-2.3890268173076845,0.2214103540172765,62,True,0,1.0,0.0,0.9999999999999993,0.0,0.0,0.08291808185525051,0.08291808185525051,0.6363636363636364,0.18181818181818182,0.043814403049944745,0.3079114405526997,1.0,0.013161184501508423,1.0,1.0,1.0,1.0,0.5454545454545454,0.2727272727272727,-0.41597556481653514,0.2321416080844118,0.07477851698218631,0.026400136828217846,2.220446049250313e-16
PROXY,1,1,BUYHOLD,COVID,1.0,92,18,0.3613963039014374,0.0913700893904356,0.17534673481457125,0.42145989130573275,0.3122586428054668,0.4074530909012589,0.5496431248918403,0.33149384003671517,0.2756313341458042,72,False,72,1.0,0.0,0.9999999999999993,0.0,0.0,0.14969396814825775,0.14969396814825778,0.2777777777777778,0.1111111111111111,0.04311589022818566,0.5088996484691735,1.0,0.0323996329137509,1.0,1.0,1.0,1.0,0.1111111111111111,0.05555555555555555,-1.9207493988832154,0.26444933750330696,0.1264673618820103,0.03862502072695048,1.304512053934559e-15
PROXY,1,1,BUYHOLD,2022,1.0,250,49,0.9883641341546886,-0.337695483730845,-0.3583998756999967,0.322264532664297,0.23937477070898186,-1.1737427863216483,-1.5757018605683133,-0.9315640449314496,0.3625037758468821,249,True,0,1.0,0.0,0.9999999999999999,0.0,0.0,0.07774541022914916,0.08983686324367245,0.42857142857142855,0.1836734693877551,0.03844128359570039,0.30035302807501707,0.9591836734693877,0.011655130592491788,1.0,1.0,1.0,1.0,0.32653061224489793,0.10204081632653061,-0.305154981799134,0.24507218461249694,0.08718247225087536,0.028795780830525138,1.27675647831893e-15
PROXY,1,1,BUYHOLD,2023_PLUS,1.0,913,182,3.6413415468856947,0.31379703701624717,0.29510058432877156,0.20343099450119173,0.13763471936090613,1.2188592186518652,1.7832288630405977,1.298214136693368,0.24171438913422072,88,False,88,1.0,0.0,0.9999999999999999,0.0,0.0,0.035841208776553835,0.05472396454898541,0.13736263736263737,0.016483516483516484,0.017601239363227394,0.20081186145344354,0.5439560439560439,0.01006056267495163,0.8626373626373627,0.8626373626373627,0.8626373626373627,0.8626373626373627,0.08241758241758242,0.038461538461538464,0.059012624982796975,0.1711294080101921,0.034640956652339606,0.01930857099036,-3.3306690738754696e-16
PROXY,1,1,BUYHOLD,2024_PLUS,1.0,663,132,2.64476386036961,0.2425561396416565,0.24066343184624264,0.21119756024299371,0.14663558467832602,0.9263942483921813,1.322278758712684,1.0034824178670152,0.24171438913422083,88,False,88,1.0,0.0,1.0,0.0,0.0,0.037775300616400775,0.060983877031539915,0.14393939393939395,0.022727272727272728,0.01823868472003224,0.20891049024789823,0.553030303030303,0.011136039371257728,0.8409090909090909,0.8409090909090909,0.8409090909090909,0.8409090909090909,0.09848484848484848,0.03787878787878788,0.03261400089710401,0.1718548194413385,0.03608273666156173,0.019544673614755495,1.6653345369377348e-16
PROXY,1,1,BUYHOLD,EX_MAJOR_SHOCKS,1.0,3982,794,15.824777549623546,0.2327000925275658,0.22669977074330658,0.18470063186148883,0.12985897214833267,1.1384402590637712,1.6129012324859482,0.9627068266852354,0.24171438913422072,88,False,182,1.0,0.0,1.0000026644424702,0.06327845367145857,6.327845367145857e-06,0.0370118648545269,0.05361188722146038,0.14357682619647355,0.020151133501259445,0.016273850342657284,0.1857216014964929,0.3954659949622166,0.010630324366203332,0.6272040302267002,0.6272040302267002,0.6511335012594458,0.6511335012594458,0.07682619647355164,0.05415617128463476,-0.02644314871295224,0.15027381418952762,0.02628993782821121,0.017334064574195448,7.789318695272662e-06
PROXY,1,1,VOL,ALL,0.8321770880013643,5085,1017,20.216290212183434,0.13626776946896832,0.13975316515868882,0.15292002059590973,0.11052159171697566,0.8026753065308475,1.1053239725518973,0.4260169692098592,0.3198646516867777,598,False,598,0.8324052890347656,0.16759471096523437,0.6514921219918989,3.14148430680008,0.00031414843068000803,0.033351838230544995,0.04754652915793733,0.13176007866273354,0.01376597836774828,0.014514706073014664,0.15374943740553848,0.25073746312684364,0.008245795882393584,0.6794493608652901,0.6804326450344149,0.7050147492625368,0.7059980334316618,0.0599803343166175,0.05703048180924287,-0.1025750965833904,0.12498204150487333,0.010025925498462871,0.014452859461143209,0.000356349718345611
PROXY,1,1,MATCH_VOL,ALL,0.8614964682651982,5085,1017,20.216290212183434,0.14106877469774792,0.14879847222905523,0.1817094783673286,0.1297340242082417,0.7253126932069337,1.012132903429407,0.3108252211060821,0.45385240681483285,756,False,756,0.832405289036788,0.167594710963212,0.8312671533415467,0.19302799881818306,1.9302799881818312e-05,0.03573238368980369,0.05595039953308884,0.14060963618485742,0.02654867256637168,0.016109733687612402,0.1831905774123835,0.3303834808259587,0.009584011327848764,0.49262536873156343,0.49262536873156343,0.5014749262536873,0.5014749262536873,0.06981317600786627,0.05703048180924287,-0.10278501915849766,0.1336013458270409,0.023274885302038213,0.016164691183243086,2.198513921675138e-05
PROXY,1,1,VOL,GFC,2.292252452667362,755,150,2.9924709103353866,0.05780680340530387,0.06842657030224478,0.15671518058404862,0.11333260385780108,0.3061530993134796,0.4209744255895055,0.18072269974336036,0.3198646516867766,545,True,48,0.7098541266473031,0.2901458733526969,0.4833271347852727,3.0079400419868816,0.0003007940041986882,0.03181033200644512,0.05166130933019996,0.17333333333333334,0.02,0.01610038251545268,0.1594514323826411,0.32,0.006173370409218568,0.8333333333333334,0.8333333333333334,0.86,0.86,0.05333333333333334,0.05333333333333334,-0.22056379244939792,0.13576328204107824,0.010557787010151799,0.0152267632260058,0.0003186106039701764
PROXY,1,1,MATCH_VOL,GFC,1.2196751581515384,755,150,2.9924709103353866,0.03075818372603579,0.0517546782444851,0.20723460424206525,0.14920386442253955,0.15114308382345173,0.20927466876327758,0.07719763796958606,0.39843425958387146,545,True,43,0.709854126644677,0.29014587335532305,0.708436365586497,0.2843837927979493,2.843837927979493e-05,0.04790392091682849,0.05938510695737829,0.18666666666666668,0.04666666666666667,0.019008999356915766,0.20674844915897944,0.44666666666666666,0.008460623575914745,0.5466666666666666,0.5466666666666666,0.58,0.58,0.08666666666666667,0.05333333333333334,-0.22331169200181905,0.15020964679042184,0.030484849808439442,0.017855774783035877,2.934840488747273e-05
PROXY,1,1,VOL,2011,-0.2918718176947635,251,49,0.9883641341546886,-0.0076473041377205205,0.003555638873848152,0.14955704927283953,0.11258175918826994,0.020012944231482362,0.02658120895315158,-0.06494940835191844,0.11774247574796637,218,True,13,0.792991636102024,0.20700836389797606,0.6516943132876704,3.3723389831618866,0.00033723389831618873,0.03487605007143613,0.04534474024229866,0.12244897959183673,0.02040816326530612,0.01715498932366081,0.15969368445267948,0.30612244897959184,0.007287869283076776,0.7959183673469388,0.7959183673469388,0.8163265306122449,0.8163265306122449,0.08163265306122448,0.061224489795918366,-0.050200490441502266,0.13388303050020936,0.010223912725940431,0.015008250889095276,0.0003373109085701119
PROXY,1,1,MATCH_VOL,2011,0.926048623965707,251,49,0.9883641341546886,0.02426330685064425,0.03873806678288818,0.17300536817790574,0.12708950571171987,0.22065743150786238,0.3003410150416533,0.19935020662136924,0.12171197242212117,110,True,55,0.7929916360948916,0.20700836390510835,0.7925794582939689,0.1838271340734408,1.838271340734408e-05,0.034742881956729255,0.049564932692644725,0.14285714285714285,0.02040816326530612,0.018633849528287682,0.1802417490172931,0.3877551020408163,0.008001108274777326,0.46938775510204084,0.46938775510204084,0.5102040816326531,0.5102040816326531,0.061224489795918366,0.061224489795918366,-0.050240816177564526,0.14569290531260756,0.024273681983267688,0.016617252853033206,1.8974991358368387e-05
PROXY,1,1,VOL,2015_2016,0.6963103739942522,503,100,1.9931553730321698,0.0604992150412916,0.07272789115007848,0.16697874697096488,0.12436056778522397,0.4247538362589876,0.570107409850242,0.3480720065019863,0.1738123546598579,265,False,265,0.9010220589652573,0.09897794103474267,0.8400438267189195,3.0178567055826027,0.00030178567055826023,0.029616176427678775,0.047576546641309794,0.12,0.01,0.014125403032086807,0.17543914117130596,0.18,0.015533757682333511,0.49,0.49,0.52,0.52,0.04,0.06,-0.1503832003341808,0.11635428036270198,0.007888790667401266,0.013753041891110644,0.0003205580172849429
PROXY,1,1,MATCH_VOL,2015_2016,0.9152182185379577,503,100,1.9931553730321698,0.07951911371852227,0.09125386841773621,0.17171408752662035,0.1268659594428877,0.5209285720463918,0.7048242848873986,0.5074669077125966,0.15669812653785464,72,False,182,0.9010220589718319,0.09897794102816815,0.8986603048159836,0.08045464405813305,8.045464405813308e-06,0.030126572963468656,0.04971972412524554,0.12,0.02,0.014815605832983105,0.17939576595528295,0.24,0.016003882688593513,0.34,0.34,0.37,0.37,0.03,0.06,-0.15034040603522186,0.12279680037898762,0.019738252494293507,0.015340193192576007,8.69780276180343e-06
PROXY,1,1,VOL,2018Q4,,62,11,0.24914442162902123,-0.44712995164427044,-0.5784891699303433,0.20543413058978433,0.17368333608049055,-2.930143218126863,-3.4495053775865387,-2.7520806421683175,0.16246978551180258,62,True,0,0.6294512992502647,0.37054870074973534,0.6170964524062271,5.142862315559916,0.0005142862315559915,0.0443043544242131,0.0443043544242131,0.5454545454545454,0.0,0.027949241016111567,0.19535270418599823,0.5454545454545454,0.009245541697679622,1.0,1.0,1.0,1.0,0.2727272727272727,0.2727272727272727,-0.4166545262742422,0.13964904935606537,0.01333918207171565,0.01551560807831559,0.00028085511036618493
PROXY,1,1,MATCH_VOL,2018Q4,,62,11,0.24914442162902123,-0.36425376455263536,-0.43784255005522643,0.20331889403098122,0.16277678098132675,-2.2691518504940587,-2.819389530339685,-2.5671884064112707,0.1418882087668173,62,True,0,0.6294512992522165,0.37054870074778345,0.62861268934332,0.4542469842104324,4.542469842104324e-05,0.05216243851917646,0.05216243851917646,0.5454545454545454,0.09090909090909091,0.027597120563774794,0.1931654107676836,0.6363636363636364,0.008133470341994853,0.8181818181818182,0.8181818181818182,0.8181818181818182,0.8181818181818182,0.18181818181818182,0.2727272727272727,-0.4180074305242761,0.15071702915009658,0.021212404346281077,0.016670090464996682,2.8518445145286897e-05
PROXY,1,1,VOL,COVID,-1.6255160767854984,92,18,0.3613963039014374,-0.14852354924148117,-0.13814602605106574,0.20498398118319955,0.16468132360975388,-0.6910207090740205,-0.8592739743823505,-0.8737414471250209,0.1699856974053211,91,True,0,0.5043158335099226,0.4956841664900774,0.4286617547834741,6.196113019999045,0.0006196113019999044,0.12917576085354876,0.12917576085354876,0.1111111111111111,0.05555555555555555,0.021815585497756737,0.2031501500157988,0.3888888888888889,0.014107186938179112,1.0,1.0,1.0,1.0,0.05555555555555555,0.05555555555555555,-1.921923390902517,0.1398266665426153,0.01421322760085643,0.01535693836047495,0.0005331337155717597
PROXY,1,1,MATCH_VOL,COVID,0.7269104051070847,92,18,0.3613963039014374,0.06641786869347209,0.0858385393753816,0.21122906295122104,0.15640843038032892,0.3892392702041388,0.5250889282271447,0.45654834105037795,0.1454782828487886,66,False,66,0.5043158335094331,0.4956841664905669,0.5010829040599848,0.4722128488722705,4.722128488722704e-05,0.07533290074533427,0.07533290074533429,0.1111111111111111,0.05555555555555555,0.021887529268384245,0.2537086107081548,0.5,0.015884868994315685,0.6666666666666666,0.6666666666666666,0.6666666666666666,0.6666666666666666,0.1111111111111111,0.05555555555555555,-1.9325137120738864,0.16270722275334693,0.043539641709073165,0.019476627603197755,5.087208869355986e-05
PROXY,1,1,VOL,2022,,250,49,0.9883641341546886,-0.24935681755873818,-0.26882709807277594,0.18330836081161633,0.14154953219969715,-1.574913889511038,-2.0300441310822914,-0.913520784744399,0.2729623909197727,249,True,0,0.5653008216704106,0.4346991783295894,0.5583476897097788,4.04147530741042,0.00040414753074104204,0.049850288942159815,0.05436253326152737,0.2857142857142857,0.04081632653061224,0.021784258520351985,0.16587622202437813,0.40816326530612246,0.006182169462704051,1.0,1.0,1.0,1.0,0.14285714285714285,0.10204081632653061,-0.3047429827678334,0.13984573932533004,0.01488722714807267,0.015598872820838295,0.00030456975429940525
PROXY,1,1,MATCH_VOL,2022,,250,49,0.9883641341546886,-0.19146870466216773,-0.19515885165849095,0.1819638750441774,0.13508660996261057,-1.1816508626116564,-1.5837307853165465,-0.8966745942973766,0.21353198348638425,249,True,0,0.5653008216639732,0.4346991783360268,0.56460002598228,0.44586650192451305,4.45866501924513e-05,0.04400514636504249,0.050791719154649105,0.2653061224489796,0.02040816326530612,0.02177720759870172,0.16966967168553973,0.3469387755102041,0.006536850278734312,0.7959183673469388,0.7959183673469388,0.7755102040816326,0.7755102040816326,0.14285714285714285,0.10204081632653061,-0.3049510717953682,0.1459204524138897,0.020067380182312744,0.01630350948360303,3.618546669706402e-05
PROXY,1,1,VOL,2023_PLUS,0.724084105523732,913,182,3.6413415468856947,0.22721544686390677,0.2177128073614209,0.15383953931061503,0.10798282736106758,1.108801767450824,1.558578445494297,1.2650507394256265,0.17960974985641276,122,False,122,0.8370827913484818,0.16291720865151815,0.726482874771506,3.9038740114242496,0.00039038740114242496,0.031110855113471003,0.04297027392357403,0.10989010989010989,0.01098901098901099,0.014232535177887853,0.15404644197565937,0.27472527472527475,0.006992776343699314,0.8626373626373627,0.8626373626373627,0.8626373626373627,0.8626373626373627,0.054945054945054944,0.038461538461538464,0.058904393257573344,0.13319285851704263,0.012811989320598807,0.015202128662207683,0.0004767745371167531
PROXY,1,1,MATCH_VOL,2023_PLUS,0.8587368450346344,913,182,3.6413415468856947,0.2694690775485485,0.2543479819405384,0.17004290602229685,0.1148355571994156,1.2185388925407625,1.7824182605391226,1.317705746096272,0.20449867381003362,87,False,87,0.8370827913446232,0.16291720865537684,0.8358601736845156,0.14624132055911737,1.4624132055911735e-05,0.029830059860875058,0.045653873293143084,0.0989010989010989,0.01098901098901099,0.01469145237808275,0.16787221641637493,0.3076923076923077,0.008352236858643771,0.6263736263736264,0.6263736263736264,0.6043956043956044,0.6043956043956044,0.04945054945054945,0.038461538461538464,0.05922413517279757,0.13807107382782122,0.020680985880451575,0.016157942731377165,1.8471591340440963e-05
PROXY,1,1,VOL,2024_PLUS,0.6621634758554704,663,132,2.64476386036961,0.16061181651520412,0.16193085771549415,0.1557725699266317,0.11380806086879802,0.7506769213995508,1.0152402004945558,0.8942266031972309,0.17960974985641254,122,False,122,0.8316736000053375,0.16832639999466248,0.7046311008442279,4.0208307611587415,0.00040208307611587426,0.03154420512118905,0.04584872015890791,0.12121212121212122,0.015151515151515152,0.0145532518828635,0.15694884403671086,0.2878787878787879,0.007621413181233248,0.8409090909090909,0.8409090909090909,0.8409090909090909,0.8409090909090909,0.06060606060606061,0.03787878787878788,0.03215383847729833,0.132151340310387,0.012520866225969497,0.015117665862823862,0.00046432194735537835
PROXY,1,1,MATCH_VOL,2024_PLUS,0.8676467557275983,663,132,2.64476386036961,0.21045304764189357,0.20740766412607536,0.1753174376386282,0.1215307093288441,0.9263108098548871,1.321798766425203,1.0353218099219388,0.2032730747338949,87,False,87,0.831673600004714,0.16832639999528598,0.8300930142707441,0.15459592290408197,1.5459592290408192e-05,0.03128973458092332,0.05057182645582197,0.11363636363636363,0.015151515151515152,0.015129418514694383,0.1734497478222955,0.32575757575757575,0.009175691427447313,0.6060606060606061,0.6060606060606061,0.5984848484848485,0.5984848484848485,0.06060606060606061,0.03787878787878788,0.03287388142528099,0.13818937261370373,0.021614912552985987,0.01625220653465991,1.8615535103266856e-05
PROXY,1,1,VOL,EX_MAJOR_SHOCKS,0.8039527120909844,3982,794,15.824777549623546,0.18707987049135955,0.18287767868318927,0.14853391399322616,0.10620058944423431,1.1205716759855437,1.559771831104818,1.0415908414822619,0.17960974985641276,122,False,265,0.8799235258742815,0.12007647412571854,0.7752625532786253,3.0222146998664186,0.0003022214699866418,0.03203724041945788,0.04352212998687835,0.11460957178841309,0.010075566750629723,0.013606148443019458,0.15052377438002335,0.22418136020151133,0.008535413887865832,0.6221662468513854,0.6234256926952141,0.6498740554156172,0.6511335012594458,0.055415617128463476,0.05415617128463476,-0.02644424715318538,0.12161886368913416,0.00952174025396928,0.01421021596963347,0.00035829265187301007
PROXY,1,1,MATCH_VOL,EX_MAJOR_SHOCKS,0.8871943297789082,3982,794,15.824777549623546,0.20645020262948366,0.2012351737006292,0.16235864240124073,0.1141181634756801,1.1382656207181903,1.6122434624219169,0.9628654439550591,0.2144123085168269,87,False,182,0.8799235258681682,0.12007647413183176,0.8790318742361862,0.15778328103701986,1.5778328103701984e-05,0.03254089750489464,0.04712539312726333,0.11964735516372796,0.013853904282115869,0.01431410853959581,0.16316429141222055,0.28337531486146095,0.009287211119401157,0.4672544080604534,0.4672544080604534,0.4899244332493703,0.4899244332493703,0.05793450881612091,0.05415617128463476,-0.026428902361970003,0.12721931565374348,0.018295603817730502,0.015250276301188123,1.9008318267982327e-05
PROXY,1,1,CORE_VOL,ALL,0.9210527602983265,5085,1017,20.216290212183434,0.1508210295846111,0.1575014941077744,0.1825962874969834,0.13113072274374274,0.7694340299367041,1.0672734672112996,0.35416333601301403,0.4258516177379498,623,False,623,0.916231402634094,0.08376859736590603,0.8255220644181058,1.5889064105001993,0.00015889064105001992,0.037969131054021665,0.055923197234404406,0.1553588987217306,0.02359882005899705,0.01694394455633911,0.18374169869657714,0.4060963618485742,0.00971755352211747,0.6853490658800393,0.6853490658800393,0.7059980334316618,0.7059980334316618,0.0855457227138643,0.05703048180924287,-0.10257015465539672,0.14995495450670407,0.023224438492478384,0.01693755106083667,0.00018252899082074614
PROXY,1,1,MATCH_CORE_VOL,ALL,0.9314697627339968,5085,1017,20.216290212183434,0.15252679835297606,0.16234888351472027,0.20014184171442748,0.14290682904549162,0.726215248728953,1.0136486798619284,0.31172420516801475,0.48930046439854213,758,False,758,0.9162314026308805,0.08376859736911946,0.9156012992248784,0.12893554209141828,1.2893554209141825e-05,0.03933811413936006,0.06162097608150568,0.16224188790560473,0.03343166175024582,0.017733319514467067,0.20184173814790787,0.40707964601769914,0.010597468747354712,0.5978367748279253,0.5978367748279253,0.6135693215339233,0.6135693215339233,0.08947885939036382,0.05703048180924287,-0.10265894843766553,0.15060765274098517,0.02957518078354806,0.0177939446098872,1.483277733260735e-05
PROXY,1,1,CORE_VOL,GFC,1.726229609929788,755,150,2.9924709103353866,0.043532646492539816,0.06666711703500645,0.219436210645504,0.15820549370579834,0.2106721326930282,0.29121714591805525,0.10222491750478216,0.42585161773794855,545,True,48,0.8549312506872279,0.14506874931277214,0.7411755480884084,1.5059631963052962,0.00015059631963052966,0.04949497503687905,0.06492329415051935,0.22666666666666666,0.04,0.02145569615312537,0.22062439381955656,0.6333333333333333,0.008849285813072257,0.8466666666666667,0.8466666666666667,0.86,0.86,0.12666666666666668,0.05333333333333334,-0.22049192581679308,0.1843297522892374,0.03728560694574467,0.020192592781824146,0.00015735154962352033
PROXY,1,1,MATCH_CORE_VOL,GFC,1.1379410256047138,755,150,2.9924709103353866,0.028696984521672686,0.05951525301392052,0.24982468235016322,0.17981365836313695,0.15643836398508928,0.2167863770553818,0.06190124323449,0.46359302369687083,545,True,46,0.8549312506814414,0.14506874931855862,0.8540683279990664,0.17149971998667887,1.714997199866789e-05,0.05785511771100216,0.07160078631025033,0.22666666666666666,0.06666666666666667,0.022881599028286764,0.2492990794391318,0.6333333333333333,0.010254778033205136,0.7333333333333333,0.7333333333333333,0.76,0.76,0.12666666666666668,0.05333333333333334,-0.22161009308272597,0.18453753094579842,0.04631411687673346,0.02150713494816286,1.7663274272796542e-05
PROXY,1,1,CORE_VOL,2011,0.3719766873305408,251,49,0.9883641341546886,0.009746123769761455,0.026120988836324778,0.18170269517954765,0.1349581111741215,0.1406587066739265,0.1893532513290134,0.07372239935053411,0.13220030622471657,110,True,59,0.8965218593016183,0.10347814069838168,0.8256759302381774,1.67095206091066,0.000167095206091066,0.04243357382529356,0.05227342260605983,0.14285714285714285,0.02040816326530612,0.020314491316295334,0.19170108438402753,0.5306122448979592,0.008662662598326184,0.7959183673469388,0.7959183673469388,0.8163265306122449,0.8163265306122449,0.10204081632653061,0.061224489795918366,-0.050221826193133395,0.16688702953925266,0.026093046434526895,0.017978090560430753,0.0001700475974036695
PROXY,1,1,MATCH_CORE_VOL,2011,0.9715645732853655,251,49,0.9883641341546886,0.02545586566058223,0.04406727545377394,0.19564122832053876,0.14365967158498336,0.22236684606473636,0.30279445958255685,0.1860490233997616,0.13682343070345215,110,True,55,0.896521859302524,0.10347814069747596,0.8962877056421871,0.1038599710968943,1.0385997109689429e-05,0.039273271056238346,0.05602759038244002,0.16326530612244897,0.02040816326530612,0.021048734790943838,0.20394219339171185,0.5306122448979592,0.009092876511524838,0.6326530612244898,0.6326530612244898,0.7142857142857143,0.7142857142857143,0.10204081632653061,0.061224489795918366,-0.05023789268299718,0.16832356796494663,0.03336493612652445,0.018783591346452765,1.073306403360022e-05
PROXY,1,1,CORE_VOL,2015_2016,0.8505673645617919,503,100,1.9931553730321698,0.07390189751237757,0.08705118917160072,0.17729726711053997,0.13149063396350053,0.48082009287279814,0.6480924049141161,0.42548365725816195,0.17368915644987426,75,False,184,0.9505309584979559,0.04946904150204412,0.9200591673374148,1.5064065952279515,0.00015064065952279516,0.029616176427678775,0.0509982056899182,0.14,0.02,0.015283779961893793,0.18586012810641248,0.28,0.016460081771367135,0.49,0.49,0.52,0.52,0.04,0.06,-0.15035749631542136,0.13170712974346258,0.01694022441578523,0.01538910378874893,0.00016202004562401728
PROXY,1,1,MATCH_CORE_VOL,2015_2016,0.9579924726885141,503,100,1.9931553730321698,0.08323557249428472,0.09641287844085866,0.18138402398660752,0.1339468875846033,0.5215992832734127,0.7060796654866572,0.5040172456376891,0.16514429459447166,72,False,182,0.9505309584983834,0.04946904150161657,0.9492778245891584,0.04242557120841179,4.242557120841179e-06,0.03178174065074546,0.05245290070585027,0.13,0.02,0.01562610310575963,0.18970539250546764,0.25,0.01696767042943673,0.41,0.41,0.43,0.43,0.05,0.06,-0.1503407129418003,0.13201780048047213,0.022191294677230074,0.016183032059126037,4.602331068748189e-06
PROXY,1,1,CORE_VOL,2018Q4,,62,11,0.24914442162902123,-0.4882166312070676,-0.6432594817342547,0.26255441621014414,0.21494942829140587,-2.539469676291359,-3.0896525014643252,-2.5426331557589563,0.19201221776774113,62,True,0,0.8145090998208147,0.18549090017918535,0.8082980062453416,2.5437597989748135,0.00025437597989748134,0.06262032092859937,0.06262032092859937,0.6363636363636364,0.09090909090909091,0.035888448972389235,0.249912563705403,0.9090909090909091,0.011072570637045635,1.0,1.0,1.0,1.0,0.45454545454545453,0.2727272727272727,-0.4161939586391533,0.19476137999872692,0.04244749628031569,0.02095787245326672,0.00012857568138818776
PROXY,1,1,MATCH_CORE_VOL,2018Q4,,62,11,0.24914442162902123,-0.4516977458995334,-0.5735010485291031,0.2632656719380996,0.2110106698483328,-2.2677348272923856,-2.8178065568192654,-2.4781116760552346,0.18227497584716013,62,True,0,0.814509099822963,0.18549090017703695,0.8139848271737654,0.2948494744630309,2.9484947446303095e-05,0.06754840936021866,0.06754840936021866,0.6363636363636364,0.09090909090909091,0.03571461961764129,0.25037061700354,1.0,0.010620751225669996,0.9090909090909091,0.9090909090909091,0.9090909090909091,0.9090909090909091,0.45454545454545453,0.2727272727272727,-0.41675844630185194,0.1967282285311126,0.047259224533568636,0.021537648215134174,1.596492453265208e-05
PROXY,1,1,CORE_VOL,COVID,-0.350084873497237,92,18,0.3613963039014374,-0.03198728618568188,0.014107587725571998,0.30467284643256354,0.2316067682383898,0.03452229785998362,0.04537877520023162,-0.14311427024494414,0.22350871182122323,84,False,84,0.7523031536593904,0.24769684634060962,0.7135994793085904,2.9781305811045558,0.00029781305811045554,0.13943479428604777,0.13943479428604777,0.1111111111111111,0.1111111111111111,0.03252500024383577,0.3449827410103407,0.7777777777777778,0.022435667790125617,1.0,1.0,1.0,1.0,0.1111111111111111,0.05555555555555555,-1.9213175354283563,0.2261529618595639,0.07807543567513299,0.02699097954371272,0.0002912702029455108
PROXY,1,1,MATCH_CORE_VOL,COVID,0.9184980230914511,92,18,0.3613963039014374,0.08392324647480427,0.1295706409467897,0.316070043511288,0.2341282017617818,0.39848722157260286,0.5375581418303801,0.3953520597179214,0.21227471670359432,71,False,71,0.7523031536550594,0.2476968463449406,0.7499026186826534,0.3545351093361043,3.545351093361043e-05,0.11254289502261339,0.11254289502261339,0.16666666666666666,0.1111111111111111,0.03254944928519197,0.3806002131301123,0.7222222222222222,0.024025739730991858,0.9444444444444444,0.9444444444444444,0.9444444444444444,0.9444444444444444,0.1111111111111111,0.05555555555555555,-1.9246741192128622,0.22420138925683172,0.08631235357750124,0.029058405543921854,3.882124494539174e-05
PROXY,1,1,CORE_VOL,2022,,250,49,0.9883641341546886,-0.29308078862460996,-0.31374305333522684,0.2516159775407119,0.18949090628760765,-1.3258421989092675,-1.7542582845183468,-0.9222616161317988,0.3177848709066585,249,True,0,0.7825461469848445,0.21745385301515552,0.7788811093032777,2.012044995951199,0.0002012044995951199,0.06379774030590368,0.07209963862019075,0.40816326530612246,0.10204081632653061,0.030134681610594325,0.2323145778106772,0.9183673469387755,0.00888061309165425,1.0,1.0,1.0,1.0,0.24489795918367346,0.10204081632653061,-0.3050253967679583,0.20490631401402562,0.04918219156543006,0.02219732682568172,0.0001427825660378912
PROXY,1,1,MATCH_CORE_VOL,2022,,250,49,0.9883641341546886,-0.26653546403450157,-0.2769792726712644,0.25203417617246926,0.18721530503683118,-1.1777620277909127,-1.5797930078646445,-0.9172798636914837,0.2905715851668882,249,True,0,0.7825461469903409,0.21745385300965914,0.7820585169723018,0.3094848051802051,3.0948480518020504e-05,0.06088256001655823,0.07032263057383355,0.3877551020408163,0.08163265306122448,0.03013170947370996,0.23495154293210543,0.8979591836734694,0.009083546758318033,1.0,1.0,1.0,1.0,0.24489795918367346,0.10204081632653061,-0.30508263309419975,0.20527398854141082,0.05173821331095425,0.022552303593463743,2.2784940002518184e-05
PROXY,1,1,CORE_VOL,2023_PLUS,0.8617219573598093,913,182,3.6413415468856947,0.27040579695134903,0.25630814800862883,0.17688323829694585,0.12212136539142457,1.1825128415040331,1.6927839435157794,1.2817280816694212,0.21096970630397027,101,False,117,0.9186440983103814,0.08135590168961859,0.8631698335699589,1.9406620123061136,0.0001940662012306114,0.03182359815662461,0.04821569526458186,0.12087912087912088,0.01098901098901099,0.015921534440844102,0.17601140981934668,0.3956043956043956,0.008444988332013327,0.8626373626373627,0.8626373626373627,0.8626373626373627,0.8626373626373627,0.06043956043956044,0.038461538461538464,0.05895632274673822,0.15505129513298452,0.023563453385615517,0.017255349826283843,0.0002453266628655304
PROXY,1,1,MATCH_CORE_VOL,2023_PLUS,0.9293567982322744,913,182,3.6413415468856947,0.29162940961619394,0.2747312932985775,0.18674407241240729,0.12624157462110977,1.218703941915948,1.7828232962580666,1.306135362985471,0.22327655913825672,87,False,87,0.9186440983105769,0.08135590168942308,0.9179685082481609,0.08013496753330643,8.013496753330642e-06,0.0328390500520761,0.05019407663898277,0.12637362637362637,0.01098901098901099,0.016148848040654945,0.18435001553013564,0.41208791208791207,0.009203694136001271,0.7912087912087912,0.7912087912087912,0.7582417582417582,0.7582417582417582,0.06043956043956044,0.038461538461538464,0.059108722332099406,0.15519418966107998,0.02727339673873894,0.017735042403729858,1.0298420005716569e-05
PROXY,1,1,CORE_VOL,2024_PLUS,0.8312849460122165,663,132,2.64476386036961,0.20163326744694607,0.20118785545880738,0.18143925712093043,0.12946685768508567,0.8608044936855537,1.1938566624652525,0.9557451208489035,0.2109697063039706,101,False,117,0.915950573048854,0.08404942695114603,0.8521996237220677,1.9952685750388335,0.00019952685750388338,0.033996208113276416,0.05292227474935028,0.12878787878787878,0.015151515151515152,0.016401443819086595,0.18128780287276214,0.42424242424242425,0.009286979846302806,0.8409090909090909,0.8409090909090909,0.8409090909090909,0.8409090909090909,0.06818181818181818,0.03787878787878788,0.03240720409887707,0.15532692829541533,0.024127066755413776,0.017331169738789676,0.00023853066802684286
PROXY,1,1,MATCH_CORE_VOL,2024_PLUS,0.9342158905094029,663,132,2.64476386036961,0.2265997999938532,0.2240397001724693,0.19326255016838173,0.13408916265325221,0.9263533345314326,1.3220320184549395,1.0176141986139353,0.22267751403478708,87,False,87,0.9159505730502021,0.08404942694979789,0.9150745129516501,0.08502154128383851,8.502154128383854e-06,0.03453675568698045,0.05578464004539174,0.12878787878787878,0.015151515151515152,0.016686991243855073,0.19118661805420678,0.44696969696969696,0.010152332531452351,0.7575757575757576,0.7575757575757576,0.7424242424242424,0.7424242424242424,0.07575757575757576,0.03787878787878788,0.032731458358686814,0.15560927141548445,0.028499649739811988,0.017900580791279527,1.0374324992207251e-05
PROXY,1,1,CORE_VOL,EX_MAJOR_SHOCKS,0.9028546693799149,3982,794,15.824777549623546,0.210094365103651,0.2047267376274938,0.16512297441468962,0.11712776902065032,1.1403308822299247,1.6005910791413829,0.9958508678063094,0.21096970630397027,101,False,184,0.9400008619119317,0.05999913808806834,0.8876016536527436,1.5372890704873416,0.00015372890704873417,0.034455196037322944,0.047914935115508414,0.12720403022670027,0.013853904282115869,0.014942953729453225,0.1667442455604756,0.3224181360201511,0.009470193214199242,0.6272040302267002,0.6272040302267002,0.6511335012594458,0.6511335012594458,0.06675062972292191,0.05415617128463476,-0.02644543374521509,0.13833437643016316,0.01775365705944062,0.015772140271914457,0.00018576924735752565
PROXY,1,1,MATCH_CORE_VOL,EX_MAJOR_SHOCKS,0.9436236696892725,3982,794,15.824777549623546,0.2195813152478949,0.21396758203040775,0.173530473933242,0.12199047490654481,1.1383535032711447,1.6125689592170744,0.9624342049428857,0.22815202755696495,88,False,182,0.9400008619105897,0.059999138089410264,0.9395234839703966,0.11398279819172896,1.1398279819172892e-05,0.03476609849429324,0.05037035209466565,0.13224181360201512,0.017632241813602016,0.015294951992325603,0.17444000980259466,0.3236775818639798,0.00995655903158677,0.5629722921914357,0.5642317380352645,0.5780856423173804,0.5793450881612091,0.06801007556675064,0.05415617128463476,-0.02643648589454743,0.1390028463742623,0.022138874043302035,0.01629278332558124,1.3881177837071768e-05
PROXY,1,3,BUYHOLD,ALL,1.0,5085,1017,20.216290212183434,0.16373701290289952,0.17593412953505513,0.2185906624583592,0.1560842923655737,0.727070555438288,1.0151022103821372,0.3131915620127006,0.5228014824239091,761,False,761,1.0,0.0,1.0000044060813469,0.04954265932609598,1.4862797797828791e-05,0.04294169174343243,0.06728819087855525,0.1750245821042281,0.03933136676499508,0.019353754190531633,0.2205240957144458,0.4837758112094395,0.011620565383551355,0.6853490658800393,0.6853490658800393,0.7059980334316618,0.7059980334316618,0.10521140609636184,0.05703048180924287,-0.10254976571293357,0.1663552293083197,0.036425149286355,0.01942224266053013,1.726683442618282e-05
PROXY,1,3,BUYHOLD,GFC,1.0,755,150,2.9924709103353866,0.02521834073643893,0.06774886567589034,0.2925071856818413,0.2104392152153282,0.16175782351944762,0.22434401466871887,0.04823693425565106,0.5228014824239073,545,True,46,1.0,0.0,1.0,0.0,0.0,0.06780609557139206,0.08381601151899523,0.24666666666666667,0.08666666666666667,0.026738024197614584,0.29196822060478766,0.7266666666666667,0.012074941670513383,0.8466666666666667,0.8466666666666667,0.86,0.86,0.18,0.05333333333333334,-0.22041522085205453,0.21412546653531905,0.0630382780127665,0.025158422337642494,-1.7416623698807143e-15
PROXY,1,3,BUYHOLD,2011,1.0,251,49,0.9883641341546886,0.026200899415776347,0.0494780375704381,0.21827885348449516,0.1602166266465213,0.2240935310765419,0.3052746029737213,0.17265884302601914,0.15174953658080492,110,True,55,1.0,0.0,0.9999999999999996,0.0,0.0,0.04379943962172406,0.062484214982979,0.20408163265306123,0.04081632653061224,0.023458065952804988,0.22767483068914934,0.6530612244897959,0.01019606104569807,0.7959183673469388,0.7959183673469388,0.8163265306122449,0.8163265306122449,0.10204081632653061,0.061224489795918366,-0.05023568620230326,0.18899220528606098,0.043398905543669326,0.020947930231766228,1.942890293094024e-16
PROXY,1,3,BUYHOLD,2015_2016,1.0,503,100,1.9931553730321698,0.08688541389129197,0.10159890232515222,0.19107510807991773,0.14103405886072143,0.5222856829142147,0.7073692082295412,0.5005900764226744,0.1735659933816388,72,False,182,1.0,0.0,0.9999999999999998,0.0,0.0,0.03343551502253983,0.05518378450903505,0.15,0.02,0.016435490079085305,0.20006399212858897,0.3,0.017941259185145046,0.49,0.49,0.52,0.52,0.05,0.06,-0.15034097931693133,0.14098155261864237,0.025109916212365708,0.017025165686387216,4.440892098500626e-16
PROXY,1,3,BUYHOLD,2018Q4,1.0,62,11,0.24914442162902123,-0.5289552733768622,-0.7093384933401192,0.3234242070099199,0.2593995857842622,-2.2659137212410503,-2.8158230847256416,-2.3890268173076867,0.2214103540172765,62,True,0,1.0,0.0,0.9999999999999999,0.0,0.0,0.08291808185525062,0.08291808185525062,0.6363636363636364,0.18181818181818182,0.043814403049944765,0.3079114405526997,1.0,0.013161184501508423,1.0,1.0,1.0,1.0,0.5454545454545454,0.2727272727272727,-0.41597556481654147,0.2321416080844118,0.07477851698218631,0.026400136828217846,6.661338147750939e-16
PROXY,1,3,BUYHOLD,COVID,1.0,92,18,0.3613963039014374,0.09137008939043575,0.17534673481457153,0.42145989130573297,0.312258642805467,0.4074530909012595,0.5496431248918408,0.3314938400367157,0.2756313341458042,72,False,72,1.0,0.0,1.0000000000000002,0.0,0.0,0.14969396814825786,0.14969396814825786,0.2777777777777778,0.1111111111111111,0.043115890228185676,0.5088996484691735,1.0,0.0323996329137509,1.0,1.0,1.0,1.0,0.1111111111111111,0.05555555555555555,-1.920749398883218,0.26444933750330696,0.1264673618820103,0.03862502072695048,1.1518563880486e-15
PROXY,1,3,BUYHOLD,2022,1.0,250,49,0.9883641341546886,-0.337695483730845,-0.3583998756999966,0.3222645326642971,0.23937477070898208,-1.1737427863216474,-1.5757018605683115,-0.9315640449314496,0.3625037758468821,249,True,0,1.0,0.0,1.0000000000000002,0.0,0.0,0.07774541022914905,0.08983686324367238,0.42857142857142855,0.1836734693877551,0.03844128359570039,0.30035302807501707,0.9591836734693877,0.011655130592491788,1.0,1.0,1.0,1.0,0.32653061224489793,0.10204081632653061,-0.30515498179913314,0.24507218461249694,0.08718247225087536,0.028795780830525138,1.27675647831893e-15
PROXY,1,3,BUYHOLD,2023_PLUS,1.0,913,182,3.6413415468856947,0.3137970370162479,0.295100584328772,0.20343099450119176,0.13763471936090615,1.218859218651867,1.7832288630406006,1.29821413669337,0.24171438913422094,88,False,88,1.0,0.0,1.0000000000000002,0.0,0.0,0.035841208776553835,0.0547239645489854,0.13736263736263737,0.016483516483516484,0.0176012393632274,0.20081186145344354,0.5439560439560439,0.01006056267495163,0.8626373626373627,0.8626373626373627,0.8626373626373627,0.8626373626373627,0.08241758241758242,0.038461538461538464,0.0590126249827979,0.1711294080101921,0.034640956652339606,0.01930857099036,-1.0547118733938987e-15
PROXY,1,3,BUYHOLD,2024_PLUS,1.0,663,132,2.64476386036961,0.2425561396416564,0.24066343184624256,0.21119756024299371,0.14663558467832608,0.926394248392181,1.3222787587126832,1.0034824178670148,0.24171438913422083,88,False,88,1.0,0.0,1.0,0.0,0.0,0.037775300616400664,0.06098387703153991,0.14393939393939395,0.022727272727272728,0.018238684720032247,0.20891049024789823,0.553030303030303,0.011136039371257728,0.8409090909090909,0.8409090909090909,0.8409090909090909,0.8409090909090909,0.09848484848484848,0.03787878787878788,0.03261400089710404,0.1718548194413385,0.03608273666156173,0.019544673614755495,2.7755575615628914e-16
PROXY,1,3,BUYHOLD,EX_MAJOR_SHOCKS,1.0,3982,794,15.824777549623546,0.23268451637408763,0.22668729167257956,0.18470162913160396,0.12986030377663293,1.1383665268002015,1.6127889544511524,0.9626423863615371,0.24171438913422094,88,False,182,1.0,0.0,1.0000079917292248,0.06326580177629282,1.8979740532887844e-05,0.03701186485452701,0.05361673609524397,0.14357682619647355,0.020151133501259445,0.016274092786346468,0.1857216014964929,0.3954659949622166,0.010630324366203332,0.6272040302267002,0.6272040302267002,0.6511335012594458,0.6511335012594458,0.07682619647355164,0.05415617128463476,-0.02643697208504789,0.15027751844200948,0.02628993782821121,0.017334064574195448,2.3365472173436652e-05
PROXY,1,3,VOL,ALL,0.827884933033285,5085,1017,20.216290212183434,0.1355554059621871,0.13912439839103916,0.15291885659523047,0.11054070867772754,0.7985703747886578,1.0994730688696457,0.4230039998062655,0.3204589224316343,598,False,598,0.8324052890347655,0.16759471096523448,0.6514812902068143,3.141427081127416,0.0009424281243382249,0.03339170818282833,0.047562428090325376,0.13176007866273354,0.01376597836774828,0.014519204632985372,0.15374943740553848,0.25073746312684364,0.008245795882393585,0.6794493608652901,0.6804326450344149,0.7050147492625368,0.7059980334316618,0.0599803343166175,0.05703048180924287,-0.10253557779346444,0.12503660449971712,0.010039144693366552,0.014452859461143209,0.0010687132251268328
PROXY,1,3,MATCH_VOL,ALL,0.8612884977277525,5085,1017,20.216290212183434,0.14102480586556795,0.1487599285452562,0.18170989924255299,0.1297357952742565,0.7250989144339265,1.0118231203919281,0.31070854974535206,0.45388131733467874,756,False,756,0.832405289036788,0.167594710963212,0.8312690453139445,0.19302397152752993,5.790719145825896e-05,0.035733158916569696,0.055951157560647245,0.14060963618485742,0.02654867256637168,0.01611010394866623,0.1831905774123835,0.3303834808259587,0.009584011327848764,0.49262536873156343,0.49262536873156343,0.5014749262536873,0.5014749262536873,0.07079646017699115,0.05703048180924287,-0.10277924669808906,0.13360725011424035,0.02327659640101129,0.016164691183243086,6.595397139672055e-05
PROXY,1,3,VOL,GFC,2.26699568419714,755,150,2.9924709103353866,0.05716986961211997,0.06782436540161821,0.1567118749783798,0.11335194188244173,0.3023186847043517,0.41562264602676374,0.17839999329185946,0.32045892243163376,545,True,48,0.7098541266473031,0.2901458733526969,0.48331428942795873,3.0079020599362125,0.0009023706179808635,0.03181281149745818,0.05167350776538371,0.17333333333333334,0.02,0.016104043079233275,0.15945143238264106,0.32,0.006173370409218569,0.8333333333333334,0.8333333333333334,0.86,0.86,0.05333333333333334,0.05333333333333334,-0.22046940813460197,0.135783257184992,0.010557787010151799,0.0152267632260058,0.0009555443971540761
PROXY,1,3,MATCH_VOL,GFC,1.217347713139412,755,150,2.9924709103353866,0.030699489424674407,0.05169787233411452,0.20723491590768725,0.14920637683895505,0.1508688191003848,0.20889171898349693,0.07704127666864764,0.3984810578452904,545,True,43,0.709854126644677,0.29014587335532305,0.7084374306335723,0.2843835097793221,8.531505293379663e-05,0.04790413666036075,0.05938715615797836,0.18666666666666668,0.04666666666666667,0.019009388179562093,0.20674844915897947,0.44666666666666666,0.008460623575914743,0.5466666666666666,0.5466666666666666,0.58,0.58,0.08666666666666667,0.05333333333333334,-0.2233065963713536,0.15021758355136852,0.030488937280338076,0.017855774783035877,8.804270624885452e-05
PROXY,1,3,VOL,2011,-0.3176071288721931,251,49,0.9883641341546886,-0.008321592437313848,0.0028829381499387873,0.14956863635418627,0.1126130524968522,0.015513879144053982,0.020601417873536136,-0.07042166764623188,0.11816806837233595,218,True,13,0.792991636102024,0.20700836389797606,0.6517278239415726,3.37232507023164,0.001011697521069492,0.0348813666005825,0.045365412697694424,0.12244897959183673,0.02040816326530612,0.017161526441835787,0.1596936844526795,0.30612244897959184,0.007287869283076775,0.7959183673469388,0.7959183673469388,0.8163265306122449,0.8163265306122449,0.08163265306122448,0.061224489795918366,-0.05009837653469031,0.1338918997584733,0.010223912725940431,0.015008250889095276,0.001011599208163439
PROXY,1,3,MATCH_VOL,2011,0.9246002341844783,251,49,0.9883641341546886,0.024225357735670774,0.0387013331135657,0.17300554835829376,0.1270910526777283,0.2204448788584149,0.30004836598104717,0.19903176056752725,0.12171604002594161,110,True,55,0.7929916360948916,0.20700836390510835,0.7925802843035272,0.18382762781930997,5.5148288345793e-05,0.034743515230420186,0.04956604685764207,0.14285714285714285,0.02040816326530612,0.018634208081510895,0.1802417490172931,0.3877551020408163,0.008001108274777326,0.46938775510204084,0.46938775510204084,0.5102040816326531,0.5102040816326531,0.061224489795918366,0.061224489795918366,-0.05023875213224536,0.1457016981446908,0.024273681983267688,0.016617252853033206,5.692410633184597e-05
PROXY,1,3,VOL,2015_2016,0.6889348397271232,503,100,1.9931553730321698,0.059858388693822,0.07212392563296963,0.16697728126839928,0.12437254271327686,0.42114058643327634,0.5651982698257331,0.34431720417839135,0.17384663899283193,265,False,265,0.9010220589652573,0.09897794103474267,0.8400504698592013,3.0177794362798833,0.0009053338308839651,0.029616176427678775,0.04757934779049089,0.12,0.01,0.014129152502567828,0.175439141171306,0.18,0.015533757682333515,0.49,0.49,0.52,0.52,0.04,0.06,-0.15043325449054876,0.11642433702698168,0.00793317879500592,0.013753041891110644,0.0009613843647545417
PROXY,1,3,MATCH_VOL,2015_2016,0.91501800383392,503,100,1.9931553730321698,0.07950171798109391,0.09123778034230483,0.17171413087365653,0.12686645653245368,0.5208347513339915,0.7046947604632823,0.5073518015239548,0.15669939032894165,72,False,182,0.9010220589718319,0.09897794102816815,0.8986605316551664,0.08045567608315819,2.4136702824947455e-05,0.030126882577444447,0.049719943303037126,0.12,0.02,0.014815714712840418,0.17939576595528295,0.24,0.01600388268859351,0.34,0.34,0.37,0.37,0.03,0.06,-0.15034078599460401,0.12279680037898762,0.019738252494293507,0.015340193192576007,2.6093540190161302e-05
PROXY,1,3,VOL,2018Q4,,62,11,0.24914442162902123,-0.4476912829887072,-0.5795162605010905,0.20543004391042705,0.17370268497801575,-2.935194834512274,-3.4549955906076963,-2.7520293442554054,0.1626767839242773,62,True,0,0.6294512992502646,0.37054870074973545,0.6170835465065291,5.14306369234467,0.001542919107703401,0.0443069180409672,0.0443069180409672,0.5454545454545454,0.0,0.027957908068592493,0.1953527041859982,0.5454545454545454,0.00924554169767962,1.0,1.0,1.0,1.0,0.2727272727272727,0.2727272727272727,-0.41674335024143594,0.13978068156295526,0.01333918207171565,0.01551560807831559,0.0008421864548029401
PROXY,1,3,MATCH_VOL,2018Q4,,62,11,0.24914442162902123,-0.3643107920707283,-0.4379337653545794,0.20331616526946764,0.16277801158943445,-2.2696305602165348,-2.819925037554283,-2.5673069250955565,0.14190387152761974,62,True,0,0.6294512992522165,0.37054870074778345,0.6286042915322916,0.4542170265275243,0.0001362651079582573,0.0521643955503871,0.0521643955503871,0.5454545454545454,0.09090909090909091,0.02759796815686316,0.19316541076768362,0.6363636363636364,0.008133470341994855,0.8181818181818182,0.8181818181818182,0.8181818181818182,0.8181818181818182,0.18181818181818182,0.2727272727272727,-0.4179961244431555,0.1507388351205713,0.021212404346281077,0.016670090464996682,8.55459632382316e-05
PROXY,1,3,VOL,COVID,-1.6371752777642632,92,18,0.3613963039014374,-0.14958885147713222,-0.13938618600140026,0.20497457272876263,0.1647240951445885,-0.6970986076303685,-0.8665677988421796,-0.8793542263958274,0.17011216525363826,91,True,0,0.5043158335099226,0.4956841664900774,0.42864486803605417,6.196117115337138,0.001858835134601141,0.12919960740222236,0.12919960740222236,0.1111111111111111,0.05555555555555555,0.021824594687705336,0.20315015001579884,0.3888888888888889,0.014107186938179117,1.0,1.0,1.0,1.0,0.05555555555555555,0.05555555555555555,-1.9208024704216546,0.139876196857447,0.01426225105192667,0.01535693836047495,0.0015984359512228041
PROXY,1,3,MATCH_VOL,COVID,0.7257969257311878,92,18,0.3613963039014374,0.06631612998336209,0.0857439269911014,0.2112282082317651,0.15641322001777613,0.3887930899434604,0.524468903153238,0.4558068830661598,0.14549172565640345,66,False,66,0.5043158335094329,0.4956841664905671,0.5010809172586455,0.47221755077441063,0.00014166526523232319,0.07533307713772419,0.07533307713772419,0.1111111111111111,0.05555555555555555,0.02188825272667352,0.2537086107081548,0.5,0.015884868994315682,0.6666666666666666,0.6666666666666666,0.6666666666666666,0.6666666666666666,0.1111111111111111,0.05555555555555555,-1.9325078588919997,0.16270722275334693,0.043564435513856255,0.019476627603197755,0.00015261079880356243
PROXY,1,3,VOL,2022,,250,49,0.9883641341546886,-0.24996559806601498,-0.2696339015638681,0.18331124041906438,0.1415818801164291,-1.5792915404049463,-2.0352541206668984,-0.9143231000184545,0.2733886938446264,249,True,0,0.5653008216704108,0.43469917832958915,0.5583564249730333,4.041475800233782,0.0012124427400701339,0.04987061392622205,0.054371432583286625,0.2857142857142857,0.04081632653061224,0.021790652431146123,0.1658762220243781,0.40816326530612246,0.006182169462704049,1.0,1.0,1.0,1.0,0.14285714285714285,0.10204081632653061,-0.3047000632882928,0.139938516320599,0.014911568710079884,0.015598872820838295,0.0009133502615762124
PROXY,1,3,MATCH_VOL,2022,,250,49,0.9883641341546886,-0.19154106790185826,-0.19524793878428745,0.1819639089395356,0.13508934394897207,-1.182140339786013,-1.584354970467795,-0.8967774871907759,0.21358817615044656,249,True,0,0.5653008216639732,0.4346991783360268,0.5646001183112257,0.4458542586094762,0.00013375627758284287,0.04400625721245088,0.05079205535968974,0.2653061224489796,0.02040816326530612,0.021777939783914457,0.16966967168553976,0.3469387755102041,0.006536850278734311,0.7959183673469388,0.7959183673469388,0.7755102040816326,0.7755102040816326,0.14285714285714285,0.10204081632653061,-0.3049558540692454,0.1459407708836267,0.020067380182312744,0.01630350948360303,0.00010854870638760117
PROXY,1,3,VOL,2023_PLUS,0.7210471430971555,913,182,3.6413415468856947,0.2262624570529179,0.21693048814102353,0.1538335140932011,0.1079993604317046,1.1037611815619992,1.551193823360887,1.2588623396083356,0.17973566285517284,122,False,122,0.8370827913484818,0.16291720865151815,0.7264159439345266,3.9038045097670646,0.0011711413529301195,0.031110855113471114,0.04298500887897963,0.10989010989010989,0.01098901098901099,0.014237744627061419,0.15404644197565937,0.27472527472527475,0.006992776343699314,0.8626373626373627,0.8626373626373627,0.8626373626373627,0.8626373626373627,0.054945054945054944,0.038461538461538464,0.0589032416903274,0.13330611243136115,0.012825509688206322,0.015202128662207683,0.0014297643481056277
PROXY,1,3,MATCH_VOL,2023_PLUS,0.8586191117866492,913,182,3.6413415468856947,0.26943213320417303,0.25431859195476536,0.17004220745536178,0.11483618445120553,1.2183711108935407,1.7821557266155563,1.3174917680766043,0.20450384566540014,87,False,87,0.8370827913446232,0.16291720865537684,0.8358567389438283,0.1462464435190644,4.387393305571933e-05,0.02983043973531696,0.04565462569451812,0.0989010989010989,0.01098901098901099,0.014691654082658628,0.16787221641637495,0.3076923076923077,0.008352236858643771,0.6263736263736264,0.6263736263736264,0.6043956043956044,0.6043956043956044,0.04945054945054945,0.038461538461538464,0.059224786211017226,0.13807404965730252,0.020681979641618966,0.016157942731377165,5.541593571589676e-05
PROXY,1,3,VOL,2024_PLUS,0.6583371905182148,663,132,2.64476386036961,0.15968372751463186,0.16112518249259525,0.1557658094093908,0.11382576091927224,0.7455382830641684,1.0080895580981208,0.8884365238261102,0.17973566285517328,122,False,122,0.8316736000053375,0.16832639999466248,0.7045527325335406,4.020772250081136,0.001206231675024341,0.031565543304572174,0.045865195940172104,0.12121212121212122,0.015151515151515152,0.014558900828164162,0.15694884403671086,0.2878787878787879,0.007621413181233247,0.8409090909090909,0.8409090909090909,0.8409090909090909,0.8409090909090909,0.06060606060606061,0.03787878787878788,0.03218190140071367,0.13226896664654886,0.012536609141020493,0.015117665862823862,0.0013924109479276359
PROXY,1,3,MATCH_VOL,2024_PLUS,0.8674932589994298,663,132,2.64476386036961,0.21041581606806128,0.20737658540699036,0.1753166180802755,0.12153140621769805,0.9261379184738567,1.3215382638461741,1.0351115941919355,0.20327838780737773,87,False,87,0.831673600004714,0.16832639999528598,0.8300891358895633,0.1545996129967245,4.637988389901735e-05,0.031290634261865624,0.05057260428478019,0.11363636363636363,0.015151515151515152,0.01512965138289181,0.1734497478222955,0.32575757575757575,0.009175691427447312,0.6060606060606061,0.6060606060606061,0.5984848484848485,0.5984848484848485,0.06060606060606061,0.03787878787878788,0.032875521184338,0.1381934139340443,0.02161622824551391,0.01625220653465991,5.584710893555278e-05
PROXY,1,3,VOL,EX_MAJOR_SHOCKS,0.8009282908668662,3982,794,15.824777549623546,0.18636361201068136,0.18227268535925778,0.1485328530854205,0.10621778959081574,1.1165070075745118,1.5538515222752272,1.0368760937602526,0.17973566285517284,122,False,265,0.8799235258742815,0.12007647412571854,0.77524887285666,3.022151732836208,0.0009066455198508624,0.03207529942996734,0.04353653228898283,0.11460957178841309,0.010075566750629723,0.013610620085179572,0.15052377438002335,0.22418136020151133,0.008535413887865832,0.6221662468513854,0.6234256926952141,0.6498740554156172,0.6511335012594458,0.055415617128463476,0.05415617128463476,-0.026442147350029935,0.12167703131977019,0.00953580276578987,0.01421021596963347,0.0010745511325511992
PROXY,1,3,MATCH_VOL,EX_MAJOR_SHOCKS,0.8870903428579539,3982,794,15.824777549623546,0.20641218740802658,0.201203710238814,0.16235934073147087,0.11411991022375723,1.1380669212712207,1.6119443032865042,0.96267036196192,0.21441626912389722,87,False,182,0.8799235258681682,0.12007647413183176,0.8790355913680705,0.15777692000105,4.733307600031499e-05,0.03254118660634309,0.04713019269209791,0.11964735516372796,0.013853904282115869,0.014314464861747143,0.16316429141222058,0.28337531486146095,0.009287211119401157,0.4672544080604534,0.4672544080604534,0.4899244332493703,0.4899244332493703,0.05793450881612091,0.05415617128463476,-0.026422193537668535,0.12722782480872652,0.018295603817730502,0.015250276301188123,5.702353972505958e-05
PROXY,1,3,CORE_VOL,ALL,0.9188885079828705,5085,1017,20.216290212183434,0.15045605948791735,0.15718344427807257,0.18259561114831063,0.13114120349715802,0.7676952845165185,1.0647727525481838,0.3530966468945403,0.42610446972852223,623,False,623,0.916231402634094,0.08376859736590603,0.8255175012408266,1.588886133195016,0.0004766658399585048,0.037969131054021665,0.05593090284534196,0.1553588987217306,0.02359882005899705,0.016946287162113705,0.18374169869657717,0.4060963618485742,0.009717553522117471,0.6853490658800393,0.6853490658800393,0.7059980334316618,0.7059980334316618,0.0855457227138643,0.05703048180924287,-0.10254683388783835,0.1500223033194291,0.023235286196686106,0.01693755106083667,0.0005474990875145025
PROXY,1,3,MATCH_CORE_VOL,ALL,0.9313540751608612,5085,1017,20.216290212183434,0.152497134221782,0.16232319195619904,0.2001423685237444,0.1429082006195243,0.7260849767337552,1.013459785980743,0.3116540769994838,0.4893153835495455,758,False,758,0.9162314026308804,0.08376859736911957,0.9156036721058646,0.1289288941468951,3.8678668244068524e-05,0.039338540115468335,0.0616213915777884,0.16224188790560473,0.03343166175024582,0.017733610029542914,0.20184173814790785,0.40707964601769914,0.010597468747354712,0.5978367748279253,0.5978367748279253,0.6135693215339233,0.6135693215339233,0.08947885939036382,0.05703048180924287,-0.10265365438770452,0.15061277785754118,0.029575379627667195,0.0177939446098872,4.449690852667554e-05
PROXY,1,3,CORE_VOL,GFC,1.71375330367593,755,150,2.9924709103353866,0.043218014750297504,0.06636543051663964,0.21943401248468275,0.15821450591532984,0.20929981171494141,0.28930081409710184,0.10142586576909683,0.42610446972852445,545,True,48,0.8549312506872279,0.14506874931277214,0.7411676880891855,1.505952799302293,0.0004517858397906879,0.04950538005937788,0.06493037038060152,0.22666666666666666,0.04,0.021457527960794483,0.22062439381955656,0.6333333333333333,0.008849285813072257,0.8466666666666667,0.8466666666666667,0.86,0.86,0.12666666666666668,0.05333333333333334,-0.22044157546641419,0.18439721130780717,0.03729793104436453,0.020192592781824146,0.0004719832918658323
PROXY,1,3,MATCH_CORE_VOL,GFC,1.136540237779818,755,150,2.9924709103353866,0.028661658977004772,0.059481005625297304,0.24982486126554224,0.17981517197387376,0.15630119871857956,0.21659463224905393,0.06182167562443529,0.4636182809266355,545,True,46,0.8549312506814414,0.14506874931855862,0.8540689398090223,0.17149931413175218,5.1449794239525644e-05,0.05785524618730287,0.07160202148702138,0.22666666666666666,0.06666666666666667,0.02288183153806176,0.2492990794391318,0.6333333333333333,0.010254778033205136,0.7333333333333333,0.7333333333333333,0.76,0.76,0.12666666666666668,0.05333333333333334,-0.2216075849132987,0.18454574480481872,0.046318746506363084,0.02150713494816286,5.2988818940710725e-05
PROXY,1,3,CORE_VOL,2011,0.3589994545209002,251,49,0.9883641341546886,0.009406108598220681,0.025787627720691222,0.18170719154863402,0.1349737064496129,0.1388206512670358,0.18686191411005504,0.07112080849750894,0.13225536656476755,110,True,59,0.8965218593016184,0.10347814069838157,0.8256923011863256,1.6709593980260418,0.0005012878194078127,0.042438843934131665,0.05228409309814578,0.14285714285714285,0.02040816326530612,0.020317732533275838,0.19170108438402755,0.5306122448979592,0.008662662598326182,0.7959183673469388,0.7959183673469388,0.8163265306122449,0.8163265306122449,0.10204081632653061,0.061224489795918366,-0.05018129371830284,0.1669581367401239,0.02610183926661018,0.017978090560430753,0.0005100627689444432
PROXY,1,3,MATCH_CORE_VOL,2011,0.9707452930826991,251,49,0.9883641341546886,0.02543439978239813,0.044046523173209604,0.19564132422470906,0.14366054334089787,0.22226066560204505,0.30264818672516824,0.185889048734605,0.13682570304994668,110,True,55,0.896521859302524,0.10347814069747596,0.8962881451767163,0.10386021716189561,3.1158065148568684e-05,0.03927362640752341,0.056028215068597675,0.16326530612244897,0.02040816326530612,0.021048936587828554,0.20394219339171185,0.5306122448979592,0.009092876511524834,0.6326530612244898,0.6326530612244898,0.7142857142857143,0.7142857142857143,0.10204081632653061,0.061224489795918366,-0.050236856572437455,0.16832356796494663,0.03336493612652445,0.018783591346452765,3.219894221770034e-05
PROXY,1,3,CORE_VOL,2015_2016,0.846838690634523,503,100,1.9931553730321698,0.07357793013494028,0.08674983166967494,0.1772973032781389,0.131498434791603,0.47912029644529636,0.645763081392115,0.42357668184499564,0.17370628103146035,75,False,184,0.9505309584979559,0.04946904150204412,0.920062775181615,1.5063884606168885,0.0004519165381850665,0.029616176427678775,0.0509995541393742,0.14,0.02,0.015285655750378933,0.18586012810641248,0.28,0.016460081771367138,0.49,0.49,0.52,0.52,0.04,0.06,-0.15037803165416297,0.13176235442870507,0.01694920139022029,0.01538910378874893,0.0004859874230613015
PROXY,1,3,MATCH_CORE_VOL,2015_2016,0.9578865309906995,503,100,1.9931553730321698,0.08322636770602079,0.09640439490024616,0.1813840464637658,0.13394714935087226,0.5215524483532972,0.7060149734974777,0.5039594954259502,0.16514495403182605,72,False,182,0.9505309584983834,0.04946904150161657,0.9492779422239707,0.04242613263320451,1.2727839789961348e-05,0.03178190375772094,0.052453016061530834,0.13,0.02,0.01562616045461852,0.1897053925054676,0.25,0.016967670429436726,0.41,0.41,0.43,0.43,0.05,0.06,-0.15034090217699028,0.13201780048047213,0.022194280643190067,0.016183032059126037,1.3807119332673312e-05
PROXY,1,3,CORE_VOL,2018Q4,,62,11,0.24914442162902123,-0.4884737115163143,-0.6437673456115167,0.2625528838903951,0.21495926149867425,-2.5414170126591404,-3.0918612822025713,-2.542652523567465,0.19211186231257504,62,True,0,0.8145090998208147,0.18549090017918535,0.8082934438648511,2.543906317527255,0.0007631718952581764,0.06262224468366939,0.06262224468366939,0.6363636363636364,0.09090909090909091,0.03589279470021258,0.249912563705403,0.9090909090909091,0.011072570637045639,1.0,1.0,1.0,1.0,0.45454545454545453,0.2727272727272727,-0.4162227951587896,0.19487108403479203,0.04244749628031569,0.02095787245326672,0.0003856559906348922
PROXY,1,3,MATCH_CORE_VOL,2018Q4,,62,11,0.24914442162902123,-0.4517296702569575,-0.5735603291388928,0.26326386890221776,0.2110114608542257,-2.2679753842039,-2.81807555565377,-2.478155434308879,0.182284639616618,62,True,0,0.8145090998229632,0.18549090017703684,0.8139792645671486,0.29482400959476146,8.844720287842843e-05,0.06754966258665107,0.06754966258665107,0.6363636363636364,0.09090909090909091,0.03571516021707905,0.25037061700354,1.0,0.010620751225669996,0.9090909090909091,0.9090909090909091,0.9090909090909091,0.9090909090909091,0.45454545454545453,0.2727272727272727,-0.4167527805226607,0.19679398943622342,0.047259224533568636,0.021537648215134174,4.78892819567589e-05
PROXY,1,3,CORE_VOL,COVID,-0.35645787900882286,92,18,0.3613963039014374,-0.03256958826896128,0.013510799632466819,0.304667970777788,0.23162798082268193,0.03256468004265646,0.042800936191842096,-0.1456810983125565,0.22356770127503944,86,False,86,0.7523031536593902,0.24769684634060984,0.7135886092692286,2.97818189262292,0.0008934545677868758,0.1394465773362763,0.1394465773362763,0.1111111111111111,0.1111111111111111,0.032529208702821256,0.3449827410103407,0.7777777777777778,0.022435667790125624,1.0,1.0,1.0,1.0,0.1111111111111111,0.05555555555555555,-1.9207791619026016,0.22626403958092295,0.07811262579548323,0.02699097954371272,0.0008735722862249079
PROXY,1,3,MATCH_CORE_VOL,COVID,0.917648293462072,92,18,0.3613963039014374,0.08384560660261034,0.1294995342220217,0.31606929489167923,0.2341317469254646,0.39826324673551894,0.5372466142945159,0.39496863930655435,0.21228421261449493,71,False,71,0.7523031536550594,0.2476968463449406,0.7499008571776123,0.35453931361344676,0.000106361794084034,0.11254302110606673,0.11254302110606673,0.16666666666666666,0.1111111111111111,0.032549981792805015,0.38060021313011233,0.7222222222222222,0.024025739730991858,0.9444444444444444,0.9444444444444444,0.9444444444444444,0.9444444444444444,0.1111111111111111,0.05555555555555555,-1.924671273423667,0.22420138925683172,0.08631235357750124,0.029058405543921854,0.00011646111713932428
PROXY,1,3,CORE_VOL,2022,,250,49,0.9883641341546886,-0.2933662727837608,-0.31414455232551103,0.25161720684160227,0.18950712362560204,-1.327431639029208,-1.7562197257353072,-0.9225878487373903,0.31798193872296054,249,True,0,0.7825461469848446,0.2174538530151554,0.7788848182549094,2.0120583055551333,0.0006036174916665398,0.06380768473168363,0.07210396896393073,0.40816326530612246,0.10204081632653061,0.030137849131171342,0.2323145778106772,0.9183673469387755,0.00888061309165425,1.0,1.0,1.0,1.0,0.24489795918367346,0.10204081632653061,-0.30500548276757256,0.20500332010057448,0.04919848301282401,0.02219732682568172,0.00042826672518875286
PROXY,1,3,MATCH_CORE_VOL,2022,,250,49,0.9883641341546886,-0.2665810291432993,-0.2770410849725041,0.252034188352576,0.18721719575373227,-1.1780072629900955,-1.5801060457452742,-0.9173254802913694,0.2906068073663727,249,True,0,0.782546146990341,0.21745385300965903,0.7820585516732667,0.30947252787003526,9.284175836101059e-05,0.06088331826478521,0.07032285922851352,0.3877551020408163,0.08163265306122448,0.030132214425975863,0.23495154293210546,0.8979591836734694,0.009083546758318031,1.0,1.0,1.0,1.0,0.24489795918367346,0.10204081632653061,-0.30508501683769956,0.20528595067349498,0.05173821331095425,0.022552303593463743,6.835004880023643e-05
PROXY,1,3,CORE_VOL,2023_PLUS,0.8601588143277387,913,182,3.6413415468856947,0.2699152872994533,0.2559187513808091,0.1768779618118415,0.12212943877825218,1.180347271591709,1.6895213011967267,1.279039049224069,0.21102974726471235,101,False,117,0.9186440983103814,0.08135590168961859,0.8631360563295257,1.9406432642987455,0.0005821929792896235,0.0318235981566245,0.04822356873643028,0.12087912087912088,0.01098901098901099,0.015924156999195485,0.1760114098193467,0.3956043956043956,0.008444988332013327,0.8626373626373627,0.8626373626373627,0.8626373626373627,0.8626373626373627,0.06043956043956044,0.038461538461538464,0.0589542870871004,0.15511982160017207,0.02358180421107373,0.017255349826283843,0.0007358363147612623
PROXY,1,3,MATCH_CORE_VOL,2023_PLUS,0.9292911577973381,913,182,3.6413415468856947,0.29160881184220316,0.2747151808467736,0.18674368431128738,0.12624191803553614,1.2186202176283456,1.7826922377784566,1.306026881987585,0.22327933357575036,87,False,87,0.9186440983105769,0.08135590168942308,0.9179666004073151,0.080138007739257,2.4041402321777095e-05,0.03283925788267694,0.05019448733307624,0.12637362637362637,0.01098901098901099,0.016148958734383132,0.18435001553013566,0.41208791208791207,0.009203694136001273,0.7912087912087912,0.7912087912087912,0.7582417582417582,0.7582417582417582,0.06043956043956044,0.038461538461538464,0.059109053843639715,0.15519706572735176,0.02727339673873894,0.017735042403729858,3.089619399648802e-05
PROXY,1,3,CORE_VOL,2024_PLUS,0.8293187158628186,663,132,2.64476386036961,0.20115634625226098,0.20078741166526615,0.1814329264727115,0.12947544330433913,0.8586279731241518,1.1907173067583965,0.9532132263795655,0.21102974726471257,101,False,117,0.915950573048854,0.08404942695114603,0.8521600693304043,1.9952578825072795,0.0005985773647521837,0.03400170769015032,0.05293152274452828,0.12878787878787878,0.015151515151515152,0.016404235790992157,0.18128780287276214,0.42424242424242425,0.009286979846302806,0.8409090909090909,0.8409090909090909,0.8409090909090909,0.8409090909090909,0.06818181818181818,0.03787878787878788,0.032417313759475916,0.1553957988888237,0.024146615549840957,0.017331169738789676,0.0007154518627119355
PROXY,1,3,MATCH_CORE_VOL,2024_PLUS,0.9341303466177776,663,132,2.64476386036961,0.22657905079773055,0.22402259878297592,0.1932620922343368,0.1340895453005488,0.9262670647372231,1.3219019773520917,1.0175079603529407,0.22268037167899657,87,False,87,0.9159505730502021,0.08404942694979789,0.9150723454509436,0.08502372759421264,2.550711827826379e-05,0.034537247491460366,0.05578506551250769,0.12878787878787878,0.015151515151515152,0.016687118914065845,0.19118661805420678,0.44696969696969696,0.010152332531452351,0.7575757575757576,0.7575757575757576,0.7424242424242424,0.7424242424242424,0.07575757575757576,0.03787878787878788,0.032732284930873864,0.15561065714030167,0.028499649739811988,0.017900580791279527,3.112352111486749e-05
PROXY,1,3,CORE_VOL,EX_MAJOR_SHOCKS,0.901318736641112,3982,794,15.824777549623546,0.20972291433424078,0.20441900406329722,0.16512257019412546,0.11713780493346489,1.1384701441600613,1.5978387034018064,0.9938073520562374,0.21102974726471235,101,False,184,0.9400008619119318,0.05999913808806823,0.8875974703336442,1.5372645680143646,0.00046117937040430937,0.03445554892730274,0.04792606555564813,0.12720403022670027,0.013853904282115869,0.014945317329141368,0.16674424556047562,0.3224181360201511,0.009470193214199242,0.6272040302267002,0.6272040302267002,0.6511335012594458,0.6511335012594458,0.06675062972292191,0.05415617128463476,-0.026439833080595634,0.1383991359570607,0.017763374688278995,0.015772140271914457,0.000557220016767751
PROXY,1,3,MATCH_CORE_VOL,EX_MAJOR_SHOCKS,0.9435675313422082,3982,794,15.824777549623546,0.21955355469665347,0.21394491664772075,0.17353131438108868,0.12199203330906616,1.138217359036173,1.6123633276164646,0.9623037523477493,0.22815410847251172,88,False,182,0.9400008619105897,0.059999138089410264,0.9395279660495757,0.11397355811864963,3.4192067435594876e-05,0.03476625260792443,0.05037519368943885,0.13224181360201512,0.017632241813602016,0.015295256285507396,0.17444000980259466,0.3236775818639798,0.00995655903158677,0.5629722921914357,0.5642317380352645,0.5780856423173804,0.5793450881612091,0.06801007556675064,0.05415617128463476,-0.02643004421826587,0.13900540934309366,0.022138874043302035,0.01629278332558124,4.1641729078500944e-05
PROXY,2,0,BUYHOLD,ALL,1.0,5085,1017,20.216290212183434,0.16431828683994887,0.17642994379421786,0.2185687629464118,0.15605584868944067,0.7294443307249331,1.0184967488815284,0.3143034064825272,0.5228014824239064,761,False,761,1.0,0.0,1.0,0.049557522123893805,0.0,0.043970114711044395,0.06487499783361456,0.1710914454277286,0.035398230088495575,0.019395550782673646,0.2205113638485607,0.48475909537856443,0.011695530097286862,0.6941986234021632,0.6941986234021632,0.7138643067846607,0.7138643067846607,0.09537856440511308,0.051130776794493606,-0.016768274700644688,0.16707943355496865,0.03680728111829745,0.019518239036338165,0.0
PROXY,2,0,BUYHOLD,GFC,1.0,755,150,2.9924709103353866,0.025218340736437757,0.06774886567588925,0.2925071856818413,0.2104392152153282,0.16203560161027375,0.22473005317168435,0.048236934255648754,0.522801482423908,545,True,46,1.0,0.0,1.0,0.0,0.0,0.059115778573202715,0.10014778055536615,0.24666666666666667,0.06666666666666667,0.027330196007537638,0.2918710462768896,0.7133333333333334,0.012347339726251244,0.84,0.84,0.8666666666666667,0.8666666666666667,0.12666666666666668,0.05333333333333334,-0.105250647799569,0.21470901503386874,0.06335484058523953,0.025286748797256797,0.0
PROXY,2,0,BUYHOLD,2011,1.0,251,49,0.9883641341546886,0.026200899415776715,0.049478037570438546,0.21827885348449524,0.16021662664652125,0.22417623299427847,0.3053884804185417,0.1726588430260217,0.1517495365808048,110,True,55,1.0,0.0,0.9999999999999999,0.0,0.0,0.05197518304431992,0.05404868071514617,0.22448979591836735,0.061224489795918366,0.022898978412691024,0.22771534475468577,0.5714285714285714,0.010450002288977758,0.8163265306122449,0.8163265306122449,0.8367346938775511,0.8367346938775511,0.12244897959183673,0.04081632653061224,0.10347902308432348,0.18912171120053511,0.04290313879531104,0.02089576261053071,0.0
PROXY,2,0,BUYHOLD,2015_2016,1.0,503,100,1.9931553730321698,0.08688541389129263,0.10159890232515283,0.19107510807991773,0.14103405886072143,0.5223200976284171,0.7074178493787134,0.5005900764226782,0.1735659933816388,72,False,182,1.0,0.0,0.9999999999999998,0.0,0.0,0.03833684509840063,0.05515760767532592,0.15,0.03,0.016424315172719858,0.19986882387989005,0.28,0.018187735924045427,0.51,0.51,0.53,0.53,0.07,0.07,-0.1915224373581536,0.14080401549120608,0.024967887053500937,0.01690410283171744,0.0
PROXY,2,0,BUYHOLD,2018Q4,1.0,62,12,0.24914442162902123,-0.5289552733768632,-0.7093384933401214,0.3234242070099195,0.2593995857842619,-2.2658174491563323,-2.8157128388461343,-2.389026817307685,0.22141035401727704,62,True,0,1.0,0.0,0.9999999999999987,0.0,0.0,0.04710852074981298,0.04710852074981298,0.6666666666666666,0.0,0.04197157416825532,0.30316267881009623,1.0,0.014143163523682542,0.9166666666666666,0.9166666666666666,0.9166666666666666,0.9166666666666666,0.4166666666666667,0.08333333333333333,-0.23450234000806458,0.231178316946832,0.07847823379612098,0.02681751956247905,0.0
PROXY,2,0,BUYHOLD,COVID,1.0,92,17,0.3613963039014374,0.091370089390437,0.17534673481457277,0.421459891305733,0.312258642805467,0.40720178072122837,0.5492818162876275,0.3314938400367201,0.2756313341458043,72,False,72,1.0,0.0,0.9999999999999999,0.0,0.0,0.09990714515177945,0.09990714515177945,0.17647058823529413,0.17647058823529413,0.04031444375716098,0.516777886314154,0.9411764705882353,0.03436356214971959,1.0,1.0,1.0,1.0,0.17647058823529413,0.058823529411764705,-0.08988924566902042,0.2690595422360169,0.1315328748935911,0.03962841345884243,0.0
PROXY,2,0,BUYHOLD,2022,1.0,250,50,0.9883641341546886,-0.337695483730845,-0.3583998756999967,0.32226453266429694,0.23937477070898194,-1.1738593351549689,-1.5758387877152424,-0.9315640449314507,0.36250377584688165,249,True,0,1.0,0.0,0.9999999999999996,0.0,0.0,0.07311428921612784,0.09029284215024558,0.42,0.18,0.038454065353929465,0.2988113304918428,1.0,0.010897375741798034,1.0,1.0,1.0,1.0,0.34,0.12,-0.41324214172720675,0.24549340957610555,0.08814750822574657,0.028986342466916608,0.0
PROXY,2,0,BUYHOLD,2023_PLUS,1.0,914,182,3.6440793976728267,0.31210148232812784,0.293688394977127,0.20333734301329395,0.13757504899913214,1.2125654174070197,1.7739590568964008,1.2911994335381591,0.2417143891342206,88,False,88,1.0,0.0,1.0000000000000002,0.0,0.0,0.032313752713521326,0.04242368437165074,0.14835164835164835,0.01098901098901099,0.017429276532841532,0.20046904777676422,0.5384615384615384,0.010355440709553273,0.8846153846153846,0.8846153846153846,0.8681318681318682,0.8681318681318682,0.07142857142857142,0.03296703296703297,0.198135832624874,0.17298486633316632,0.034812256567688424,0.01943294080798603,0.0
PROXY,2,0,BUYHOLD,2024_PLUS,1.0,664,132,2.647501711156742,0.24042094031904618,0.2388015283599164,0.21105986652058026,0.14654533927785865,0.918397024621572,1.310807523340458,0.9946488547090335,0.2417143891342206,88,False,88,1.0,0.0,1.0000000000000004,0.0,0.0,0.032575047323825435,0.044772567572441344,0.1590909090909091,0.015151515151515152,0.01803385078878919,0.2088990736935231,0.5378787878787878,0.011498873965450468,0.8636363636363636,0.8636363636363636,0.8484848484848485,0.8484848484848485,0.08333333333333333,0.030303030303030304,0.21969350433609716,0.17378525659630387,0.0363223099267751,0.019678734535195936,0.0
PROXY,2,0,BUYHOLD,EX_MAJOR_SHOCKS,1.0,3982,794,15.824777549623546,0.23347114887945683,0.22732044473833624,0.1846678376630038,0.12981664298028506,1.1419985599883153,1.6181846170023975,0.9658967747667416,0.2417143891342206,88,False,182,1.0,0.0,0.9999999999999998,0.06328478151682572,0.0,0.03508812525642391,0.049165182686116554,0.14105793450881612,0.0163727959697733,0.016222331206569914,0.18570093132026308,0.3979848866498741,0.01060962371445664,0.6410579345088161,0.6410579345088161,0.6612090680100756,0.6612090680100756,0.07178841309823678,0.04534005037783375,0.034124488878957304,0.15097813151705924,0.026582345972773747,0.017409781380880805,0.0
PROXY,2,0,VOL,ALL,0.8646949458307618,5085,1017,20.216290212183434,0.14208519213807316,0.1448526707617817,0.15282400045757713,0.10975033737956857,0.8366090226444074,1.1593690304016275,0.48343466852477646,0.29390774263594455,542,False,542,0.8305784245177552,0.1694215754822448,0.6522914580187436,3.1785845338887744,0.0,0.032313752713521326,0.04338019636115896,0.12291052114060963,0.010816125860373648,0.01444117661604652,0.15381787478058936,0.23008849557522124,0.008411284054018022,0.688298918387414,0.688298918387414,0.7138643067846607,0.7138643067846607,0.05604719764011799,0.051130776794493606,-0.01662979617988201,0.12520502789222127,0.010082547923348664,0.014475397395847151,0.0
PROXY,2,0,MATCH_VOL,ALL,0.8595426980867481,5085,1017,20.216290212183434,0.14123858361540184,0.14887817182663052,0.18132732099016372,0.1294627721396739,0.7273194172548517,1.014911303272628,0.313013666560832,0.45122177944250597,753,False,753,0.8305784245243371,0.16942157547566294,0.8295948071147763,0.19077128129395335,0.0,0.03646602638720886,0.053827982185795493,0.14355948869223206,0.01966568338249754,0.016110894973417448,0.18280667666007683,0.33136676499508355,0.009627026259985887,0.4916420845624385,0.4916420845624385,0.5024582104228122,0.5024582104228122,0.06784660766961652,0.051130776794493606,-0.016726981965884312,0.13399276907473784,0.023459698831240983,0.016207837769465747,0.0
PROXY,2,0,VOL,GFC,2.91052957418128,755,150,2.9924709103353866,0.07339872652518262,0.08307036736002792,0.15690665709755394,0.1123419239489847,0.3995831372912108,0.5549394907203996,0.24973389903544957,0.29390774263594754,542,False,542,0.7087982018128336,0.2912017981871664,0.4846274171591243,3.188703946380397,0.0,0.030379078696219253,0.04837102958650612,0.14666666666666667,0.02,0.016124215290131402,0.15947872238246508,0.32,0.00658566545752744,0.8266666666666667,0.8266666666666667,0.8666666666666667,0.8666666666666667,0.04666666666666667,0.05333333333333334,-0.10557657482731624,0.136164475481538,0.01058949862937035,0.015247350216270921,0.0
PROXY,2,0,MATCH_VOL,GFC,1.2821666509675356,755,150,2.9924709103353866,0.032334115484996574,0.05328645480991686,0.20728029179635626,0.14898976437073336,0.15888929254798934,0.22036532142696585,0.08186715661911786,0.394958330303679,545,True,43,0.7087982018195699,0.2912017981804301,0.7085588712266228,0.29174902140533254,0.0,0.04170512873789867,0.0708738307139519,0.14666666666666667,0.04666666666666667,0.019413862766807302,0.2063737571956239,0.4266666666666667,0.00865444866674236,0.5733333333333334,0.5733333333333334,0.5933333333333334,0.5933333333333334,0.09333333333333334,0.05333333333333334,-0.10605780292577781,0.15020370567422367,0.030425184667755213,0.017915396776839315,0.0
PROXY,2,0,VOL,2011,-0.14255520879041358,251,49,0.9883641341546886,-0.0037350746867126747,0.00789633109371523,0.1524489749288508,0.11440147020870572,0.048223308711277696,0.06425090092230674,-0.03385072864406409,0.11033956538975831,218,True,13,0.7950394632932227,0.20496053670677727,0.6681940284260334,3.424993612072698,0.0,0.03275620220808151,0.040848259062510515,0.14285714285714285,0.0,0.01698750140294072,0.16092559479908805,0.24489795918367346,0.006915223340536249,0.8163265306122449,0.8163265306122449,0.8367346938775511,0.8367346938775511,0.08163265306122448,0.04081632653061224,0.10347940072825383,0.13453648714539182,0.010382357364287829,0.015047000511670296,0.0
PROXY,2,0,MATCH_VOL,2011,0.9327172911173137,251,49,0.9883641341546886,0.024438031927920465,0.03898246187398277,0.1734396259023197,0.12738872688301642,0.2216181002274414,0.3016970111748803,0.20022366617669407,0.12205366325853961,110,True,55,0.7950394632868438,0.20496053671315617,0.7945699072441007,0.1922320052364974,0.0,0.041294499932677864,0.0429436206794033,0.16326530612244897,0.0,0.01823621579733973,0.18079420416167133,0.3877551020408163,0.008232222403407333,0.4897959183673469,0.4897959183673469,0.5306122448979592,0.5306122448979592,0.10204081632653061,0.04081632653061224,0.10348244424678371,0.14610809501652866,0.02403161730667621,0.01660287944468246,0.0
PROXY,2,0,VOL,2015_2016,0.5369929325410275,503,100,1.9931553730321698,0.04665685320052616,0.05954444630051505,0.16660191979968544,0.12476670452983123,0.34662376021534363,0.4626821351219547,0.26759541546785487,0.17435595119951097,298,False,298,0.8996360108145655,0.10036398918543454,0.8391770510049142,3.215376311441389,0.0,0.030903887026220267,0.04457021266091861,0.14,0.01,0.01425950745892088,0.17642912842688493,0.15,0.016074311214117492,0.51,0.51,0.53,0.53,0.04,0.07,-0.19150453461996417,0.11588328763577456,0.007869475707422151,0.013730688757329954,0.0
PROXY,2,0,MATCH_VOL,2015_2016,0.9131246831554497,503,100,1.9931553730321698,0.0793372160303167,0.09104061448229507,0.17145374932460683,0.12668806084959738,0.5205140963849296,0.7041851269490456,0.506740255520952,0.1565638710679388,72,False,182,0.8996360108135613,0.10036398918643874,0.8972983809464774,0.07958464312503845,0.0,0.034478875228936334,0.049609804237133084,0.11,0.02,0.014783290479381228,0.1789338981029974,0.23,0.01619443147061971,0.34,0.34,0.35,0.35,0.05,0.07,-0.19152243951054998,0.12252336279901713,0.019165428041067956,0.01520519394886545,0.0
PROXY,2,0,VOL,2018Q4,,62,12,0.24914442162902123,-0.4237845464046829,-0.5400648669705538,0.18836664693238395,0.15870710821652906,-2.9918318620784916,-3.5320646795211976,-2.735398251891219,0.154926086580513,62,True,0,0.5977008103254727,0.40229918967452727,0.5678960378107858,5.4945661219803235,0.0,0.039332125873710044,0.039332125873710044,0.3333333333333333,0.0,0.02573795368744917,0.18491443274148606,0.5,0.008968172424550672,0.9166666666666666,0.9166666666666666,0.9166666666666666,0.9166666666666666,0.08333333333333333,0.08333333333333333,-0.2334288286893057,0.1361739988635122,0.01266841759213447,0.015248575658680317,0.0
PROXY,2,0,MATCH_VOL,2018Q4,,62,12,0.24914442162902123,-0.3531979397957659,-0.4224635694858366,0.19286124329604667,0.1549162593236579,-2.312265536963378,-2.862727025113328,-2.6023191740851463,0.13572429674001607,62,True,0,0.5977008103298611,0.4022991896701389,0.5962715847447116,0.363753351245214,0.0,0.028106693870119437,0.028106693870119433,0.25,0.0,0.025143610733946792,0.1805350270140693,0.5,0.008292027865608833,0.75,0.75,0.75,0.75,0.0,0.08333333333333333,-0.23716946706252082,0.14275275779442684,0.020761704267320984,0.016104995374244892,0.0
PROXY,2,0,VOL,COVID,-1.4078148306138485,92,17,0.3613963039014374,-0.12863216691837026,-0.11221998537612488,0.21973298741227332,0.17147932648231315,-0.5271704600000836,-0.6747160832412378,-0.7801965020341309,0.16487149914540766,91,True,0,0.5038915276215051,0.49610847237849487,0.46083950488443387,5.71477920756771,0.0,0.049693014875964225,0.04969301487596422,0.17647058823529413,0.0,0.019494128859405675,0.2066316497810295,0.35294117647058826,0.014967454722249762,1.0,1.0,1.0,1.0,0.11764705882352941,0.058823529411764705,-0.09004248437573806,0.1396989541912619,0.014194538609268736,0.015342170333943361,0.0
PROXY,2,0,MATCH_VOL,COVID,0.6964148088852957,92,17,0.3613963039014374,0.06363148334067358,0.08326628219320514,0.21128328577186356,0.15696721948604125,0.3764710433972776,0.5061575754035257,0.4338519614699639,0.14666634933510347,66,False,66,0.5038915276245398,0.4961084723754602,0.5012334182328052,0.47501876787791775,0.0,0.05015081664424992,0.05015081664424992,0.17647058823529413,0.058823529411764705,0.020504993899777595,0.2591765453480036,0.47058823529411764,0.016992030523814452,0.7058823529411765,0.7058823529411765,0.7058823529411765,0.7058823529411765,0.11764705882352941,0.058823529411764705,-0.09174675270305481,0.1669307118757224,0.045146640694186134,0.019919683610898527,0.0
PROXY,2,0,VOL,2022,,250,50,0.9883641341546886,-0.2563709035075381,-0.2789026253411261,0.17923816971306986,0.13940972670827564,-1.6671350629008919,-2.1331913368917568,-0.9499725752183481,0.2698718996689058,249,True,0,0.558335257216708,0.44166474278329204,0.5444538142604892,4.17206200337356,0.0,0.05130244886546653,0.05533471924026343,0.28,0.08,0.022059736669645984,0.16384227265496407,0.4,0.005828036853483164,1.0,1.0,1.0,1.0,0.18,0.12,-0.41271927516280316,0.13956795509440867,0.014820460170398677,0.015579575540190944,0.0
PROXY,2,0,MATCH_VOL,2022,,250,50,0.9883641341546886,-0.18867945052586518,-0.19213779430032402,0.17970327230089436,0.13341264393299876,-1.1799134885139817,-1.5812053209838624,-0.8975204611920533,0.2102230073677297,249,True,0,0.5583352572169363,0.44166474278306367,0.5575758638967758,0.44211710297090034,0.0,0.04075956003814707,0.050412008471205125,0.3,0.02,0.021513441185401706,0.1665705128795393,0.42,0.006008052030106578,0.78,0.78,0.72,0.72,0.12,0.12,-0.41293966839338236,0.14452847692246823,0.020139978453998793,0.016201483473769568,0.0
PROXY,2,0,VOL,2023_PLUS,0.7774086464475221,914,182,3.6440793976728267,0.2426303909309751,0.2302817201046073,0.15447417769141777,0.10682595523943739,1.1856879177655024,1.6913917303007246,1.4288621668483081,0.16980671513345025,98,False,122,0.8326415754133469,0.16735842458665307,0.7362266750952164,4.056503150778213,0.0,0.026533926470153513,0.036000468919834036,0.1043956043956044,0.0,0.013980968391623546,0.15372995333739042,0.25274725274725274,0.00700059952766286,0.8846153846153846,0.8846153846153846,0.8681318681318682,0.8681318681318682,0.04395604395604396,0.03296703296703297,0.19882439202475316,0.13410768797710718,0.012960818784965702,0.015271636999136216,0.0
PROXY,2,0,MATCH_VOL,2023_PLUS,0.853533719794284,914,182,3.6440793976728267,0.266389139164837,0.25163315535193753,0.1689099558726735,0.11419827591555352,1.2107460436006339,1.7689153608710857,1.3070987085442674,0.20380185323686684,87,False,87,0.8326415754144058,0.16735842458559425,0.8306728446545124,0.1383144136993246,0.0,0.026658476446712376,0.03516245593637495,0.13736263736263737,0.005494505494505495,0.014464854552546572,0.16661846783725562,0.29120879120879123,0.00855450395424663,0.6043956043956044,0.6043956043956044,0.6043956043956044,0.6043956043956044,0.03296703296703297,0.03296703296703297,0.19870640648776236,0.13866730731088708,0.020569213913081346,0.016177560264124567,0.0
PROXY,2,0,VOL,2024_PLUS,0.7627753401733454,664,132,2.647501711156742,0.18338716453665602,0.18145724734998997,0.156238791323721,0.11196476680809563,0.8736597061637118,1.2043501220503896,1.0799759267030942,0.16980671513345003,98,False,122,0.8275020995622747,0.17249790043772528,0.7153173780012824,4.279749848993731,0.0,0.02837705132697288,0.03625952494920153,0.11363636363636363,0.0,0.014228757298372412,0.15681860106409173,0.2727272727272727,0.007618967931993093,0.8636363636363636,0.8636363636363636,0.8484848484848485,0.8484848484848485,0.045454545454545456,0.030303030303030304,0.22031237865046682,0.1330073513357184,0.012674654560101252,0.015181984831996866,0.0
PROXY,2,0,MATCH_VOL,2024_PLUS,0.8615871247799192,664,132,2.647501711156742,0.20714358670637154,0.2043574166152118,0.17411711433488755,0.1208803940858799,0.915443673185263,1.3042548582650348,1.0222575659013524,0.20263345913583664,87,False,87,0.8275020995602224,0.17249790043977764,0.8249471596784567,0.1431576494143606,0.0,0.026772954427701112,0.03689578028549951,0.14393939393939395,0.007575757575757576,0.014875643648472459,0.1724598558055558,0.3333333333333333,0.009430797120222618,0.5984848484848485,0.5984848484848485,0.5909090909090909,0.5909090909090909,0.03787878787878788,0.030303030303030304,0.22044317851618989,0.1386893817155901,0.021570072306694728,0.016282437667187483,0.0
PROXY,2,0,VOL,EX_MAJOR_SHOCKS,0.8202058248787821,3982,794,15.824777549623546,0.19149439625207185,0.1865415399821826,0.14818828764548886,0.10530444663151697,1.1479326413701822,1.6076248151141035,1.0982957274165512,0.1743559511995112,298,False,298,0.8782847821984802,0.12171521780151984,0.7748609292341989,3.05737148771096,0.0,0.030609235831453918,0.03987399382901932,0.1070528967254408,0.003778337531486146,0.013497765099526342,0.15042430002805235,0.19899244332493704,0.008635883005508835,0.6360201511335013,0.6360201511335013,0.6612090680100756,0.6612090680100756,0.04785894206549118,0.04534005037783375,0.03433162823861347,0.12188575847499662,0.00959141100348454,0.014238219921683967,0.0
PROXY,2,0,MATCH_VOL,EX_MAJOR_SHOCKS,0.8847454480098427,3982,794,15.824777549623546,0.20656253621272772,0.201270237840666,0.16199742733586106,0.11388487973337438,1.1410138025331054,1.61583552990782,0.9640381308396215,0.2142680145160064,87,False,182,0.8782847821992351,0.12171521780076489,0.8772297221444847,0.1550299756639189,0.0,0.030809812997535824,0.04314038624469064,0.11964735516372796,0.007556675062972292,0.014241833912439137,0.1628198829652364,0.2795969773299748,0.009247084311725452,0.4748110831234257,0.4748110831234257,0.4811083123425693,0.4811083123425693,0.04785894206549118,0.04534005037783375,0.034223281775032185,0.12763349608922986,0.018460666740028844,0.015288041938882922,0.0
PROXY,2,0,CORE_VOL,ALL,0.9386843801279908,5085,1017,20.216290212183434,0.1542430092260508,0.16048374160116505,0.1826545433841218,0.13074274251154497,0.7855592796671155,1.0932056392757423,0.37340626320965253,0.4130702251757614,615,False,615,0.9153387905884012,0.08466120941159883,0.8261856106945097,1.6097384449745948,0.0,0.03842948030610349,0.052940502223587885,0.15732546705998032,0.02261553588987217,0.016930543319525662,0.18382843211167618,0.4119960668633235,0.009847942971274776,0.6932153392330384,0.6932153392330384,0.7138643067846607,0.7138643067846607,0.0776794493608653,0.051130776794493606,-0.016718370467056334,0.15046543949492497,0.02347327982309114,0.01699681821609266,0.0
PROXY,2,0,MATCH_CORE_VOL,ALL,0.9305067568994722,5085,1017,20.216290212183434,0.15289927618671803,0.1626335241414152,0.1999457159240638,0.14276197433702326,0.7283863962760765,1.016707850589558,0.31333068636911304,0.4879805357034135,758,False,758,0.9153387905884073,0.08466120941159272,0.9147907015154456,0.1277821155783792,0.0,0.04021995547386925,0.05935426486951861,0.1553588987217306,0.024582104228121928,0.017755392529843792,0.20164943665436746,0.41002949852507375,0.010656808214535062,0.6017699115044248,0.6017699115044248,0.6116027531956736,0.6116027531956736,0.07669616519174041,0.051130776794493606,-0.016749579790538573,0.15120225029373507,0.02990121646930321,0.01786386993059552,0.0
PROXY,2,0,CORE_VOL,GFC,2.077681739870166,755,150,2.9924709103353866,0.052395686057920686,0.0751970498453093,0.2198352841296616,0.15775495183109503,0.24945112643167555,0.3464349487631254,0.12684449971097872,0.41307022517576064,545,True,48,0.8544356016019129,0.1455643983980871,0.7428002981045629,1.6140801028936955,0.0,0.05230583222826535,0.0714241173412528,0.20666666666666667,0.05333333333333334,0.021772774943628934,0.2205682515780554,0.6266666666666667,0.009233719928832472,0.8333333333333334,0.8333333333333334,0.8666666666666667,0.8666666666666667,0.1,0.05333333333333334,-0.10538520198840011,0.18485369555579179,0.03751074200851234,0.020267049506763862,0.0
PROXY,2,0,MATCH_CORE_VOL,GFC,1.176240132760254,755,150,2.9924709103353866,0.02966282445582087,0.060464304512432544,0.24988468263927152,0.17970417589103183,0.1605229048543012,0.22263622952522225,0.06423896337255745,0.46175752064661546,545,True,46,0.8544356015976672,0.14556439840233282,0.8542635482577468,0.17618431860324432,0.0,0.05041140713483405,0.08551240879737715,0.2,0.05333333333333334,0.023381818944008335,0.2490688861139014,0.6,0.010489076812203074,0.7533333333333333,0.7533333333333333,0.7733333333333333,0.7733333333333333,0.10666666666666667,0.05333333333333334,-0.1055839296447493,0.18513661807055187,0.04632972208044434,0.02160147647280981,0.0
PROXY,2,0,CORE_VOL,2011,0.4550838711080119,251,49,0.9883641341546886,0.011923606732643316,0.028570979200701403,0.18342065683544262,0.13592446657547794,0.1527963662042709,0.20616270856076696,0.09332278014996014,0.12776737591275467,110,True,59,0.8976718945276353,0.1023281054723647,0.8341475203219448,1.6963225322707116,0.0,0.0409425385310106,0.045131642810591004,0.1836734693877551,0.0,0.01995369248077699,0.19250823189835,0.5102040816326531,0.008600173540123915,0.8163265306122449,0.8163265306122449,0.8367346938775511,0.8367346938775511,0.12244897959183673,0.04081632653061224,0.1034786829428052,0.16711080886052085,0.02647800373976565,0.017971381561100508,0.0
PROXY,2,0,MATCH_CORE_VOL,2011,0.9751763805401291,251,49,0.9883641341546886,0.025550498259173122,0.04420659037044484,0.19588532739347697,0.14382763773294474,0.2228930924958754,0.3035362087713138,0.18648175536513914,0.13701339420118697,110,True,55,0.8976718945347678,0.10232810546523219,0.8974062848021765,0.10840725491637242,0.0,0.04664134498696837,0.04850291260006608,0.20408163265306123,0.02040816326530612,0.020573116804136423,0.20427218123405658,0.46938775510204084,0.009337626622545267,0.6530612244897959,0.6530612244897959,0.7142857142857143,0.7142857142857143,0.10204081632653061,0.04081632653061224,0.10348053546785321,0.16863187080614614,0.03304142566741531,0.0187519349764343,0.0
PROXY,2,0,CORE_VOL,2015_2016,0.7692194677130761,503,100,1.9931553730321698,0.06683395182549043,0.08043389005746007,0.17716500598405396,0.13182993130977874,0.44386571726196855,0.5962998111523108,0.3841892513593961,0.17396101423714616,264,False,264,0.9498805381437538,0.05011946185624616,0.9196486085088552,1.595383951942804,0.0,0.03670580900040332,0.04957678258005156,0.15,0.01,0.015345971260345058,0.18654029339129627,0.24,0.016902807160237513,0.51,0.51,0.53,0.53,0.06,0.07,-0.19151575619865763,0.13119282106544414,0.016587663960041465,0.015317395794523696,0.0
PROXY,2,0,MATCH_CORE_VOL,2015_2016,0.9569681510474423,503,100,1.9931553730321698,0.08314657388454207,0.09630859599188797,0.18126222177597417,0.13386448120617556,0.5214107378819481,0.7057866784073833,0.5036522661493309,0.16508726252785177,72,False,182,0.9498805381372646,0.050119461862735415,0.9486405228702363,0.04197568000300901,0.0,0.036410140332919116,0.05238698486488789,0.13,0.02,0.015605069544269217,0.1893852789858322,0.24,0.017186831280316988,0.43,0.43,0.45,0.45,0.07,0.07,-0.1915224389843801,0.13156467967854207,0.022015133224979187,0.01605565249346632,0.0
PROXY,2,0,CORE_VOL,2018Q4,,62,12,0.24914442162902123,-0.4783356643138544,-0.6261208994093567,0.25414400380332736,0.20766946852580462,-2.556032718645568,-3.11512696012894,-2.5374644111567606,0.18850930961265944,62,True,0,0.7984117668429912,0.2015882331570088,0.7831111792276961,2.7146779898961837,0.0,0.039332125873710044,0.039332125873710044,0.5833333333333334,0.0,0.03386458033398621,0.24235034692842067,0.9166666666666666,0.011458813327779477,0.9166666666666666,0.9166666666666666,0.9166666666666666,0.9166666666666666,0.25,0.08333333333333333,-0.23412941765683049,0.19432693151759362,0.043697856239889345,0.021033047610579683,0.0
PROXY,2,0,MATCH_CORE_VOL,2018Q4,,62,12,0.24914442162902123,-0.4474057513517482,-0.5670016305968302,0.2579266965412714,0.2070893446496348,-2.2893466996657263,-2.8395411752667443,-2.4940759918922013,0.17938737745208444,62,True,0,0.7984117668368118,0.2015882331631882,0.7974744719027782,0.24323020335961085,0.0,0.0376106007014414,0.0376106007014414,0.5833333333333334,0.0,0.0335666870952876,0.24159721290603178,0.8333333333333334,0.011182775765602082,0.9166666666666666,0.9166666666666666,0.9166666666666666,0.9166666666666666,0.25,0.08333333333333333,-0.2354972942807799,0.19345611483484393,0.04784985346716846,0.021462945031288722,0.0
PROXY,2,0,CORE_VOL,COVID,-0.20553288929141317,92,17,0.3613963039014374,-0.018779558467231214,0.02985555851554321,0.31232936223441116,0.23573775776954148,0.08378447362576415,0.11091415639160279,-0.08478934026595585,0.2214848990253493,77,False,77,0.7529699787771379,0.2470300212228621,0.7311029385355965,2.7592013760874794,0.0,0.06725007057394206,0.06725007057394206,0.17647058823529413,0.17647058823529413,0.03001746520522685,0.3535771707057459,0.7647058823529411,0.024100594652443578,1.0,1.0,1.0,1.0,0.17647058823529413,0.058823529411764705,-0.08999293756004532,0.2297520887041815,0.08095299979942364,0.027485291896392892,0.0
PROXY,2,0,MATCH_CORE_VOL,COVID,0.8944122893076872,92,17,0.3613963039014374,0.08172253082594878,0.12771537820925197,0.3165298109664472,0.23486567712370715,0.3917150094483107,0.5275057601848407,0.38299118809919475,0.21337966346312554,72,False,72,0.7529699787782825,0.24703002122171747,0.7510015626488508,0.35470658477917955,0.0,0.0751052840620351,0.0751052840620351,0.17647058823529413,0.11764705882352941,0.030502348479756494,0.38818799005313875,0.7058823529411765,0.02563133725399204,0.9411764705882353,0.9411764705882353,0.9411764705882353,0.9411764705882353,0.17647058823529413,0.058823529411764705,-0.09050572775776908,0.22969753755754652,0.0899601695536173,0.02980427259864951,0.0
PROXY,2,0,CORE_VOL,2022,,250,50,0.9883641341546886,-0.2962689860190453,-0.3187819892676549,0.24944284185669105,0.18826769203291194,-1.3577522279483412,-1.7924418881136597,-0.9371883241885617,0.31612534895327626,249,True,0,0.7791229651209726,0.22087703487902743,0.7719330308961663,2.0675003921178527,0.0,0.06071937093353763,0.0706325966601884,0.42,0.1,0.030280783106364,0.23020455312003105,0.9,0.00829639273506126,1.0,1.0,1.0,1.0,0.26,0.12,-0.41306901772278065,0.20486032862551076,0.049896022865894236,0.02228295900355378,0.0
PROXY,2,0,MATCH_CORE_VOL,2022,,250,50,0.9883641341546886,-0.26517641111501694,-0.27541692708970283,0.2509166754274579,0.18639132674122433,-1.1769305454375352,-1.5785711699790606,-0.9178172766822079,0.2889207011591629,249,True,0,0.7791229651148008,0.22087703488519916,0.7785874395452567,0.3094692460009292,0.0,0.056944734924130436,0.07036205237802814,0.38,0.08,0.030008579511980084,0.23261618168216988,0.88,0.008434855203910782,0.98,0.98,0.98,0.98,0.28,0.12,-0.41313465451276055,0.2047336542587959,0.05259598116386335,0.022596999182105237,0.0
PROXY,2,0,CORE_VOL,2023_PLUS,0.8884873695666559,914,182,3.6440793976728267,0.2772982250715724,0.26175122967209513,0.17743476572045638,0.12142617974257897,1.2095985059906191,1.7467630341970188,1.3444453252616644,0.20625474302393287,90,False,116,0.9163465455494094,0.08365345445059058,0.8674922362398982,2.0244878713018726,0.0,0.028960830156029682,0.03869152835884458,0.13736263736263737,0.005494505494505495,0.015707431128856895,0.17569622513307903,0.43956043956043955,0.008577104592184472,0.8846153846153846,0.8846153846153846,0.8681318681318682,0.8681318681318682,0.04945054945054945,0.03296703296703297,0.19840196632147958,0.15645161265387525,0.0237780849265196,0.017352288903561126,0.0
PROXY,2,0,MATCH_CORE_VOL,2023_PLUS,0.9265856869659654,914,182,3.6440793976728267,0.28918876640610447,0.2726234973895037,0.1861067439044428,0.12588410451486984,1.211649127895857,1.7714100310471943,1.2972020605803616,0.22293270662607712,88,False,88,0.916346545545201,0.08365345445479899,0.9152567889809513,0.07604189118201643,0.0,0.02948277535737842,0.038793880725845185,0.14835164835164835,0.005494505494505495,0.01594806214763091,0.1835322733256027,0.42857142857142855,0.009451460188877749,0.7857142857142857,0.7857142857142857,0.7527472527472527,0.7527472527472527,0.038461538461538464,0.03296703296703297,0.19839461736182182,0.15653433174637998,0.02729192967254526,0.017805633664759398,0.0
PROXY,2,0,CORE_VOL,2024_PLUS,0.8818544865922638,664,132,2.647501711156742,0.21201628489108176,0.20983104639471137,0.1819788070672697,0.12837944881975938,0.9059800790501507,1.2707887478313284,1.0279341060606808,0.20625474302393276,90,False,116,0.9137627991257439,0.08623720087425613,0.8568433370089561,2.136175157625253,0.0,0.031057188322090812,0.039770721271680486,0.14393939393939395,0.007575757575757576,0.01613366691107364,0.18123024457993758,0.4621212121212121,0.009442052415248562,0.8636363636363636,0.8636363636363636,0.8484848484848485,0.8484848484848485,0.05303030303030303,0.030303030303030304,0.21992146942984536,0.1567462702304831,0.024359105779792802,0.017430359683596405,0.0
PROXY,2,0,MATCH_CORE_VOL,2024_PLUS,0.930929829134335,664,132,2.647501711156742,0.2238150248915258,0.2215236557326308,0.19256022359012556,0.13370618042935517,0.916906394158413,1.307493034048841,1.0065586118908567,0.22235667376694657,88,False,88,0.9137627991329286,0.08623720086707143,0.912343772565424,0.07899657233195943,0.0,0.029674313919905937,0.04083459891046725,0.1590909090909091,0.007575757575757576,0.016455492125450367,0.19065877229130754,0.45454545454545453,0.010460097264011318,0.7575757575757576,0.7575757575757576,0.7348484848484849,0.7348484848484849,0.045454545454545456,0.030303030303030304,0.22003217301856243,0.15703333738972566,0.028539471391168185,0.017980769343835468,0.0
PROXY,2,0,CORE_VOL,EX_MAJOR_SHOCKS,0.9108482471665573,3982,794,15.824777549623546,0.2126567867208156,0.2068182267344635,0.1649784500085181,0.11662161895810541,1.154013426475854,1.6253669778444202,1.0310394980644875,0.20625474302393287,90,False,264,0.9391780030979687,0.06082199690203127,0.8872451331554938,1.5545381749052072,0.0,0.032930781789981545,0.04389993045505513,0.1309823677581864,0.007556675062972292,0.014863090361406121,0.16663856829478765,0.33123425692695213,0.00950541443538364,0.6410579345088161,0.6410579345088161,0.6612090680100756,0.6612090680100756,0.05919395465994962,0.04534005037783375,0.03420453372330016,0.1388544193629907,0.01795202875307087,0.015824000651282387,0.0
PROXY,2,0,MATCH_CORE_VOL,EX_MAJOR_SHOCKS,0.9423594165848528,3982,794,15.824777549623546,0.22001373564744026,0.21428861521502793,0.17333170765162711,0.12185285779813475,1.1415054594691454,1.6170035470951125,0.9646003648245288,0.22808796644760043,88,False,182,0.9391780030983862,0.06082199690161383,0.9386115089311652,0.11257214558671663,0.0,0.032950064336886964,0.04615432675973648,0.13476070528967254,0.012594458438287154,0.015233005189592017,0.17425602716676658,0.33123425692695213,0.009925937833527841,0.5667506297229219,0.5667506297229219,0.5869017632241813,0.5869017632241813,0.05793450881612091,0.04534005037783375,0.034170606952023126,0.13965801983527762,0.022415921299888206,0.016349454806318275,0.0
PROXY,2,1,BUYHOLD,ALL,1.0,5085,1017,20.216290212183434,0.16431252783479386,0.17642495099063973,0.218568606972182,0.15605584868944067,0.7294220052716922,1.0184648569815726,0.31429239081912697,0.5228014824239081,761,False,761,1.0,0.0,0.9999992811192698,0.04955256686720708,4.955256686720709e-06,0.043970114711044284,0.06487499783361454,0.1710914454277286,0.035398230088495575,0.019395550782673642,0.2205113638485607,0.48475909537856443,0.011695530097286862,0.6941986234021632,0.6941986234021632,0.7138643067846607,0.7138643067846607,0.09537856440511308,0.051130776794493606,-0.016768796580952178,0.1670813615631434,0.03680728111829745,0.019518239036338165,5.759005155009378e-06
PROXY,2,1,BUYHOLD,GFC,1.0,755,150,2.9924709103353866,0.025218340736438357,0.06774886567588986,0.2925071856818413,0.2104392152153282,0.16203560161027578,0.2247300531716872,0.04823693425564996,0.5228014824239073,545,True,46,1.0,0.0,1.0,0.0,0.0,0.059115778573202715,0.10014778055536615,0.24666666666666667,0.06666666666666667,0.02733019600753765,0.2918710462768896,0.7133333333333334,0.012347339726251244,0.84,0.84,0.8666666666666667,0.8666666666666667,0.12666666666666668,0.05333333333333334,-0.105250647799568,0.21470901503386874,0.06335484058523953,0.025286748797256797,-6.002143226879753e-16
PROXY,2,1,BUYHOLD,2011,1.0,251,49,0.9883641341546886,0.026200899415773467,0.04947803757043531,0.21827885348449502,0.16021662664652125,0.22417623299426387,0.30538848041852146,0.17265884302600043,0.1517495365808047,110,True,55,1.0,0.0,0.999999999999999,0.0,0.0,0.05197518304432003,0.05404868071514615,0.22448979591836735,0.061224489795918366,0.022898978412690996,0.22771534475468577,0.5714285714285714,0.010450002288977758,0.8163265306122449,0.8163265306122449,0.8367346938775511,0.8367346938775511,0.12244897959183673,0.04081632653061224,0.10347902308432347,0.18912171120053511,0.04290313879531104,0.02089576261053071,3.247402347028583e-15
PROXY,2,1,BUYHOLD,2015_2016,1.0,503,100,1.9931553730321698,0.08688541389129172,0.101598902325152,0.19107510807991773,0.1410340588607214,0.5223200976284127,0.7074178493787076,0.5005900764226736,0.17356599338163858,72,False,182,1.0,0.0,1.0,0.0,0.0,0.03833684509840052,0.05515760767532589,0.15,0.03,0.016424315172719854,0.19986882387989005,0.28,0.018187735924045427,0.51,0.51,0.53,0.53,0.07,0.07,-0.19152243735815258,0.14080401549120608,0.024967887053500937,0.01690410283171744,9.159339953157541e-16
PROXY,2,1,BUYHOLD,2018Q4,1.0,62,12,0.24914442162902123,-0.5289552733768629,-0.7093384933401207,0.3234242070099197,0.25939958578426203,-2.265817449156328,-2.81571283884613,-2.389026817307686,0.22141035401727682,62,True,0,1.0,0.0,0.9999999999999992,0.0,0.0,0.04710852074981309,0.04710852074981309,0.6666666666666666,0.0,0.04197157416825531,0.30316267881009623,1.0,0.014143163523682542,0.9166666666666666,0.9166666666666666,0.9166666666666666,0.9166666666666666,0.4166666666666667,0.08333333333333333,-0.23450234000806458,0.231178316946832,0.07847823379612098,0.02681751956247905,-3.3306690738754696e-16
PROXY,2,1,BUYHOLD,COVID,1.0,92,17,0.3613963039014374,0.09137008939044075,0.1753467348145761,0.421459891305733,0.31225864280546695,0.4072017807212364,0.5492818162876384,0.331493840036734,0.2756313341458041,72,False,72,1.0,0.0,1.0,0.0,0.0,0.09990714515177934,0.09990714515177934,0.17647058823529413,0.17647058823529413,0.04031444375716097,0.516777886314154,0.9411764705882353,0.03436356214971959,1.0,1.0,1.0,1.0,0.17647058823529413,0.058823529411764705,-0.08988924566902042,0.2690595422360169,0.1315328748935911,0.03962841345884243,-3.747002708109903e-15
PROXY,2,1,BUYHOLD,2022,1.0,250,50,0.9883641341546886,-0.3376954837308447,-0.35839987569999626,0.3222645326642969,0.23937477070898186,-1.173859335154968,-1.5758387877152413,-0.931564044931449,0.362503775846882,249,True,0,1.0,0.0,0.9999999999999993,0.0,0.0,0.07311428921612784,0.09029284215024562,0.42,0.18,0.03845406535392946,0.2988113304918428,1.0,0.010897375741798034,1.0,1.0,1.0,1.0,0.34,0.12,-0.4132421417272074,0.24549340957610555,0.08814750822574657,0.028986342466916608,-3.3306690738754696e-16
PROXY,2,1,BUYHOLD,2023_PLUS,1.0,914,182,3.6440793976728267,0.3121014823281272,0.2936883949771265,0.2033373430132939,0.13757504899913217,1.2125654174070173,1.7739590568963972,1.2911994335381523,0.24171438913422139,88,False,88,1.0,0.0,0.9999999999999996,0.0,0.0,0.03231375271352144,0.04242368437165069,0.14835164835164835,0.01098901098901099,0.017429276532841525,0.20046904777676422,0.5384615384615384,0.010355440709553273,0.8846153846153846,0.8846153846153846,0.8681318681318682,0.8681318681318682,0.07142857142857142,0.03296703296703297,0.19813583262487414,0.17298486633316632,0.034812256567688424,0.01943294080798603,6.661338147750939e-16
PROXY,2,1,BUYHOLD,2024_PLUS,1.0,664,132,2.647501711156742,0.24042094031904557,0.23880152835991594,0.21105986652058015,0.14654533927785862,0.9183970246215702,1.3108075233404548,0.9946488547090282,0.24171438913422127,88,False,88,1.0,0.0,0.9999999999999999,0.0,0.0,0.032575047323825435,0.044772567572441295,0.1590909090909091,0.015151515151515152,0.018033850788789184,0.2088990736935231,0.5378787878787878,0.011498873965450468,0.8636363636363636,0.8636363636363636,0.8484848484848485,0.8484848484848485,0.08333333333333333,0.030303030303030304,0.2196935043360978,0.17378525659630387,0.0363223099267751,0.019678734535195936,6.106226635438361e-16
PROXY,2,1,BUYHOLD,EX_MAJOR_SHOCKS,1.0,3982,794,15.824777549623546,0.23346335473777768,0.2273140689457206,0.18466760888079417,0.12981664298028506,1.1419654367079353,1.6181356981872168,0.965864529513541,0.24171438913422139,88,False,182,1.0,0.0,0.9999987516978373,0.06327845367145857,6.327845367145857e-06,0.03508812525642391,0.04916518268611654,0.14105793450881612,0.0163727959697733,0.01622233120656991,0.18570093132026308,0.3979848866498741,0.01060962371445664,0.6410579345088161,0.6410579345088161,0.6612090680100756,0.6612090680100756,0.07178841309823678,0.04534005037783375,0.03412382042521318,0.1509806010187138,0.026582345972773747,0.017409781380880805,7.79414167914605e-06
PROXY,2,1,VOL,ALL,0.8625203897465131,5085,1017,20.216290212183434,0.1417229055483012,0.14453467136556933,0.15282406708905907,0.10976075321651178,0.8345280367747078,1.1563761997004576,0.4816977607254908,0.294215412865633,542,False,542,0.8305784245177552,0.1694215754822448,0.6522882381163868,3.1785554097671302,0.00031785554097671305,0.03231375271352155,0.043386053387277745,0.12291052114060963,0.010816125860373648,0.0144434428092876,0.15381787478058936,0.23008849557522124,0.008411284054018022,0.688298918387414,0.688298918387414,0.7138643067846607,0.7138643067846607,0.05604719764011799,0.051130776794493606,-0.016630555080613573,0.1252380478868912,0.010084353282156327,0.014475397395847151,0.0003622865897719707
PROXY,2,1,MATCH_VOL,ALL,0.8594405720329362,5085,1017,20.216290212183434,0.141216852914513,0.14885903963532632,0.18132706015704367,0.12946324043722396,0.7272149575627461,1.0147604174962337,0.3129558172699086,0.45123574997399896,753,False,753,0.8305784245243368,0.16942157547566317,0.8295936124903606,0.1907693001111719,1.9076930011117195e-05,0.036466365497824005,0.05382841239727505,0.14355948869223206,0.01966568338249754,0.01611099777845736,0.1828066766600768,0.33136676499508355,0.009627026259985886,0.4916420845624385,0.4916420845624385,0.5024582104228122,0.5024582104228122,0.06784660766961652,0.051130776794493606,-0.016727709974717855,0.13399521248161902,0.02346024387531392,0.016207837769465747,2.1730700888844545e-05
PROXY,2,1,VOL,GFC,2.896943124855654,755,150,2.9924709103353866,0.07305609881669237,0.08275136106405417,0.15690629214615695,0.11235175467032105,0.39755181946574675,0.5520689442848178,0.24830819740247906,0.29421541286563657,542,False,542,0.7087982018128336,0.2912017981871664,0.4846254993445606,3.188684462457685,0.0003188684462457685,0.030379697966917085,0.04837651298691513,0.14666666666666667,0.02,0.01612647867196402,0.15947872238246508,0.32,0.00658566545752744,0.8266666666666667,0.8266666666666667,0.8666666666666667,0.8666666666666667,0.04666666666666667,0.05333333333333334,-0.10557353014064629,0.136164475481538,0.010593040960224051,0.015247350216270921,0.0003426277084902507
PROXY,2,1,MATCH_VOL,GFC,1.280970947970894,755,150,2.9924709103353866,0.03230396183940845,0.05325714959529037,0.20727964676897054,0.14899049908262701,0.15874844014910577,0.22016819950283822,0.08178615491157419,0.39498081153631626,545,True,43,0.7087982018195699,0.2912017981804301,0.70855666503324,0.29174885487124425,2.917488548712443e-05,0.04170581018330766,0.07087453526769809,0.14666666666666667,0.04666666666666667,0.019414033811218395,0.2063737571956239,0.4266666666666667,0.00865444866674236,0.5733333333333334,0.5733333333333334,0.5933333333333334,0.5933333333333334,0.09333333333333334,0.05333333333333334,-0.1060571472784406,0.15021173541600258,0.03042917190858456,0.017915396776839315,3.015364558812267e-05
PROXY,2,1,VOL,2011,-0.15567725925973225,251,49,0.9883641341546886,-0.004078884211187533,0.007553825645956743,0.15244867756684935,0.11441561283170872,0.04597674448347214,0.061249973828401735,-0.03689109572962009,0.11056554787860562,218,True,13,0.7950394632932227,0.20496053670677727,0.6681944791467199,3.424978764712281,0.0003424978764712281,0.03275943341909804,0.040852344116758,0.14285714285714285,0.0,0.016989075456287063,0.16092559479908808,0.24489795918367346,0.006915223340536249,0.8163265306122449,0.8163265306122449,0.8367346938775511,0.8367346938775511,0.08163265306122448,0.04081632653061224,0.10345432016533525,0.13454535640365575,0.010382357364287829,0.015047000511670296,0.00034380952447485855
PROXY,2,1,MATCH_VOL,2011,0.9319598514459642,251,49,0.9883641341546886,0.02441818632727489,0.03896323954029387,0.17343962628828768,0.12738952932500666,0.2215072710387285,0.30154423654416135,0.20005872800400823,0.12205509137689641,110,True,55,0.7950394632868438,0.20496053671315617,0.7945699097491203,0.19223233028153872,1.9223233028153874e-05,0.04129483471847717,0.04294384289289779,0.16326530612244897,0.0,0.018236347745972162,0.18079420416167133,0.3877551020408163,0.008232222403407333,0.4897959183673469,0.4897959183673469,0.5306122448979592,0.5306122448979592,0.10204081632653061,0.04081632653061224,0.10348158097550826,0.14611657368842948,0.02403161730667621,0.01660287944468246,1.9845600645575917e-05
PROXY,2,1,VOL,2015_2016,0.5331145935857442,503,100,1.9931553730321698,0.04631988211518516,0.059222118355062484,0.16659745950012442,0.1247727565173308,0.3446982930539856,0.46007732354739067,0.26562697633757726,0.1743794352284409,309,False,309,0.8996360108145655,0.10036398918543454,0.8391282882773454,3.2153362123921623,0.0003215336212392163,0.030911527921119064,0.04457426386304893,0.14,0.01,0.014261636612352677,0.17642912842688493,0.15,0.016074311214117492,0.51,0.51,0.53,0.53,0.04,0.07,-0.19151937249253925,0.11592097013861075,0.00787248051511446,0.013730688757329954,0.0003369710853410035
PROXY,2,1,MATCH_VOL,2015_2016,0.9130256758587428,503,100,1.9931553730321698,0.07932861374036322,0.09103263134191023,0.17145361549022392,0.12668824543769552,0.5204679417246633,0.704121110013526,0.5066837717844193,0.15656434675416342,72,False,182,0.8996360108135613,0.10036398918643874,0.897297682677103,0.07958519876233211,7.958519876233209e-06,0.034478900113369515,0.04960994355109334,0.11,0.02,0.014783349545084867,0.17893389810299737,0.23,0.01619443147061971,0.34,0.34,0.35,0.35,0.05,0.07,-0.19152179956065662,0.12252336279901713,0.019165428041067956,0.01520519394886545,8.60228995347434e-06
PROXY,2,1,VOL,2018Q4,,62,12,0.24914442162902123,-0.4240971204520133,-0.5406109524354242,0.188378202284074,0.15873305194217638,-2.9945476054675533,-3.5349115286598143,-2.735583645811563,0.1550298493344724,62,True,0,0.5977008103254727,0.40229918967452727,0.5679430787314386,5.494673307241765,0.0005494673307241765,0.039332125873710044,0.039332125873710044,0.3333333333333333,0.0,0.025744279887477822,0.18491443274148606,0.5,0.008968172424550676,0.9166666666666666,0.9166666666666666,0.9166666666666666,0.9166666666666666,0.08333333333333333,0.08333333333333333,-0.23348840660584905,0.13621440290391626,0.01266841759213447,0.015248575658680317,0.00031257404733042726
PROXY,2,1,MATCH_VOL,2018Q4,,62,12,0.24914442162902123,-0.3532211723574098,-0.4224996568730652,0.19286237586284127,0.15491872005148227,-2.312439035803211,-2.8629134321133414,-2.6023613401922057,0.13573102508943724,62,True,0,0.5977008103298611,0.4022991896701389,0.5962750707071677,0.3637418901103797,3.637418901103797e-05,0.02810745881997212,0.02810745881997212,0.25,0.0,0.025144049863565082,0.1805350270140693,0.5,0.008292027865608835,0.75,0.75,0.75,0.75,0.0,0.08333333333333333,-0.23715952453145187,0.14275275779442684,0.020761704267320984,0.016104995374244892,2.323256164388221e-05
PROXY,2,1,VOL,COVID,-1.4133188464103166,92,17,0.3613963039014374,-0.12913506933370522,-0.11279218202591319,0.2197282726327821,0.1714907557943986,-0.5297845149964787,-0.6780021772176351,-0.7829529011948007,0.16493338122464674,91,True,0,0.5038915276215049,0.4961084723784951,0.46081687552936657,5.714766953529258,0.0005714766953529256,0.049704342706291316,0.04970434270629131,0.17647058823529413,0.0,0.01949661501896062,0.2066316497810295,0.35294117647058826,0.014967454722249758,1.0,1.0,1.0,1.0,0.11764705882352941,0.058823529411764705,-0.09001106640681637,0.13980355015368937,0.014207668861369576,0.015342170333943361,0.0005029024153349604
PROXY,2,1,MATCH_VOL,COVID,0.6958562187247679,92,17,0.3613963039014374,0.06358044490777613,0.08321845599968464,0.2112817751215546,0.1569676464746557,0.3762475054037692,0.5058520477553344,0.43348518858131085,0.14667270435665658,66,False,66,0.5038915276245398,0.4961084723754602,0.5012298570734748,0.4750208050065534,4.750208050065537e-05,0.05015264156003585,0.05015264156003585,0.17647058823529413,0.058823529411764705,0.020505141104942646,0.2591765453480036,0.47058823529411764,0.016992030523814452,0.7058823529411765,0.7058823529411765,0.7058823529411765,0.7058823529411765,0.11764705882352941,0.058823529411764705,-0.09173242000071535,0.16695690821609768,0.045146640694186134,0.019919683610898527,5.1038432897443364e-05
PROXY,2,1,VOL,2022,,250,50,0.9883641341546886,-0.2566822464143064,-0.2793195697520008,0.17923680422971403,0.13942295044047381,-1.6694745837834315,-2.1359659636986654,-0.9503787059085076,0.27008417257090467,249,True,0,0.558335257216708,0.44166474278329204,0.5444512137097892,4.172036187336865,0.00041720361873368657,0.05131658541188089,0.05534805127644069,0.28,0.08,0.022062996141160474,0.16384227265496407,0.4,0.005828036853483164,1.0,1.0,1.0,1.0,0.18,0.12,-0.41253855101009085,0.13965910829926004,0.01483221554058705,0.015579575540190944,0.00031134290676831933
PROXY,2,1,MATCH_VOL,2022,,250,50,0.9883641341546886,-0.18871545342131618,-0.19218202338629495,0.17970294568948184,0.13341417037625913,-1.1801618090390567,-1.5815171527699772,-0.8975672939875405,0.21025215010111076,249,True,0,0.5583352572169363,0.44166474278306367,0.5575748484985504,0.4421114892194713,4.421114892194714e-05,0.0407607758582027,0.05041236451224722,0.3,0.02,0.021513747916044615,0.16657051287953925,0.42,0.006008052030106577,0.78,0.78,0.72,0.72,0.12,0.12,-0.4129410054685944,0.1445403800088586,0.020143940419133498,0.016201483473769568,3.600289545099833e-05
PROXY,2,1,VOL,2023_PLUS,0.7758014535617767,914,182,3.6440793976728267,0.24212878364894622,0.22987601325600948,0.15447591652341752,0.106841319950773,1.1830486585268645,1.687405125496729,1.4253857008521065,0.16986895792780843,98,False,122,0.8326415754133469,0.16735842458665307,0.7362346781000981,4.056469677506098,0.00040564696775060986,0.026547970429686374,0.03600732696224163,0.1043956043956044,0.0,0.013984061152775793,0.15372995333739042,0.25274725274725274,0.007000599527662862,0.8846153846153846,0.8846153846153846,0.8681318681318682,0.8681318681318682,0.04395604395604396,0.03296703296703297,0.19878336190549753,0.1341673819676524,0.012960818784965702,0.015271636999136216,0.0005016072820288875
PROXY,2,1,MATCH_VOL,2023_PLUS,0.853477859666039,914,182,3.6440793976728267,0.26637170513600805,0.25161933065996467,0.16891006953835336,0.11419879739661254,1.210663391863086,1.7687877508432537,1.306996992644136,0.20380437494130843,87,False,87,0.8326415754144058,0.16735842458559425,0.8306734029011608,0.13831702910672297,1.3831702910672302e-05,0.02665902617279281,0.03516281548092329,0.13736263736263737,0.005494505494505495,0.01446496750694203,0.1666184678372556,0.29120879120879123,0.00855450395424663,0.6043956043956044,0.6043956043956044,0.6043956043956044,0.6043956043956044,0.03296703296703297,0.03296703296703297,0.1987053551328011,0.13867144895718142,0.020569213913081346,0.016177560264124567,1.7434028828922088e-05
PROXY,2,1,VOL,2024_PLUS,0.7606792367687513,664,132,2.647501711156742,0.1828832173851171,0.18102934252541594,0.15624090038303473,0.11198117288599285,0.8709097731445957,1.200400866463066,1.076613523836647,0.16986895792780854,98,False,122,0.8275020995622747,0.17249790043772528,0.715327276004374,4.279722917780039,0.00042797229177800387,0.028381493187847995,0.0362677574136153,0.11363636363636363,0.0,0.014232249705283563,0.15681860106409173,0.2727272727272727,0.007618967931993094,0.8636363636363636,0.8636363636363636,0.8484848484848485,0.8484848484848485,0.045454545454545456,0.030303030303030304,0.22026853140786573,0.13307255552275227,0.012674654560101252,0.015181984831996866,0.0005039471515389249
PROXY,2,1,MATCH_VOL,2024_PLUS,0.8615155870231154,664,132,2.647501711156742,0.20712638753161192,0.20434310982569612,0.17411722297381838,0.12088093651761754,0.9153609461122916,1.3041319832928095,1.0221596452722668,0.2026360446625154,87,False,87,0.8275020995602224,0.17249790043977764,0.8249476739715975,0.1431595697283547,1.4315956972835468e-05,0.026773003919966176,0.03689619278323936,0.14393939393939395,0.007575757575757576,0.01487576601413648,0.17245985580555584,0.3333333333333333,0.00943079712022262,0.5984848484848485,0.5984848484848485,0.5909090909090909,0.5909090909090909,0.03787878787878788,0.030303030303030304,0.22044213785161068,0.13869605364938165,0.021570072306694728,0.016282437667187483,1.7199174759618963e-05
PROXY,2,1,VOL,EX_MAJOR_SHOCKS,0.8186753849045674,3982,794,15.824777549623546,0.1911307018010617,0.1862356524205481,0.1481885884489612,0.1053147915635254,1.1458661557965601,1.6045767850171415,1.096062167827739,0.1743794352284409,309,False,309,0.8782847821984802,0.12171521780151984,0.7748588553290566,3.05733970818537,0.00030573397081853703,0.030636826952464946,0.03987953856654136,0.1070528967254408,0.003778337531486146,0.013499948749802631,0.15042430002805235,0.19899244332493704,0.008635883005508835,0.6360201511335013,0.6360201511335013,0.6612090680100756,0.6612090680100756,0.04785894206549118,0.04534005037783375,0.034317099216963264,0.12191925738047775,0.009591789442740497,0.014238219921683967,0.00036369445101014364
PROXY,2,1,MATCH_VOL,EX_MAJOR_SHOCKS,0.8846949824163451,3982,794,15.824777549623546,0.20654385851459917,0.20125469106463065,0.16199722255994436,0.11388522286602339,1.1409192645566564,1.6156947686096956,0.9639423563094678,0.21426992720329174,87,False,182,0.878284782199235,0.121715217800765,0.8772286084477287,0.15502684046586396,1.550268404658639e-05,0.030810082804223593,0.0431406044138389,0.11964735516372796,0.007556675062972292,0.014241907607096416,0.1628198829652364,0.2795969773299748,0.009247084311725454,0.4748110831234257,0.4748110831234257,0.4811083123425693,0.4811083123425693,0.04785894206549118,0.04534005037783375,0.03422227719224372,0.12763828439819203,0.018460666740028844,0.015288041938882922,1.867769812854969e-05
PROXY,2,1,CORE_VOL,ALL,0.9375886916583751,5085,1017,20.216290212183434,0.15405756799570472,0.1603226328540185,0.1826542269878986,0.1307480952390845,0.7846786680814682,1.0919336405076205,0.37283858439776446,0.4132017834059464,615,False,615,0.9153387905884012,0.08466120941159883,0.8261834843023359,1.6097283402814937,0.0001609728340281494,0.0384345730123431,0.05294451173592544,0.15732546705998032,0.02261553588987217,0.0169316675377241,0.18382843211167618,0.4119960668633235,0.009847942971274776,0.6932153392330384,0.6932153392330384,0.7138643067846607,0.7138643067846607,0.0776794493608653,0.051130776794493606,-0.016717205503314195,0.15049498559819618,0.02347830336790133,0.01699681821609266,0.00018544123034608395
PROXY,2,1,MATCH_CORE_VOL,ALL,0.9304498806670688,5085,1017,20.216290212183434,0.15288457191598837,0.16262069683810038,0.19994549882944274,0.14276223182780304,0.7283230345234202,1.0166164785491052,0.31329592807783974,0.48798774007047907,758,False,758,0.9153387905884073,0.08466120941159272,0.9147897047987297,0.12777881131623778,1.2777881131623777e-05,0.040220141139813204,0.05935450043247525,0.1553588987217306,0.024582104228121928,0.017755449268975727,0.2016494366543675,0.41002949852507375,0.010656808214535062,0.6017699115044248,0.6017699115044248,0.6116027531956736,0.6116027531956736,0.07669616519174041,0.051130776794493606,-0.01675020368653344,0.15120565637274555,0.029901838960199222,0.01786386993059552,1.4704270729665181e-05
PROXY,2,1,CORE_VOL,GFC,2.07093849615123,755,150,2.9924709103353866,0.05222563264014895,0.0750355380865838,0.2198349201630116,0.15775955245281267,0.24871702663675602,0.3454047947468278,0.12639256348233188,0.4132017834059474,545,True,48,0.8544356016019129,0.1455643983980871,0.7427988719094324,1.6140744884587488,0.00016140744884587488,0.052307585235887855,0.0714274884817682,0.20666666666666667,0.05333333333333334,0.021773901285828186,0.2205682515780554,0.6266666666666667,0.009233719928832472,0.8333333333333334,0.8333333333333334,0.8666666666666667,0.8666666666666667,0.1,0.05333333333333334,-0.10538188188036218,0.18487570801819442,0.03751432623790303,0.020267049506763862,0.00017005341777173721
PROXY,2,1,MATCH_CORE_VOL,GFC,1.1755199247168475,755,150,2.9924709103353866,0.029644662003981824,0.06044658927158178,0.2498842780538793,0.17970461770556423,0.16045228511185186,0.2225373759417148,0.06419794445092582,0.46176964476865445,545,True,46,0.8544356015976671,0.14556439840233293,0.8542621649482129,0.1761840721619176,1.761840721619176e-05,0.05041181623143032,0.08551282872078267,0.2,0.05333333333333334,0.02338192139379702,0.2490688861139014,0.6,0.010489076812203077,0.7533333333333333,0.7533333333333333,0.7733333333333333,0.7733333333333333,0.10666666666666667,0.05333333333333334,-0.10558359402808143,0.18513661807055187,0.04632972208044434,0.02160147647280981,1.8162451839047467e-05
PROXY,2,1,CORE_VOL,2011,0.4484820869045074,251,49,0.9883641341546886,0.011750634048761173,0.028401352607885684,0.18342057266936038,0.13593190641067449,0.1518716521194853,0.2049037162533943,0.09195162344498232,0.12779148000352558,110,True,59,0.8976718945276353,0.1023281054723647,0.8341474720372191,1.6963237623504261,0.00016963237623504262,0.04094545181004994,0.045133387524928695,0.1836734693877551,0.0,0.019954462560005774,0.19250823189835,0.5102040816326531,0.008600173540123915,0.8163265306122449,0.8163265306122449,0.8367346938775511,0.8367346938775511,0.12244897959183673,0.04081632653061224,0.10346969197705995,0.16713744455484078,0.02647800373976565,0.017971381561100508,0.0001729726838821423
PROXY,2,1,MATCH_CORE_VOL,2011,0.9747487646982498,251,49,0.9883641341546886,0.025539294339508283,0.04419575033075073,0.19588532667542116,0.14382808983867051,0.22283775523822272,0.3034598954333086,0.18639890132464812,0.13701418923616338,110,True,55,0.8976718945347679,0.10232810546523208,0.8974062817224343,0.1084074261590255,1.0840742615902551e-05,0.04664153317576902,0.0485030374818022,0.20408163265306123,0.02040816326530612,0.02057319105361401,0.20427218123405658,0.46938775510204084,0.009337626622545267,0.6530612244897959,0.6530612244897959,0.7142857142857143,0.7142857142857143,0.10204081632653061,0.04081632653061224,0.10348010589052617,0.16864987069526052,0.03304142566741531,0.0187519349764343,1.1203919664838635e-05
PROXY,2,1,CORE_VOL,2015_2016,0.7672578830683532,503,100,1.9931553730321698,0.06666351873175017,0.08027368660889042,0.17716139393199623,0.13183335559911216,0.44297049843499875,0.5950695562598255,0.38318365830411305,0.17397276028625097,264,False,264,0.9498805381437538,0.05011946185624616,0.9196238637658062,1.5953747849214825,0.00015953747849214826,0.03671951799466122,0.049581509416096736,0.15,0.01,0.015347022978711076,0.18654029339129627,0.24,0.016902807160237513,0.51,0.51,0.53,0.53,0.06,0.07,-0.1915195955305656,0.13121094462533078,0.01659949928344745,0.015317395794523696,0.00017043309374026316
PROXY,2,1,MATCH_CORE_VOL,2015_2016,0.9569157467814641,503,100,1.9931553730321698,0.08314202071820201,0.09630438464151014,0.18126215085995412,0.1338645784141569,0.5213877086579417,0.7057547170349491,0.503623928108765,0.16508751089413343,72,False,182,0.9498805381372646,0.050119461862735415,0.9486401523047936,0.04197598320380549,4.197598320380549e-06,0.03641015343108989,0.05238705821992269,0.13,0.02,0.015605100654890923,0.1893852789858322,0.24,0.017186831280316985,0.43,0.43,0.45,0.45,0.07,0.07,-0.19152212002381475,0.13156467967854207,0.022015133224979187,0.01605565249346632,4.553166340057202e-06
PROXY,2,1,CORE_VOL,2018Q4,,62,12,0.24914442162902123,-0.47847549611884777,-0.6263899243853399,0.2541508026334186,0.207683869003216,-2.557022852125469,-3.11620165625597,-2.537541611510257,0.18855867976646723,62,True,0,0.7984117668429912,0.2015882331570088,0.7831341203766281,2.7147575834407998,0.00027147575834407994,0.039332125873710044,0.039332125873710044,0.5833333333333334,0.0,0.033867696497267924,0.24235034692842067,0.9166666666666666,0.011458813327779475,0.9166666666666666,0.9166666666666666,0.9166666666666666,0.9166666666666666,0.25,0.08333333333333333,-0.2341504535395074,0.19438753757819968,0.043697856239889345,0.021033047610579683,0.00013983180499338443
PROXY,2,1,MATCH_CORE_VOL,2018Q4,,62,12,0.24914442162902123,-0.447419023472586,-0.5670256986408144,0.25792743068680785,0.2070909641789378,-2.289433482152916,-2.8396347869076775,-2.4940906395571547,0.1793916453461486,62,True,0,0.798411766836812,0.20158823316318797,0.7974767371475616,0.24321987742598955,2.432198774259896e-05,0.03761110859742289,0.03761110859742289,0.5833333333333334,0.0,0.03356697665217173,0.24159721290603178,0.8333333333333334,0.011182775765602084,0.9166666666666666,0.9166666666666666,0.9166666666666666,0.9166666666666666,0.25,0.08333333333333333,-0.2354924170109873,0.19345611483484393,0.04784985346716846,0.021462945031288722,1.3272120837792833e-05
PROXY,2,1,CORE_VOL,COVID,-0.2085258059165174,92,17,0.3613963039014374,-0.019053021526805894,0.02957847002203175,0.3123254504676583,0.23574286351769094,0.0828986953585389,0.1097378153155312,-0.08601314814685149,0.22151289584560252,77,False,77,0.7529699787771379,0.2470300212228621,0.7310920860673702,2.7592196269454647,0.00027592196269454647,0.06725049866566779,0.06725049866566779,0.17647058823529413,0.17647058823529413,0.030018672754739305,0.3535771707057459,0.7647058823529411,0.024100594652443578,1.0,1.0,1.0,1.0,0.17647058823529413,0.058823529411764705,-0.08996872151296996,0.22976527487979503,0.0809659479679052,0.027485291896392892,0.0002734630595746801
PROXY,2,1,MATCH_CORE_VOL,COVID,0.8939880807832349,92,17,0.3613963039014374,0.08168377085515274,0.12767954291525696,0.3165286651814457,0.23486599149885784,0.391603257874247,0.5273526569479478,0.3828015432515705,0.2133841210809111,72,False,72,0.7529699787782825,0.24703002122171747,0.7509988530865378,0.3547084214710174,3.547084214710173e-05,0.07510663522636529,0.07510663522636529,0.17647058823529413,0.11764705882352941,0.030502456251572396,0.38818799005313875,0.7058823529411765,0.02563133725399204,0.9411764705882353,0.9411764705882353,0.9411764705882353,0.9411764705882353,0.17647058823529413,0.058823529411764705,-0.09049851475832144,0.22969753755754652,0.0899601695536173,0.02980427259864951,3.87599707960401e-05
PROXY,2,1,CORE_VOL,2022,,250,50,0.9883641341546886,-0.2964150119208101,-0.3189885269824289,0.24944247136748085,0.18827449484321102,-1.3585823670189197,-1.79347035101725,-0.9373601750251338,0.31622317633972685,249,True,0,0.7791229651209726,0.22087703487902743,0.7719322411273396,2.067494165123846,0.0002067494165123846,0.060730617240539186,0.07063833545357509,0.42,0.1,0.03028240561592002,0.23020455312003105,0.9,0.00829639273506126,1.0,1.0,1.0,1.0,0.26,0.12,-0.4129850297792897,0.2048921267955552,0.049908025747759745,0.02228295900355378,0.00014602590176482355
PROXY,2,1,MATCH_CORE_VOL,2022,,250,50,0.9883641341546886,-0.2651992359930922,-0.2754478927545605,0.2509164254090307,0.1863923838574018,-1.1770551465701096,-1.5787277749610282,-0.9178378646243035,0.288939088497559,249,True,0,0.7791229651148008,0.22087703488519916,0.7785866637305787,0.30946349211319846,3.094634921131985e-05,0.05694557763899677,0.07036229745815466,0.38,0.08,0.030008790580576292,0.23261618168216985,0.88,0.00843485520391078,0.98,0.98,0.98,0.98,0.28,0.12,-0.4131353326219395,0.20473755061570217,0.05259598116386335,0.022596999182105237,2.2824878075256017e-05
PROXY,2,1,CORE_VOL,2023_PLUS,0.8876628030500306,914,182,3.6440793976728267,0.277040876639455,0.2615487466622542,0.1774355826318738,0.12143415769321927,1.2084519535450584,1.7450015816055466,1.3430055790109452,0.206284233639209,90,False,116,0.9163465455494094,0.08365345445059058,0.8674961059791643,2.0244796508596097,0.00020244796508596098,0.028970613051635175,0.03869517013097697,0.13736263736263737,0.005494505494505495,0.01570896986678624,0.17569622513307903,0.43956043956043955,0.008577104592184472,0.8846153846153846,0.8846153846153846,0.8681318681318682,0.8681318681318682,0.04945054945054945,0.03296703296703297,0.19838469770650718,0.15648842075691075,0.023787642781526935,0.017352288903561126,0.0002573484321174435
PROXY,2,1,MATCH_CORE_VOL,2023_PLUS,0.9265544233819117,914,182,3.6440793976728267,0.2891790089951778,0.272615897441296,0.18610680590561343,0.1258843910832285,1.2116078923077915,1.7713463176536615,1.2971503907524402,0.22293406459017695,88,False,88,0.916346545545201,0.08365345445479899,0.9152570937091179,0.07604345658903848,7.604345658903848e-06,0.0294828468877516,0.03879407570396459,0.14835164835164835,0.005494505494505495,0.015948125655679563,0.1835322733256027,0.42857142857142855,0.009451460188877747,0.7857142857142857,0.7857142857142857,0.7527472527472527,0.7527472527472527,0.038461538461538464,0.03296703296703297,0.19839409472528083,0.15653534830613844,0.02729192967254526,0.017805633664759398,9.757410926680699e-06
PROXY,2,1,CORE_VOL,2024_PLUS,0.8807828210013434,664,132,2.647501711156742,0.21175863404200457,0.20961747263370778,0.18197983332915552,0.1283880682086411,0.9048016137808711,1.2690582832212758,1.0265381425725943,0.2062842336392089,90,False,116,0.9137627991257438,0.08623720087425624,0.8568481416589273,2.1361717162818232,0.00021361717162818233,0.031061194720296892,0.039774980750879006,0.14393939393939395,0.007575757575757576,0.016135403734082458,0.18123024457993758,0.4621212121212121,0.009442052415248562,0.8636363636363636,0.8636363636363636,0.8484848484848485,0.8484848484848485,0.05303030303030303,0.030303030303030304,0.21990322625676703,0.15678271695100987,0.024370882414151085,0.017430359683596405,0.0002576508490771956
PROXY,2,1,MATCH_CORE_VOL,2024_PLUS,0.9308898081559703,664,132,2.647501711156742,0.22380540301027432,0.2215157617131248,0.19256028299904054,0.1337064795112756,0.9168651217167978,1.3074316711700733,1.0065090193820414,0.222358070022743,88,False,88,0.9137627991329286,0.08623720086707143,0.912344053935984,0.07899772342755389,7.899772342755389e-06,0.029674341170905172,0.04083482623125355,0.1590909090909091,0.007575757575757576,0.0164555616526598,0.19065877229130754,0.45454545454545453,0.010460097264011318,0.7575757575757576,0.7575757575757576,0.7348484848484849,0.7348484848484849,0.045454545454545456,0.030303030303030304,0.22003165593279345,0.15703333738972566,0.028539471391168185,0.017980769343835468,9.621881251475894e-06
PROXY,2,1,CORE_VOL,EX_MAJOR_SHOCKS,0.9100724436721496,3982,794,15.824777549623546,0.21246856575410725,0.2066626363040841,0.16497825343258815,0.11662717414082312,1.1530717023115813,1.623961530785749,1.0299796644939654,0.206284233639209,90,False,264,0.9391780030979687,0.06082199690203127,0.8872432580275763,1.5545261847062852,0.0001554526184706285,0.032930781789981656,0.04390322419449076,0.1309823677581864,0.007556675062972292,0.014864173253875557,0.16663856829478765,0.33123425692695213,0.00950541443538364,0.6410579345088161,0.6410579345088161,0.6612090680100756,0.6612090680100756,0.05919395465994962,0.04534005037783375,0.03419910650463898,0.13888526597061088,0.01795675299451407,0.015824000651282387,0.0001882209667083412
PROXY,2,1,MATCH_CORE_VOL,EX_MAJOR_SHOCKS,0.942332137566278,3982,794,15.824777549623546,0.22000002211344427,0.21427731211878911,0.17333149032538098,0.12185304095594494,1.1414416682953017,1.6169087500015833,0.9645359853440441,0.2280889727872326,88,False,182,0.9391780030983862,0.06082199690161383,0.9386103248996639,0.11256755271946635,1.1256755271946635e-05,0.0329502079870464,0.046154443071809145,0.13476070528967254,0.012594458438287154,0.01523304467193365,0.17425602716676658,0.33123425692695213,0.009925937833527841,0.5667506297229219,0.5667506297229219,0.5869017632241813,0.5869017632241813,0.05793450881612091,0.04534005037783375,0.034169770861883136,0.1396604696127293,0.022416128752670916,0.016349454806318275,1.371353399598485e-05
PROXY,2,3,BUYHOLD,ALL,1.0,5085,1017,20.216290212183434,0.16430101163724678,0.17641496837826795,0.218568302017696,0.1560558486894407,0.7293773446392874,1.0184010923110671,0.3142703629597306,0.522801482423908,761,False,761,1.0,0.0,0.9999978437890075,0.04954265932609598,1.4862797797828791e-05,0.043970114711044506,0.06487499783361456,0.1710914454277286,0.035398230088495575,0.019395550782673642,0.2205113638485607,0.48475909537856443,0.011695530097286862,0.6941986234021632,0.6941986234021632,0.7138643067846607,0.7138643067846607,0.09537856440511308,0.051130776794493606,-0.016769833709179255,0.16708328957131816,0.03680728111829745,0.019518239036338165,1.7275202702088377e-05
PROXY,2,3,BUYHOLD,GFC,1.0,755,150,2.9924709103353866,0.025218340736438395,0.06774886567588989,0.29250718568184125,0.2104392152153281,0.16203560161027594,0.22473005317168743,0.04823693425565005,0.5228014824239071,545,True,46,1.0,0.0,0.9999999999999997,0.0,0.0,0.059115778573202604,0.10014778055536615,0.24666666666666667,0.06666666666666667,0.027330196007537638,0.2918710462768896,0.7133333333333334,0.012347339726251244,0.84,0.84,0.8666666666666667,0.8666666666666667,0.12666666666666668,0.05333333333333334,-0.1052506477995681,0.21470901503386874,0.06335484058523953,0.025286748797256797,-6.38378239159465e-16
PROXY,2,3,BUYHOLD,2011,1.0,251,49,0.9883641341546886,0.02620089941577722,0.049478037570439,0.21827885348449516,0.16021662664652123,0.22417623299428052,0.3053884804185445,0.17265884302602516,0.1517495365808047,110,True,55,1.0,0.0,0.9999999999999996,0.0,0.0,0.05197518304432014,0.05404868071514617,0.22448979591836735,0.061224489795918366,0.022898978412690996,0.22771534475468577,0.5714285714285714,0.010450002288977758,0.8163265306122449,0.8163265306122449,0.8367346938775511,0.8367346938775511,0.12244897959183673,0.04081632653061224,0.10347902308432169,0.18912171120053511,0.04290313879531104,0.02089576261053071,-5.065392549852277e-16
PROXY,2,3,BUYHOLD,2015_2016,1.0,503,100,1.9931553730321698,0.08688541389129291,0.1015989023251531,0.1910751080799178,0.14103405886072143,0.5223200976284182,0.7074178493787154,0.500590076422682,0.17356599338163803,72,False,182,1.0,0.0,1.0000000000000004,0.0,0.0,0.03833684509840041,0.05515760767532585,0.15,0.03,0.016424315172719868,0.19986882387989005,0.28,0.018187735924045427,0.51,0.51,0.53,0.53,0.07,0.07,-0.19152243735815347,0.14080401549120608,0.024967887053500937,0.01690410283171744,-2.7755575615628914e-16
PROXY,2,3,BUYHOLD,2018Q4,1.0,62,12,0.24914442162902123,-0.5289552733768625,-0.7093384933401202,0.3234242070099195,0.2593995857842619,-2.2658174491563283,-2.8157128388461303,-2.389026817307683,0.22141035401727693,62,True,0,1.0,0.0,0.9999999999999988,0.0,0.0,0.04710852074981309,0.04710852074981309,0.6666666666666666,0.0,0.04197157416825534,0.30316267881009623,1.0,0.014143163523682542,0.9166666666666666,0.9166666666666666,0.9166666666666666,0.9166666666666666,0.4166666666666667,0.08333333333333333,-0.23450234000806933,0.231178316946832,0.07847823379612098,0.02681751956247905,-6.661338147750939e-16
PROXY,2,3,BUYHOLD,COVID,1.0,92,17,0.3613963039014374,0.09137008939043718,0.17534673481457308,0.4214598913057332,0.3122586428054671,0.40720178072122903,0.5492818162876283,0.3314938400367205,0.27563133414580454,72,False,72,1.0,0.0,1.0,0.0,0.0,0.09990714515177934,0.09990714515177934,0.17647058823529413,0.17647058823529413,0.04031444375716097,0.516777886314154,0.9411764705882353,0.03436356214971959,1.0,1.0,1.0,1.0,0.17647058823529413,0.058823529411764705,-0.08988924566902042,0.2690595422360169,0.1315328748935911,0.03962841345884243,-1.8041124150158794e-16
PROXY,2,3,BUYHOLD,2022,1.0,250,50,0.9883641341546886,-0.3376954837308444,-0.3583998756999958,0.322264532664297,0.23937477070898197,-1.1738593351549662,-1.5758387877152389,-0.9315640449314485,0.36250377584688187,249,True,0,1.0,0.0,1.0000000000000002,0.0,0.0,0.07311428921612773,0.09029284215024555,0.42,0.18,0.03845406535392947,0.2988113304918428,1.0,0.010897375741798034,1.0,1.0,1.0,1.0,0.34,0.12,-0.4132421417272053,0.24549340957610555,0.08814750822574657,0.028986342466916608,-6.106226635438361e-16
PROXY,2,3,BUYHOLD,2023_PLUS,1.0,914,182,3.6440793976728267,0.3121014823281276,0.29368839497712684,0.20333734301329393,0.13757504899913217,1.2125654174070188,1.7739590568963992,1.2911994335381547,0.24171438913422127,88,False,88,1.0,0.0,0.9999999999999999,0.0,0.0,0.03231375271352144,0.04242368437165072,0.14835164835164835,0.01098901098901099,0.017429276532841518,0.20046904777676422,0.5384615384615384,0.010355440709553273,0.8846153846153846,0.8846153846153846,0.8681318681318682,0.8681318681318682,0.07142857142857142,0.03296703296703297,0.19813583262487366,0.17298486633316632,0.034812256567688424,0.01943294080798603,2.220446049250313e-16
PROXY,2,3,BUYHOLD,2024_PLUS,1.0,664,132,2.647501711156742,0.240420940319046,0.23880152835991625,0.2110598665205802,0.14654533927785865,0.9183970246215716,1.310807523340457,0.994648854709031,0.24171438913422105,88,False,88,1.0,0.0,1.0000000000000002,0.0,0.0,0.032575047323825435,0.04477256757244131,0.1590909090909091,0.015151515151515152,0.018033850788789177,0.2088990736935231,0.5378787878787878,0.011498873965450468,0.8636363636363636,0.8636363636363636,0.8484848484848485,0.8484848484848485,0.08333333333333333,0.030303030303030304,0.2196935043360975,0.17378525659630387,0.0363223099267751,0.019678734535195936,1.6653345369377348e-16
PROXY,2,3,BUYHOLD,EX_MAJOR_SHOCKS,1.0,3982,794,15.824777549623546,0.23344776893987026,0.22730132118481894,0.18466716188273524,0.12981664298028506,1.1418991452912104,1.6180378898993522,0.9658000492897398,0.24171438913422127,88,False,182,1.0,0.0,0.9999962558422691,0.06326580177629282,1.8979740532887844e-05,0.0350881252564238,0.04916518268611656,0.14105793450881612,0.0163727959697733,0.016222331206569907,0.18570093132026308,0.3979848866498741,0.01060962371445664,0.6410579345088161,0.6410579345088161,0.6612090680100756,0.6612090680100756,0.07178841309823678,0.04534005037783375,0.03412249201286181,0.15098307052036838,0.026582345972773747,0.017409781380880805,2.3379939586565257e-05
PROXY,2,3,VOL,ALL,0.8581729108340909,5085,1017,20.216290212183434,0.1409986774097219,0.14389869015060494,0.15282430590754456,0.1097816439033474,0.8303656136482866,1.1503917854031471,0.4782366373561529,0.2948303546738039,542,False,542,0.8305784245177552,0.1694215754822448,0.6522818008467358,3.1784972720012417,0.0009535491816003723,0.03232270911063906,0.043397916080598425,0.12291052114060963,0.010816125860373648,0.014447994616845827,0.1538178747805894,0.23008849557522124,0.008411284054018022,0.688298918387414,0.688298918387414,0.7138643067846607,0.7138643067846607,0.05604719764011799,0.051130776794493606,-0.016632060040477476,0.12529069463808395,0.010096458975678131,0.014475397395847151,0.001086514728351251
PROXY,2,3,MATCH_VOL,ALL,0.8592362974711679,5085,1017,20.216290212183434,0.1411733929099552,0.14882077646485076,0.18132654447012667,0.12946417708116578,0.727006020000651,1.0144586581601076,0.312840134998497,0.45126368747614,753,False,753,0.8305784245243368,0.16942157547566317,0.8295912238960367,0.19076534563812148,5.722960369143643e-05,0.03646704388805366,0.05382927280270793,0.14355948869223206,0.01966568338249754,0.01611120339819812,0.1828066766600768,0.33136676499508355,0.009627026259985887,0.4916420845624385,0.4916420845624385,0.5024582104228122,0.5024582104228122,0.06784660766961652,0.051130776794493606,-0.01672915926397639,0.13401070384238192,0.02346060918293113,0.016207837769465747,6.51907054466383e-05
PROXY,2,3,VOL,GFC,2.869783223443502,755,150,2.9924709103353866,0.07237117116851276,0.08211336025155959,0.15690563137586827,0.11237146902203674,0.39348905971898757,0.5463292071258496,0.24546716449390926,0.294830354673806,542,False,542,0.7087982018128336,0.2912017981871664,0.48462166624761827,3.18864559342031,0.0009565936780260929,0.03038093616850024,0.048387477196371036,0.14666666666666667,0.02,0.016131005540874852,0.1594787223824651,0.32,0.00658566545752744,0.8266666666666667,0.8266666666666667,0.8666666666666667,0.8666666666666667,0.04666666666666667,0.05333333333333334,-0.10556744596150104,0.13617338672707346,0.010593040960224051,0.015247350216270921,0.0010275553566698598
PROXY,2,3,MATCH_VOL,GFC,1.278579646519398,755,150,2.9924709103353866,0.032243657184601135,0.05319853931244198,0.20727835742109163,0.1489919686372805,0.1584667328825035,0.21977396227497623,0.08162418703084885,0.39502576818823376,545,True,43,0.7087982018195699,0.2912017981804301,0.708552253505352,0.29174853058978817,8.752455917693647e-05,0.041707172784509305,0.07087594419061438,0.14666666666666667,0.04666666666666667,0.019414375900771788,0.2063737571956239,0.4266666666666667,0.00865444866674236,0.5733333333333334,0.5733333333333334,0.5933333333333334,0.5933333333333334,0.09333333333333334,0.05333333333333334,-0.10605583702904955,0.15022679023784455,0.030433159149413906,0.017915396776839315,9.045830039543928e-05
PROXY,2,3,VOL,2011,-0.18190814762896984,251,49,0.9883641341546886,-0.004766157078936992,0.006868824117344681,0.15244819902407516,0.11444397384453879,0.04148361949301557,0.055250389607528705,-0.04293163725350109,0.11101736117805083,218,True,13,0.7950394632932227,0.20496053670677727,0.6681953934253614,3.4249491739758597,0.0010274847521927581,0.032765894636188286,0.04086051467384763,0.14285714285714285,0.0,0.016992223472959686,0.16092559479908805,0.24489795918367346,0.006915223340536249,0.8163265306122449,0.8163265306122449,0.8367346938775511,0.8367346938775511,0.08163265306122448,0.04081632653061224,0.1034042359421554,0.13454535640365575,0.010382357364287829,0.015047000511670296,0.0010310823922243177
PROXY,2,3,MATCH_VOL,2011,0.9304450070204666,251,49,0.9883641341546886,0.024378496040855378,0.038924794668279035,0.17343962718983788,0.12739113424298987,0.22128561131743993,0.3012386913658042,0.19972887185365917,0.1220579469287617,110,True,55,0.7950394632868438,0.20496053671315617,0.7945699145743075,0.1922329876532827,5.7669896295984805e-05,0.04129550413050964,0.04294428721397509,0.16326530612244897,0.0,0.018236611641639658,0.18079420416167133,0.3877551020408163,0.008232222403407333,0.4897959183673469,0.4897959183673469,0.5306122448979592,0.5306122448979592,0.10204081632653061,0.04081632653061224,0.10347985390748907,0.14611657368842948,0.024040095978577043,0.01660287944468246,5.95358870650875e-05
PROXY,2,3,VOL,2015_2016,0.5253616533565103,503,100,1.9931553730321698,0.04564626469449435,0.05857748672847939,0.1665886817753438,0.12478492651873019,0.34084690256299605,0.45486841251101423,0.2616935529664306,0.1744264013273179,320,False,320,0.8996360108145655,0.10036398918543454,0.8390307652248721,3.215256126070273,0.0009645768378210819,0.030926807011151136,0.04458236610502768,0.14,0.01,0.014265894770772069,0.17642912842688493,0.15,0.016074311214117495,0.51,0.51,0.53,0.53,0.04,0.07,-0.1915489506849382,0.11598875273001313,0.007911012682008172,0.013730688757329954,0.0010105885060318134
PROXY,2,3,MATCH_VOL,2015_2016,0.9128276593876558,503,100,1.9931553730321698,0.07931140899731662,0.09101666473436054,0.17145334790379615,0.12668861462862183,0.5203756300320251,0.7039930740420354,0.5065708043004837,0.15656529812616538,72,False,182,0.8996360108135613,0.10036398918643874,0.8972962863865531,0.07958631390052852,2.3875894170158555e-05,0.034478949868809394,0.04961022212736606,0.11,0.02,0.014783467679644335,0.1789338981029974,0.23,0.01619443147061971,0.34,0.34,0.35,0.35,0.05,0.07,-0.19152051901112063,0.12252336279901713,0.019165428041067956,0.01520519394886545,2.5807033000077584e-05
PROXY,2,3,VOL,2018Q4,,62,12,0.24914442162902123,-0.4247218136741909,-0.5417031880410215,0.18840145025542454,0.15878502547531895,-2.9999762598502,-3.5406009601518487,-2.7359511407690054,0.1552373532353405,62,True,0,0.5977008103254727,0.40229918967452727,0.5680371556350327,5.494887784992304,0.001648466335497691,0.039332125873710044,0.039332125873710044,0.3333333333333333,0.0,0.02575693244795881,0.18491443274148606,0.5,0.008968172424550672,0.9166666666666666,0.9166666666666666,0.9166666666666666,0.9166666666666666,0.08333333333333333,0.08333333333333333,-0.2336074324427111,0.1363757950315572,0.01266841759213447,0.015248575658680317,0.0009372672695079909
PROXY,2,3,MATCH_VOL,2018Q4,,62,12,0.24914442162902123,-0.35326763065217737,-0.4225718247429155,0.19286464164511832,0.15492364173935727,-2.3127859838223648,-2.863286179936645,-2.602445633299621,0.135744480550117,62,True,0,0.5977008103298611,0.4022991896701389,0.596282043310892,0.36371897571094647,0.00010911569271328393,0.028108988444097482,0.02810898844409748,0.25,0.0,0.025144928085716844,0.1805350270140693,0.5,0.008292027865608832,0.75,0.75,0.75,0.75,0.0,0.08333333333333333,-0.2371396357021757,0.14275275779442684,0.020761704267320984,0.016104995374244892,6.96908564114529e-05
PROXY,2,3,VOL,COVID,-1.424317693370039,92,17,0.3613963039014374,-0.13014003496360177,-0.11393656920716565,0.21971901887620462,0.1715137205728517,-0.535012505542778,-0.684572597128894,-0.7884543746822785,0.1650571537713187,91,True,0,0.5038915276215051,0.49610847237849487,0.460771604802403,5.714742550496643,0.0017144227651489925,0.049727004222778426,0.049727004222778426,0.17647058823529413,0.0,0.019501586385523195,0.2066316497810295,0.35294117647058826,0.01496745472224976,1.0,1.0,1.0,1.0,0.11764705882352941,0.058823529411764705,-0.08994813423468125,0.13992102795322592,0.014233565198332713,0.015342170333943361,0.0015078680452315085
PROXY,2,3,MATCH_VOL,COVID,0.6947391016702356,92,17,0.3613963039014374,0.06347837382264145,0.08312280244516612,0.21127875507062482,0.1569685007335097,0.3758004120944463,0.5052409891025754,0.4327517835139012,0.14668541237936306,66,False,66,0.5038915276245398,0.4961084723754602,0.501222735409939,0.4750248864652933,0.000142507465939588,0.05015629084130202,0.05015629084130201,0.17647058823529413,0.058823529411764705,0.020505435559676165,0.2591765453480036,0.47058823529411764,0.016992030523814452,0.7058823529411765,0.7058823529411765,0.7058823529411765,0.7058823529411765,0.11764705882352941,0.058823529411764705,-0.09170376547543746,0.16695690821609768,0.045146640694186134,0.019919683610898527,0.00015310951803212958
PROXY,2,3,VOL,2022,,250,50,0.9883641341546886,-0.2573045424807926,-0.2801534435642741,0.17923415527633962,0.1394494407949333,-1.674152885166277,-2.1415128822261695,-0.9511882167956077,0.27050854703352833,249,True,0,0.558335257216708,0.44166474278329204,0.5444460062529035,4.171984649088525,0.0012515953947265573,0.051344862263444146,0.05537471134437537,0.28,0.08,0.022069514724297207,0.16384227265496407,0.4,0.005828036853483164,1.0,1.0,1.0,1.0,0.18,0.12,-0.41217764223245845,0.1397623116306325,0.014848163516546673,0.015579575540190944,0.0009336389732544914
PROXY,2,3,MATCH_VOL,2022,,250,50,0.9883641341546886,-0.1887874518268302,-0.19227047815406054,0.17970229359293524,0.1334172236488366,-1.180658426483649,-1.582140765090121,-0.8976609106192363,0.2103104296884203,249,True,0,0.5583352572169364,0.44166474278306356,0.5575728184353014,0.4421002700034655,0.00013263008100103965,0.040763207090643294,0.05041307653731877,0.3,0.02,0.02151436139048004,0.16657051287953928,0.42,0.006008052030106578,0.78,0.78,0.72,0.72,0.12,0.12,-0.4129436777935341,0.14457214246044384,0.02014790238426821,0.016201483473769568,0.00010800130096502714
PROXY,2,3,VOL,2023_PLUS,0.7725890160987532,914,182,3.6440793976728267,0.24112617715485052,0.22906461990449367,0.1544795094484156,0.10687212733314987,1.1777695667581651,1.6794343156514429,1.4184440093116961,0.1699934403980159,98,False,122,0.8326415754133469,0.16735842458665307,0.7362506934927613,4.056402883377858,0.0012169208650133572,0.02657606554029812,0.03602104144035079,0.1043956043956044,0.0,0.0139903558309053,0.1537299533373904,0.25274725274725274,0.007000599527662862,0.8846153846153846,0.8846153846153846,0.8681318681318682,0.8681318681318682,0.04395604395604396,0.03296703296703297,0.19870139039519188,0.13428053603672582,0.012973166469006248,0.015271636999136216,0.0015042137761245855
PROXY,2,3,MATCH_VOL,2023_PLUS,0.8533661352984928,914,182,3.6440793976728267,0.2663368357952851,0.25159167969808893,0.16891029693355727,0.11419984039689066,1.2104980789149578,1.7685325200158288,1.3067935672857494,0.20380941754134507,87,False,87,0.8326415754144058,0.16735842458559425,0.8306745192453515,0.13832226567327893,4.149667970198368e-05,0.026660125899604648,0.03516353445832634,0.13736263736263737,0.005494505494505495,0.014465193427079085,0.16661846783725562,0.29120879120879123,0.00855450395424663,0.6043956043956044,0.6043956043956044,0.6043956043956044,0.6043956043956044,0.03296703296703297,0.03296703296703297,0.19870325212970782,0.13867831990107599,0.02057017819975992,0.016177560264124567,5.2303369551864876e-05
PROXY,2,3,VOL,2024_PLUS,0.7564896796142351,664,132,2.647501711156742,0.18187596011450824,0.18017354948148753,0.1562452472011116,0.11201407395099706,0.8654095166313134,1.1925050147328158,1.0698998719519468,0.169993440398016,98,False,122,0.8275020995622747,0.17249790043772528,0.7153470865355618,4.279669209385224,0.0012839007628155674,0.02839037424528168,0.036284220624311754,0.11363636363636363,0.0,0.014239234625419862,0.15681860106409173,0.2727272727272727,0.007618967931993093,0.8636363636363636,0.8636363636363636,0.8484848484848485,0.8484848484848485,0.045454545454545456,0.030303030303030304,0.22018093702417252,0.13319134011553435,0.01268880297509486,0.015181984831996866,0.0015112044221477772
PROXY,2,3,MATCH_VOL,2024_PLUS,0.8613725087039413,664,132,2.647501711156742,0.2070919885075772,0.20431449508306998,0.174117440300988,0.12088202138436377,0.9151954853297449,1.3038862270717926,1.021963812341043,0.20264121489114706,87,False,87,0.8275020995602224,0.17249790043977764,0.8249487023321159,0.14316341623710618,4.2949024871131845e-05,0.026773102879932176,0.03689701766076003,0.14393939393939395,0.007575757575757576,0.014876010758842454,0.1724598558055558,0.3333333333333333,0.009430797120222618,0.5984848484848485,0.5984848484848485,0.5909090909090909,0.5909090909090909,0.03787878787878788,0.030303030303030304,0.22044005616908072,0.13870001633848555,0.02157139281524898,0.016282437667187483,5.159819879432814e-05
PROXY,2,3,VOL,EX_MAJOR_SHOCKS,0.815615623543021,3982,794,15.824777549623546,0.19040364762861936,0.18562389653959038,0.14818930282538378,0.10533554168494201,1.141732472826438,1.5984817917477434,1.091598784242072,0.17442640132731735,320,False,320,0.8782847821984802,0.12171521780151984,0.7748547135259584,3.057276263094769,0.0009171828789284307,0.030692021040193196,0.039890627425968064,0.1070528967254408,0.003778337531486146,0.013504340963778004,0.15042430002805235,0.19899244332493704,0.008635883005508835,0.6360201511335013,0.6360201511335013,0.6612090680100756,0.6612090680100756,0.04785894206549118,0.04534005037783375,0.03428809137159158,0.12197573677820832,0.009605459134076937,0.014238219921683967,0.0010907486234524866
PROXY,2,3,MATCH_VOL,EX_MAJOR_SHOCKS,0.8845940375122663,3982,794,15.824777549623546,0.20650650447475047,0.2012235994128524,0.16199682232832846,0.11388590916114705,1.1407301340113238,1.6154132647383743,0.9637508216051176,0.21427375193394482,87,False,182,0.878284782199235,0.121715217800765,0.877226381726318,0.15502057724188975,4.650617317256691e-05,0.030810622559791945,0.04314104073384125,0.11964735516372796,0.007556675062972292,0.014242055005021192,0.1628198829652364,0.2795969773299748,0.009247084311725452,0.4748110831234257,0.4748110831234257,0.4811083123425693,0.4811083123425693,0.04785894206549118,0.04534005037783375,0.03422027670144596,0.1276442700023354,0.0184612025679224,0.015288041938882922,5.603173797724681e-05
PROXY,2,3,CORE_VOL,ALL,0.9353976229680774,5085,1017,20.216290212183434,0.15368677573673106,0.16000042147433105,0.18265362220889006,0.1307588132364798,0.7829173494445666,1.0893898977264,0.37170460782963627,0.4134648118410479,615,False,615,0.9153387905884012,0.08466120941159883,0.8261792327940916,1.6097082046883306,0.0004829124614064991,0.03844475578968154,0.05295253058805998,0.15732546705998032,0.02261553588987217,0.016933915937113426,0.18382843211167618,0.4119960668633235,0.009847942971274776,0.6932153392330384,0.6932153392330384,0.7138643067846607,0.7138643067846607,0.0776794493608653,0.051130776794493606,-0.016714874658911427,0.1505547494463166,0.0234905353083873,0.01699681821609266,0.0005562334893197407
PROXY,2,3,MATCH_CORE_VOL,ALL,0.9303361145013433,5085,1017,20.216290212183434,0.15285516477523617,0.16259504423810964,0.1999450711073279,0.14276274681759912,0.7281962970976305,1.0164337494035924,0.3132264185711688,0.48800214704911826,758,False,758,0.9153387905884073,0.08466120941159272,0.9147877119471071,0.12777220921359736,3.8331662764079196e-05,0.040220512573686085,0.05935497154734263,0.1553588987217306,0.024582104228121928,0.017755562753174046,0.20164943665436746,0.41002949852507375,0.010656808214535062,0.6017699115044248,0.6017699115044248,0.6116027531956736,0.6116027531956736,0.07669616519174041,0.051130776794493606,-0.016751444805581762,0.1512091451827631,0.029904385606088428,0.01786386993059552,4.411141148186193e-05
PROXY,2,3,CORE_VOL,GFC,2.0574552915217,755,150,2.9924709103353866,0.05188560859158243,0.07471251806344613,0.21983420516839053,0.1577687635523283,0.24724882131493622,0.34334466797604857,0.12548978076405085,0.4134648118410462,545,True,48,0.8544356016019129,0.1455643983980871,0.7427960218116606,1.6140633293530262,0.0004842189988059079,0.05231109052351823,0.0714342305648021,0.20666666666666667,0.05333333333333334,0.021776154063702594,0.2205682515780554,0.6266666666666667,0.009233719928832472,0.8333333333333334,0.8333333333333334,0.8666666666666667,0.8666666666666667,0.1,0.05333333333333334,-0.10537524964239317,0.1849293809501777,0.03752263387731046,0.020267049506763862,0.0005100774663382573
PROXY,2,3,MATCH_CORE_VOL,GFC,1.174079551140627,755,150,2.9924709103353866,0.02960833817234898,0.06041115897969233,0.24988346921327356,0.1797055013449887,0.16031104548768854,0.22233967127376736,0.06411591581566096,0.4617938899519991,545,True,46,0.8544356015976672,0.14556439840233282,0.8542593989782583,0.17618358699356815,5.285507609807043e-05,0.05041263421499165,0.0855136684342586,0.2,0.05333333333333334,0.02338212629369595,0.2490688861139014,0.6,0.010489076812203076,0.7533333333333333,0.7533333333333333,0.7733333333333333,0.7733333333333333,0.10666666666666667,0.05333333333333334,-0.10558292341400652,0.1851403760562715,0.04632972208044434,0.02160147647280981,5.448628347189122e-05
PROXY,2,3,CORE_VOL,2011,0.43528169471422684,251,49,0.9883641341546886,0.011404771900736506,0.028062098976903812,0.18342042934295322,0.13594680282795785,0.15002219851416806,0.2023861167862397,0.08921150626952577,0.12783969666738293,110,True,59,0.8976718945276353,0.1023281054723647,0.8341473827224676,1.69632629590721,0.0005088978887721629,0.04095128001699189,0.04513687662150883,0.1836734693877551,0.0,0.019956002675751944,0.19250823189835,0.5102040816326531,0.008600173540123915,0.8163265306122449,0.8163265306122449,0.8367346938775511,0.8367346938775511,0.12244897959183673,0.04081632653061224,0.10345172108677911,0.1672254397329477,0.026513594310463514,0.017971381561100508,0.0005188348319068101
PROXY,2,3,MATCH_CORE_VOL,2011,0.9738935424899625,251,49,0.9883641341546886,0.025516886748454468,0.044174070141676416,0.1958853252615692,0.1438289940354879,0.2227270801364209,0.3033072694639325,0.18623319852374218,0.13701577887683336,110,True,55,0.8976718945347678,0.10232810546523219,0.8974062754457439,0.10840777388259674,3.2522332164779024e-05,0.0466419094520687,0.04850328717805094,0.20408163265306123,0.02040816326530612,0.02057333955142446,0.20427218123405658,0.46938775510204084,0.009337626622545267,0.6530612244897959,0.6530612244897959,0.7142857142857143,0.7142857142857143,0.10204081632653061,0.04081632653061224,0.1034792464133456,0.1686584999397701,0.03304142566741531,0.0187519349764343,3.361151071865423e-05
PROXY,2,3,CORE_VOL,2015_2016,0.7633356459074346,503,100,1.9931553730321698,0.06632273353264487,0.07995328517428983,0.17715420296995402,0.13184021960412626,0.44117989952807646,0.592609210354334,0.38117334600852176,0.17399625190781864,264,False,264,0.9498805381437538,0.05011946185624616,0.9195743709331352,1.5953565230740008,0.0004786069569222002,0.03674694303990356,0.04959096443234079,0.15,0.01,0.015349126362054044,0.18654029339129627,0.24,0.016902807160237513,0.51,0.51,0.53,0.53,0.06,0.07,-0.19152726593363237,0.1312688996877496,0.016614624897099254,0.015317395794523696,0.0005112182928455611
PROXY,2,3,MATCH_CORE_VOL,2015_2016,0.956810936607429,503,100,1.9931553730321698,0.08313291424285209,0.09629596176273575,0.18126200906370352,0.13386477283300358,0.521341649070795,0.705690793084808,0.5035672514198202,0.16508800762650233,72,False,182,0.9498805381372647,0.050119461862735304,0.948639411313018,0.04197659187752069,1.2592977563256207e-05,0.03641017961996895,0.0523872049012347,0.13,0.02,0.015605162877859059,0.1893852789858322,0.24,0.017186831280316988,0.43,0.43,0.45,0.45,0.07,0.07,-0.19152148175421008,0.13156467967854207,0.022015133224979187,0.01605565249346632,1.365964168997813e-05
PROXY,2,3,CORE_VOL,2018Q4,,62,12,0.24914442162902123,-0.47875507574078513,-0.6269280222234747,0.25416442474081086,0.2077126863817409,-2.5590029034161783,-3.1183505889336587,-2.537695447487182,0.18865741994960306,62,True,0,0.7984117668429912,0.2015882331570088,0.783180000693785,2.714916869786276,0.0008144750609358827,0.039332125873710044,0.039332125873710044,0.5833333333333334,0.0,0.03387392897986513,0.24235034692842067,0.9166666666666666,0.01145881332777948,0.9166666666666666,0.9166666666666666,0.9166666666666666,0.9166666666666666,0.25,0.08333333333333333,-0.23419251203223715,0.19448854767920978,0.043738260280293394,0.021033047610579683,0.0004194114269307492
PROXY,2,3,MATCH_CORE_VOL,2018Q4,,62,12,0.24914442162902123,-0.44744556340377684,-0.5670738285013187,0.25792889931318874,0.20709420327931302,-2.289607018531242,-2.8398219753189564,-2.494119922680706,0.17940018013362313,62,True,0,0.7984117668368118,0.2015882331631882,0.7974812682310342,0.24319923490498116,7.295977047149433e-05,0.03761212414555293,0.03761212414555293,0.5833333333333334,0.0,0.03356755573235764,0.24159721290603178,0.8333333333333334,0.011182775765602082,0.9166666666666666,0.9166666666666666,0.9166666666666666,0.9166666666666666,0.25,0.08333333333333333,-0.23548265927034118,0.19345611483484393,0.04786994347038286,0.021462945031288722,3.9812052028631584e-05
PROXY,2,3,CORE_VOL,COVID,-0.21450936996989814,92,17,0.3613963039014374,-0.019599740309235954,0.029024280873266875,0.31231765463387295,0.23575309276263437,0.08112702621636321,0.10738522612703301,-0.08845889626023107,0.22156889965681736,77,False,77,0.7529699787771379,0.2470300212228621,0.7310703722934925,2.759256226608885,0.0008277768679826656,0.0672513546761434,0.0672513546761434,0.17647058823529413,0.17647058823529413,0.03002108725987073,0.35357717070574596,0.7647058823529411,0.024100594652443578,1.0,1.0,1.0,1.0,0.17647058823529413,0.058823529411764705,-0.08992027904028473,0.22980471331929647,0.08100503048048181,0.027485291896392892,0.0008201818420047399
PROXY,2,3,MATCH_CORE_VOL,COVID,0.8931396945486657,92,17,0.3613963039014374,0.08160625372905934,0.12760787131965912,0.3165263742970361,0.23486662044523712,0.3913797482720441,0.527046446977132,0.3824222942229488,0.2133930342499426,72,False,72,0.7529699787782825,0.24703002122171747,0.7509934347184386,0.35471210689321975,0.0001064136320679659,0.07510933694544208,0.07510933694544208,0.17647058823529413,0.11764705882352941,0.030502671843847858,0.3881879900531387,0.7058823529411765,0.02563133725399204,0.9411764705882353,0.9411764705882353,0.9411764705882353,0.9411764705882353,0.17647058823529413,0.058823529411764705,-0.09048409446725113,0.22969753755754652,0.0899601695536173,0.02980427259864951,0.00011627709688943888
PROXY,2,3,CORE_VOL,2022,,250,50,0.9883641341546886,-0.29670697320222345,-0.3194015990395727,0.24944174405741965,0.18828810775109664,-1.3602425647413199,-1.7955269674401684,-0.9377033755137484,0.31641879612480206,249,True,0,0.7791229651209726,0.22087703487902743,0.7719306577445019,2.0674817907389467,0.0006202445372216841,0.060753103108782014,0.07064981326182522,0.42,0.1,0.030285650473638643,0.2302045531200311,0.9,0.00829639273506126,1.0,1.0,1.0,1.0,0.26,0.12,-0.41281719836991543,0.2049719219789465,0.049919765371067966,0.02228295900355378,0.00043798718317816787
PROXY,2,3,MATCH_CORE_VOL,2022,,250,50,0.9883641341546886,-0.26524488114474204,-0.2755098205826514,0.2509159259235243,0.18639449815996295,-1.1773043330419832,-1.5790409602996656,-0.9178790291458302,0.28897585926064406,249,True,0,0.7791229651148008,0.22087703488519916,0.7785851128345781,0.30945199562143505,9.283559868643051e-05,0.05694726267464645,0.07036278756264289,0.38,0.08,0.03000921272945349,0.23261618168216985,0.88,0.00843485520391078,0.98,0.98,0.98,0.98,0.28,0.12,-0.4131366877800474,0.2047495864621904,0.05259999400495485,0.022596999182105237,6.847002972509841e-05
PROXY,2,3,CORE_VOL,2023_PLUS,0.8860141686170959,914,182,3.6440793976728267,0.27652633538911925,0.2611437857579624,0.17743724218422657,0.12145013163668981,1.2061587335442479,1.7414791532455622,1.3401280572456926,0.20634321764552255,90,False,116,0.9163465455494095,0.08365345445059047,0.8675038511002138,2.0244633062472626,0.0006073389918741787,0.02899018412270382,0.03870245330789627,0.13736263736263737,0.005494505494505495,0.015712047387690217,0.17569622513307903,0.43956043956043955,0.008577104592184472,0.8846153846153846,0.8846153846153846,0.8681318681318682,0.8681318681318682,0.04945054945054945,0.03296703296703297,0.1983501771122829,0.15656427602969938,0.023796187428028092,0.017352288903561126,0.0007718896824531751
PROXY,2,3,MATCH_CORE_VOL,2023_PLUS,0.9264918930348152,914,182,3.6440793976728267,0.28915949318115886,0.2726006965998578,0.1861069299153423,0.1258849642176092,1.2115254160851348,1.7712188843282317,1.297047051298207,0.22293678004336137,88,False,88,0.916346545545201,0.08365345445479899,0.9152577030748875,0.07604659123378911,2.281397737013673e-05,0.029482989987833164,0.038794465591121166,0.14835164835164835,0.005494505494505495,0.015948252679408793,0.18353227332560273,0.42857142857142855,0.009451460188877747,0.7857142857142857,0.7857142857142857,0.7527472527472527,0.7527472527472527,0.038461538461538464,0.03296703296703297,0.19839304927588294,0.15654136673416083,0.027292887404024174,0.017805633664759398,2.9273224945614018e-05
PROXY,2,3,CORE_VOL,2024_PLUS,0.8786401562117783,664,132,2.647501711156742,0.21124349255850922,0.20919032748974248,0.18198191455080942,0.12840532772035262,0.9024445928619148,1.2655978629390312,1.023748175340586,0.20634321764552266,90,False,116,0.9137627991257439,0.08623720087425613,0.8568577596399729,2.136164933144375,0.0006408494799433125,0.03106920939558322,0.039783499231277504,0.14393939393939395,0.007575757575757576,0.016138877488880266,0.18123024457993758,0.4621212121212121,0.00944205241524856,0.8636363636363636,0.8636363636363636,0.8484848484848485,0.8484848484848485,0.05303030303030303,0.030303030303030304,0.21986675836040204,0.15687150405745295,0.024382663669175412,0.017430359683596405,0.0007727923325725472
PROXY,2,3,MATCH_CORE_VOL,2024_PLUS,0.9308097636083456,664,132,2.647501711156742,0.22378615862486737,0.22149997297577748,0.19256040181446538,0.13370707765131304,0.9167825732930317,1.3073089412826857,1.006409835636534,0.2223608620471471,88,False,88,0.9137627991329286,0.08623720086707143,0.9123446165393605,0.07900002957611459,2.3700008872834376e-05,0.029674395657968256,0.04083528080082248,0.1590909090909091,0.007575757575757576,0.01645570071633406,0.19065877229130757,0.45454545454545453,0.010460097264011316,0.7575757575757576,0.7575757575757576,0.7348484848484849,0.7348484848484849,0.045454545454545456,0.030303030303030304,0.22003062155305408,0.1570358673989555,0.028539471391168185,0.017980769343835468,2.8866266658433837e-05
PROXY,2,3,CORE_VOL,EX_MAJOR_SHOCKS,0.9085210545609659,3982,794,15.824777549623546,0.21209221322215563,0.20635146273170535,0.16497789408799235,0.11663829832051593,1.1511880559631849,1.6211509088146274,1.027861325621612,0.20634321764552255,90,False,264,0.9391780030979686,0.06082199690203138,0.8872395107678313,1.5545022779960223,0.0004663506833988066,0.032930781789981545,0.043909811723729604,0.1309823677581864,0.007556675062972292,0.014866339005120587,0.16663856829478765,0.33123425692695213,0.00950541443538364,0.6410579345088161,0.6410579345088161,0.6612090680100756,0.6612090680100756,0.05919395465994962,0.04534005037783375,0.034188264044705555,0.1389449955867288,0.017969274850539143,0.015824000651282387,0.0005645734986599593
PROXY,2,3,MATCH_CORE_VOL,EX_MAJOR_SHOCKS,0.9422775716367516,3982,794,15.824777549623546,0.21997259682067843,0.21425470870520685,0.1733310656045275,0.12185340727858901,1.1413140361253307,1.6167191792811506,0.9644072373919162,0.2280909851066224,88,False,182,0.9391780030983862,0.06082199690161383,0.9386079575515621,0.1125583729406432,3.3767511882192954e-05,0.03295049536832895,0.046154675685406016,0.13476070528967254,0.012594458438287154,0.015233123641591371,0.17425602716676658,0.33123425692695213,0.009925937833527841,0.5667506297229219,0.5667506297229219,0.5869017632241813,0.5869017632241813,0.05793450881612091,0.04534005037783375,0.034168107263577184,0.13966712323676,0.02241653268013847,0.016349454806318275,4.113882676182179e-05
PROXY,3,0,BUYHOLD,ALL,1.0,5090,1018,20.23545516769336,0.16235365854320283,0.1747279215639791,0.21855208827002523,0.15607605048810785,0.7216174910676724,1.0073585309630706,0.31054552062566576,0.5228014824239096,761,False,761,1.0,0.0,1.0000000000000002,0.049508840864440073,0.0,0.043008558632415705,0.06387021449200031,0.17485265225933203,0.029469548133595286,0.019427570013234283,0.22046415539907074,0.481335952848723,0.011686946016852296,0.6866404715127702,0.6866404715127702,0.7043222003929273,0.7043222003929273,0.09823182711198428,0.0481335952848723,0.006791367781862917,0.1669021262375251,0.03662854560392011,0.019498743471696035,0.0
PROXY,3,0,BUYHOLD,GFC,1.0,755,150,2.9924709103353866,0.02521834073643802,0.06774886567588956,0.2925071856818414,0.21043921521532827,0.16241389554101052,0.22525973744078298,0.048236934255649275,0.5228014824239078,545,True,46,1.0,0.0,1.0000000000000002,0.0,0.0,0.058024978648103964,0.08746764813043678,0.24,0.06,0.0273794434796362,0.291854250946526,0.7266666666666667,0.012507415028221768,0.8466666666666667,0.8466666666666667,0.86,0.86,0.18,0.06666666666666667,-0.08648893098144901,0.214813331528408,0.06336803414905176,0.025302097861160663,0.0
PROXY,3,0,BUYHOLD,2011,1.0,251,50,0.9883641341546886,0.02620089941577687,0.049478037570438664,0.21827885348449513,0.1602166266465212,0.22426600772889654,0.30551176483675574,0.1726588430260226,0.15174953658080492,110,True,55,1.0,0.0,0.9999999999999991,0.0,0.0,0.0544311055405281,0.09186196407497704,0.26,0.06,0.023351917399284047,0.22601847598550745,0.58,0.009201074443766642,0.8,0.8,0.84,0.84,0.1,0.1,-0.3325576057167048,0.19020345174612033,0.04350036276240961,0.02103509900433111,0.0
PROXY,3,0,BUYHOLD,2015_2016,1.0,503,99,1.9931553730321698,0.08688541389129335,0.10159890232515349,0.19107510807991776,0.1410340588607214,0.5220817950213618,0.7070875805330359,0.5005900764226836,0.17356599338163836,72,False,182,1.0,0.0,1.0000000000000002,0.0,0.0,0.03917638509595334,0.047297370800291304,0.15151515151515152,0.020202020202020204,0.01662942906125447,0.20059290216728204,0.29292929292929293,0.018453043321473035,0.5151515151515151,0.5151515151515151,0.5252525252525253,0.5252525252525253,0.08080808080808081,0.06060606060606061,0.058066145659440696,0.1412661462870191,0.024360545674862098,0.016870017251524084,0.0
PROXY,3,0,BUYHOLD,2018Q4,1.0,62,12,0.24914442162902123,-0.5289552733768623,-0.7093384933401198,0.32342420700991975,0.2593995857842622,-2.2656195709335814,-2.815487268464998,-2.389026817307681,0.22141035401727704,62,True,0,1.0,0.0,0.9999999999999996,0.0,0.0,0.07211244148559337,0.07211244148559337,0.4166666666666667,0.16666666666666666,0.044822280797876035,0.30806220245986066,1.0,0.01495739796800578,0.9166666666666666,0.9166666666666666,0.9166666666666666,0.9166666666666666,0.3333333333333333,0.16666666666666666,-0.12475323632661983,0.22809450820687313,0.07560739805059857,0.026457156812153076,0.0
PROXY,3,0,BUYHOLD,COVID,1.0,92,17,0.3613963039014374,0.0913700893904374,0.17534673481457308,0.421459891305733,0.312258642805467,0.40713289702604777,0.5491901830067338,0.3314938400367213,0.27563133414580454,72,False,72,1.0,0.0,1.0,0.0,0.0,0.12749257400915537,0.12749257400915537,0.17647058823529413,0.11764705882352941,0.04108136218039685,0.5169913660870569,1.0,0.033150962054664654,1.0,1.0,1.0,1.0,0.11764705882352941,0.0,0.2885749378282169,0.2737564570274546,0.13735490555050237,0.04125776560633893,0.0
PROXY,3,0,BUYHOLD,2022,1.0,250,49,0.9883641341546886,-0.33769548373084424,-0.3583998756999955,0.3222645326642971,0.23937477070898197,-1.1740668850997815,-1.5761194644049226,-0.9315640449314483,0.36250377584688176,249,True,0,1.0,0.0,1.0,0.0,0.0,0.09182792831173303,0.09793698625752993,0.42857142857142855,0.12244897959183673,0.03826331837686986,0.30049973816485015,1.0,0.010305702016642798,1.0,1.0,1.0,1.0,0.30612244897959184,0.08163265306122448,-0.18793435675014875,0.24611123737283494,0.08844651394155308,0.02900034888789693,0.0
PROXY,3,0,BUYHOLD,2023_PLUS,1.0,915,183,3.646817248459959,0.3161415260232809,0.2966797675982315,0.2033059997781741,0.1374998508251624,1.2274234215242326,1.7964010855839614,1.3079135551493057,0.2417143891342204,88,False,88,1.0,0.0,1.0,0.0,0.0,0.03636443089533714,0.050673275735748605,0.15300546448087432,0.01639344262295082,0.017456968488705284,0.20084065011916072,0.5191256830601093,0.00986490832266735,0.8907103825136612,0.8907103825136612,0.8907103825136612,0.8907103825136612,0.07103825136612021,0.03825136612021858,0.0526451598297575,0.17270682280627195,0.034569256289540114,0.019365489341865726,0.0
PROXY,3,0,BUYHOLD,2024_PLUS,1.0,665,133,2.650239561943874,0.2457518086329463,0.2430000137958979,0.2110111275194075,0.14643511335833054,0.9385425908110885,1.3402641082649713,1.0167032650111854,0.2417143891342206,88,False,88,1.0,0.0,1.0000000000000004,0.0,0.0,0.037740854986377026,0.05458303078755781,0.17293233082706766,0.022556390977443608,0.018141839556994152,0.20843567011668357,0.518796992481203,0.010844324181893846,0.8571428571428571,0.8571428571428571,0.8571428571428571,0.8571428571428571,0.07518796992481203,0.045112781954887216,-0.022790050367634658,0.1729525793554997,0.03590909266770697,0.019556896013855792,0.0
PROXY,3,0,BUYHOLD,EX_MAJOR_SHOCKS,1.0,3987,796,15.84394250513347,0.2307276766776742,0.22508373903062703,0.18469146607113524,0.12988386263333268,1.1295029442167772,1.599831156299396,0.9545467173224618,0.2417143891342204,88,False,182,1.0,0.0,1.0,0.06320541760722347,0.0,0.03681251820370823,0.05076545788245239,0.14698492462311558,0.016331658291457288,0.01629953382878167,0.185751038681762,0.3907035175879397,0.010662640657987629,0.6319095477386935,0.6319095477386935,0.6520100502512562,0.6520100502512562,0.06909547738693467,0.04271356783919598,0.036579313680815184,0.1507855363547102,0.026288134996540792,0.017364969107543288,0.0
PROXY,3,0,VOL,ALL,0.8883478636375983,5090,1018,20.23545516769336,0.14422652572060235,0.14661418698981318,0.15208849965405996,0.10917677965617334,0.8520771522514806,1.1812413455938058,0.46383736355904276,0.3109420177235107,598,False,598,0.8312717250281182,0.1687282749718818,0.6466378054205759,3.179609021045959,0.0,0.03198944099308709,0.04317067446732129,0.12868369351669942,0.009823182711198428,0.014433109667176243,0.15356729021609616,0.23968565815324164,0.00836963732476213,0.6827111984282908,0.6827111984282908,0.7033398821218074,0.7033398821218074,0.0550098231827112,0.0481335952848723,0.006909990426194074,0.12523594675648314,0.01004541100875444,0.014473082327643811,0.0
PROXY,3,0,MATCH_VOL,ALL,0.860042619308083,5090,1018,20.23545516769336,0.13963106574774628,0.1474713754005109,0.18138575198135498,0.12954018813581794,0.7192149760703634,1.003322048538333,0.30839186565968857,0.4527715588381621,756,False,756,0.8312717250277002,0.1687282749722998,0.8299290669657683,0.19016581889151676,0.0,0.03560448216779166,0.053034604068147355,0.13948919449901767,0.01669941060903733,0.016147984285003924,0.18279205760923717,0.3369351669941061,0.009620556754227983,0.48919449901768175,0.48919449901768175,0.49901768172888017,0.49901768172888017,0.07465618860510806,0.0481335952848723,0.006664853422742228,0.13398820160483488,0.023389128285374847,0.01620601662276767,0.0
PROXY,3,0,VOL,GFC,2.508425614821912,755,150,2.9924709103353866,0.06325833186658801,0.07371393047243642,0.15771654752393288,0.11309650603041348,0.3389313312588967,0.46998671933709935,0.20344092551312226,0.3109420177235074,545,True,48,0.7092864945793222,0.29071350542067775,0.48454364172507935,3.273280209487349,0.0,0.03562071652765797,0.045001660913229866,0.16666666666666666,0.006666666666666667,0.016454146263917606,0.15980763661801325,0.3333333333333333,0.006516706601549346,0.8333333333333334,0.8333333333333334,0.86,0.86,0.08666666666666667,0.06666666666666667,-0.08668510580704257,0.13629402190882145,0.010624890803304832,0.015256336000306406,0.0
PROXY,3,0,MATCH_VOL,GFC,1.2309835150860597,755,150,2.9924709103353866,0.031043361724378445,0.051950696630597246,0.20684440007012345,0.1489390383782763,0.15330274699241067,0.21224809275873996,0.07813602702480768,0.3972989529467934,545,True,43,0.7092864945833899,0.2907135054166101,0.7070894591074058,0.28160877050223154,0.0,0.04115522806857275,0.06199412809702308,0.18666666666666668,0.02666666666666667,0.019435999317365033,0.20604067929528816,0.4066666666666667,0.008716150020180143,0.5466666666666666,0.5466666666666666,0.5866666666666667,0.5866666666666667,0.09333333333333334,0.06666666666666667,-0.08799319288734052,0.1503798376734348,0.030761885681841364,0.01794668350034438,0.0
PROXY,3,0,VOL,2011,-0.32018329111760785,251,50,0.9883641341546886,-0.008389090205184847,0.0029610953440364573,0.15049268457490306,0.11394450420195786,0.016188272234943277,0.021377317969921806,-0.07073812602141659,0.11859361672438107,218,True,13,0.7887331702633315,0.21126682973666855,0.6560755541595239,3.141282482578062,0.0,0.03524935194131784,0.06086732711681366,0.14,0.02,0.017164784297415733,0.15681275541677145,0.3,0.006334816596889793,0.8,0.8,0.84,0.84,0.08,0.1,-0.33258373588562795,0.13460393440262386,0.010364202736871258,0.015060498621039975,0.0
PROXY,3,0,MATCH_VOL,2011,0.9990259643387335,251,50,0.9883641341546886,0.026175378805388647,0.04039993991971553,0.1719195576149659,0.1260696495713283,0.23193640987392508,0.3162520153259156,0.21763418230573253,0.12027236957022436,110,True,55,0.7887331702607392,0.2112668297392608,0.7876019446532494,0.22052221658782067,0.0,0.04291591984389298,0.07242738934405206,0.16,0.04,0.018443974668368012,0.1779590941431752,0.38,0.007182478689801817,0.5,0.5,0.54,0.54,0.08,0.1,-0.33257935408424655,0.14585601385848243,0.02390684145997846,0.016585170334558783,0.0
PROXY,3,0,VOL,2015_2016,0.7919767225745277,503,99,1.9931553730321698,0.06881122533315785,0.08075113397451752,0.16836063895241438,0.1243423700365593,0.4686894144190091,0.6343748518706843,0.40290669276806945,0.1707869999885273,75,False,170,0.9025568810435939,0.09744311895640612,0.8536705240966819,2.9208361050002396,0.0,0.03280342744604403,0.039901396204311324,0.1414141414141414,0.010101010101010102,0.014437066416463864,0.17852612074926708,0.1717171717171717,0.016297449011160436,0.5151515151515151,0.5151515151515151,0.5252525252525253,0.5252525252525253,0.050505050505050504,0.06060606060606061,0.05808476744856326,0.11706680642457115,0.00808284061374413,0.013826697429571147,0.0
PROXY,3,0,MATCH_VOL,2015_2016,0.9145792070047435,503,99,1.9931553730321698,0.079463592936978,0.0912659422241413,0.17207574985825153,0.12715801608247798,0.5196774775762898,0.7029886834909416,0.5053891054788747,0.15723250081080264,72,False,182,0.9025568810460538,0.0974431189539462,0.9005561928104383,0.0766337468505404,0.0,0.03536026994396324,0.04268677862783762,0.13131313131313133,0.010101010101010102,0.015016952237207769,0.18024727776752758,0.2727272727272727,0.016510279928439685,0.36363636363636365,0.36363636363636365,0.3838383838383838,0.3838383838383838,0.0707070707070707,0.06060606060606061,0.05806800939372515,0.12360927749056796,0.018736546333265845,0.015226733209614731,0.0
PROXY,3,0,VOL,2018Q4,,62,12,0.24914442162902123,-0.4366206555301163,-0.5616590752163044,0.19450398645796532,0.16442021974493698,-3.008304915654694,-3.5405820547635143,-2.7640295659401697,0.15796526235116526,62,True,0,0.620750743402139,0.379249256597861,0.5880482903317664,4.564265822044991,0.0,0.03671881326251314,0.03671881326251314,0.4166666666666667,0.0,0.02801316612583162,0.19223310315112951,0.6666666666666666,0.009401037737089906,0.9166666666666666,0.9166666666666666,0.9166666666666666,0.9166666666666666,0.3333333333333333,0.16666666666666666,-0.12407286921627991,0.13698326983819312,0.012767371082222886,0.015304358839311819,0.0
PROXY,3,0,MATCH_VOL,2018Q4,,62,12,0.24914442162902123,-0.36248763670140716,-0.43558175593600984,0.20058922916846728,0.16093454200150958,-2.288246382591751,-2.8369403033041434,-2.589459587670712,0.13998582500662793,62,True,0,0.6207507434087297,0.3792492565912703,0.6201773652590289,0.38583852191215307,0.0,0.04457580212222345,0.04457580212222345,0.3333333333333333,0.0,0.02787098456952074,0.19058132140162626,0.5833333333333334,0.009146375817423572,0.75,0.75,0.75,0.75,0.16666666666666666,0.16666666666666666,-0.12604137620278744,0.14556113223332318,0.021840344411950912,0.01641864675806884,0.0
PROXY,3,0,VOL,COVID,-0.022343394510351788,92,17,0.3613963039014374,-0.0020415179536966512,0.0157196936759353,0.18884666398040223,0.14284217310111275,0.06353527322810654,0.08388018483121666,-0.015992661765999366,0.12765341902227612,77,False,77,0.48684546761027325,0.5131545323897267,0.3928415185563987,5.452434704918856,0.0,0.032223216526885645,0.032223216526885645,0.11764705882352941,0.0,0.016585294504105716,0.176651879806468,0.35294117647058826,0.010332796298768631,1.0,1.0,1.0,1.0,0.058823529411764705,0.0,0.28878597752409774,0.13973015656797588,0.014256890382526794,0.01532269487668697,0.0
PROXY,3,0,MATCH_VOL,COVID,0.6578609495363855,92,17,0.3613963039014374,0.06010881376561758,0.0782773470590972,0.2030406422207816,0.15080367743989784,0.36704183297951026,0.49358986535180793,0.42266532300228604,0.1422137338796835,66,False,66,0.48684546761061365,0.5131545323893864,0.48166059128651456,0.4257323661328735,0.0,0.06215843035319346,0.06215843035319346,0.11764705882352941,0.058823529411764705,0.02012029003890207,0.24760145191081703,0.4117647058823529,0.015472480683288626,0.7058823529411765,0.7058823529411765,0.6470588235294118,0.6470588235294118,0.11764705882352941,0.0,0.28874507416956424,0.1683543503526817,0.04650110461779859,0.02013473792272956,0.0
PROXY,3,0,VOL,2022,,250,49,0.9883641341546886,-0.2143783668532563,-0.22417762735455835,0.17966606458203266,0.13540984845215606,-1.3588410555904713,-1.7939312848462607,-0.9065469969852525,0.2364779405438191,249,True,0,0.5561119666272993,0.44388803337270066,0.5470730118214032,3.992827703422648,0.0,0.04720036964371843,0.0509000512626396,0.2857142857142857,0.02040816326530612,0.021332523582332612,0.16420092624860236,0.3877551020408163,0.005623497619257058,1.0,1.0,1.0,1.0,0.10204081632653061,0.08163265306122448,-0.18782177678006146,0.13969724710852618,0.014869675145455527,0.015592904950305913,0.0
PROXY,3,0,MATCH_VOL,2022,,250,49,0.9883641341546886,-0.1881649979869727,-0.1916511879682159,0.17891257253628146,0.13259342461094198,-1.1827793518026715,-1.5877546598090853,-0.8971563305753212,0.2097349052492421,249,True,0,0.5561119666202351,0.4438880333797649,0.555131480529637,0.45428851589271063,0.0,0.050833950183786225,0.054421269639309974,0.24489795918367346,0.061224489795918366,0.021315151127511426,0.16680298970559287,0.46938775510204084,0.005671070832836335,0.7755102040816326,0.7755102040816326,0.7346938775510204,0.7346938775510204,0.08163265306122448,0.08163265306122448,-0.18760972079917784,0.1440903406572421,0.019579889396560378,0.016146845624144018,0.0
PROXY,3,0,VOL,2023_PLUS,0.7623272762224528,915,183,3.646817248459959,0.2410033084341374,0.22855926162464135,0.15227204999698876,0.10609751348503153,1.1914690048685779,1.6867986147168357,1.380465515015575,0.1745811871522327,148,False,148,0.8340021349062053,0.16599786509379466,0.718958444294724,4.035968540937101,0.0,0.02961420892695954,0.044086037625923565,0.10382513661202186,0.01639344262295082,0.01395489412159684,0.1522519364903157,0.24043715846994534,0.0067490284406944755,0.8907103825136612,0.8907103825136612,0.8907103825136612,0.8907103825136612,0.04918032786885246,0.03825136612021858,0.05319933304844336,0.1339743069035874,0.012924638397597766,0.015263068925023117,0.0
PROXY,3,0,MATCH_VOL,2023_PLUS,0.8542874185897433,915,183,3.646817248459959,0.2700757281754508,0.2545425392107673,0.16931899967242106,0.11438994467188507,1.2249526374841813,1.791053422696593,1.3231097658416617,0.20412193693064395,87,False,87,0.8340021349033963,0.16599786509660375,0.8328193715282768,0.14095198281467627,0.0,0.030128321847336492,0.042098302319062295,0.1092896174863388,0.01092896174863388,0.014514655268063755,0.167300816007003,0.3005464480874317,0.0081799794161152,0.644808743169399,0.644808743169399,0.6120218579234973,0.6120218579234973,0.04918032786885246,0.03825136612021858,0.05286144338465065,0.13870964115104403,0.020345749899956567,0.01614637884088317,0.0
PROXY,3,0,VOL,2024_PLUS,0.7162393547313175,665,133,2.650239561943874,0.17601711683931567,0.17463578350549816,0.15318530871976596,0.11103097022947121,0.8466463898419276,1.1538322103593237,1.0082249966935504,0.17458118715223248,148,False,148,0.8270936572539838,0.17290634274601624,0.6920959292440537,4.126082735401178,0.0,0.03132072059302293,0.04746202921911686,0.11278195488721804,0.022556390977443608,0.014332729303421802,0.15404464905670384,0.2556390977443609,0.007257970188998298,0.8571428571428571,0.8571428571428571,0.8571428571428571,0.8571428571428571,0.05263157894736842,0.045112781954887216,-0.022355715953328647,0.1323873953895788,0.012551033983609263,0.015138976971978402,0.0
PROXY,3,0,MATCH_VOL,2024_PLUS,0.8604182226211371,665,133,2.650239561943874,0.21144933438988947,0.20786374574951658,0.1742201152460129,0.1208244651100839,0.9350733726205696,1.3336408432896243,1.0439898438771618,0.20253964694197646,87,False,87,0.8270936572551099,0.17290634274489014,0.8256334986010212,0.14482724465672983,0.0,0.03106162958159142,0.0449855802564194,0.12781954887218044,0.015037593984962405,0.01496511631670249,0.17213098695606696,0.3157894736842105,0.008910382419969567,0.6015037593984962,0.6015037593984962,0.5864661654135338,0.5864661654135338,0.05263157894736842,0.045112781954887216,-0.02284855660840006,0.1379201391011566,0.021061590963768882,0.016171656365347526,0.0
PROXY,3,0,VOL,EX_MAJOR_SHOCKS,0.8183731546740403,3987,796,15.84394250513347,0.1888213366333202,0.18426922696303186,0.14806805618042088,0.10570866785410638,1.1332075524182437,1.579701352075569,1.0815674913968265,0.1745811871522327,148,False,235,0.8795591819818481,0.12044081801815187,0.7724710528770096,3.057848095908809,0.0,0.028784548144298427,0.04130536039385622,0.11180904522613065,0.010050251256281407,0.013557380913484119,0.15085434086470262,0.20979899497487436,0.008720193260425719,0.6293969849246231,0.6293969849246231,0.6507537688442211,0.6507537688442211,0.04522613065326633,0.04271356783919598,0.03675228802788756,0.12198230258466432,0.009550068529045311,0.01423948874219427,0.0
PROXY,3,0,MATCH_VOL,EX_MAJOR_SHOCKS,0.8865291180280855,3987,796,15.84394250513347,0.20454680370972778,0.1996358165693013,0.16230354012752676,0.11413083627212346,1.1285193557672915,1.5976951414911824,0.9532726934052391,0.21457323295294928,87,False,182,0.8795591819778046,0.12044081802219542,0.878776604687796,0.15522053856774648,0.0,0.03236630773369542,0.044606097256268115,0.12688442211055276,0.010050251256281407,0.014331577869478775,0.16313711905908496,0.28391959798994976,0.009318563106302871,0.4648241206030151,0.4648241206030151,0.4836683417085427,0.4836683417085427,0.05402010050251256,0.04271356783919598,0.036565735460147644,0.12774016842810956,0.018271447209738348,0.015270576714411562,0.0
PROXY,3,0,CORE_VOL,ALL,0.9500599679238735,5090,1018,20.23545516769336,0.15424571162787878,0.16036512001000633,0.1820217926604328,0.13024833243890213,0.7875165039110126,1.0962451878169228,0.3658078275547156,0.4216577667540685,623,False,623,0.9156305542706178,0.08436944572938221,0.8227606795049232,1.6093240778861053,0.0,0.038471903803091734,0.05208433031754416,0.1581532416502947,0.0206286836935167,0.01693876807392027,0.18339373972287096,0.4066797642436149,0.009779890353998753,0.6866404715127702,0.6866404715127702,0.7043222003929273,0.7043222003929273,0.07956777996070727,0.0481335952848723,0.006833686902847066,0.15039282001010376,0.023393891900882712,0.016985912899669924,0.0
PROXY,3,0,MATCH_CORE_VOL,ALL,0.930683355820127,5090,1018,20.23545516769336,0.15109984776266303,0.16106389033459376,0.19995113694724767,0.14280039820043172,0.7204129217363436,1.0053314824361095,0.30915688131188696,0.4887481304685205,758,False,758,0.9156305542773763,0.08436944572262373,0.9148862744321269,0.12743019471213768,0.0,0.0392858678648792,0.05845139752474702,0.16306483300589392,0.022593320235756387,0.017788779174979633,0.2015995724424381,0.4194499017681729,0.010648237636432592,0.593320235756385,0.593320235756385,0.6051080550098232,0.6051080550098232,0.0893909626719057,0.0481335952848723,0.006734040112409392,0.15108667085738886,0.029746228751638185,0.017852181160591164,0.0
PROXY,3,0,CORE_VOL,GFC,1.8482848317562106,755,150,2.9924709103353866,0.04661067666521814,0.06964002026699144,0.219599337506048,0.15785537300348224,0.22492323516909787,0.3118400164514028,0.1105414872920006,0.42165776675406785,545,True,48,0.8545547975006322,0.14544520249936777,0.741236931337312,1.6348202258079545,0.0,0.04359048684568567,0.06265928543362599,0.22666666666666666,0.03333333333333333,0.02194486061090821,0.22032598528254133,0.66,0.009252958055416798,0.8466666666666667,0.8466666666666667,0.86,0.86,0.14666666666666667,0.06666666666666667,-0.0865880563962988,0.1848360317202088,0.0377588962360684,0.02027921693073353,0.0
PROXY,3,0,MATCH_CORE_VOL,GFC,1.1450718769806425,755,150,2.9924709103353866,0.028876812761410485,0.059628157704219906,0.24957577560826896,0.1796461030944495,0.15781532160697342,0.21868626870668206,0.06237451561540599,0.4629585092004811,545,True,46,0.8545547975024675,0.14544520249753246,0.853213335183384,0.16995433398903378,0.0,0.04958568873325975,0.0747242219783978,0.22666666666666666,0.04666666666666667,0.023412243764969944,0.24880708908750615,0.6533333333333333,0.01059212225222468,0.7466666666666667,0.7466666666666667,0.78,0.78,0.17333333333333334,0.06666666666666667,-0.08710991161953135,0.18508584537190576,0.04636925590371376,0.021622465851067085,0.0
PROXY,3,0,CORE_VOL,2011,0.3845820717792298,251,50,0.9883641341546886,0.01007639617979868,0.02653839713265536,0.1821926211629979,0.13550261618615309,0.14277798714599135,0.1919517939343256,0.07694707701681587,0.1309522930623681,110,True,59,0.8944473552552696,0.10555264474473036,0.8279187110416536,1.5709995129301408,0.0,0.044781926136995054,0.07635298507510972,0.22,0.04,0.020266126158827998,0.1893647543826807,0.54,0.007686526158971506,0.8,0.8,0.84,0.84,0.1,0.1,-0.33256960090101323,0.16771291086254628,0.02651902230996551,0.01804779881268554,0.0
PROXY,3,0,MATCH_CORE_VOL,2011,1.0137552685577993,251,50,0.9883641341546886,0.026561299823696767,0.045029255811756465,0.19509906806567542,0.14313490046964314,0.22810838358003338,0.31088986220220427,0.19521061407066925,0.1360648341287486,110,True,55,0.8944473552547041,0.10555264474529591,0.8938030097295908,0.1251134585205441,0.0,0.04867710406877046,0.08215073799918729,0.22,0.04,0.020901646806149796,0.20198484560335542,0.46,0.008187288317680863,0.6,0.6,0.72,0.72,0.1,0.1,-0.3325671867579253,0.16919442187791237,0.03373397480738081,0.018811522521099213,0.0
PROXY,3,0,CORE_VOL,2015_2016,0.8980339842203756,503,99,1.9931553730321698,0.07802605440743454,0.09105518117419485,0.17831320002658213,0.13159950169164583,0.5003162960067714,0.677670634839325,0.4531733338924641,0.17217706465038773,74,False,184,0.951285228767165,0.048714771232834964,0.9268036776505135,1.4531677857969258,0.0,0.03673337293893575,0.04231847782815717,0.1414141414141414,0.010101010101010102,0.015536013929702903,0.18809656404487723,0.24242424242424243,0.017139557191491323,0.5151515151515151,0.5151515151515151,0.5252525252525253,0.5252525252525253,0.0707070707070707,0.06060606060606061,0.0580730678384124,0.13192189809436558,0.01646266818497147,0.015348357340547614,0.0
PROXY,3,0,MATCH_CORE_VOL,2015_2016,0.9575888361745533,503,99,1.9931553730321698,0.08320050236870796,0.09641410088965953,0.18156491086623783,0.13409339782675847,0.5208718009562473,0.7050214231932423,0.5029773035192803,0.16541601735617617,72,False,182,0.9512852287702595,0.04871477122974055,0.950225343510477,0.04037758563805318,0.0,0.03726865538282054,0.04499247083469648,0.15151515151515152,0.010101010101010102,0.015823555847518087,0.1903962938087238,0.2727272727272727,0.017477265499672694,0.43434343434343436,0.43434343434343436,0.45454545454545453,0.45454545454545453,0.08080808080808081,0.06060606060606061,0.05806702935289373,0.13261795243569188,0.021376678914492752,0.016048516413890133,0.0
PROXY,3,0,CORE_VOL,2018Q4,,62,12,0.24914442162902123,-0.4840393698246026,-0.6363420605065088,0.2575912306617809,0.21093705541103444,-2.561300463651408,-3.1151520192300786,-2.5490352266094036,0.1898912046297795,62,True,0,0.8105617118832361,0.1894382881167639,0.793940221888913,2.25408237371762,0.0,0.05438375690897379,0.05438375690897379,0.4166666666666667,0.08333333333333333,0.03645044362911152,0.24862120565698823,0.8333333333333334,0.012040601677204898,0.9166666666666666,0.9166666666666666,0.9166666666666666,0.9166666666666666,0.3333333333333333,0.16666666666666666,-0.12451038553394096,0.19313765045030262,0.04250297222176604,0.020880757825732444,0.0
PROXY,3,0,MATCH_CORE_VOL,2018Q4,,62,12,0.24914442162902123,-0.45138833745406454,-0.5732469714177214,0.2620431465766666,0.21025532571762232,-2.276966866616786,-2.826256149385826,-2.487837556217559,0.18143802690250532,62,True,0,0.8105617118820065,0.18943828811799346,0.8102061109318838,0.2530018502109199,0.0,0.058357022378247136,0.05835702237824713,0.4166666666666667,0.08333333333333333,0.03637959116436867,0.2492758191512212,0.9166666666666666,0.01203292151444203,0.9166666666666666,0.9166666666666666,0.9166666666666666,0.9166666666666666,0.25,0.16666666666666666,-0.12524358617715797,0.19326196943983306,0.047476036370452224,0.02144260470268543,0.0
PROXY,3,0,CORE_VOL,COVID,0.5530990137246511,92,17,0.3613963039014374,0.050536706325784136,0.09244445845678657,0.2960620206747883,0.22031257407207813,0.29958638142999866,0.4022370298408526,0.24806738635796577,0.20372168654552092,75,False,75,0.7427772772366205,0.25722272276337954,0.6940571453818187,2.604315501088403,0.0,0.07985789526802056,0.07985789526802056,0.17647058823529413,0.11764705882352941,0.02887076895919313,0.3374848252012464,0.8235294117647058,0.021077953889191085,1.0,1.0,1.0,1.0,0.11764705882352941,0.0,0.2886331330418868,0.23311572682612275,0.08501980573741685,0.02829023024151295,0.0
PROXY,3,0,MATCH_CORE_VOL,COVID,0.8715131381339264,92,17,0.3613963039014374,0.07963023333623748,0.12418031912816017,0.3113940124912848,0.2310302649924855,0.3867305199938122,0.520843869749025,0.3775560266086572,0.21090971332521058,72,False,72,0.7427772772395249,0.2572227227604751,0.7388083112350841,0.3268302975646885,0.0,0.09479010623453998,0.09479010623453998,0.17647058823529413,0.11764705882352941,0.03061239997027516,0.3807994113857096,0.7058823529411765,0.02409963037283344,1.0,1.0,1.0,1.0,0.11764705882352941,0.0,0.2886307503936615,0.23337764663526706,0.09364573407338421,0.03068480798462366,0.0
PROXY,3,0,CORE_VOL,2022,,250,49,0.9883641341546886,-0.27664941608378296,-0.2913707114577202,0.24974226845803374,0.1862689254477676,-1.246609563667374,-1.6652689047401674,-0.9201930445470948,0.3006428028587693,249,True,0,0.7779251614687493,0.22207483853125065,0.7730683746395055,2.0036106871068893,0.0,0.06787555515336885,0.07240577840025092,0.3469387755102041,0.08163265306122448,0.02981833494552856,0.23132946969503113,0.8775510204081632,0.007904196045524137,1.0,1.0,1.0,1.0,0.22448979591836735,0.08163265306122448,-0.18787410207777108,0.20554449039151107,0.04979167190789446,0.022296626919101423,0.0
PROXY,3,0,MATCH_CORE_VOL,2022,,250,49,0.9883641341546886,-0.26495211987917905,-0.27522648006592004,0.25048082921639975,0.18590475692378375,-1.178484162688565,-1.582019313905434,-0.9176815856993801,0.28871901104701225,249,True,0,0.7779251614632355,0.22207483853676446,0.777238166488243,0.3187430511834204,0.0,0.07133398263833512,0.07618235855271577,0.3469387755102041,0.061224489795918366,0.029809956455311076,0.23354153480912815,0.8775510204081632,0.007972184658225875,0.9795918367346939,0.9795918367346939,0.9795918367346939,0.9795918367346939,0.20408163265306123,0.08163265306122448,-0.1878190049438559,0.20512651633211135,0.05220649874831359,0.022574551499362595,0.0
PROXY,3,0,CORE_VOL,2023_PLUS,0.8807057189453321,915,183,3.646817248459959,0.278427649964808,0.2623013370560997,0.1759581692262221,0.12081590399852844,1.2228272794705248,1.7598983551970313,1.33731046437172,0.20819970932898946,91,False,117,0.917042209282256,0.082957790717744,0.8590111915879168,2.0154547718583498,0.0,0.03063075491862044,0.04734099168095858,0.1366120218579235,0.01639344262295082,0.01570976357954226,0.17498995778515244,0.3879781420765027,0.008179661072808122,0.8907103825136612,0.8907103825136612,0.8907103825136612,0.8907103825136612,0.04918032786885246,0.03825136612021858,0.05285948082502773,0.1561121511889128,0.023575584457853474,0.017314279133444424,0.0
PROXY,3,0,MATCH_CORE_VOL,2023_PLUS,0.9269781399853007,915,183,3.646817248459959,0.29305628376517545,0.27558463876383316,0.18630797632253576,0.1259477269019059,1.2261876638826312,1.793720331578443,1.313600159140016,0.22309397705694,88,False,88,0.9170422092755747,0.08295779072442533,0.9163895180762385,0.07744769950465956,0.0,0.033247551982798385,0.046387405554145944,0.14754098360655737,0.01092896174863388,0.015987321539697737,0.18406825055913847,0.43169398907103823,0.009020343685833297,0.7650273224043715,0.7650273224043715,0.7486338797814208,0.7486338797814208,0.060109289617486336,0.03825136612021858,0.05274318743342769,0.1563782592679145,0.027019839852215406,0.01775654094785698,0.0
PROXY,3,0,CORE_VOL,2024_PLUS,0.8578660186440947,665,133,2.650239561943874,0.2108221256465311,0.20838440230632588,0.17991163242354416,0.12757821899647054,0.9084119293223702,1.2675421940606715,1.0125956771313143,0.20819970932898968,91,False,117,0.9135913179440405,0.08640868205595953,0.8454471744163595,2.0602604398867848,0.0,0.037740854986377026,0.05085357909824908,0.15789473684210525,0.022556390977443608,0.016242015836250918,0.17940401717905835,0.40601503759398494,0.008900112175520654,0.8571428571428571,0.8571428571428571,0.8571428571428571,0.8571428571428571,0.05263157894736842,0.045112781954887216,-0.022633148878078015,0.1558524368737606,0.024026815359032273,0.017347936492917097,0.0
PROXY,3,0,MATCH_CORE_VOL,2024_PLUS,0.9303729656715107,665,133,2.650239561943874,0.22864083901697183,0.22539217373984274,0.1926077851859682,0.13363283405164703,0.936805263882364,1.336941393726218,1.028439106288847,0.22231830510804773,88,False,88,0.9135913179369938,0.08640868206300623,0.9127820687443691,0.07995471524084943,0.0,0.034402647082357296,0.049786324091818844,0.16541353383458646,0.015037593984962405,0.016555213912015917,0.1902777854191768,0.43609022556390975,0.009874573896235375,0.7293233082706767,0.7293233082706767,0.7293233082706767,0.7293233082706767,0.06766917293233082,0.045112781954887216,-0.022816548725371533,0.15621340864794983,0.028006672193559463,0.017864988185209287,0.0
PROXY,3,0,CORE_VOL,EX_MAJOR_SHOCKS,0.9100364317754907,3987,796,15.84394250513347,0.20997059159559972,0.20456957863432915,0.16485450285799053,0.11680540719396476,1.1409674978723636,1.6032575030870042,1.0085056903888947,0.20819970932898946,91,False,184,0.939812806508887,0.06018719349111301,0.8860966777051553,1.5565524085237548,0.0,0.03241544139327679,0.045380322256490475,0.13316582914572864,0.01256281407035176,0.014931880117061086,0.16685994625942793,0.31909547738693467,0.009563215590878554,0.6319095477386935,0.6319095477386935,0.6520100502512562,0.6520100502512562,0.056532663316582916,0.04271356783919598,0.03664561747931013,0.13879673605676,0.017771663685496528,0.015802228924868777,0.0
PROXY,3,0,MATCH_CORE_VOL,EX_MAJOR_SHOCKS,0.9432678004388025,3987,796,15.84394250513347,0.21763798808010493,0.21235506262299125,0.1734981689630386,0.12200989203481749,1.1290111708117763,1.598759838929972,0.953554248247577,0.2282387063767748,88,False,182,0.939812806502319,0.06018719349768098,0.9393931792350683,0.11259846942699364,0.0,0.03459045511902492,0.047687221266124034,0.14321608040201006,0.01256281407035176,0.015316473791204852,0.17444093028763905,0.3391959798994975,0.009988657613179134,0.5527638190954773,0.5527638190954773,0.5603015075376885,0.5603015075376885,0.06030150753768844,0.04271356783919598,0.03657294927836361,0.13954973047036104,0.02216605413306244,0.016318263817047637,0.0
PROXY,3,1,BUYHOLD,ALL,1.0,5090,1018,20.23545516769336,0.16234791470070797,0.17472302073084423,0.21855232945162023,0.1560763663748,0.7215942487488383,1.0073251249757855,0.3105345339649774,0.5228014824239092,761,False,761,1.0,0.0,1.0000010984651757,0.04950389047539254,4.950389047539254e-06,0.043008558632415594,0.0638702144920003,0.17485265225933203,0.029469548133595286,0.019427664081177867,0.22046415539907074,0.481335952848723,0.011686946016852296,0.6866404715127702,0.6866404715127702,0.7043222003929273,0.7043222003929273,0.09823182711198428,0.0481335952848723,0.006793840482210591,0.16690405235178218,0.03662854560392011,0.019498743471696035,5.743842494854157e-06
PROXY,3,1,BUYHOLD,GFC,1.0,755,150,2.9924709103353866,0.025218340736438687,0.06774886567589018,0.29250718568184136,0.21043921521532827,0.16241389554101268,0.22525973744078595,0.04823693425565056,0.5228014824239077,545,True,46,1.0,0.0,1.0000000000000002,0.0,0.0,0.058024978648103964,0.08746764813043677,0.24,0.06,0.027379443479636195,0.291854250946526,0.7266666666666667,0.012507415028221768,0.8466666666666667,0.8466666666666667,0.86,0.86,0.18,0.06666666666666667,-0.08648893098144829,0.214813331528408,0.06336803414905176,0.025302097861160663,-6.661338147750939e-16
PROXY,3,1,BUYHOLD,2011,1.0,251,50,0.9883641341546886,0.02620089941577761,0.04947803757043933,0.2182788534844951,0.1602166266465212,0.22426600772889957,0.3055117648367598,0.17265884302602796,0.15174953658080448,110,True,55,1.0,0.0,0.9999999999999993,0.0,0.0,0.05443110554052799,0.09186196407497715,0.26,0.06,0.02335191739928404,0.22601847598550745,0.58,0.009201074443766642,0.8,0.8,0.84,0.84,0.1,0.1,-0.3325576057167073,0.19020345174612033,0.04350036276240961,0.02103509900433111,-7.389922007661198e-16
PROXY,3,1,BUYHOLD,2015_2016,1.0,503,99,1.9931553730321698,0.08688541389129206,0.10159890232515233,0.1910751080799178,0.14103405886072146,0.5220817950213555,0.7070875805330273,0.5005900764226743,0.17356599338163903,72,False,182,1.0,0.0,1.0000000000000004,0.0,0.0,0.03917638509595334,0.047297370800291276,0.15151515151515152,0.020202020202020204,0.01662942906125449,0.20059290216728204,0.29292929292929293,0.018453043321473035,0.5151515151515151,0.5151515151515151,0.5252525252525253,0.5252525252525253,0.08080808080808081,0.06060606060606061,0.058066145659441196,0.1412661462870191,0.024360545674862098,0.016870017251524084,1.2906342661267445e-15
PROXY,3,1,BUYHOLD,2018Q4,1.0,62,12,0.24914442162902123,-0.5289552733768624,-0.7093384933401198,0.3234242070099199,0.25939958578426214,-2.265619570933581,-2.8154872684649987,-2.3890268173076827,0.22141035401727693,62,True,0,1.0,0.0,0.9999999999999998,0.0,0.0,0.07211244148559348,0.07211244148559348,0.4166666666666667,0.16666666666666666,0.04482228079787607,0.30806220245986066,1.0,0.01495739796800578,0.9166666666666666,0.9166666666666666,0.9166666666666666,0.9166666666666666,0.3333333333333333,0.16666666666666666,-0.12475323632662644,0.22809450820687313,0.07560739805059857,0.026457156812153076,1.1102230246251565e-16
PROXY,3,1,BUYHOLD,COVID,1.0,92,17,0.3613963039014374,0.09137008939043845,0.17534673481457397,0.4214598913057329,0.31225864280546695,0.40713289702605004,0.5491901830067369,0.3314938400367252,0.27563133414580443,72,False,72,1.0,0.0,0.9999999999999999,0.0,0.0,0.12749257400915537,0.12749257400915537,0.17647058823529413,0.11764705882352941,0.04108136218039683,0.5169913660870569,1.0,0.033150962054664654,1.0,1.0,1.0,1.0,0.11764705882352941,0.0,0.2885749378282169,0.2737564570274546,0.13735490555050237,0.04125776560633893,-1.0408340855860843e-15
PROXY,3,1,BUYHOLD,2022,1.0,250,49,0.9883641341546886,-0.3376954837308434,-0.3583998756999942,0.3222645326642971,0.2393747707089819,-1.1740668850997777,-1.5761194644049181,-0.9315640449314463,0.36250377584688165,249,True,0,1.0,0.0,1.0000000000000002,0.0,0.0,0.09182792831173303,0.09793698625752989,0.42857142857142855,0.12244897959183673,0.038263318376869845,0.30049973816485015,1.0,0.010305702016642798,1.0,1.0,1.0,1.0,0.30612244897959184,0.08163265306122448,-0.1879343567501483,0.24611123737283494,0.08844651394155308,0.02900034888789693,-8.326672684688674e-16
PROXY,3,1,BUYHOLD,2023_PLUS,1.0,915,183,3.646817248459959,0.3161415260232805,0.29667976759823117,0.203305999778174,0.13749985082516236,1.227423421524231,1.796401085583959,1.3079135551492997,0.24171438913422116,88,False,88,1.0,0.0,0.9999999999999999,0.0,0.0,0.03636443089533692,0.05067327573574863,0.15300546448087432,0.01639344262295082,0.017456968488705288,0.20084065011916072,0.5191256830601093,0.00986490832266735,0.8907103825136612,0.8907103825136612,0.8907103825136612,0.8907103825136612,0.07103825136612021,0.03825136612021858,0.052645159829756226,0.17270682280627195,0.034569256289540114,0.019365489341865726,3.885780586188048e-16
PROXY,3,1,BUYHOLD,2024_PLUS,1.0,665,133,2.650239561943874,0.24575180863294663,0.24300001379589806,0.2110111275194074,0.14643511335833048,0.9385425908110898,1.3402641082649736,1.016703265011184,0.24171438913422127,88,False,88,1.0,0.0,0.9999999999999999,0.0,0.0,0.03774085498637714,0.054583030787557836,0.17293233082706766,0.022556390977443608,0.01814183955699414,0.20843567011668357,0.518796992481203,0.010844324181893846,0.8571428571428571,0.8571428571428571,0.8571428571428571,0.8571428571428571,0.07518796992481203,0.045112781954887216,-0.022790050367635768,0.1729525793554997,0.03590909266770697,0.019556896013855792,-3.3306690738754696e-16
PROXY,3,1,BUYHOLD,EX_MAJOR_SHOCKS,1.0,3987,796,15.84394250513347,0.23071990927848973,0.22507748238636893,0.18469183721592985,0.12988434723351933,1.1294667323921979,1.5997770223048184,0.9545145827060121,0.24171438913422116,88,False,182,1.0,0.0,1.0000020004632004,0.06319909769745373,6.319909769745373e-06,0.03681251820370823,0.0507654578824524,0.14698492462311558,0.016331658291457288,0.016299654131754753,0.185751038681762,0.3907035175879397,0.010662640657987629,0.6319095477386935,0.6319095477386935,0.6520100502512562,0.6520100502512562,0.06909547738693467,0.04271356783919598,0.03658247600362148,0.15078799965158673,0.026288134996540792,0.017364969107543288,7.767399184455126e-06
PROXY,3,1,VOL,ALL,0.886142765671624,5090,1018,20.23545516769336,0.14386343013390626,0.14629588209145017,0.1520872220186776,0.10918701799244213,0.8499915672714939,1.1782299077461413,0.4622047220655845,0.3112547822769599,598,False,598,0.8312717250281182,0.1687282749718818,0.6466309052613857,3.17957982327498,0.00031795798232749794,0.03199635651337018,0.04317870609063147,0.12868369351669942,0.009823182711198428,0.014435428701167857,0.15356729021609616,0.23968565815324164,0.00836963732476213,0.6827111984282908,0.6827111984282908,0.7033398821218074,0.7033398821218074,0.0550098231827112,0.0481335952848723,0.006914934745491486,0.1252662931027162,0.010047069424118614,0.014473082327643811,0.0003630955866960883
PROXY,3,1,MATCH_VOL,ALL,0.8599398028934542,5090,1018,20.23545516769336,0.13960943376789012,0.1474523742658668,0.18138587838683615,0.12954095175151312,0.7191097037675404,1.0031699396649185,0.308334665141508,0.4527853970095038,756,False,756,0.8312717250277002,0.1687282749722998,0.8299296469468758,0.19016380265442695,1.90163802654427e-05,0.03560466745161939,0.05303498436106165,0.13948919449901767,0.01669941060903733,0.016148176028206302,0.18279205760923714,0.3369351669941061,0.009620556754227983,0.48919449901768175,0.48919449901768175,0.49901768172888017,0.49901768172888017,0.07465618860510806,0.0481335952848723,0.006667043145523578,0.13399197676077768,0.02338954364193769,0.01620601662276767,2.163197985616261e-05
PROXY,3,1,VOL,GFC,2.494610616959319,755,150,2.9924709103353866,0.06290994054321764,0.07338611483436662,0.15771383823551036,0.11310621940851856,0.33685967936213207,0.4670659326859197,0.2021171854228372,0.31125478227696246,545,True,48,0.7092864945793222,0.29071350542067775,0.48453585032623964,3.2732601220235824,0.00032732601220235834,0.03562089113632294,0.0450082843326078,0.16666666666666666,0.006666666666666667,0.016456793508367706,0.15980763661801325,0.3333333333333333,0.006516706601549345,0.8333333333333334,0.8333333333333334,0.86,0.86,0.08666666666666667,0.06666666666666667,-0.08669031312650664,0.1362987200530545,0.010624890803304832,0.015256336000306406,0.0003483913233703756
PROXY,3,1,MATCH_VOL,GFC,1.2298308132204592,755,150,2.9924709103353866,0.03101429249596502,0.051922491117350304,0.20684417406081865,0.14893993063475883,0.1531665876184274,0.21205807557103595,0.07805847962720104,0.3973212474043303,545,True,43,0.7092864945833901,0.2907135054166099,0.7070886894918008,0.28160865527371226,2.8160865527371225e-05,0.041155392757347475,0.06199494818164497,0.18666666666666668,0.02666666666666667,0.019436237002543044,0.20604067929528816,0.4066666666666667,0.008716150020180143,0.5466666666666666,0.5466666666666666,0.5866666666666667,0.5866666666666667,0.09333333333333334,0.06666666666666667,-0.0879924900225899,0.15038363850961875,0.030761885681841364,0.01794668350034438,2.9069228413423215e-05
PROXY,3,1,VOL,2011,-0.33216231246398764,251,50,0.9883641341546886,-0.008702951338581033,0.002646912138738099,0.15049219907360106,0.1139536313230799,0.014100671719893397,0.018618999130859615,-0.07325799766863303,0.11879865155401848,218,True,13,0.7887331702633316,0.21126682973666844,0.65607811276262,3.141272156236496,0.00031412721562364967,0.03525321803303971,0.06087612796032989,0.14,0.02,0.01716704423234048,0.15681275541677145,0.3,0.006334816596889793,0.8,0.8,0.84,0.84,0.08,0.1,-0.3324218998494499,0.13460393440262386,0.010364202736871258,0.015060498621039975,0.0003138611333961868
PROXY,3,1,MATCH_VOL,2011,0.9981555830009915,251,50,0.9883641341546886,0.026152574031505837,0.04037782209905313,0.17191917841719034,0.12607019494239438,0.2318082714737104,0.3160752303454367,0.21744035016602706,0.12027470527681261,110,True,55,0.7887331702607392,0.2112668297392608,0.7876002059540727,0.22052235754380733,2.2052235754380737e-05,0.04291628293036642,0.0724276381610907,0.16,0.04,0.018444151727980675,0.1779590941431752,0.38,0.007182478689801818,0.5,0.5,0.54,0.54,0.08,0.1,-0.33257965125796046,0.14585601385848243,0.02390684145997846,0.016585170334558783,2.2804773882809798e-05
PROXY,3,1,VOL,2015_2016,0.7883790284406655,503,99,1.9931553730321698,0.06849863818928194,0.08045911978715828,0.16836141260564805,0.12435149768121677,0.4669528241049314,0.6319808696828833,0.40097903774656385,0.170828476656119,75,False,170,0.9025568810435939,0.09744311895640612,0.8536699975860634,2.9208012505869583,0.0002920801250586959,0.03280342744604403,0.03990699680502783,0.1414141414141414,0.010101010101010102,0.014438947565636248,0.17852612074926713,0.1717171717171717,0.01629744901116044,0.5151515151515151,0.5151515151515151,0.5252525252525253,0.5252525252525253,0.050505050505050504,0.06060606060606061,0.058094702205216626,0.11710808647007664,0.008085875773029287,0.013826697429571147,0.00031258714387591424
PROXY,3,1,MATCH_VOL,2015_2016,0.9144838595912099,503,99,1.9931553730321698,0.0794553086374885,0.09125826108767511,0.17207565698699304,0.12715819780635015,0.5196331199973476,0.7029272949693143,0.5053348783221409,0.15723297964570204,72,False,182,0.9025568810460538,0.0974431189539462,0.9005557084163633,0.07663428580297474,7.663428580297475e-06,0.035360295918376305,0.04268687979670101,0.13131313131313133,0.010101010101010102,0.01501700119233514,0.18024727776752758,0.2727272727272727,0.016510279928439685,0.36363636363636365,0.36363636363636365,0.3838383838383838,0.3838383838383838,0.0707070707070707,0.06060606060606061,0.058067756102118825,0.12361218592998664,0.018736546333265845,0.015226733209614731,8.284299489499936e-06
PROXY,3,1,VOL,2018Q4,,62,12,0.24914442162902123,-0.4368745359310931,-0.562119303871661,0.1944785299948509,0.16442307382532928,-3.0110650551799742,-3.543304339403501,-2.7640673373358524,0.15805495402734104,62,True,0,0.620750743402139,0.379249256597861,0.5879577937612613,4.564384299364577,0.0004564384299364577,0.03671881326251303,0.03671881326251303,0.4166666666666667,0.0,0.028015198915454138,0.19223310315112957,0.6666666666666666,0.009401037737089907,0.9166666666666666,0.9166666666666666,0.9166666666666666,0.9166666666666666,0.3333333333333333,0.16666666666666666,-0.12411430306534804,0.13702356186160955,0.012767371082222886,0.015304358839311819,0.00025388040097679143
PROXY,3,1,MATCH_VOL,2018Q4,,62,12,0.24914442162902123,-0.3625119259465935,-0.4356206129664999,0.20058747086957934,0.1609349347067697,-2.288460102251889,-2.8371734120843835,-2.589482958766521,0.13999394153930755,62,True,0,0.6207507434087297,0.3792492565912703,0.6201719356067421,0.38582776493568866,3.8582776493568863e-05,0.04457630418503966,0.04457630418503966,0.3333333333333333,0.0,0.027871242724982963,0.19058132140162626,0.5833333333333334,0.009146375817423572,0.75,0.75,0.75,0.75,0.16666666666666666,0.16666666666666666,-0.12604136506741245,0.14558133425352518,0.021840344411950912,0.01641864675806884,2.4289245186326358e-05
PROXY,3,1,VOL,COVID,-0.028357755412956185,92,17,0.3613963039014374,-0.0025910506469939963,0.01517649856525977,0.1888575801771866,0.14286482071826637,0.06065738854263916,0.08007271040606198,-0.020286615649914838,0.12772217365910776,77,False,77,0.4868454676102733,0.5131545323897266,0.39286793825486915,5.452457849327234,0.0005452457849327236,0.03223421482727129,0.03223421482727129,0.11764705882352941,0.0,0.01659110851147531,0.176651879806468,0.35294117647058826,0.010332796298768633,1.0,1.0,1.0,1.0,0.058823529411764705,0.0,0.28872008722778264,0.1398345751882844,0.014256890382526794,0.01532269487668697,0.000549532693297345
PROXY,3,1,MATCH_VOL,COVID,0.6573619740238497,92,17,0.3613963039014374,0.060063222328434224,0.07823501621165561,0.20304189310950763,0.1508057649410093,0.3668312043264648,0.4933028365508847,0.4223265286541651,0.14221986603550263,71,False,71,0.4868454676106136,0.5131545323893865,0.48166353777391163,0.42573391504027613,4.2573391504027616e-05,0.062160228055303746,0.062160228055303746,0.11764705882352941,0.058823529411764705,0.020120726169257197,0.24760145191081703,0.4117647058823529,0.015472480683288624,0.7058823529411765,0.7058823529411765,0.6470588235294118,0.6470588235294118,0.11764705882352941,0.0,0.288741115404296,0.1683543503526817,0.04650110461779859,0.02013473792272956,4.5591437183356565e-05
PROXY,3,1,VOL,2022,,250,49,0.9883641341546886,-0.21469316407714642,-0.22457760238343513,0.17965980431077883,0.1354229866866066,-1.3611145496789927,-1.7966957774604013,-0.9070190115469318,0.23670194488093987,249,True,0,0.5561119666272994,0.44388803337270055,0.5470554293327061,3.9928142154943633,0.00039928142154943634,0.04720330527291472,0.050907368166011956,0.2857142857142857,0.02040816326530612,0.02133569109913269,0.16420092624860236,0.3877551020408163,0.005623497619257058,1.0,1.0,1.0,1.0,0.10204081632653061,0.08163265306122448,-0.18778654525208519,0.13977014096045773,0.014877594494801784,0.015592904950305913,0.00031479722389010645
PROXY,3,1,MATCH_VOL,2022,,250,49,0.9883641341546886,-0.1882020154463464,-0.19169673234948706,0.17891166296560085,0.13259504918361295,-1.1830399565750136,-1.588077004714334,-0.8972139917448173,0.20976268446321134,249,True,0,0.5561119666202351,0.4438880333797649,0.555128666782969,0.45428245370266646,4.542824537026665e-05,0.05083436363807703,0.054421861700928754,0.24489795918367346,0.061224489795918366,0.0213154986746665,0.16680298970559287,0.46938775510204084,0.005671070832836334,0.7755102040816326,0.7755102040816326,0.7346938775510204,0.7346938775510204,0.08163265306122448,0.08163265306122448,-0.1876108272346721,0.14410257295042342,0.01958398413236802,0.016146845624144018,3.701745937370604e-05
PROXY,3,1,VOL,2023_PLUS,0.7607501803703991,915,183,3.646817248459959,0.24050472294478387,0.22815524058810574,0.15227133830968095,0.1061120781632787,1.1888208814542418,1.6828133092673343,1.3766272233198045,0.1747057728270075,148,False,148,0.8340021349062053,0.16599786509379466,0.7189582521925066,4.035933099501399,0.00040359330995013993,0.02961420892695943,0.0440952417474765,0.10382513661202186,0.01639344262295082,0.013957506891574234,0.1522519364903157,0.24043715846994534,0.0067490284406944755,0.8907103825136612,0.8907103825136612,0.8907103825136612,0.8907103825136612,0.04918032786885246,0.03825136612021858,0.0532134039449413,0.13402347474909349,0.012926586794262722,0.015263068925023117,0.0004985854893535258
PROXY,3,1,MATCH_VOL,2023_PLUS,0.8542310378629104,915,183,3.646817248459959,0.2700579038864312,0.2545284416807394,0.16931905586344953,0.11439048197997234,1.2248689690088088,1.7909233291449445,1.3230042340689863,0.2041247464914382,87,False,87,0.8340021349033963,0.16599786509660375,0.8328196492341929,0.1409545169486691,1.4095451694866909e-05,0.030128469780475453,0.042098511155718756,0.1092896174863388,0.01092896174863388,0.014514759895177028,0.167300816007003,0.3005464480874317,0.0081799794161152,0.644808743169399,0.644808743169399,0.6120218579234973,0.6120218579234973,0.04918032786885246,0.03825136612021858,0.05286091834291357,0.1387135139602553,0.020345749899956567,0.01614637884088317,1.782428901958566e-05
PROXY,3,1,VOL,2024_PLUS,0.7142737222511112,665,133,2.650239561943874,0.17553405910219755,0.17422295081908448,0.15318541407593775,0.11104547955242111,0.8439505246786703,1.150010182317312,1.0047410355238264,0.17470577282700717,148,False,148,0.8270936572539838,0.17290634274601624,0.6921020223804936,4.126054876536307,0.00041260548765363066,0.03134173785803929,0.04747179067923886,0.11278195488721804,0.022556390977443608,0.014335302011925132,0.15404464905670384,0.2556390977443609,0.007257970188998298,0.8571428571428571,0.8571428571428571,0.8571428571428571,0.8571428571428571,0.05263157894736842,0.045112781954887216,-0.022319690869512725,0.1324394775668083,0.012552306845805387,0.015138976971978402,0.0004830577371181255
PROXY,3,1,MATCH_VOL,2024_PLUS,0.8603471344406642,665,133,2.650239561943874,0.2114318643409661,0.2078492612806148,0.174220157834719,0.12082501134467041,0.9349900065621785,1.3335162901235558,1.0438886111114292,0.20254255299888213,87,False,87,0.8270936572551099,0.17290634274489014,0.8256337026048045,0.1448291303292142,1.4482913032921418e-05,0.031061826960015138,0.044985791851468074,0.12781954887218044,0.015037593984962405,0.014965209164065477,0.17213098695606696,0.3157894736842105,0.00891038241996957,0.6015037593984962,0.6015037593984962,0.5864661654135338,0.5864661654135338,0.05263157894736842,0.045112781954887216,-0.022848691032294574,0.13792278419534437,0.021061590963768882,0.016171656365347526,1.7470048923357018e-05
PROXY,3,1,VOL,EX_MAJOR_SHOCKS,0.8168275814798397,3987,796,15.84394250513347,0.1884583854951968,0.18396309746473066,0.14806701683165305,0.10571843804752984,1.131147824377477,1.57667360000494,1.078718707720134,0.1747057728270075,148,False,238,0.8795591819818481,0.12044081801815187,0.7724622513649353,3.057815473152714,0.00030578154731527137,0.02878561347062747,0.04131312713558036,0.11180904522613065,0.010050251256281407,0.013559493834889627,0.15085434086470265,0.20979899497487436,0.008720193260425719,0.6293969849246231,0.6293969849246231,0.6507537688442211,0.6507537688442211,0.04522613065326633,0.04271356783919598,0.03675766599162785,0.12201297808278287,0.009551701969651794,0.01423948874219427,0.00036295113812340185
PROXY,3,1,MATCH_VOL,EX_MAJOR_SHOCKS,0.8864780421874087,3987,796,15.84394250513347,0.2045281334708521,0.19962033075685648,0.16230382674589575,0.11413157383495066,1.128421879176058,1.5975495399809796,0.9531762297671971,0.21457536086564588,87,False,182,0.8795591819778046,0.12044081802219542,0.8787781554853972,0.1552173413213834,1.5521734132138343e-05,0.03236632295438324,0.04460628238360438,0.12688442211055276,0.010050251256281407,0.014331756244264963,0.16313711905908496,0.28391959798994976,0.009318563106302871,0.4648241206030151,0.46608040201005024,0.4836683417085427,0.4836683417085427,0.05402010050251256,0.04271356783919598,0.03656858672871949,0.12774370349341274,0.018271973731702737,0.015270576714411562,1.8670238875667655e-05
PROXY,3,1,CORE_VOL,ALL,0.9489515862985349,5090,1018,20.23545516769336,0.15406031118749608,0.16020399889081824,0.1820211608007308,0.13025377508404754,0.7866340967570532,1.0949673410946297,0.3652536319540903,0.4217899500773762,623,False,623,0.9156305542706178,0.08436944572938221,0.8227574918981648,1.6093136810131163,0.00016093136810131167,0.038477145940784996,0.052087503955916416,0.1581532416502947,0.0206286836935167,0.016939964534281007,0.18339373972287096,0.4066797642436149,0.009779890353998753,0.6866404715127702,0.6866404715127702,0.7043222003929273,0.7043222003929273,0.07956777996070727,0.0481335952848723,0.006839164568447983,0.15041781023251158,0.023398563877338817,0.016985912899669924,0.00018540044038270476
PROXY,3,1,MATCH_CORE_VOL,ALL,0.9306260979094813,5090,1018,20.23545516769336,0.15108520636166117,0.16105117767738594,0.19995131576199862,0.14280096313568794,0.7203486797155728,1.0052387202717834,0.3091224061451198,0.4887552741509559,758,False,758,0.9156305542773763,0.08436944572262373,0.9148870905598421,0.127426872709747,1.2742687270974703e-05,0.039286016664735635,0.058451607090133986,0.16306483300589392,0.022593320235756387,0.01778892777404936,0.2015995724424381,0.4194499017681729,0.010648237636432592,0.593320235756385,0.593320235756385,0.6051080550098232,0.6051080550098232,0.0893909626719057,0.0481335952848723,0.006736369918924885,0.15108775434748514,0.029746228751638185,0.017852181160591164,1.4641401001852516e-05
PROXY,3,1,CORE_VOL,GFC,1.8414924911669641,755,150,2.9924709103353866,0.04643938510584181,0.06947625437109203,0.21959808575762152,0.15786017050453582,0.22417898497718106,0.31079694387243034,0.11010073876184677,0.4217899500773782,545,True,48,0.8545547975006322,0.14544520249936777,0.7412330297229223,1.634814664366852,0.0001634814664366852,0.04359457988165072,0.06266160219471939,0.22666666666666666,0.03333333333333333,0.02194616590002871,0.22032598528254133,0.66,0.009252958055416797,0.8466666666666667,0.8466666666666667,0.86,0.86,0.14666666666666667,0.06666666666666667,-0.08658887970354837,0.18487282776555863,0.03776735416491397,0.02027921693073353,0.00017129155937633395
PROXY,3,1,MATCH_CORE_VOL,GFC,1.1443776658922815,755,150,2.9924709103353866,0.028859305909641943,0.05961112974962478,0.24957563344714473,0.17964663931259453,0.15774719840865117,0.2185910918481399,0.062335079930442,0.46297054470524857,545,True,46,0.8545547975024679,0.14544520249753212,0.8532128503037103,0.1699541447206957,1.699541447206957e-05,0.0495857870048616,0.07472471558849293,0.22666666666666666,0.04666666666666667,0.0234123863049045,0.24880708908750615,0.6533333333333333,0.01059212225222468,0.7466666666666667,0.7466666666666667,0.78,0.78,0.17333333333333334,0.06666666666666667,-0.0871095709176207,0.18508584537190576,0.04636925590371376,0.021622465851067085,1.750685176854158e-05
PROXY,3,1,CORE_VOL,2011,0.3784791488037965,251,50,0.9883641341546886,0.0099164941087774,0.026381318030667227,0.18219274695735208,0.13550728100755755,0.14191574615880256,0.19078615415055225,0.07571177161496846,0.13097691280039836,110,True,59,0.8944473552552697,0.10555264474473025,0.8279202736401639,1.5710009314770028,0.00015710009314770027,0.04478538536591614,0.07635759081564357,0.22,0.04,0.020267248699739213,0.1893647543826807,0.54,0.007686526158971508,0.8,0.8,0.84,0.84,0.1,0.1,-0.3324975350592983,0.16774828833345581,0.02651902230996551,0.01804779881268554,0.00015990207102128083
PROXY,3,1,MATCH_CORE_VOL,2011,1.0132612691842011,251,50,0.9883641341546886,0.026548356595798416,0.04501670246046792,0.19509885255389306,0.1431352103709495,0.22804429309401592,0.3108014967450794,0.19511360686531368,0.1360661463970817,110,True,55,0.8944473552547041,0.10555264474529591,0.8938020220001004,0.12511349170005387,1.2511349170005388e-05,0.048677309106211486,0.08215087795246812,0.22,0.04,0.02090174740113152,0.20198484560335542,0.46,0.008187288317680863,0.6,0.6,0.72,0.72,0.1,0.1,-0.33256733489094725,0.1692028785375318,0.03373397480738081,0.018811522521099213,1.2943227898350868e-05
PROXY,3,1,CORE_VOL,2015_2016,0.8962285027875705,503,99,1.9931553730321698,0.07786918440587107,0.09090986259131903,0.17831335712273857,0.1316045456177779,0.4995008973446304,0.676540855199355,0.45220783674456433,0.172197777390259,74,False,184,0.951285228767165,0.048714771232834964,0.9268034368711475,1.4531595152529182,0.00014531595152529183,0.03673444282325433,0.04232139413103676,0.1414141414141414,0.010101010101010102,0.015536949095928999,0.18809656404487723,0.24242424242424243,0.017139557191491323,0.5151515151515151,0.5151515151515151,0.5252525252525253,0.5252525252525253,0.0707070707070707,0.06060606060606061,0.058081239826292506,0.13194240734482685,0.016465703344256625,0.015348357340547614,0.00015687000156347497
PROXY,3,1,MATCH_CORE_VOL,2015_2016,0.9575384245227787,503,99,1.9931553730321698,0.08319612233147736,0.09641005325384942,0.18156486175658076,0.13409349347044283,0.5208496488244401,0.7049907457038269,0.5029500647416458,0.16541626726743408,72,False,182,0.9512852287702595,0.04871477122974055,0.9502250869324341,0.04037787965652345,4.037787965652346e-06,0.03726866904348802,0.044992524010933524,0.15151515151515152,0.010101010101010102,0.0158235816131622,0.19039629380872375,0.2727272727272727,0.017477265499672687,0.43434343434343436,0.43434343434343436,0.45454545454545453,0.45454545454545453,0.08080808080808081,0.06060606060606061,0.05806690265004386,0.13261795243569188,0.021376678914492752,0.016048516413890133,4.38003723060576e-06
PROXY,3,1,CORE_VOL,2018Q4,,62,12,0.24914442162902123,-0.4841542106661891,-0.6365703775316092,0.25757724284396993,0.21093849589844293,-2.562325771719282,-3.1162083614871317,-2.5490684856065404,0.1899337791040112,62,True,0,0.8105617118832362,0.18943828811676378,0.7938949763352483,2.2541676093536926,0.00022541676093536928,0.054386825471329114,0.054386825471329114,0.4166666666666667,0.08333333333333333,0.03645142125730868,0.2486212056569882,0.8333333333333334,0.012040601677204894,0.9166666666666666,0.9166666666666666,0.9166666666666666,0.9166666666666666,0.3333333333333333,0.16666666666666666,-0.1245249640777261,0.19317805449070666,0.04250297222176604,0.020880757825732444,0.00011484084158647212
PROXY,3,1,MATCH_CORE_VOL,2018Q4,,62,12,0.24914442162902123,-0.4514020433494255,-0.5732725045831247,0.26204198976119975,0.21025558382438728,-2.277074336555642,-2.8263735730846213,-2.4878436357544977,0.18144309266949854,62,True,0,0.8105617118820065,0.18943828811799346,0.8102025369501387,0.2529925155857314,2.529925155857314e-05,0.05835734383528912,0.05835734383528912,0.4166666666666667,0.08333333333333333,0.03637975930453224,0.2492758191512212,0.9166666666666666,0.012032921514442031,0.9166666666666666,0.9166666666666666,0.9166666666666666,0.9166666666666666,0.25,0.16666666666666666,-0.1252436011691146,0.19326196943983306,0.047476036370452224,0.02144260470268543,1.3705895360982545e-05
PROXY,3,1,CORE_VOL,COVID,0.5500745034656144,92,17,0.3613963039014374,0.05026035655305423,0.0921855395203226,0.29606733416829395,0.22032339596511943,0.2987068288238964,0.40104361913308506,0.24667570794863666,0.20375073399412136,75,False,75,0.7427772772366205,0.25722272276337954,0.6940693253607357,2.6043479339094278,0.0002604347933909427,0.0798624261050962,0.07986242610509621,0.17647058823529413,0.11764705882352941,0.02887353332025877,0.3374848252012464,0.8235294117647058,0.021077953889191085,1.0,1.0,1.0,1.0,0.11764705882352941,0.0,0.28861216070873513,0.2331286749946043,0.0850329359895177,0.02829023024151295,0.000276349772729903
PROXY,3,1,MATCH_CORE_VOL,COVID,0.8711230238617134,92,17,0.3613963039014374,0.07959458856031379,0.12414792199838696,0.3113949670490409,0.23103185358627418,0.38662533328242926,0.5207002245892607,0.377379129444384,0.2109141241528143,72,False,72,0.7427772772395249,0.2572227227604751,0.73881056790368,0.32683169618981006,3.2683169618981e-05,0.09479145628229912,0.09479145628229912,0.17647058823529413,0.11764705882352941,0.030612725876505223,0.3807994113857096,0.7058823529411765,0.02409963037283344,1.0,1.0,1.0,1.0,0.11764705882352941,0.0,0.28862876813446214,0.23337764663526706,0.09364573407338421,0.03068480798462366,3.5644775923687755e-05
PROXY,3,1,CORE_VOL,2022,,250,49,0.9883641341546886,-0.27679487564812366,-0.2915716201165657,0.24973885673711899,0.18627531322505939,-1.2474310395149992,-1.6662863502807441,-0.9203630160204604,0.3007453263875721,249,True,0,0.7779251614687493,0.22207483853125065,0.773058174750671,2.0036099127546936,0.00020036099127546936,0.06787950178168967,0.07240743889572934,0.3469387755102041,0.08163265306122448,0.029819898139813672,0.23132946969503113,0.8775510204081632,0.007904196045524137,1.0,1.0,1.0,1.0,0.22448979591836735,0.08163265306122448,-0.18785541342422252,0.20555647056658324,0.049799791328330234,0.022296626919101423,0.00014545956434069973
PROXY,3,1,MATCH_CORE_VOL,2022,,250,49,0.9883641341546886,-0.26497563588882395,-0.27525847087391814,0.2504801568881997,0.18590588321846008,-1.1786150532078083,-1.5821812058031688,-0.9177072874364125,0.28873654978705177,249,True,0,0.7779251614632355,0.22207483853676446,0.7772360837480887,0.3187368350985122,3.1873683509851214e-05,0.07133426427925071,0.07618276272023437,0.3469387755102041,0.061224489795918366,0.029810197239112626,0.23354153480912815,0.8775510204081632,0.007972184658225872,0.9795918367346939,0.9795918367346939,0.9795918367346939,0.9795918367346939,0.20408163265306123,0.08163265306122448,-0.18781956106362618,0.20513062673760285,0.05220649874831359,0.022574551499362595,2.3516009644897196e-05
PROXY,3,1,CORE_VOL,2023_PLUS,0.8798943276872605,915,183,3.646817248459959,0.27817113549427896,0.2620995779178777,0.17595793028096274,0.12082358699813234,1.2216821688494255,1.7581372780466027,1.3358170073725837,0.20824045056995744,91,False,117,0.917042209282256,0.082957790717744,0.8590106783098618,2.0154453373792793,0.0002015445337379279,0.030632772467370506,0.047345603369896794,0.1366120218579235,0.01639344262295082,0.015711061449177215,0.17498995778515244,0.3879781420765027,0.008179661072808122,0.8907103825136612,0.8907103825136612,0.8907103825136612,0.8907103825136612,0.04918032786885246,0.03825136612021858,0.052869187989812334,0.15614382516390793,0.023582546239141015,0.017314279133444424,0.00025651447052904564
PROXY,3,1,MATCH_CORE_VOL,2023_PLUS,0.9269466002661679,915,183,3.646817248459959,0.2930463127502381,0.2755768928170633,0.18630800679800957,0.12594802220961226,1.226145886670404,1.793655333018843,1.3135465425219022,0.22309549244263027,88,False,88,0.9170422092755747,0.08295779072442533,0.9163896683251775,0.07744921252886594,7.744921252886596e-06,0.03324763310690648,0.04638751975708343,0.14754098360655737,0.01092896174863388,0.015987378915932007,0.18406825055913847,0.43169398907103823,0.009020343685833295,0.7650273224043715,0.7650273224043715,0.7486338797814208,0.7486338797814208,0.060109289617486336,0.03825136612021858,0.05274292582444232,0.15637916865065274,0.027019839852215406,0.01775654094785698,9.971014937326661e-06
PROXY,3,1,CORE_VOL,2024_PLUS,0.8568553749379939,665,133,2.650239561943874,0.2105737581278736,0.20817830229294673,0.17991196322779918,0.12758601557776442,0.9072646378217798,1.2658670124739477,1.0112048718273994,0.20824045056995732,91,False,117,0.9135913179440405,0.08640868205595953,0.8454498295200784,2.060256128921057,0.00020602561289210573,0.03774085498637714,0.05085898506542652,0.15789473684210525,0.022556390977443608,0.016243293051183685,0.17940401717905835,0.40601503759398494,0.008900112175520655,0.8571428571428571,0.8571428571428571,0.8571428571428571,0.8571428571428571,0.05263157894736842,0.045112781954887216,-0.02261235009502406,0.15588892345550223,0.024032109498406125,0.017347936492917097,0.00024836751865750517
PROXY,3,1,MATCH_CORE_VOL,2024_PLUS,0.9303331629526613,665,133,2.650239561943874,0.22863105742682638,0.22538417749541997,0.19260780843405106,0.13363313574020472,0.9367636359549364,1.336879151129707,1.028387830690861,0.22231987836070977,88,False,88,0.9135913179369938,0.08640868206300623,0.9127821794907178,0.07995584459981629,7.995584459981631e-06,0.03440275555096617,0.0497864402107716,0.16541353383458646,0.015037593984962405,0.016555265055590185,0.19027778541917684,0.43609022556390975,0.009874573896235379,0.7293233082706767,0.7293233082706767,0.7293233082706767,0.7293233082706767,0.06766917293233082,0.045112781954887216,-0.022816616327430983,0.15621340864794983,0.028006672193559463,0.017864988185209287,9.781590145446772e-06
PROXY,3,1,CORE_VOL,EX_MAJOR_SHOCKS,0.9092519869200535,3987,796,15.84394250513347,0.20978253593348128,0.20441373865800122,0.16485400138409168,0.11681081771825476,1.1400255249970999,1.6018549135217002,1.007405311308649,0.20824045056995744,91,False,184,0.939812806508887,0.06018719349111301,0.8860931522590902,1.5565397569259656,0.00015565397569259658,0.03241544139327679,0.045385956512277184,0.13316582914572864,0.01256281407035176,0.014932991878027088,0.1668599462594279,0.31909547738693467,0.009563215590878554,0.6319095477386935,0.6319095477386935,0.6520100502512562,0.6520100502512562,0.056532663316582916,0.04271356783919598,0.036651467855874156,0.13882050522189943,0.01777526458602217,0.015802228924868777,0.00018805566211843594
PROXY,3,1,MATCH_CORE_VOL,EX_MAJOR_SHOCKS,0.943240217652158,3987,796,15.84394250513347,0.21762429744452882,0.2123438517171175,0.17349849620957508,0.12201051368094629,1.1289443562755492,1.5986600020657786,0.9534895816805725,0.22823982728888892,88,False,182,0.939812806502319,0.06018719349768098,0.9393949458350785,0.11259384357608314,1.1259384357608314e-05,0.0345904632296814,0.04768731987402579,0.14321608040201006,0.01256281407035176,0.015316625600913335,0.17444093028763902,0.3391959798994975,0.009988657613179134,0.5527638190954773,0.5527638190954773,0.5603015075376885,0.5603015075376885,0.06030150753768844,0.04271356783919598,0.03657595565799958,0.13955263518726815,0.02216631493468317,0.016318263817047637,1.3690635576102395e-05
PROXY,3,3,BUYHOLD,ALL,1.0,5090,1018,20.23545516769336,0.16233642882362695,0.17471322200419248,0.21855281832521636,0.15607700727692914,0.7215477562441259,1.0072582737055702,0.3105125641017171,0.5228014824239096,761,False,761,1.0,0.0,1.000003294736646,0.049493992666640084,1.4848197799992024e-05,0.043008558632415705,0.06387021449200028,0.17485265225933203,0.029469548133595286,0.019427852160641194,0.22046415539907074,0.481335952848723,0.011686946016852296,0.6866404715127702,0.6866404715127702,0.7043222003929273,0.7043222003929273,0.09823182711198428,0.0481335952848723,0.006798751524479137,0.16690405235178218,0.03662950866104865,0.019498743471696035,1.72297195758786e-05
PROXY,3,3,BUYHOLD,GFC,1.0,755,150,2.9924709103353866,0.025218340736437552,0.06774886567588909,0.29250718568184136,0.2104392152153282,0.16241389554100893,0.22525973744078073,0.04823693425564832,0.5228014824239084,545,True,46,1.0,0.0,1.0000000000000002,0.0,0.0,0.058024978648103964,0.08746764813043677,0.24,0.06,0.027379443479636195,0.291854250946526,0.7266666666666667,0.012507415028221768,0.8466666666666667,0.8466666666666667,0.86,0.86,0.18,0.06666666666666667,-0.08648893098144814,0.214813331528408,0.06336803414905176,0.025302097861160663,4.683753385137379e-16
PROXY,3,3,BUYHOLD,2011,1.0,251,50,0.9883641341546886,0.02620089941577814,0.049478037570439885,0.2182788534844952,0.16021662664652114,0.22426600772890204,0.30551176483676346,0.17265884302603146,0.15174953658080448,110,True,55,1.0,0.0,0.9999999999999997,0.0,0.0,0.0544311055405281,0.09186196407497713,0.26,0.06,0.02335191739928403,0.22601847598550745,0.58,0.009201074443766642,0.8,0.8,0.84,0.84,0.1,0.1,-0.33255760571670606,0.19020345174612033,0.04350036276240961,0.02103509900433111,-1.2698175844150228e-15
PROXY,3,3,BUYHOLD,2015_2016,1.0,503,99,1.9931553730321698,0.08688541389129276,0.10159890232515294,0.19107510807991762,0.1410340588607214,0.5220817950213592,0.7070875805330321,0.5005900764226796,0.17356599338163858,72,False,182,1.0,0.0,0.9999999999999991,0.0,0.0,0.039176385095953226,0.047297370800291276,0.15151515151515152,0.020202020202020204,0.016629429061254485,0.20059290216728204,0.29292929292929293,0.018453043321473035,0.5151515151515151,0.5151515151515151,0.5252525252525253,0.5252525252525253,0.08080808080808081,0.06060606060606061,0.0580661456594385,0.1412661462870191,0.024360545674862098,0.016870017251524084,5.967448757360216e-16
PROXY,3,3,BUYHOLD,2018Q4,1.0,62,12,0.24914442162902123,-0.5289552733768628,-0.7093384933401207,0.3234242070099195,0.2593995857842619,-2.2656195709335862,-2.8154872684650045,-2.3890268173076854,0.22141035401727682,62,True,0,1.0,0.0,0.9999999999999988,0.0,0.0,0.07211244148559315,0.07211244148559315,0.4166666666666667,0.16666666666666666,0.044822280797876035,0.30806220245986066,1.0,0.01495739796800578,0.9166666666666666,0.9166666666666666,0.9166666666666666,0.9166666666666666,0.3333333333333333,0.16666666666666666,-0.12475323632661589,0.22809450820687313,0.07560739805059857,0.026457156812153076,4.440892098500626e-16
PROXY,3,3,BUYHOLD,COVID,1.0,92,17,0.3613963039014374,0.09137008939043893,0.1753467348145743,0.4214598913057329,0.31225864280546695,0.40713289702605066,0.5491901830067377,0.33149384003672694,0.27563133414580443,72,False,72,1.0,0.0,0.9999999999999996,0.0,0.0,0.12749257400915526,0.12749257400915526,0.17647058823529413,0.11764705882352941,0.04108136218039683,0.5169913660870569,1.0,0.033150962054664654,1.0,1.0,1.0,1.0,0.11764705882352941,0.0,0.2885749378282169,0.2737564570274546,0.13735490555050237,0.04125776560633893,-1.5265566588595902e-15
PROXY,3,3,BUYHOLD,2022,1.0,250,49,0.9883641341546886,-0.33769548373084346,-0.3583998756999942,0.322264532664297,0.23937477070898186,-1.1740668850997782,-1.5761194644049183,-0.9315640449314473,0.3625037758468813,249,True,0,1.0,0.0,1.0,0.0,0.0,0.09182792831173303,0.09793698625752993,0.42857142857142855,0.12244897959183673,0.03826331837686985,0.30049973816485015,1.0,0.010305702016642798,1.0,1.0,1.0,1.0,0.30612244897959184,0.08163265306122448,-0.18793435675014877,0.24611123737283494,0.08844651394155308,0.02900034888789693,-7.771561172376096e-16
PROXY,3,3,BUYHOLD,2023_PLUS,1.0,915,183,3.646817248459959,0.3161415260232802,0.29667976759823095,0.203305999778174,0.13749985082516236,1.2274234215242301,1.796401085583958,1.307913555149301,0.24171438913422072,88,False,88,1.0,0.0,1.0000000000000002,0.0,0.0,0.03636443089533703,0.050673275735748584,0.15300546448087432,0.01639344262295082,0.017456968488705288,0.20084065011916072,0.5191256830601093,0.00986490832266735,0.8907103825136612,0.8907103825136612,0.8907103825136612,0.8907103825136612,0.07103825136612021,0.03825136612021858,0.052645159829757524,0.17270682280627195,0.034569256289540114,0.019365489341865726,6.661338147750939e-16
PROXY,3,3,BUYHOLD,2024_PLUS,1.0,665,133,2.650239561943874,0.24575180863294574,0.2430000137958973,0.2110111275194074,0.14643511335833048,0.9385425908110864,1.3402641082649682,1.0167032650111836,0.2417143891342205,88,False,88,1.0,0.0,1.0,0.0,0.0,0.037740854986377026,0.054583030787557794,0.17293233082706766,0.022556390977443608,0.018141839556994145,0.20843567011668357,0.518796992481203,0.010844324181893846,0.8571428571428571,0.8571428571428571,0.8571428571428571,0.8571428571428571,0.07518796992481203,0.045112781954887216,-0.022790050367634686,0.1729525793554997,0.03590909266770697,0.019556896013855792,5.551115123125783e-16
PROXY,3,3,BUYHOLD,EX_MAJOR_SHOCKS,1.0,3987,796,15.84394250513347,0.23070437695686488,0.22506497285071395,0.18469258933569113,0.12988533043571235,1.1293942694507786,1.5996686134174343,0.9544503237196933,0.24171438913422072,88,False,182,1.0,0.0,1.000006000189683,0.06318646166872285,1.8955938500616858e-05,0.036812518203708344,0.05076545788245239,0.14698492462311558,0.016331658291457288,0.016299894665540767,0.185751038681762,0.3907035175879397,0.010662640657987629,0.6319095477386935,0.6319095477386935,0.6520100502512562,0.6520100502512562,0.06909547738693467,0.04271356783919598,0.03658875670843218,0.15078799965158673,0.02628936664497906,0.017364969107543288,2.3299720809305535e-05
PROXY,3,3,VOL,ALL,0.8817342239965503,5090,1018,20.23545516769336,0.14313758509517194,0.1456592898106296,0.1520847711011885,0.10920756575082155,0.8458198301717054,1.172208130478166,0.4589509916678326,0.31187989065021626,598,False,598,0.831271725028118,0.16872827497188203,0.646617105146627,3.1795215417455123,0.0009538564625236537,0.03201018633258346,0.04319476698895959,0.12868369351669942,0.009823182711198428,0.014440072925406274,0.15356729021609616,0.23968565815324164,0.00836963732476213,0.6827111984282908,0.6836935166994106,0.7033398821218074,0.7043222003929273,0.0550098231827112,0.0481335952848723,0.006924777082175878,0.12531749533627698,0.010059539794677712,0.014473082327643811,0.0010889406254304124
PROXY,3,3,MATCH_VOL,ALL,0.8597341473581118,5090,1018,20.23545516769336,0.13956617121984172,0.14741437319380918,0.18138613681111587,0.12954248669084256,0.7188991440001715,1.0028656774060598,0.30822028020468656,0.4528130696888504,756,False,756,0.8312717250277002,0.1687282749722998,0.8299308066549702,0.1901597780616722,5.704793341850165e-05,0.035605037926900174,0.053035744900905596,0.13948919449901767,0.01669941060903733,0.01614855973694922,0.18279205760923717,0.3369351669941061,0.009620556754227984,0.48919449901768175,0.48919449901768175,0.49901768172888017,0.49901768172888017,0.07465618860510806,0.0481335952848723,0.006671387842558991,0.13399486920484044,0.023390354681128055,0.01620601662276767,6.489452790456318e-05
PROXY,3,3,VOL,GFC,2.466994191128711,755,150,2.9924709103353866,0.06221350010669599,0.07273049556783757,0.15770848924504977,0.11312568870216731,0.33271608843729833,0.4612257920078246,0.19947903655151228,0.3118798906502155,545,True,48,0.7092864945793222,0.29071350542067775,0.48452026572239654,3.2732200472092963,0.0009819660141627887,0.03562124043301662,0.04502152803196433,0.16666666666666666,0.006666666666666667,0.01646208792048501,0.15980763661801323,0.3333333333333333,0.006516706601549346,0.8333333333333334,0.8333333333333334,0.86,0.86,0.08666666666666667,0.06666666666666667,-0.08670073383874906,0.13630826973188462,0.010624890803304832,0.015256336000306406,0.0010448317598920204
PROXY,3,3,MATCH_VOL,GFC,1.2275255061442139,755,150,2.9924709103353866,0.030956156476612755,0.05186608017044954,0.20684372249378122,0.1489417153000628,0.15289426801871608,0.21167804833156284,0.0779034182418434,0.3973658303479374,545,True,43,0.7092864945833901,0.2907135054166099,0.7070871505102931,0.2816084333173201,8.448252999519604e-05,0.04115572220499997,0.06199658809386499,0.18666666666666668,0.02666666666666667,0.019436712370813555,0.20604067929528816,0.4066666666666667,0.008716150020180145,0.5466666666666666,0.5466666666666666,0.5866666666666667,0.5866666666666667,0.09333333333333334,0.06666666666666667,-0.08799108381486122,0.15040762567783736,0.030765643667561016,0.01794668350034438,8.720524776568983e-05
PROXY,3,3,VOL,2011,-0.3561092784340306,251,50,0.9883641341546886,-0.009330383385275368,0.0020185525212075566,0.15049131733708124,0.11397196172258818,0.00992546940044415,0.01310373749877425,-0.07826938122622179,0.11920860033769509,218,True,13,0.7887331702633316,0.21126682973666844,0.6560832474085236,3.1412516179678214,0.0009423754853903463,0.03526095236298599,0.0608937336591852,0.14,0.02,0.01717156457367071,0.15681275541677145,0.3,0.006334816596889791,0.8,0.8,0.84,0.84,0.08,0.1,-0.33209848977307915,0.13460393440262386,0.010364202736871258,0.015060498621039975,0.0009412931800905217
PROXY,3,3,MATCH_VOL,2011,0.9964148728056842,251,50,0.9883641341546886,0.026106965858767102,0.040333586358000606,0.17191842022846462,0.12607128578834748,0.23155199211835656,0.3157216639217316,0.21705272115426935,0.12027937599645055,110,True,55,0.7887331702607392,0.2112668297392608,0.787596728229465,0.22052264768114407,6.615679430434321e-05,0.04291700893158834,0.0724281356774873,0.16,0.04,0.018444505810318968,0.17795909414317518,0.38,0.007182478689801817,0.5,0.5,0.54,0.54,0.08,0.1,-0.3325802463555393,0.14586463083392404,0.02390684145997846,0.016585170334558783,6.841294662154537e-05
PROXY,3,3,VOL,2015_2016,0.7811867889181804,503,99,1.9931553730321698,0.06787373748156605,0.07987511243938221,0.16836308272393408,0.12436979532706509,0.46347947819732416,0.6271939152385966,0.3971281499645047,0.17091142364909817,75,False,170,0.9025568810435939,0.09744311895640612,0.8536689487572743,2.9207316462461064,0.0008762194938738319,0.03280342744604414,0.03991819516029479,0.1414141414141414,0.010101010101010102,0.014442709783077757,0.17852612074926713,0.1717171717171717,0.01629744901116044,0.5151515151515151,0.5151515151515151,0.5252525252525253,0.5252525252525253,0.050505050505050504,0.06060606060606061,0.058114572699949706,0.11717615713964695,0.008115777990602384,0.013826697429571147,0.0009374878515917978
PROXY,3,3,MATCH_VOL,2015_2016,0.9142931628508801,503,99,1.9931553730321698,0.07943873987227786,0.09124289849829954,0.17207547132299578,0.12715856125963923,0.5195444026197161,0.7028045159340586,0.5052264242043476,0.15723393723394696,72,False,182,0.9025568810460538,0.0974431189539462,0.9005547398847825,0.07663536745382124,2.2990610236146376e-05,0.03536034785314002,0.04268708211739597,0.13131313131313133,0.010101010101010102,0.01501709910587185,0.18024727776752758,0.2727272727272727,0.016510279928439685,0.36363636363636365,0.36363636363636365,0.3838383838383838,0.3838383838383838,0.0707070707070707,0.06060606060606061,0.05806724962520668,0.12361218592998664,0.018736546333265845,0.015226733209614731,2.485306470013937e-05
PROXY,3,3,VOL,2018Q4,,62,12,0.24914442162902123,-0.4373820068941794,-0.563039832550785,0.19442772448529996,0.16442880643441954,-3.0165862080928885,-3.5487485338272253,-2.7641410957130956,0.15823432731871567,62,True,0,0.620750743402139,0.379249256597861,0.5877767909764029,4.5646213472724195,0.0013693864041817256,0.03671881326251303,0.03671881326251303,0.4166666666666667,0.0,0.028019265370354096,0.19223310315112951,0.6666666666666666,0.0094010377370899,0.9166666666666666,0.9166666666666666,0.9166666666666666,0.9166666666666666,0.3333333333333333,0.16666666666666666,-0.12419706569626382,0.13714422471792526,0.012767371082222886,0.015304358839311819,0.0007613513640630787
PROXY,3,3,MATCH_VOL,2018Q4,,62,12,0.24914442162902123,-0.36256049767436577,-0.435698320524723,0.20058395506526683,0.1609357203955702,-2.2888875113809455,-2.8376395812293644,-2.589529673886222,0.14001017301734764,62,True,0,0.6207507434087297,0.3792492565912703,0.6201610772965689,0.38580625989725525,0.00011574187796917653,0.044577308497647516,0.044577308497647516,0.3333333333333333,0.0,0.027871758970959244,0.19058132140162626,0.5833333333333334,0.009146375817423572,0.75,0.75,0.75,0.75,0.16666666666666666,0.16666666666666666,-0.12604134036364043,0.14558133425352518,0.021840344411950912,0.01641864675806884,7.286097295861049e-05
PROXY,3,3,VOL,COVID,-0.04037709227653835,92,17,0.3613963039014374,-0.0036892585306333107,0.014090094933470205,0.18887958364193483,0.1429103058756893,0.054902495597363744,0.07246118628982426,-0.028853960876315605,0.12785969130711583,77,False,77,0.4868454676102733,0.5131545323897266,0.3929207843218734,5.452504235611384,0.0016357512706834153,0.032256213100629094,0.032256213100629094,0.11764705882352941,0.0,0.01660273745729981,0.176651879806468,0.35294117647058826,0.010332796298768633,1.0,1.0,1.0,1.0,0.058823529411764705,0.0,0.28858847938816196,0.13988690720402208,0.014308922394852272,0.01532269487668697,0.0016477405769366594
PROXY,3,3,MATCH_VOL,COVID,0.656364074065468,92,17,0.3613963039014374,0.05997204412003449,0.07815035354976312,0.20304439558122203,0.15080994096413652,0.36640994878153416,0.4927287930124829,0.4216490659856772,0.14223212846408073,71,False,71,0.48684546761061365,0.5131545323893864,0.4816694303318486,0.42573701893888166,0.0001277211056816645,0.06216382293320999,0.06216382293320999,0.11764705882352941,0.058823529411764705,0.020121598434739686,0.24760145191081703,0.4117647058823529,0.015472480683288624,0.7058823529411765,0.7058823529411765,0.6470588235294118,0.6470588235294118,0.11764705882352941,0.0,0.288733197918304,0.1683806108568834,0.04650110461779859,0.02013473792272956,0.00013676964558308885
PROXY,3,3,VOL,2022,,250,49,0.9883641341546886,-0.21532238636800005,-0.22537754423079157,0.1796473633470043,0.13544930968821522,-1.3656613599897027,-1.8022224779373601,-0.9079595186873399,0.23714976486980066,249,True,0,0.5561119666272993,0.44388803337270066,0.5470202677586584,3.9927873229316075,0.001197836196879482,0.04720917569599348,0.0509219987355709,0.2857142857142857,0.02040816326530612,0.02134202606850567,0.16420092624860236,0.3877551020408163,0.0056234976192570596,1.0,1.0,1.0,1.0,0.10204081632653061,0.08163265306122448,-0.18771615299497857,0.1398706997085049,0.014901987060173871,0.015592904950305913,0.000944019514743738
PROXY,3,3,MATCH_VOL,2022,,250,49,0.9883641341546886,-0.1882760424855373,-0.19178781741783282,0.17890984504821103,0.13259829887615926,-1.183561145336765,-1.5887216367034613,-0.8973292531830153,0.20981823763984364,249,True,0,0.5561119666202352,0.4438880333797648,0.5551230404063492,0.4542703377720338,0.00013628110133161013,0.05083519068480358,0.05442304584525242,0.24489795918367346,0.061224489795918366,0.02131619373956559,0.16680298970559287,0.46938775510204084,0.005671070832836334,0.7755102040816326,0.7755102040816326,0.7346938775510204,0.7346938775510204,0.08163265306122448,0.08163265306122448,-0.18761303930187573,0.14411862851842813,0.019592154248077406,0.016146845624144018,0.00011104449856461085
PROXY,3,3,VOL,2023_PLUS,0.7575978972143849,915,183,3.646817248459959,0.23950815533738382,0.2273472196481913,0.15227002786508076,0.10614127733040478,1.1835238279593592,1.6748450704341604,1.3689707736437748,0.1749549076930894,148,False,148,0.8340021349062053,0.16599786509379466,0.7189578653456059,4.0358623742492,0.0012107587122747597,0.02961420892695954,0.04411364909078563,0.10382513661202186,0.01639344262295082,0.01396273212447783,0.1522519364903157,0.24043715846994534,0.0067490284406944755,0.8907103825136612,0.8907103825136612,0.8907103825136612,0.8907103825136612,0.04918032786885246,0.03825136612021858,0.053241457943203715,0.13413741141762855,0.012938425994490708,0.015263068925023117,0.0014951530967535764
PROXY,3,3,MATCH_VOL,2023_PLUS,0.8541182726195617,915,183,3.646817248459959,0.27002225411031633,0.2545002450900664,0.1693191683040863,0.11439155660940858,1.2247016227688312,1.7906631322610178,1.3227931806642506,0.20413036448730604,87,False,87,0.8340021349033964,0.16599786509660364,0.8328202044618233,0.14095959109623935,4.228787732887179e-05,0.030128765572767002,0.04209892888184228,0.1092896174863388,0.01092896174863388,0.014514969162440022,0.167300816007003,0.3005464480874317,0.0081799794161152,0.644808743169399,0.644808743169399,0.6120218579234973,0.6120218579234973,0.04918032786885246,0.03825136612021858,0.052859868639858226,0.1387195091599214,0.020346665530129877,0.01614637884088317,5.347406513445119e-05
PROXY,3,3,VOL,2024_PLUS,0.7103448597785453,665,133,2.650239561943874,0.17456853404369374,0.17339730217280666,0.1531857475145218,0.11107457400622335,0.8385582505771738,1.1423684856079792,0.9977915815309787,0.17495490769308908,148,False,148,0.8270936572539838,0.17290634274601624,0.6921142122524403,4.125999315160646,0.0012377997945481937,0.031383781120733256,0.04749131102120156,0.11278195488721804,0.022556390977443608,0.014340447158721363,0.15404464905670384,0.2556390977443609,0.007257970188998299,0.8571428571428571,0.8571428571428571,0.8571428571428571,0.8571428571428571,0.05263157894736842,0.045112781954887216,-0.02224779024311816,0.13254224910916718,0.012561479084375772,0.015138976971978402,0.0014485827956219333
PROXY,3,3,MATCH_VOL,2024_PLUS,0.8602049554926398,665,133,2.650239561943874,0.2113969236073388,0.20782029119627599,0.17422024304842584,0.12082610377315761,0.934823267803554,1.3332671782087204,1.0436861571100111,0.20254836395713183,87,False,87,0.8270936572551099,0.17290634274489014,0.8256341102970665,0.14483290761619164,4.344987228485748e-05,0.03106222181481466,0.04498621511833465,0.12781954887218044,0.015037593984962405,0.01496539486921971,0.17213098695606696,0.3157894736842105,0.00891038241996957,0.6015037593984962,0.6015037593984962,0.5864661654135338,0.5864661654135338,0.05263157894736842,0.045112781954887216,-0.022848959277656684,0.13793054196344876,0.021062842219717038,0.016171656365347526,5.241078255066589e-05
PROXY,3,3,VOL,EX_MAJOR_SHOCKS,0.8137375649228088,3987,796,15.84394250513347,0.187732817921913,0.18335085802448356,0.14806504957972677,0.10573805382387712,1.1270275700761028,1.5706188512116965,1.0730354489468734,0.1749549076930894,148,False,238,0.8795591819818481,0.12044081801815187,0.7724446479662619,3.0577503464424822,0.0009173251039327445,0.028787743747677008,0.04132865864239396,0.11180904522613065,0.010050251256281407,0.013563727567907793,0.15085434086470265,0.20979899497487436,0.008720193260425719,0.6293969849246231,0.6306532663316583,0.6507537688442211,0.6520100502512562,0.04522613065326633,0.04271356783919598,0.036768366439014814,0.12206882858192622,0.00956478228264491,0.01423948874219427,0.0010885187114072215
PROXY,3,3,MATCH_VOL,EX_MAJOR_SHOCKS,0.8863758767326934,3987,796,15.84394250513347,0.2044907943912109,0.19958936102504946,0.162304408748889,0.11413306137486652,1.128226877846399,1.5972581872181366,0.9529833187222809,0.21457961579577634,87,False,182,0.8795591819778046,0.12044081802219542,0.8787812562709695,0.1552109540302335,4.6563286209070036e-05,0.03236635338772986,0.04460665261756049,0.12688442211055276,0.010050251256281407,0.014332113101314338,0.16313711905908496,0.28391959798994976,0.009318563106302873,0.4648241206030151,0.46608040201005024,0.4836683417085427,0.4836683417085427,0.05527638190954774,0.04271356783919598,0.036574244908884,0.1277474205661194,0.01827385240438652,0.015270576714411562,5.6009318516875295e-05
PROXY,3,3,CORE_VOL,ALL,0.9467351336545938,5090,1018,20.23545516769336,0.15368960063934592,0.15988176286425973,0.18201992463354075,0.1302646835479607,0.7848691800081739,1.0924118231901714,0.3641465731677366,0.4220542275117113,623,False,623,0.9156305542706178,0.08436944572938221,0.8227511163713598,1.609292962232016,0.0004827878886696048,0.03848763303853864,0.05209385078307062,0.1581532416502947,0.0206286836935167,0.01694236045812039,0.18339373972287096,0.4066797642436149,0.009779890353998753,0.6866404715127702,0.6866404715127702,0.7043222003929273,0.7043222003929273,0.07956777996070727,0.0481335952848723,0.006850075830004581,0.1504765918194153,0.023411977370134767,0.016985912899669924,0.0005561109885328652
PROXY,3,3,MATCH_CORE_VOL,ALL,0.9305115682462763,5090,1018,20.23545516769336,0.15105592496817313,0.16102575433608357,0.19995167943441475,0.142802101407025,0.7202201841533518,1.0050531532879634,0.3090534628632028,0.48876955970247593,758,False,758,0.9156305542773763,0.08436944572262373,0.9148887223867227,0.12742023511334566,3.8226070534003696e-05,0.0392863141827301,0.05845202619225489,0.16306483300589392,0.022593320235756387,0.017789224945365882,0.20159957244243812,0.4194499017681729,0.010648237636432592,0.593320235756385,0.593320235756385,0.6051080550098232,0.6051080550098232,0.0893909626719057,0.0481335952848723,0.006740994995818921,0.15109269812430126,0.02974678138602361,0.017852181160591164,4.3922794489892336e-05
PROXY,3,3,CORE_VOL,GFC,1.8279111562595696,755,150,2.9924709103353866,0.046096886374489374,0.06914872579431453,0.21959559423185496,0.15786977268803143,0.22269046135447285,0.3087109949641884,0.10922029296154914,0.42205422751171084,545,True,48,0.8545547975006322,0.14544520249936777,0.7412252245931854,1.6348036120629892,0.0004904410836188966,0.043602767751051874,0.06266623492631698,0.22666666666666666,0.03333333333333333,0.021948776461784912,0.22032598528254133,0.66,0.009252958055416798,0.8466666666666667,0.8466666666666667,0.86,0.86,0.14666666666666667,0.06666666666666667,-0.08659053392453234,0.18490866391999788,0.037776092713187395,0.02027921693073353,0.0005137902907287675
PROXY,3,3,MATCH_CORE_VOL,GFC,1.1429892823971999,755,150,2.9924709103353866,0.028824293181588828,0.059577073963363876,0.24957534929554553,0.17964771175898006,0.15761095216191545,0.21840074050306518,0.06225621724287322,0.46299461255636265,545,True,46,0.8545547975024679,0.14544520249753212,0.8532118807345642,0.16995377363097508,5.098613208929253e-05,0.04958598359846633,0.07472570262150734,0.22666666666666666,0.04666666666666667,0.023412671382907948,0.24880708908750615,0.6533333333333333,0.010592122252224681,0.7466666666666667,0.7466666666666667,0.78,0.78,0.17333333333333334,0.06666666666666667,-0.08710888920962434,0.18508584537190576,0.04637340184069552,0.021622465851067085,5.2519579821656837e-05
PROXY,3,3,CORE_VOL,2011,0.3662760324630983,251,50,0.9883641341546886,0.009596761484975928,0.02606715938492176,0.18219301835981072,0.13551662767411163,0.14019125006730537,0.1884550883856027,0.07324309352517758,0.1310261626466802,110,True,108,0.8944473552552697,0.10555264474473025,0.8279234093020447,1.5710038420545374,0.00047130115261636115,0.04479230211656715,0.07636680400709499,0.22,0.04,0.020269494085741746,0.1893647543826807,0.54,0.007686526158971508,0.8,0.8,0.84,0.84,0.1,0.1,-0.3323534289280596,0.16782739720838902,0.02651902230996551,0.01804779881268554,0.00047963469482275277
PROXY,3,3,MATCH_CORE_VOL,2011,1.0122732875823859,251,50,0.9883641341546886,0.02652247058922515,0.04499159572705939,0.1950984215647544,0.14313583016661452,0.22791611149884813,0.31062476677836204,0.19491960200398842,0.13606877049073007,110,True,55,0.8944473552547041,0.10555264474529591,0.8938000463355369,0.125113564062707,3.75340692188121e-05,0.04867771907110463,0.08215115778395446,0.22,0.04,0.020901948567027623,0.20198484560335542,0.46,0.008187288317680865,0.6,0.6,0.72,0.72,0.1,0.1,-0.3325676316151901,0.16921133519715123,0.03373397480738081,0.018811522521099213,3.8829234471616375e-05
PROXY,3,3,CORE_VOL,2015_2016,0.8926183230028595,503,99,1.9931553730321698,0.07755551244105509,0.09061923043674981,0.1783137004257978,0.13161464356638622,0.4978700511618053,0.6742815420956041,0.45027793835336843,0.17223920124683345,74,False,184,0.951285228767165,0.048714771232834964,0.9268029568869217,1.4531430405849135,0.000435942912175474,0.036736583226881,0.04232722536701434,0.1414141414141414,0.010101010101010102,0.015538819409630228,0.18809656404487723,0.24242424242424243,0.017139557191491326,0.5151515151515151,0.5151515151515151,0.5252525252525253,0.5252525252525253,0.0707070707070707,0.06060606060606061,0.0580975659282699,0.13201008990224505,0.0164744953832434,0.015348357340547614,0.00047054196637945356
PROXY,3,3,MATCH_CORE_VOL,2015_2016,0.9574375996002231,503,99,1.9931553730321698,0.08318736211635122,0.09640195780989005,0.18156476357238915,0.13409368475706543,0.5208053434749013,0.7049293895753208,0.5028955867190068,0.16541676704518826,72,False,182,0.9512852287702595,0.04871477122974055,0.9502245739195033,0.040378469885983655,1.2113540965795094e-05,0.03726869635702834,0.044992630353947564,0.15151515151515152,0.010101010101010102,0.01582363314625722,0.1903962938087238,0.2727272727272727,0.017477265499672694,0.43434343434343436,0.43434343434343436,0.45454545454545453,0.45454545454545453,0.08080808080808081,0.06060606060606061,0.05806664929686992,0.13262079059531565,0.021376678914492752,0.016048516413890133,1.3140252356741433e-05
PROXY,3,3,CORE_VOL,2018Q4,,62,12,0.24914442162902123,-0.4843838448217313,-0.6370270632558639,0.2575492847149496,0.21094138209861832,-2.564376748710038,-3.1183211698789153,-2.5491346594004356,0.1900189317325668,62,True,0,0.8105617118832361,0.1894382881167639,0.7938044762222093,2.2543381641102163,0.0006763014492330648,0.054392963987737075,0.054392963987737075,0.4166666666666667,0.08333333333333333,0.03645337702030923,0.2486212056569882,0.8333333333333334,0.012040601677204896,0.9166666666666666,0.9166666666666666,0.9166666666666666,0.9166666666666666,0.3333333333333333,0.16666666666666666,-0.12455411105210588,0.19325886257151473,0.042523174241968054,0.020880757825732444,0.00034447499712869645
PROXY,3,3,MATCH_CORE_VOL,2018Q4,,62,12,0.24914442162902123,-0.45142945110827953,-0.573323565258443,0.2620396765667363,0.21025610010832363,-2.2772892539149754,-2.8266083919116216,-2.4878557883899375,0.18145322297818178,62,True,0,0.8105617118820065,0.18943828811799346,0.8101953898512302,0.2529738563049946,7.589215689149835e-05,0.058357986905729464,0.05835798690572946,0.4166666666666667,0.08333333333333333,0.036380095529169106,0.2492758191512212,0.9166666666666666,0.012032921514442033,0.9166666666666666,0.9166666666666666,0.9166666666666666,0.9166666666666666,0.25,0.16666666666666666,-0.12524362964378213,0.19326196943983306,0.047476036370452224,0.02144260470268543,4.111365421499702e-05
PROXY,3,3,CORE_VOL,COVID,0.5440275421712306,92,17,0.3613963039014374,0.049707845159046124,0.09166768286431584,0.2960779895960798,0.2203450718633621,0.2969477263560956,0.3986570059782332,0.2438944512520557,0.2038088398644008,75,False,75,0.7427772772366206,0.25722272276337943,0.6940936909426966,2.604412891933606,0.0007813238675800816,0.07987148948330991,0.07987148948330991,0.17647058823529413,0.11764705882352941,0.028879062802430223,0.33748482520124634,0.8235294117647058,0.021077953889191082,1.0,1.0,1.0,1.0,0.11764705882352941,0.0,0.28857023505562446,0.23327211546247645,0.08505907033361276,0.02829023024151295,0.0008288611667380125
PROXY,3,3,MATCH_CORE_VOL,COVID,0.8703428224327733,92,17,0.3613963039014374,0.07952330148600942,0.12408312682975438,0.3113968762882606,0.23103503108935378,0.3864149587207827,0.5204129355492718,0.37702537266303143,0.2109229437910637,72,False,72,0.7427772772395249,0.2572227227604751,0.7388150807308389,0.3268345042872252,9.805035128616757e-05,0.09479415577550587,0.09479415577550587,0.17647058823529413,0.11764705882352941,0.030613377694140343,0.3807994113857096,0.7058823529411765,0.024099630372833438,1.0,1.0,1.0,1.0,0.11764705882352941,0.0,0.28862480344753744,0.23337764663526706,0.09364573407338421,0.03068480798462366,0.00010693185022805918
PROXY,3,3,CORE_VOL,2022,,250,49,0.9883641341546886,-0.27708570963056944,-0.291973436775776,0.2497320485485445,0.18628809735473728,-1.2490739793953551,-1.668320952006003,-0.9207024532769579,0.30095033269909066,249,True,0,0.7779251614687492,0.22207483853125076,0.7730377779180477,2.0036084392785405,0.0006010825317835622,0.06788739679346734,0.07241076017796469,0.3469387755102041,0.08163265306122448,0.02982302453571975,0.23132946969503113,0.8775510204081632,0.007904196045524139,1.0,1.0,1.0,1.0,0.22448979591836735,0.08163265306122448,-0.18781806610534846,0.2056495011426223,0.04981187181165876,0.022296626919101423,0.00043629354678648147
PROXY,3,3,MATCH_CORE_VOL,2022,,250,49,0.9883641341546886,-0.26502266296744775,-0.27532244868112843,0.25047881290325963,0.1859081359977927,-1.17887681799034,-1.5825049617136266,-0.9177586755049363,0.2887716237840372,249,True,0,0.7779251614632355,0.22207483853676446,0.7772319193971072,0.31872441451620487,9.561732435486143e-05,0.07133482769265398,0.0761835710743491,0.3469387755102041,0.061224489795918366,0.029810678776755847,0.23354153480912815,0.8775510204081632,0.007972184658225873,0.9795918367346939,0.9795918367346939,0.9795918367346939,0.9795918367346939,0.20408163265306123,0.08163265306122448,-0.18782067297511562,0.20514254002330679,0.052214534332925645,0.022574551499362595,7.054308826870415e-05
PROXY,3,3,CORE_VOL,2023_PLUS,0.8782720370333241,915,183,3.646817248459959,0.27765826205128996,0.26169606523663147,0.17595747653352792,0.120838968517938,1.21939180379282,1.7546156146915675,1.332832590926816,0.20832193325811,91,False,117,0.917042209282256,0.082957790717744,0.8590096506458523,2.0154265659518082,0.0006046279697855423,0.03063680859064777,0.047354826442820186,0.1366120218579235,0.01639344262295082,0.015713657061197442,0.17498995778515244,0.3879781420765027,0.008179661072808122,0.8907103825136612,0.8907103825136612,0.8907103825136612,0.8907103825136612,0.04918032786885246,0.03825136612021858,0.05288856668009848,0.1562208018819504,0.023605733000448867,0.017314279133444424,0.0007693879135180492
PROXY,3,3,MATCH_CORE_VOL,2023_PLUS,0.9268835178329224,915,183,3.646817248459959,0.29302636977352636,0.2755614000089531,0.186308067752655,0.12594861280976094,1.2260623273569315,1.7935253298386906,1.3134393111260174,0.22309852255169182,88,False,88,0.9170422092755744,0.08295779072442555,0.9163899687116204,0.07745224248436047,2.3235672745308138e-05,0.03324779531050448,0.0463877481946368,0.14754098360655737,0.01092896174863388,0.015987493676192153,0.18406825055913845,0.43169398907103823,0.009020343685833295,0.7650273224043715,0.7650273224043715,0.7486338797814208,0.7486338797814208,0.060109289617486336,0.03825136612021858,0.052742402800999864,0.15638010402909752,0.02702078887633391,0.01775654094785698,2.99139916490887e-05
PROXY,3,3,CORE_VOL,2024_PLUS,0.8548346966890831,665,133,2.650239561943874,0.21007717279353777,0.20776610492388792,0.1799126511923206,0.12760162580182302,0.9049699508431754,1.2625171136643165,1.0084256108225198,0.20832193325811,91,False,117,0.9135913179440407,0.08640868205595931,0.8454551427057223,2.060247605232257,0.000618074281569677,0.037740854986377026,0.050869796069691255,0.15789473684210525,0.022556390977443608,0.016245847392553952,0.17940401717905835,0.40601503759398494,0.008900112175520654,0.8571428571428571,0.8571428571428571,0.8571428571428571,0.8571428571428571,0.05263157894736842,0.045112781954887216,-0.022570807776742155,0.15596926860509086,0.024058353718259134,0.017347936492917097,0.0007449528529933358
PROXY,3,3,MATCH_CORE_VOL,2024_PLUS,0.9302535550553506,665,133,2.650239561943874,0.22861149364207997,0.22536818431872374,0.19260785491807286,0.13363373907082962,0.9366803766226438,1.3367546621383306,1.0282852821226625,0.22232302418076355,88,False,88,0.9135913179369938,0.08640868206300623,0.91278240079147,0.07995810732111486,2.3987432196334462e-05,0.0344029725476509,0.049786672495167314,0.16541353383458646,0.015037593984962405,0.016555367349017937,0.19027778541917684,0.43609022556390975,0.009874573896235379,0.7293233082706767,0.7293233082706767,0.7293233082706767,0.7293233082706767,0.06766917293233082,0.045112781954887216,-0.022816751211395325,0.15621472819814156,0.028006672193559463,0.017864988185209287,2.9345374891853737e-05
PROXY,3,3,CORE_VOL,EX_MAJOR_SHOCKS,0.9076833183250171,3987,796,15.84394250513347,0.20940651442831273,0.20410206625626007,0.16485303156372655,0.11682166763538977,1.1381413802768314,1.5990497977278832,1.005206274506194,0.20832193325811,91,False,184,0.939812806508887,0.06018719349111301,0.8860861003955799,1.556514529059418,0.0004669543587178253,0.0324154413932769,0.04539722352732986,0.13316582914572864,0.01256281407035176,0.014935219236741622,0.1668599462594279,0.31909547738693467,0.009563215590878554,0.6319095477386935,0.6319095477386935,0.6520100502512562,0.6520100502512562,0.056532663316582916,0.04271356783919598,0.0366631158254996,0.13888013744064612,0.017789470523073104,0.015802228924868777,0.000564077167286986
PROXY,3,3,MATCH_CORE_VOL,EX_MAJOR_SHOCKS,0.9431850441658034,3987,796,15.84394250513347,0.21759691796930475,0.21232143264924863,0.17349915999179083,0.12201177017479971,1.1288106834147402,1.5984601825170976,0.9533602604130909,0.22824206861215302,88,False,182,0.939812806502319,0.06018719349768098,0.9393984780433356,0.11258459783929224,3.377537935178766e-05,0.03459047944642235,0.047687517077955086,0.14321608040201006,0.01256281407035176,0.015316929159831719,0.17444093028763902,0.3391959798994975,0.009988657613179134,0.5527638190954773,0.5527638190954773,0.5603015075376885,0.5603015075376885,0.06030150753768844,0.04271356783919598,0.03658192427606956,0.13955654068356035,0.022167048935721603,0.016318263817047637,4.107011080017875e-05
PROXY,4,0,BUYHOLD,ALL,1.0,5090,1018,20.229979466119097,0.1632041363669489,0.17541757948517392,0.2185402830037713,0.15606015584039754,0.7248807308606544,1.011969179885151,0.3121722907331324,0.5228014824239082,761,False,761,1.0,0.0,0.9999999999999999,0.049508840864440073,0.0,0.04299611856905328,0.06569531393308345,0.16208251473477406,0.04027504911591356,0.019461750098929555,0.22045350852502907,0.48526522593320237,0.011730129510218937,0.6738703339882122,0.6738703339882122,0.6905697445972495,0.6905697445972495,0.10019646365422397,0.05009823182711198,-0.02319242377008932,0.16706688947240464,0.036997787356738865,0.019522492037270384,0.0
PROXY,4,0,BUYHOLD,GFC,1.0,755,150,2.9924709103353866,0.025218340736438506,0.06774886567589007,0.29250718568184136,0.21043921521532824,0.16233257409261043,0.22514772896466573,0.048236934255650184,0.522801482423908,545,True,46,1.0,0.0,1.0000000000000002,0.0,0.0,0.06839840732485192,0.08566239517743547,0.22,0.10666666666666667,0.02732062862395639,0.2918204313219182,0.7466666666666667,0.011334271960732173,0.84,0.84,0.84,0.84,0.16666666666666666,0.05333333333333334,-0.16400743308369237,0.21413023719497626,0.06313065835300717,0.02521136617160621,0.0
PROXY,4,0,BUYHOLD,2011,1.0,251,50,0.9883641341546886,0.026200899415777575,0.04947803757043933,0.21827885348449527,0.1602166266465213,0.2241992277039761,0.3054206757380822,0.1726588430260275,0.1517495365808047,110,True,55,1.0,0.0,1.0000000000000002,0.0,0.0,0.06238071994209271,0.08041046569158813,0.2,0.08,0.023067988719025743,0.22590706479014647,0.6,0.010565117554216177,0.8,0.8,0.82,0.82,0.12,0.06,-0.2469593782360361,0.19246165225716858,0.04509078370741367,0.02128994688334986,0.0
PROXY,4,0,BUYHOLD,2015_2016,1.0,503,100,1.9931553730321698,0.08688541389129283,0.10159890232515305,0.19107510807991776,0.1410340588607214,0.5221520444842557,0.7071890623575056,0.5005900764226806,0.17356599338163836,72,False,182,1.0,0.0,1.0,0.0,0.0,0.036034920469832143,0.04585999287210736,0.15,0.01,0.016204593491940682,0.20023138045224673,0.31,0.018107190520700277,0.46,0.46,0.47,0.47,0.08,0.05,-0.03205939425832864,0.1385179746130629,0.023554235102901708,0.016592773233320555,0.0
PROXY,4,0,BUYHOLD,2018Q4,1.0,62,12,0.24914442162902123,-0.5289552733768622,-0.7093384933401192,0.3234242070099196,0.2593995857842618,-2.2655142533577597,-2.8153714980800957,-2.3890268173076854,0.2214103540172766,62,True,0,1.0,0.0,0.9999999999999992,0.0,0.0,0.06225095165657246,0.06225095165657246,0.5,0.08333333333333333,0.04343602434573963,0.3102559086648662,1.0,0.01372011179101486,0.9166666666666666,0.9166666666666666,0.9166666666666666,0.9166666666666666,0.25,0.16666666666666666,-0.3291615339847391,0.2313155100903057,0.07820290360316899,0.02681721404124106,0.0
PROXY,4,0,BUYHOLD,COVID,1.0,92,18,0.3613963039014374,0.09137008939043982,0.1753467348145752,0.421459891305733,0.31225864280546695,0.4072508117862412,0.5493659129292278,0.3314938400367303,0.2756313341458043,72,False,72,1.0,0.0,1.0000000000000004,0.0,0.0,0.13915245925033415,0.13915245925033415,0.16666666666666666,0.16666666666666666,0.04081988679002712,0.5086831148453145,1.0,0.034666447167825194,1.0,1.0,1.0,1.0,0.16666666666666666,0.1111111111111111,-0.9498550654654482,0.26746562762164755,0.1307734628521604,0.03961509113980573,0.0
PROXY,4,0,BUYHOLD,2022,1.0,250,49,0.9883641341546886,-0.33769548373084396,-0.358399875699995,0.322264532664297,0.2393747707089819,-1.17434249489255,-1.5764662317740443,-0.9315640449314487,0.3625037758468813,249,True,0,1.0,0.0,0.9999999999999999,0.0,0.0,0.05513929116362193,0.07116700996074637,0.40816326530612246,0.061224489795918366,0.03841011298026183,0.30039024884931015,1.0,0.011671602510451965,1.0,1.0,1.0,1.0,0.24489795918367346,0.061224489795918366,0.08315362100363007,0.24746751642864884,0.0901590127400804,0.029377500440032275,0.0
PROXY,4,0,BUYHOLD,2023_PLUS,1.0,916,183,3.649555099247091,0.31728151351584194,0.29743416809579554,0.20319996361830903,0.13742477582593998,1.2319837239979137,1.8031233928047414,1.31262981344342,0.2417143891342204,88,False,88,1.0,0.0,0.9999999999999997,0.0,0.0,0.04146142131511488,0.060495134199147406,0.15846994535519127,0.03825136612021858,0.017885016826778472,0.20057303281021954,0.546448087431694,0.010328265417498504,0.8633879781420765,0.8633879781420765,0.8579234972677595,0.8579234972677595,0.08743169398907104,0.04371584699453552,-0.003189501449311561,0.17472460768341455,0.036284950319208,0.019626420083729803,0.0
PROXY,4,0,BUYHOLD,2024_PLUS,1.0,666,133,2.652977412731006,0.24730714664645914,0.24411819789435277,0.21086024865263106,0.14632513578866072,0.944646046272665,1.3490291434460364,1.0231378757891518,0.24171438913422083,88,False,88,1.0,0.0,0.9999999999999996,0.0,0.0,0.0529379846799245,0.06645709367749475,0.17293233082706766,0.05263157894736842,0.01864178741605988,0.2083551423467103,0.5488721804511278,0.011559589010772234,0.8421052631578947,0.8421052631578947,0.8421052631578947,0.8421052631578947,0.09774436090225563,0.05263157894736842,-0.09009341127493783,0.17529411757494295,0.03756677058931581,0.0198338039754445,0.0
PROXY,4,0,BUYHOLD,EX_MAJOR_SHOCKS,1.0,3987,795,15.838466803559205,0.23190232507016414,0.22596419020165318,0.18467267571470947,0.12985947766590883,1.1345381268541597,1.6071151213316317,0.9594063717133209,0.2417143891342204,88,False,182,1.0,0.0,1.0000000000000002,0.06320541760722347,0.0,0.0381475496184962,0.05367124524687608,0.1371069182389937,0.02389937106918239,0.01638905291860199,0.18570397091837829,0.39245283018867927,0.010766260187918777,0.6150943396226415,0.6150943396226415,0.6364779874213836,0.6364779874213836,0.0779874213836478,0.04779874213836478,0.015572424055672747,0.15105891244507139,0.026729621425975576,0.017399945584927523,0.0
PROXY,4,0,VOL,ALL,0.885624604272331,5090,1018,20.229979466119097,0.14453759868558666,0.1468435728013104,0.15205527876865524,0.10911186773253287,0.8538784548178475,1.1841929983342434,0.5229985306626606,0.2763632978135744,516,False,516,0.8288591851057474,0.1711408148942526,0.6472185177185666,3.250625881264862,0.0,0.0321013218954751,0.044863698855149986,0.1237721021611002,0.011787819253438114,0.014466252350281743,0.15289663714746987,0.2357563850687623,0.008247245125038846,0.6709233791748527,0.6709233791748527,0.6905697445972495,0.6905697445972495,0.054027504911591355,0.05009823182711198,-0.023192339166582816,0.12484390404383872,0.010018871406176046,0.01444820334460684,0.0
PROXY,4,0,MATCH_VOL,ALL,0.8580857178197454,5090,1018,20.229979466119097,0.14004313850558495,0.147698391951765,0.18083725989514635,0.12913537961517588,0.7227352990096766,1.0083321804720264,0.3099312863163044,0.4518522159220225,756,False,756,0.8288591851022434,0.17114081489775657,0.8274635586819953,0.1901675699918745,0.0,0.035562219910656334,0.05439150430284948,0.13261296660117877,0.0275049115913556,0.016129534311319076,0.1822490873810047,0.33398821218074654,0.009641643974688462,0.4931237721021611,0.4931237721021611,0.5009823182711198,0.5009823182711198,0.07170923379174853,0.05009823182711198,-0.023349853271501703,0.13370611642924365,0.023447460513306546,0.0161797651388812,0.0
PROXY,4,0,VOL,GFC,3.4858672902348506,755,150,2.9924709103353866,0.08790778908714804,0.0964525150144336,0.15673950129257563,0.11093291668907439,0.48588020024009326,0.6825574573746325,0.318087784386074,0.2763632978135726,516,False,516,0.7091769794449492,0.2908230205550508,0.4818366664129037,3.0542684269701526,0.0,0.03897453442192955,0.04991880917932219,0.14666666666666667,0.02666666666666667,0.01618447651145189,0.1581863254502673,0.34,0.005922662369671893,0.8266666666666667,0.8266666666666667,0.84,0.84,0.06,0.05333333333333334,-0.16464417026373046,0.1357384887703887,0.010576413691899052,0.015225102575030736,0.0
PROXY,4,0,MATCH_VOL,GFC,1.240066488868164,755,150,2.9924709103353866,0.03127241925211629,0.05207757330398496,0.20638808187608185,0.14857620119225687,0.15414110950740587,0.21345625962903741,0.07866881206159752,0.39751991205396675,545,True,43,0.709176979451873,0.29082302054812703,0.705530804584126,0.28473320025209803,0.0,0.048479645805138416,0.06067855732231534,0.16666666666666666,0.04,0.019381265153352173,0.2056988729913339,0.4266666666666667,0.007903083408357948,0.5733333333333334,0.5733333333333334,0.58,0.58,0.12,0.05333333333333334,-0.16593699003875426,0.14998922571900447,0.030760849585299142,0.017885006276507617,0.0
PROXY,4,0,VOL,2011,-0.6926226640614939,251,50,0.9883641341546886,-0.018147336754163104,-0.006987854964290208,0.14960175604356243,0.11351271110729787,-0.05031411064499695,-0.06629983269367558,-0.14982848382932987,0.1211207394638979,218,True,13,0.7791492259224788,0.22085077407752118,0.6534569142598627,3.7017796556781204,0.0,0.033589107229810455,0.052307136203915805,0.18,0.02,0.016901049891988512,0.15643995739822872,0.34,0.007079217525740732,0.8,0.8,0.82,0.82,0.06,0.06,-0.2469848340828988,0.1346186214935464,0.010371115751166964,0.015070261133023677,0.0
PROXY,4,0,MATCH_VOL,2011,0.9826486933388308,251,50,0.9883641341546886,0.02574627957521597,0.03962377874283551,0.16980289217442812,0.12458631510432486,0.23017082948740664,0.313670634318793,0.21671529941152687,0.11880231642679562,110,True,55,0.77914922592048,0.22085077407952003,0.7779023736975285,0.21100891074125025,0.0,0.04861095376055358,0.06265996431050633,0.14,0.02,0.0179996104820803,0.17570444268016402,0.36,0.008166910881549761,0.5,0.5,0.54,0.54,0.08,0.06,-0.24698735607335764,0.14588179627283637,0.023751685785981202,0.016590601020892246,0.0
PROXY,4,0,VOL,2015_2016,0.7117572595122076,503,100,1.9931553730321698,0.06184132408285047,0.07399737561689015,0.1671371320199819,0.12381642034972573,0.43179325609723324,0.5826553004014053,0.36732485035951806,0.16835594984200897,74,False,190,0.9044015258407851,0.09559847415921485,0.8491296733630241,3.218383823651848,0.0,0.03174466176686164,0.04412519545044282,0.12,0.01,0.01431422107023677,0.17569125127386107,0.18,0.015479375955953114,0.46,0.46,0.47,0.47,0.05,0.05,-0.03204106165438914,0.11495782056045108,0.0077063997774800795,0.013667291079998374,0.0
PROXY,4,0,MATCH_VOL,2015_2016,0.9153045708424781,503,100,1.9931553730321698,0.07952661647424086,0.09141264845080319,0.17257972660790885,0.1275382553980012,0.5190877260053387,0.7021557995764718,0.5039644028628131,0.1578020511418725,72,False,182,0.904401525845219,0.09559847415478095,0.903197731521669,0.0696670902387511,0.0,0.032583932433150165,0.041473266551830236,0.11,0.01,0.014661942452316945,0.18053524615862027,0.22,0.016277760534644185,0.3,0.3,0.37,0.37,0.06,0.05,-0.03206294452551253,0.12148587219534214,0.01834571197472991,0.015006588686374351,0.0
PROXY,4,0,VOL,2018Q4,,62,12,0.24914442162902123,-0.4140893664690076,-0.5222803573863094,0.19328327511766327,0.16062530285729895,-2.8231738171342706,-3.3796410586273193,-2.7682807217775123,0.14958358926948745,62,True,0,0.6169035737158847,0.38309642628411533,0.5821146515749981,4.582031658072953,0.0,0.04299611856905328,0.04299611856905328,0.25,0.0,0.02680483211194053,0.18652178940512149,0.5833333333333334,0.008422809059824038,0.9166666666666666,0.9166666666666666,0.9166666666666666,0.9166666666666666,0.16666666666666666,0.16666666666666666,-0.32808328921586144,0.13661984668849028,0.012767371082222886,0.015291607835918411,0.0
PROXY,4,0,MATCH_VOL,2018Q4,,62,12,0.24914442162902123,-0.36355367030689745,-0.4375051649658514,0.19941279138082094,0.16027455286862338,-2.3112086568053036,-2.860302482277002,-2.5893741148831206,0.14040214128088924,62,True,0,0.6169035737114152,0.38309642628858476,0.6165448411134647,0.32283310047795527,0.0,0.03841754001407616,0.03841754001407616,0.25,0.0,0.026871029632759696,0.1908742816262684,0.6666666666666666,0.008335149336849534,0.8333333333333334,0.8333333333333334,0.8333333333333334,0.8333333333333334,0.08333333333333333,0.16666666666666666,-0.3320555278495349,0.14936777248520963,0.022641219856128398,0.01662563909670203,0.0
PROXY,4,0,VOL,COVID,-0.8388156709783025,92,18,0.3613963039014374,-0.07664266283938925,-0.06116022362538885,0.18874287278147625,0.14830925176610174,-0.3432473517904593,-0.43626125130724913,-0.5308247168226323,0.14438412607866247,91,True,0,0.4827115500632612,0.5172884499367387,0.39524826045954176,4.763021427404746,0.0,0.08224276813360898,0.08224276813360898,0.16666666666666666,0.05555555555555555,0.018846223395381778,0.19011864897696656,0.3333333333333333,0.011887571057216613,1.0,1.0,1.0,1.0,0.1111111111111111,0.1111111111111111,-0.9496928292841706,0.13920291767722218,0.014075015004959723,0.015296275880069718,0.0
PROXY,4,0,MATCH_VOL,COVID,0.7207404768109258,92,18,0.3613963039014374,0.06585412179352251,0.08349145434752238,0.20236826243060574,0.14998661900553534,0.39425858039110656,0.5313418476986222,0.46996122418930236,0.14012671344773797,66,False,66,0.48271155006666905,0.517288449933331,0.4800585133489955,0.5079570940361915,0.0,0.06718221292008142,0.06718221292008142,0.16666666666666666,0.05555555555555555,0.01983908489274398,0.24137319945689711,0.3888888888888889,0.015966919896189008,0.6111111111111112,0.6111111111111112,0.5555555555555556,0.5555555555555556,0.16666666666666666,0.1111111111111111,-0.9584640676980983,0.160067722081791,0.04183749027737154,0.019138696097018654,0.0
PROXY,4,0,VOL,2022,,250,49,0.9883641341546886,-0.24525145289437703,-0.2640999857687372,0.1794736999250725,0.13798496301996527,-1.5832106287300407,-2.0491450383246934,-0.9306211288560925,0.2635352296329624,249,True,0,0.5540971662867086,0.4459028337132914,0.545025919306493,4.450800919052966,0.0,0.038044104402621515,0.04371792761333844,0.20408163265306123,0.0,0.02173009969367934,0.1643490389947284,0.3877551020408163,0.0063113862790243865,1.0,1.0,1.0,1.0,0.10204081632653061,0.061224489795918366,0.08379293857796909,0.13961389300796187,0.01485781218968119,0.015587308791311486,0.0
PROXY,4,0,MATCH_VOL,2022,,250,49,0.9883641341546886,-0.19114803855650292,-0.19546155734665188,0.17806636041109325,0.13255265831901875,-1.2103088657014398,-1.6174909969925222,-0.9030426173496365,0.211671115940805,249,True,0,0.5540971662852551,0.44590283371474493,0.5524823181345039,0.35982756390245507,0.0,0.030588758024129192,0.039353486404072914,0.14285714285714285,0.0,0.02138003328634061,0.1661862808287495,0.40816326530612246,0.006383018477865273,0.7346938775510204,0.7346938775510204,0.6938775510204082,0.6938775510204082,0.04081632653061224,0.061224489795918366,0.08321903560839491,0.14546217477287599,0.02055490648517531,0.016303205848466396,0.0
PROXY,4,0,VOL,2023_PLUS,0.737753960894692,916,183,3.649555099247091,0.23407569331497516,0.22280421615886206,0.15189126505970757,0.10620880959177859,1.156941591448289,1.63210303222816,1.2736460232277729,0.18378394706698986,153,False,153,0.8237946779503842,0.1762053220496158,0.7196676003726039,4.1368301287576825,0.0,0.03349195202115718,0.046149824703425726,0.13114754098360656,0.01092896174863388,0.014161718497499953,0.15132944936457046,0.22950819672131148,0.0069419366643297025,0.8633879781420765,0.8633879781420765,0.8579234972677595,0.8579234972677595,0.0546448087431694,0.04371584699453552,-0.003105832105839433,0.13369646152459577,0.013002171130108367,0.01524879011502431,0.0
PROXY,4,0,MATCH_VOL,2023_PLUS,0.8482561153169991,916,183,3.649555099247091,0.269135984116846,0.2533819644609974,0.16734135836948724,0.11286440299401808,1.2327486098007658,1.8052003245564574,1.3349190925247076,0.20161220678013836,79,False,84,0.8237946779434571,0.17620532205654293,0.8235202100136316,0.15944550175325178,0.0,0.03396181934257858,0.04966021453810353,0.12021857923497267,0.01639344262295082,0.014684406710391876,0.16515215842401068,0.2896174863387978,0.0084934177078966,0.6557377049180327,0.6557377049180327,0.6284153005464481,0.6284153005464481,0.07103825136612021,0.04371584699453552,-0.003170027159865887,0.13872637418802597,0.020532202135874766,0.016164394292367195,0.0
PROXY,4,0,VOL,2024_PLUS,0.6885361474987595,666,133,2.652977412731006,0.17027991000086373,0.16963021376727905,0.153054700195165,0.1112940458579285,0.814886111898862,1.1070054571670043,0.9265222165393777,0.18378394706699053,153,False,153,0.8173813971741822,0.18261860282581777,0.6957092513351594,4.537784710619424,0.0,0.034866039506191715,0.04955285025304061,0.13533834586466165,0.015037593984962405,0.014543366250104458,0.15411470735284946,0.24812030075187969,0.007627703491849703,0.8421052631578947,0.8421052631578947,0.8421052631578947,0.8421052631578947,0.06766917293233082,0.05263157894736842,-0.09032188686140899,0.1324520954370552,0.012694913693545244,0.015151481777888446,0.0
PROXY,4,0,MATCH_VOL,2024_PLUS,0.8573362922259363,666,133,2.652977412731006,0.21202539214685118,0.20791191727489933,0.17227957188127407,0.11923170284830482,0.9460461054708174,1.3519030618637131,1.0594546207634545,0.20012692190068826,79,False,83,0.8173813971710174,0.18261860282898257,0.8170194152268542,0.17023481518121025,0.0,0.04310868112323962,0.054144885564183,0.12781954887218044,0.015037593984962405,0.015193940645402214,0.17021248131281763,0.3233082706766917,0.00943153759119595,0.631578947368421,0.631578947368421,0.6240601503759399,0.6240601503759399,0.08270676691729323,0.05263157894736842,-0.09041533264419138,0.13825756451756077,0.02131001325148161,0.016208021996232082,0.0
PROXY,4,0,VOL,EX_MAJOR_SHOCKS,0.8156687874015042,3987,795,15.838466803559205,0.18915548828557022,0.18450919758090334,0.1482083592458045,0.10567464917681668,1.1339573212606984,1.5827681632980635,1.0292274777221015,0.18378394706698986,153,False,240,0.8767075803063781,0.12329241969362192,0.7747966004236405,3.182039518419171,0.0,0.030924179977360078,0.042796649427785355,0.11446540880503145,0.00880503144654088,0.013639213457686298,0.1501895845858345,0.2050314465408805,0.008627538220920885,0.6138364779874214,0.6138364779874214,0.6364779874213836,0.6364779874213836,0.04905660377358491,0.04779874213836478,0.01564673910963865,0.12158696385246298,0.009521808272164055,0.01421304720047652,0.0
PROXY,4,0,MATCH_VOL,EX_MAJOR_SHOCKS,0.8841825375467265,3987,795,15.838466803559205,0.20504398624352357,0.1999021608855919,0.1617971993832613,0.11374026817708704,1.133872685463787,1.6057547536245254,0.9590115156686192,0.2138076372321428,87,False,182,0.8767075803025829,0.12329241969741711,0.8761244172177419,0.15710349414459418,0.0,0.03343792335987816,0.04699825648712883,0.11446540880503145,0.016352201257861635,0.014363006894442617,0.1626088485863238,0.26540880503144654,0.00939535222668626,0.47547169811320755,0.47547169811320755,0.4830188679245283,0.4830188679245283,0.05660377358490566,0.04779874213836478,0.01558137374005259,0.12760898599862674,0.01841288004879819,0.01525232017316985,0.0
PROXY,4,0,CORE_VOL,ALL,0.9489074892691165,5090,1018,20.229979466119097,0.15486562727829598,0.16086319504008095,0.1820203075859566,0.1302188222160226,0.7903445171479212,1.1004312157249188,0.38037710690440774,0.4071370870308847,613,False,613,0.9144012766999807,0.08559872330001927,0.8228857017150581,1.6457590471394388,0.0,0.03995463873257887,0.053636609581036616,0.14833005893909626,0.023575638506876228,0.016970863455534002,0.18308898706192023,0.4017681728880157,0.009751133741167293,0.6728880157170923,0.6728880157170923,0.6905697445972495,0.6905697445972495,0.08153241650294696,0.05009823182711198,-0.023200144705161515,0.15034483806156507,0.02350014027837822,0.016985347690938613,0.0
PROXY,4,0,MATCH_CORE_VOL,ALL,0.9297128418653153,5090,1018,20.229979466119097,0.1517329814258905,0.16151931581313758,0.199665013945178,0.14258568795646967,0.7238015473819122,1.010136484742068,0.3107298818849901,0.48831152158726454,758,False,758,0.9144012766955302,0.08559872330446983,0.9136262996644094,0.12757573038628467,0.0,0.03927785549187246,0.060041411464005975,0.14931237721021612,0.0343811394891945,0.017796222103595192,0.20131708308630056,0.4017681728880157,0.010680753745176597,0.5962671905697446,0.5962671905697446,0.611984282907662,0.611984282907662,0.0825147347740668,0.05009823182711198,-0.023263620693081886,0.1510645181999293,0.02991321335146526,0.01785053784815307,0.0
PROXY,4,0,CORE_VOL,GFC,2.3297192233476145,755,150,2.9924709103353866,0.05875165319461102,0.08099176985153542,0.21886863465181305,0.15644636951342766,0.27741359181520975,0.3867740649516048,0.14430435120285315,0.40713708703088225,545,True,46,0.8543580891237733,0.1456419108762267,0.7386294831353147,1.5436312478096816,0.0,0.055382217239932086,0.06245805340516677,0.2,0.05333333333333334,0.021766100040106748,0.21925359667129002,0.66,0.008367444644696673,0.84,0.84,0.84,0.84,0.14,0.05333333333333334,-0.1642717173419166,0.18428802729436225,0.03759291554371865,0.02021823437331847,0.0
PROXY,4,0,MATCH_CORE_VOL,GFC,1.1504344971263307,755,150,2.9924709103353866,0.029012049143485093,0.05968045504043641,0.24926181168561767,0.17940219456705309,0.1581284639225206,0.21914169700419076,0.06265717253626074,0.4630283807762845,545,True,46,0.8543580891251752,0.1456419108748248,0.8521403027764796,0.17189562429429794,0.0,0.058425706973378566,0.07315376966312727,0.2,0.07333333333333333,0.02335043621113851,0.24854482760299254,0.66,0.009598531060055596,0.7533333333333333,0.7533333333333333,0.78,0.78,0.15333333333333332,0.05333333333333334,-0.16480466969590796,0.18444030207626738,0.046165117444953135,0.021543287118169132,0.0
PROXY,4,0,CORE_VOL,2011,0.19270429869446307,251,50,0.9883641341546886,0.0050490259470815846,0.02151253713128869,0.18178616421292496,0.1354228543474111,0.1153705189215423,0.1548500904888995,0.03865625406476895,0.13061343032933015,110,True,108,0.8895891100269876,0.1104108899730124,0.8263478520362338,1.8209357311641259,0.0,0.046806088840891436,0.0658990263562016,0.2,0.04,0.019989431621791575,0.18915257946892003,0.5,0.008727658302372612,0.8,0.8,0.82,0.82,0.12,0.06,-0.2469699357341144,0.16920337445110373,0.0270960249159135,0.01818010400818677,0.0
PROXY,4,0,MATCH_CORE_VOL,2011,1.0057267791385482,251,50,0.9883641341546886,0.02635094617996305,0.04461684995444026,0.1940232023179197,0.14238567630501545,0.22717258946166408,0.30952700200921696,0.19472611061844022,0.13532312691027304,110,True,55,0.8895891100275803,0.11041088997241966,0.8888734002209855,0.1205001742072269,0.0,0.05549757445363379,0.07153745493103669,0.18,0.08,0.020536146480802535,0.2007850217022565,0.52,0.00936124593399248,0.68,0.68,0.72,0.72,0.08,0.06,-0.24697162723683375,0.17095227201661975,0.03412322149852722,0.018940866961045265,0.0
PROXY,4,0,CORE_VOL,2015_2016,0.8573651161954071,503,100,1.9931553730321698,0.07449252297659431,0.0876766372069151,0.17779183119706424,0.13141156391909573,0.4828566158953135,0.6530468774424253,0.4357261517310587,0.17096179029110237,74,False,186,0.9521994813935059,0.04780051860649415,0.9245326017479466,1.6062574968801566,0.0,0.03174466176686164,0.04456356829097807,0.13,0.01,0.015261585229334828,0.18665295519525535,0.24,0.01661759898167834,0.46,0.46,0.47,0.47,0.05,0.05,-0.03205262698998408,0.12937226139735605,0.015661452078631635,0.015130032156659465,0.0
PROXY,4,0,MATCH_CORE_VOL,2015_2016,0.9579087371479091,503,100,1.9931553730321698,0.08322829709718171,0.09648700851158179,0.18182025872175403,0.13428573464050483,0.5206150945252339,0.7046613595943859,0.5022664778845961,0.16570545867945574,72,False,182,0.9521994813904153,0.047800518609584675,0.9515627779449717,0.03667524392603522,0.0,0.034309402469441364,0.04366659922716602,0.13,0.01,0.015433454044588046,0.1903663851638475,0.27,0.017189499297300806,0.42,0.42,0.42,0.42,0.07,0.05,-0.032061080564672294,0.13010784126368433,0.020856483671413975,0.01579966993692977,0.0
PROXY,4,0,CORE_VOL,2018Q4,,62,12,0.24914442162902123,-0.4740601384819763,-0.617266901937224,0.25656176145196163,0.2087308970109958,-2.4970464190856356,-3.05675143164636,-2.5488993339797674,0.18598621458376485,62,True,0,0.8079633140139736,0.1920366859860264,0.7903562085611223,2.2403260808520806,0.0,0.04846327866507549,0.04846327866507549,0.3333333333333333,0.0,0.03513076398923998,0.24652607616243144,0.8333333333333334,0.010931031984872636,0.9166666666666666,0.9166666666666666,0.9166666666666666,0.9166666666666666,0.25,0.16666666666666666,-0.3287898759207937,0.194746740359632,0.043425656148789404,0.021054410938579737,0.0
PROXY,4,0,MATCH_CORE_VOL,2018Q4,,62,12,0.24914442162902123,-0.45195223030113635,-0.5744912952928101,0.2612462400488121,0.20980541596495994,-2.2885405908188465,-2.838052786110333,-2.4876303918666727,0.18167981536919542,62,True,0,0.807963314007093,0.19203668599290702,0.8077436854824082,0.21191533860451553,0.0,0.050334155731721175,0.050334155731721175,0.4166666666666667,0.08333333333333333,0.035161505985191084,0.25032854565637863,1.0,0.010999901564699011,0.8333333333333334,0.8333333333333334,0.8333333333333334,0.8333333333333334,0.25,0.16666666666666666,-0.3302640448005989,0.19662487362589645,0.04936397605126408,0.021721388039127838,0.0
PROXY,4,0,CORE_VOL,COVID,0.13788889531606058,92,18,0.3613963039014374,0.012598920690977454,0.05634166439876412,0.29704236652610105,0.2229919670590179,0.1772611489214868,0.23592774094494798,0.059633782274927445,0.2112715345287527,77,False,77,0.7411985026935466,0.2588014973064534,0.696928930060791,2.2794296526267517,0.0,0.08730371531723602,0.08730371531723602,0.16666666666666666,0.1111111111111111,0.02990008960209663,0.3390859565815778,0.9444444444444444,0.022284631788834365,1.0,1.0,1.0,1.0,0.16666666666666666,0.1111111111111111,-0.9498074581899378,0.22864463431967058,0.08049041550610589,0.027455683509937726,0.0
PROXY,4,0,MATCH_CORE_VOL,COVID,0.923336273429956,92,18,0.3613963039014374,0.08436531784073066,0.12855857659837233,0.31154817553516806,0.2308926414314666,0.40074736233982833,0.5403320109194292,0.40209703711440153,0.20981332875807213,71,False,71,0.7411985026999481,0.25880149730005186,0.7391720194766527,0.3918073865286265,0.0,0.10316962449480416,0.10316962449480416,0.16666666666666666,0.1111111111111111,0.030366149471427708,0.37373192099667185,0.8888888888888888,0.02509000663732883,0.9444444444444444,0.9444444444444444,0.9444444444444444,0.9444444444444444,0.16666666666666666,0.1111111111111111,-0.9526452982004661,0.22660168695019267,0.08766799736631059,0.029377544698286216,0.0
PROXY,4,0,CORE_VOL,2022,,250,49,0.9883641341546886,-0.2918794219190066,-0.3125958863936225,0.2494601357416004,0.18773397060950292,-1.3334575185748947,-1.765421903642494,-0.9301557892860373,0.3137962750767218,249,True,0,0.7769812386779342,0.22301876132206577,0.7719545610753062,2.1966676592251333,0.0,0.046591697783121666,0.0574424687870424,0.32653061224489793,0.04081632653061224,0.030101927457374517,0.2312713961475637,0.8979591836734694,0.00892577501030328,1.0,1.0,1.0,1.0,0.14285714285714285,0.061224489795918366,0.08334545691946157,0.20666328040427412,0.05099964743759494,0.022482404615671883,0.0
PROXY,4,0,MATCH_CORE_VOL,2022,,250,49,0.9883641341546886,-0.26700198475016595,-0.2781120751036434,0.25002703600388637,0.1859884724957099,-1.1925232994180583,-1.5972233513039762,-0.9203829467206796,0.2900987960516792,249,True,0,0.7769812386802543,0.22301876131974574,0.7758216504863985,0.25265072283422046,0.0,0.04287105671573688,0.05526936067594368,0.3469387755102041,0.02040816326530612,0.029927773294081528,0.2332090397036513,0.8979591836734694,0.009008034493428397,1.0,1.0,1.0,1.0,0.14285714285714285,0.061224489795918366,0.08317699566450099,0.20653091274202684,0.05365723016832591,0.022844098074442785,0.0
PROXY,4,0,CORE_VOL,2023_PLUS,0.869391799900051,916,183,3.649555099247091,0.2758419461105502,0.2601841855493328,0.17595341636902206,0.12105317446635112,1.2111060757137453,1.7396429322036873,1.2975460888024337,0.21258739746588706,97,False,116,0.9119541361581863,0.08804586384181368,0.8600482493447248,2.065856697318846,0.0,0.0356773464925787,0.05243001433737745,0.15300546448087432,0.02185792349726776,0.01602750188544733,0.17451327289049032,0.41530054644808745,0.008536151302044461,0.8633879781420765,0.8633879781420765,0.8579234972677595,0.8579234972677595,0.08196721311475409,0.04371584699453552,-0.0031689315031076335,0.15732861509168897,0.024430960341927935,0.017437605099377057,0.0
PROXY,4,0,MATCH_CORE_VOL,2023_PLUS,0.9241398999909843,916,183,3.649555099247091,0.2932125061695183,0.2754252761771459,0.18527827788499163,0.1251464004018351,1.2323707853715804,1.8041694480070052,1.3216310489091454,0.22185655097277834,87,False,87,0.9119541361550662,0.08804586384493385,0.9117999738076653,0.08818323283305318,0.0,0.037713689681674656,0.055080664030173095,0.14754098360655737,0.0273224043715847,0.01628664002247474,0.18286887538001917,0.3989071038251366,0.009410450081806682,0.8087431693989071,0.8087431693989071,0.7868852459016393,0.7868852459016393,0.08196721311475409,0.04371584699453552,-0.0031807573830770824,0.1576681266497133,0.02795103908222802,0.017896362459126555,0.0
PROXY,4,0,CORE_VOL,2024_PLUS,0.8458389025136787,666,133,2.652977412731006,0.20918200550323038,0.2069785470773288,0.18014895142794418,0.12795275951204962,0.8995813957862477,1.2532723044308773,0.9839812142993883,0.21258739746588717,97,False,116,0.9087650876027287,0.09123491239727133,0.8481191631929411,2.2652163024333167,0.0,0.04140553873511088,0.05729961840819103,0.16541353383458646,0.03007518796992481,0.01659769939992219,0.17959218302816904,0.42857142857142855,0.00948005081369405,0.8421052631578947,0.8421052631578947,0.8421052631578947,0.8421052631578947,0.09022556390977443,0.05263157894736842,-0.09020779278119229,0.1573437966692546,0.024968394864130803,0.01749264287666647,0.0
PROXY,4,0,MATCH_CORE_VOL,2024_PLUS,0.9291890090754086,666,133,2.652977412731006,0.22979508252969014,0.22603908819676732,0.19158021154898314,0.13278115081651864,0.9453497680814386,1.3504714726931495,1.0391784051072501,0.2211315029260772,87,False,87,0.9087650876073123,0.09123491239268766,0.9085614596751018,0.09456356880262252,0.0,0.04802689938927751,0.060305457011482134,0.15789473684210525,0.03759398496240601,0.01692032226653285,0.1892929061429666,0.42857142857142855,0.010495243254175314,0.7819548872180451,0.7819548872180451,0.7669172932330827,0.7669172932330827,0.09022556390977443,0.05263157894736842,-0.0902377473027394,0.15776756173845216,0.029002503582944254,0.018022228573126887,0.0
PROXY,4,0,CORE_VOL,EX_MAJOR_SHOCKS,0.9089694398738454,3987,795,15.838466803559205,0.21079212652446952,0.20520804510334487,0.16500788550288473,0.1168579397774771,1.1439532336456026,1.6082497632167279,0.991555139378826,0.21258739746588706,97,False,186,0.9383693271683702,0.06163067283162982,0.8873725699329704,1.6181554560930886,0.0,0.034423732508190086,0.04764012064682548,0.12830188679245283,0.01509433962264151,0.01501688498817824,0.16656205618129785,0.30943396226415093,0.009590710125596298,0.6138364779874214,0.6138364779874214,0.6364779874213836,0.6364779874213836,0.06540880503144654,0.04779874213836478,0.015598381645647842,0.13877882935875047,0.017887711119607574,0.01580649639270202,0.0
PROXY,4,0,MATCH_CORE_VOL,EX_MAJOR_SHOCKS,0.942092783417188,3987,795,15.838466803559205,0.2184735069062685,0.21292787849786507,0.17323354352213274,0.12180008357188857,1.1342057134486927,1.6064333595573448,0.9588372641768765,0.22785254085198625,88,False,182,0.938369327167898,0.061630672832101996,0.9380558853823218,0.11371686332802672,0.0,0.03579318299177092,0.05033538350886388,0.12452830188679245,0.021383647798742137,0.015376660382819485,0.17415149296890525,0.31949685534591193,0.010079265953827398,0.5484276729559748,0.5484276729559748,0.5635220125786163,0.5635220125786163,0.06540880503144654,0.04779874213836478,0.01557659747157081,0.13960655758395035,0.022373883626936788,0.01632633648762456,0.0
PROXY,4,1,BUYHOLD,ALL,1.0,5090,1018,20.229979466119097,0.16319838676593032,0.1754127179422986,0.21854069890953906,0.15606071645854905,0.7248571035895133,1.0119344884206374,0.3121612930577004,0.5228014824239098,761,False,761,1.0,0.0,1.000001898112116,0.04950389047539254,4.950389047539254e-06,0.04299611856905339,0.06569531393308345,0.16208251473477406,0.04027504911591356,0.01946184494429087,0.22045350852502907,0.48526522593320237,0.011730129510218937,0.6738703339882122,0.6738703339882122,0.6905697445972495,0.6905697445972495,0.10019646365422397,0.05009823182711198,-0.023192066761478485,0.16706881558666173,0.036997787356738865,0.019522492037270384,5.749601018567585e-06
PROXY,4,1,BUYHOLD,GFC,1.0,755,150,2.9924709103353866,0.02521834073643866,0.06774886567589018,0.29250718568184136,0.21043921521532824,0.1623325740926108,0.22514772896466625,0.048236934255650475,0.522801482423908,545,True,46,1.0,0.0,1.0,0.0,0.0,0.06839840732485192,0.08566239517743547,0.22,0.10666666666666667,0.027320628623956386,0.2918204313219182,0.7466666666666667,0.011334271960732173,0.84,0.84,0.84,0.84,0.16666666666666666,0.05333333333333334,-0.16400743308369356,0.21413023719497626,0.06313065835300717,0.02521136617160621,-1.5265566588595902e-16
PROXY,4,1,BUYHOLD,2011,1.0,251,50,0.9883641341546886,0.026200899415775043,0.04947803757043688,0.2182788534844951,0.16021662664652125,0.22419922770396497,0.30542067573806697,0.17265884302601067,0.1517495365808048,110,True,55,1.0,0.0,0.9999999999999994,0.0,0.0,0.06238071994209282,0.0804104656915882,0.2,0.08,0.023067988719025746,0.22590706479014647,0.6,0.010565117554216177,0.8,0.8,0.82,0.82,0.12,0.06,-0.24695937823603742,0.19246165225716858,0.04509078370741367,0.02128994688334986,2.5326962749261384e-15
PROXY,4,1,BUYHOLD,2015_2016,1.0,503,100,1.9931553730321698,0.08688541389129333,0.10159890232515344,0.19107510807991768,0.14103405886072135,0.5221520444842581,0.7071890623575087,0.5005900764226828,0.17356599338163858,72,False,182,1.0,0.0,0.9999999999999991,0.0,0.0,0.036034920469832254,0.0458599928721074,0.15,0.01,0.01620459349194069,0.20023138045224673,0.31,0.018107190520700277,0.46,0.46,0.47,0.47,0.08,0.05,-0.03205939425832845,0.1385179746130629,0.023554235102901708,0.016592773233320555,-4.996003610813204e-16
PROXY,4,1,BUYHOLD,2018Q4,1.0,62,12,0.24914442162902123,-0.5289552733768623,-0.7093384933401198,0.32342420700991975,0.25939958578426203,-2.26551425335776,-2.8153714980800952,-2.38902681730768,0.22141035401727716,62,True,0,1.0,0.0,0.9999999999999996,0.0,0.0,0.06225095165657246,0.06225095165657246,0.5,0.08333333333333333,0.04343602434573967,0.3102559086648662,1.0,0.01372011179101486,0.9166666666666666,0.9166666666666666,0.9166666666666666,0.9166666666666666,0.25,0.16666666666666666,-0.32916153398474385,0.2313155100903057,0.07820290360316899,0.02681721404124106,1.1102230246251565e-16
PROXY,4,1,BUYHOLD,COVID,1.0,92,18,0.3613963039014374,0.09137008939043839,0.1753467348145743,0.42145989130573325,0.31225864280546717,0.4072508117862388,0.5493659129292244,0.331493840036725,0.27563133414580443,72,False,72,1.0,0.0,1.0000000000000002,0.0,0.0,0.13915245925033404,0.13915245925033404,0.16666666666666666,0.16666666666666666,0.04081988679002715,0.5086831148453145,1.0,0.034666447167825194,1.0,1.0,1.0,1.0,0.16666666666666666,0.1111111111111111,-0.9498550654654451,0.26746562762164755,0.1307734628521604,0.03961509113980573,1.429412144204889e-15
PROXY,4,1,BUYHOLD,2022,1.0,250,49,0.9883641341546886,-0.33769548373084496,-0.3583998756999966,0.3222645326642971,0.23937477070898208,-1.1743424948925545,-1.5764662317740499,-0.9315640449314492,0.3625037758468822,249,True,0,1.0,0.0,0.9999999999999999,0.0,0.0,0.05513929116362204,0.0711670099607465,0.40816326530612246,0.061224489795918366,0.03841011298026186,0.30039024884931015,1.0,0.011671602510451965,1.0,1.0,1.0,1.0,0.24489795918367346,0.061224489795918366,0.08315362100362796,0.24746751642864884,0.0901590127400804,0.029377500440032275,9.992007221626409e-16
PROXY,4,1,BUYHOLD,2023_PLUS,1.0,916,183,3.649555099247091,0.3172815135158418,0.29743416809579537,0.20319996361830914,0.13742477582594004,1.2319837239979121,1.8031233928047388,1.3126298134434187,0.2417143891342205,88,False,88,1.0,0.0,1.0000000000000002,0.0,0.0,0.04146142131511499,0.06049513419914743,0.15846994535519127,0.03825136612021858,0.017885016826778493,0.20057303281021954,0.546448087431694,0.010328265417498504,0.8633879781420765,0.8633879781420765,0.8579234972677595,0.8579234972677595,0.08743169398907104,0.04371584699453552,-0.0031895014493119687,0.17472460768341455,0.036284950319208,0.019626420083729803,1.6653345369377348e-16
PROXY,4,1,BUYHOLD,2024_PLUS,1.0,666,133,2.652977412731006,0.24730714664645914,0.2441181978943528,0.2108602486526311,0.14632513578866074,0.9446460462726651,1.3490291434460366,1.0231378757891536,0.2417143891342204,88,False,88,1.0,0.0,0.9999999999999997,0.0,0.0,0.0529379846799245,0.06645709367749478,0.17293233082706766,0.05263157894736842,0.01864178741605989,0.2083551423467103,0.5488721804511278,0.011559589010772234,0.8421052631578947,0.8421052631578947,0.8421052631578947,0.8421052631578947,0.09774436090225563,0.05263157894736842,-0.09009341127493838,0.17529411757494295,0.03756677058931581,0.0198338039754445,0.0
PROXY,4,1,BUYHOLD,EX_MAJOR_SHOCKS,1.0,3987,795,15.838466803559205,0.23189454756959663,0.22595798371727013,0.18467331083206318,0.1298603377807237,1.1345006060577576,1.6070568799753586,0.9593741953062999,0.2417143891342205,88,False,182,1.0,0.0,1.000003430222504,0.06319909769745373,6.319909769745373e-06,0.03814754961849631,0.053671245246876095,0.1371069182389937,0.02389937106918239,0.016389174368385412,0.18570397091837829,0.39245283018867927,0.010766260187918777,0.6150943396226415,0.6150943396226415,0.6364779874213836,0.6364779874213836,0.0779874213836478,0.04779874213836478,0.015572881206321859,0.15106137884043458,0.026729621425975576,0.017399945584927523,7.77750056751847e-06
PROXY,4,1,VOL,ALL,0.8833800144239048,5090,1018,20.229979466119097,0.14416619325524552,0.14651860943708436,0.15205694832293087,0.10912362512290123,0.8517322167688689,1.1811023817453354,0.5210822719373407,0.27666685477371467,532,False,532,0.8288591851057474,0.1711408148942526,0.6472246938612968,3.2505952600526196,0.00032505952600526185,0.03211711675983364,0.044872040181720495,0.1237721021611002,0.011787819253438114,0.014468820812487728,0.15289663714746987,0.2357563850687623,0.008247245125038848,0.6709233791748527,0.6709233791748527,0.6905697445972495,0.6905697445972495,0.054027504911591355,0.05009823182711198,-0.02318729951463339,0.12487306040052885,0.010020750290277491,0.01444820334460684,0.00037140543034114293
PROXY,4,1,MATCH_VOL,ALL,0.8579833135531684,5090,1018,20.229979466119097,0.14002149264396443,0.14767942482472285,0.18083757167031883,0.12913635689617117,0.7226291741283897,1.0081782345202086,0.30987397500312147,0.4518659324086637,756,False,756,0.8288591851022434,0.17114081489775657,0.827464981233028,0.19016559206575734,1.9016559206575735e-05,0.03556237820289876,0.05439192532016434,0.13261296660117877,0.0275049115913556,0.016129721104174825,0.1822490873810047,0.33398821218074654,0.009641643974688462,0.4931237721021611,0.4931237721021611,0.5009823182711198,0.5009823182711198,0.07170923379174853,0.05009823182711198,-0.02334920806257327,0.1337088765282089,0.02344875411235561,0.0161797651388812,2.164586162051174e-05
PROXY,4,1,VOL,GFC,3.472677651478477,755,150,2.9924709103353866,0.0875751682827998,0.09614726571360428,0.1567411907913959,0.1109443157147946,0.4839286540870086,0.6797535259174285,0.3165365376146261,0.27666685477371333,532,False,532,0.7091769794449491,0.29082302055505094,0.48184311283390185,3.054251896196561,0.0003054251896196561,0.0389869261345569,0.04992346759594054,0.14666666666666667,0.02666666666666667,0.016187122011936242,0.1581863254502673,0.34,0.005922662369671893,0.8266666666666667,0.8266666666666667,0.84,0.84,0.06,0.05333333333333334,-0.16464180430355171,0.1357420729997794,0.010576413691899052,0.015225102575030736,0.0003326208043482326
PROXY,4,1,MATCH_VOL,GFC,1.238900739227598,755,150,2.9924709103353866,0.0312430209804673,0.05204908630053486,0.20638800530591106,0.14857714611658435,0.1540031775587425,0.21326381266946204,0.07859054622367288,0.39754172075033045,545,True,43,0.709176979451873,0.29082302054812703,0.7055305441042748,0.28473305291210277,2.847330529121028e-05,0.04848140904748677,0.06067945964081267,0.16666666666666666,0.04,0.019381499182975482,0.2056988729913339,0.4266666666666667,0.007903083408357948,0.5733333333333334,0.5733333333333334,0.58,0.58,0.12,0.05333333333333334,-0.16593433477844008,0.1499933131909031,0.030760849585299142,0.017885006276507617,2.939827164898795e-05
PROXY,4,1,VOL,2011,-0.7065998300770456,251,50,0.9883641341546886,-0.01851355107505241,-0.007358498355354017,0.14959840984504857,0.1135215441145807,-0.05279276894584911,-0.06955903819980919,-0.15261999843161753,0.12130488314313237,218,True,13,0.7791492259224789,0.22085077407752107,0.6534394356531174,3.70177773527626,0.0003701777735276261,0.033589107229810455,0.0523150488525026,0.18,0.02,0.016903049825152353,0.15643995739822872,0.34,0.0070792175257407336,0.8,0.8,0.82,0.82,0.06,0.06,-0.24686530262143255,0.1346186214935464,0.010371115751166964,0.015070261133023677,0.00036621432088930483
PROXY,4,1,MATCH_VOL,2011,0.9818162086290894,251,50,0.9883641341546886,0.025724467727068375,0.039602628153055985,0.16980259825478677,0.12458693721643413,0.23004667039043752,0.3134993255395332,0.21652563715593365,0.11880564382564351,110,True,55,0.77914922592048,0.22085077407952003,0.7779010270491041,0.21100888759568592,2.1100888759568597e-05,0.048610962301918414,0.06266030604684998,0.14,0.02,0.017999753732792837,0.17570444268016402,0.36,0.008166910881549763,0.5,0.5,0.54,0.54,0.08,0.06,-0.24698462429379464,0.14589025293245583,0.023751685785981202,0.016590601020892246,2.1811848147593876e-05
PROXY,4,1,VOL,2015_2016,0.7078189749084195,503,100,1.9931553730321698,0.061499144595029,0.07367550680049675,0.16713729155870832,0.1238234876879936,0.4298670744741523,0.58002357110877,0.3652760869106612,0.16836345657105767,74,False,190,0.9044015258407851,0.09559847415921485,0.8491282516328063,3.2183414766809544,0.0003218341476680955,0.03174466176686164,0.04412995417527088,0.12,0.01,0.01431667202295695,0.1756912512738611,0.18,0.015479375955953119,0.46,0.46,0.47,0.47,0.05,0.05,-0.032016886828320636,0.11498965810101598,0.007712371944222834,0.013667291079998374,0.00034217948782147567
PROXY,4,1,MATCH_VOL,2015_2016,0.9152178861391799,503,100,1.9931553730321698,0.07951908483791721,0.09140569950540876,0.1725798309910371,0.12753857463069349,0.5190471471022509,0.7020995772982802,0.5039151043448721,0.15780254283367445,72,False,182,0.9044015258452188,0.09559847415478118,0.9031982776108285,0.06966764952653298,6.966764952653298e-06,0.032583989044609685,0.04147332853247654,0.11,0.01,0.014662000533428645,0.18053524615862024,0.22,0.016277760534644182,0.3,0.3,0.37,0.37,0.06,0.05,-0.03206279597266806,0.12149488091092478,0.01834571197472991,0.015006588686374351,7.531636323651614e-06
PROXY,4,1,VOL,2018Q4,,62,12,0.24914442162902123,-0.41435442723162585,-0.5227353614547133,0.1932947218133029,0.16064956822709034,-2.8253597692531507,-3.381948539658262,-2.7682785376302825,0.14967945660060777,62,True,0,0.6169035737158846,0.38309642628411544,0.5821504964297639,4.582146923955824,0.0004582146923955825,0.04299611856905339,0.04299611856905339,0.25,0.0,0.026811022752536728,0.18652178940512149,0.5833333333333334,0.008422809059824038,0.9166666666666666,0.9166666666666666,0.9166666666666666,0.9166666666666666,0.16666666666666666,0.16666666666666666,-0.3281371711050706,0.1366602507288943,0.012767371082222886,0.015291607835918411,0.00026506076261822997
PROXY,4,1,MATCH_VOL,2018Q4,,62,12,0.24914442162902123,-0.36357395916959245,-0.4375370479795836,0.19941449429558736,0.16027721615482138,-2.3113487116488463,-2.8604529473458222,-2.589392706893176,0.1404089685592026,62,True,0,0.6169035737114152,0.38309642628858476,0.6165500935831302,0.32282165834082965,3.228216583408296e-05,0.03841795707572515,0.03841795707572515,0.25,0.0,0.026871507053718564,0.19087428162626838,0.6666666666666666,0.008335149336849534,0.8333333333333334,0.8333333333333334,0.8333333333333334,0.8333333333333334,0.08333333333333333,0.16666666666666666,-0.3320524265979668,0.14936777248520963,0.022641219856128398,0.01662563909670203,2.028886269500596e-05
PROXY,4,1,VOL,COVID,-0.8436769837163255,92,18,0.3613963039014374,-0.0770868414188161,-0.06163354148969574,0.1887579288927479,0.1483349763818982,-0.3457258394693475,-0.43937033120836433,-0.5336543843579281,0.14445087247163524,91,True,0,0.4827115500632613,0.5172884499367387,0.39528681455775844,4.763040350687563,0.0004763040350687563,0.08224819528161453,0.08224819528161453,0.16666666666666666,0.05555555555555555,0.018851419776254652,0.19011864897696656,0.3333333333333333,0.01188757105721662,1.0,1.0,1.0,1.0,0.1111111111111111,0.1111111111111111,-0.9495863503979444,0.13928936703645028,0.014075015004959723,0.015296275880069718,0.00044417857942684325
PROXY,4,1,MATCH_VOL,COVID,0.7201419064950693,92,18,0.3613963039014374,0.06579943037025521,0.0834407885594005,0.20236893503070288,0.14998895742456356,0.3940070262283912,0.5309963281330073,0.4695479625336417,0.14013356594118087,66,False,66,0.48271155006666905,0.517288449933331,0.4800601055478869,0.5079589368613958,5.079589368613959e-05,0.06718379381240147,0.06718379381240147,0.16666666666666666,0.05555555555555555,0.019839400711986657,0.24137319945689711,0.3888888888888889,0.01596691989618901,0.6111111111111112,0.6111111111111112,0.5555555555555556,0.5555555555555556,0.16666666666666666,0.1111111111111111,-0.9584516239280639,0.16008006227627247,0.04183749027737154,0.019138696097018654,5.4691423267305694e-05
PROXY,4,1,VOL,2022,,250,49,0.9883641341546886,-0.24558855944998345,-0.2645448672847516,0.1794719694743318,0.13799750312966189,-1.5857041259625468,-2.0521655681679687,-0.9311162613896522,0.26375713714144866,249,True,0,0.5540971662867087,0.4459028337132913,0.5450238914157609,4.450785126765376,0.0004450785126765375,0.03804728325343032,0.043723757914856894,0.20408163265306123,0.0,0.02173243859618997,0.1643490389947284,0.3877551020408163,0.0063113862790243865,1.0,1.0,1.0,1.0,0.10204081632653061,0.061224489795918366,0.08377334653794673,0.13966618979447865,0.014865715470782399,0.015587308791311486,0.00033710655560642566
PROXY,4,1,MATCH_VOL,2022,,250,49,0.9883641341546886,-0.191177251226894,-0.19549755943283117,0.17806607462575497,0.13255354245839895,-1.2105129835142403,-1.6177503917141096,-0.9030823372157292,0.21169415384239254,249,True,0,0.5540971662852551,0.44590283371474493,0.5524814539980039,0.3598216933523527,3.598216933523528e-05,0.03058994073359189,0.03935422635457764,0.14285714285714285,0.0,0.02138019199602768,0.16618628082874948,0.40816326530612246,0.006383018477865273,0.7346938775510204,0.7346938775510204,0.6938775510204082,0.6938775510204082,0.04081632653061224,0.061224489795918366,0.0832195499470039,0.14546217477287599,0.02055490648517531,0.016303205848466396,2.9212670391076667e-05
PROXY,4,1,VOL,2023_PLUS,0.7361517122170158,916,183,3.649555099247091,0.23356732942949318,0.22239050321938808,0.15189319386883932,0.10622353761629627,1.154202874993161,1.6280355758989333,1.26996521503524,0.18391632043481754,153,False,153,0.8237946779503842,0.1762053220496158,0.7196707210161837,4.136793343849726,0.0004136793343849727,0.03349339612086877,0.046158997106054846,0.13114754098360656,0.01092896174863388,0.014165029704281655,0.15132944936457046,0.22950819672131148,0.0069419366643297025,0.8633879781420765,0.8633879781420765,0.8579234972677595,0.8579234972677595,0.0546448087431694,0.04371584699453552,-0.003099742031753364,0.13375212172502562,0.013006073532555075,0.01524879011502431,0.0005083638854819772
PROXY,4,1,MATCH_VOL,2023_PLUS,0.8481925918221583,916,183,3.649555099247091,0.269115829286259,0.25336598525282045,0.16734122687917957,0.11286494447723336,1.2326540820883434,1.8050518648771432,1.3348045378005673,0.20161440994926216,79,False,84,0.8237946779434571,0.17620532205654293,0.8235195641412218,0.15944808635383387,1.594480863538339e-05,0.03396203723358682,0.04966068334954694,0.12021857923497267,0.01639344262295082,0.014684538786386767,0.1651521584240107,0.2896174863387978,0.0084934177078966,0.6557377049180327,0.6557377049180327,0.6284153005464481,0.6284153005464481,0.07103825136612021,0.04371584699453552,-0.003169010283133988,0.13873324907331452,0.02053310535585399,0.016164394292367195,2.0154830587038042e-05
PROXY,4,1,VOL,2024_PLUS,0.6863974986056312,666,133,2.652977412731006,0.16975100684542554,0.16917635935730088,0.1530558823031744,0.11130926405020317,0.8119143956619602,1.1028265083503814,0.9229795726888078,0.18391632043481732,153,False,153,0.8173813971741822,0.18261860282581777,0.6957078192382783,4.537751013066117,0.0004537751013066118,0.034866039506191715,0.049563293793971994,0.13533834586466165,0.015037593984962405,0.014547007811144402,0.15411470735284946,0.24812030075187969,0.007627703491849702,0.8421052631578947,0.8421052631578947,0.8421052631578947,0.8421052631578947,0.06766917293233082,0.05263157894736842,-0.09030427568445759,0.1325158140903096,0.012698869856875588,0.015151481777888446,0.0005289031554381873
PROXY,4,1,MATCH_VOL,2024_PLUS,0.8572531800029541,666,133,2.652977412731006,0.21200483790013402,0.2078948428833769,0.17227933205616103,0.11923223891054144,0.9459483232811996,1.3517553910838163,1.0593399035569908,0.200129191006849,79,False,83,0.8173813971710174,0.18261860282898257,0.8170182778463158,0.17023672601883816,1.702367260188382e-05,0.04310892942978428,0.054145430928101285,0.12781954887218044,0.015037593984962405,0.01519407796186768,0.17021248131281763,0.3233082706766917,0.00943153759119595,0.631578947368421,0.631578947368421,0.6240601503759399,0.6240601503759399,0.08270676691729323,0.05263157894736842,-0.09041329281620206,0.13825893481043344,0.02131001325148161,0.016208021996232082,2.055424671715267e-05
PROXY,4,1,VOL,EX_MAJOR_SHOCKS,0.8140664101085635,3987,795,15.838466803559205,0.18877756186373104,0.18419100568133442,0.14820977833004176,0.1056860216479003,1.1317995575688165,1.5796017814995713,1.0264318110400452,0.18391632043481754,153,False,240,0.8767075803063781,0.12329241969362192,0.7747998077257221,3.1820041605572738,0.00031820041605572734,0.03092417997736019,0.042805213034828475,0.11446540880503145,0.00880503144654088,0.013641724760500597,0.15018958458583453,0.2050314465408805,0.008627538220920885,0.6138364779874214,0.6138364779874214,0.6364779874213836,0.6364779874213836,0.04905660377358491,0.04779874213836478,0.015651901936326828,0.12161818621412672,0.009523727068694008,0.01421304720047652,0.00037792642183917535
PROXY,4,1,MATCH_VOL,EX_MAJOR_SHOCKS,0.8841306418181131,3987,795,15.838466803559205,0.20502507517682841,0.19988652616322974,0.1617977227843434,0.11374136867379826,1.1337723746136454,1.6056023934534438,0.9589158049467179,0.21380925636971915,87,False,182,0.8767075803025829,0.12329241969741711,0.8761272443504292,0.15710037293731421,1.5710037293731424e-05,0.033438020948225344,0.04699846334250683,0.11446540880503145,0.016352201257861635,0.014363188113540388,0.1626088485863238,0.26540880503144654,0.00939535222668626,0.47547169811320755,0.47547169811320755,0.4830188679245283,0.4830188679245283,0.05660377358490566,0.04779874213836478,0.015581826005963749,0.12761671866524016,0.018413153022243337,0.01525232017316985,1.891106669515974e-05
PROXY,4,1,CORE_VOL,ALL,0.9477782202904856,5090,1018,20.229979466119097,0.1546758765632918,0.16069871799829646,0.18202128041169183,0.13022509594215734,0.7894367623034945,1.0991202834373317,0.37979123724876707,0.4072655221952305,613,False,613,0.9144012766999807,0.08559872330001927,0.8228896101673154,1.645748322061907,0.00016457483220619066,0.039957965320145505,0.05363995657084372,0.14833005893909626,0.023575638506876228,0.016972190638950786,0.18308898706192023,0.4017681728880157,0.009751133741167293,0.6728880157170923,0.6728880157170923,0.6905697445972495,0.6905697445972495,0.08153241650294696,0.05009823182711198,-0.023196323911842634,0.15037289371523072,0.023505167753373895,0.016985347690938613,0.00018975071500418328
PROXY,4,1,MATCH_CORE_VOL,ALL,0.9296557047864558,5090,1018,20.229979466119097,0.15171831126889354,0.16150662582076067,0.19966537485379182,0.142586483109086,0.7237366844122617,1.0100421597801563,0.31069532957454293,0.48831860934843196,758,False,758,0.9144012766955301,0.08559872330446994,0.913627946185835,0.1275724326794354,1.2757243267943543e-05,0.03927794241990934,0.06004164244097264,0.14931237721021612,0.0343811394891945,0.017796368383016303,0.20131708308630056,0.4017681728880157,0.010680753745176597,0.5962671905697446,0.5962671905697446,0.611984282907662,0.611984282907662,0.0825147347740668,0.05009823182711198,-0.023263120791557998,0.15106827525448013,0.02991435207352069,0.01785053784815307,1.4670156996965389e-05
PROXY,4,1,CORE_VOL,GFC,2.32323132815465,755,150,2.9924709103353866,0.0585880392429729,0.08083757862512735,0.2188695177876044,0.15645186251097698,0.2767082161390218,0.3857786188947819,0.14385710562282258,0.40726552219522794,545,True,46,0.8543580891237733,0.1456419108762267,0.7386325161838511,1.543626116876895,0.0001543626116876895,0.05538320188604051,0.06246116226976124,0.2,0.05333333333333334,0.021767437435594585,0.21925359667129,0.66,0.008367444644696673,0.84,0.84,0.84,0.84,0.14,0.05333333333333334,-0.16427056442020546,0.18431383559814624,0.03759291554371865,0.02021823437331847,0.00016361395163812242
PROXY,4,1,MATCH_CORE_VOL,GFC,1.1497322643381112,755,150,2.9924709103353866,0.028994339997755646,0.05966325591235997,0.2492617612656007,0.17940276337797906,0.1580595114173053,0.21904539984154592,0.06261733271835333,0.46304016378610957,545,True,46,0.8543580891251752,0.1456419108748248,0.8521401310469223,0.17189540894586477,1.718954089458648e-05,0.05842677312229072,0.07315430665420747,0.2,0.07333333333333333,0.0233505765964744,0.24854482760299254,0.66,0.009598531060055595,0.7533333333333333,0.7533333333333333,0.78,0.78,0.15333333333333332,0.05333333333333334,-0.16480337468499012,0.18444030207626738,0.046165117444953135,0.021543287118169132,1.770914572944704e-05
PROXY,4,1,CORE_VOL,2011,0.18566570659619602,251,50,0.9883641341546886,0.004864608503485733,0.021330146845356997,0.18178451358329603,0.1354273207797382,0.11436825253770656,0.1534983942885983,0.03723807443109511,0.1306353397108958,110,True,108,0.8895891100269876,0.1104108899730124,0.8263400571768963,1.8209443227920472,0.00018209443227920472,0.046810646644244835,0.06590382293566228,0.2,0.04,0.01999041959242269,0.18915257946892003,0.5,0.008727658302372612,0.8,0.8,0.82,0.82,0.12,0.06,-0.2469206495071431,0.16922037365621848,0.0270960249159135,0.01818010400818677,0.00018441744359585198
PROXY,4,1,MATCH_CORE_VOL,2011,1.005251092699188,251,50,0.9883641341546886,0.026338482767409375,0.04460476732386477,0.19402303171262084,0.14238603008219147,0.22711051603958515,0.3094413848373213,0.1946313132339168,0.1353250015620795,110,True,55,0.8895891100275803,0.11041088997241966,0.8888726186224493,0.12050010174236021,1.2050010174236021e-05,0.05549757929302335,0.07153764845570458,0.18,0.08,0.02053622812401579,0.2007850217022565,0.52,0.009361245933992478,0.68,0.68,0.72,0.72,0.08,0.06,-0.24697025500613914,0.17095227201661975,0.03412322149852722,0.018940866961045265,1.2463412553676001e-05
PROXY,4,1,CORE_VOL,2015_2016,0.8553759854980261,503,100,1.9931553730321698,0.07431969653266891,0.08751596918961932,0.1777917775694606,0.13141537228962866,0.48195307651740704,0.6518057789351679,0.43470573050803296,0.17096553212172472,74,False,186,0.9521994813935059,0.04780051860649415,0.9245317684890725,1.606247532556242,0.00016062475325562424,0.031744661766861526,0.0445659432653035,0.13,0.01,0.015262804272998602,0.18665295519525532,0.24,0.016617598981678337,0.46,0.46,0.47,0.47,0.05,0.05,-0.032037299691058285,0.12940170184501085,0.01566735291875951,0.015130032156659465,0.00017282644392539737
PROXY,4,1,MATCH_CORE_VOL,2015_2016,0.9578629466603559,503,100,1.9931553730321698,0.08322431857171884,0.09648335084580979,0.181820313328608,0.13428590238902682,0.5205948213219638,0.7046332510719913,0.5022416898616241,0.16570571549854518,72,False,182,0.9521994813904153,0.047800518609584675,0.951563063678818,0.03667554915168616,3.6675549151686158e-06,0.03430943222784244,0.04366663173946752,0.13,0.01,0.015433484585453237,0.1903663851638475,0.27,0.017189499297300806,0.42,0.42,0.42,0.42,0.07,0.05,-0.03206100674125782,0.13010784126368433,0.020856483671413975,0.01579966993692977,3.9785254628693645e-06
PROXY,4,1,CORE_VOL,2018Q4,,62,12,0.24914442162902123,-0.47417648570693854,-0.6174889160337926,0.2565673606547877,0.20874278765240298,-2.4978569790452565,-3.0576366074893935,-2.548909991459436,0.18603108281412406,62,True,0,0.8079633140139736,0.1920366859860264,0.7903734233302582,2.2404040482527505,0.00022404040482527503,0.04846568098776294,0.04846568098776294,0.3333333333333333,0.0,0.0351337799233675,0.24652607616243144,0.8333333333333334,0.010931031984872637,0.9166666666666666,0.9166666666666666,0.9166666666666666,0.9166666666666666,0.25,0.16666666666666666,-0.3288089596442212,0.194787144400036,0.043445858168991415,0.021054410938579737,0.00011634722496223215
PROXY,4,1,MATCH_CORE_VOL,2018Q4,,62,12,0.24914442162902123,-0.45196369852349405,-0.5745121411692886,0.261247353529375,0.20980715834113722,-2.288610595347978,-2.838128218042206,-2.487635098627902,0.1816840817098868,62,True,0,0.807963314007093,0.19203668599290702,0.8077471238624994,0.2119054494494953,2.1190544944949526e-05,0.05033442574225555,0.05033442574225555,0.4166666666666667,0.08333333333333333,0.035161817493742475,0.2503285456563786,1.0,0.010999901564699006,0.8333333333333334,0.8333333333333334,0.8333333333333334,0.8333333333333334,0.25,0.16666666666666666,-0.33026252753892876,0.19662487362589645,0.04936397605126408,0.021721388039127838,1.1468222357702285e-05
PROXY,4,1,CORE_VOL,COVID,0.13533724641141032,92,18,0.3613963039014374,0.012365776302466349,0.05611607350187418,0.297050264857444,0.22300495643786986,0.1764972718847032,0.23490362622109168,0.058522383991190335,0.21129994130669438,77,False,77,0.7411985026935466,0.2588014973064534,0.696947592745142,2.279458367050096,0.00022794583670500957,0.08730744450865591,0.08730744450865591,0.16666666666666666,0.1111111111111111,0.029902569108977387,0.3390859565815778,0.9444444444444444,0.02228463178883437,1.0,1.0,1.0,1.0,0.16666666666666666,0.1111111111111111,-0.9497448332053694,0.2286570879299722,0.08051520931088899,0.027455683509937726,0.0002331443885111046
PROXY,4,1,MATCH_CORE_VOL,COVID,0.9228665510367073,92,18,0.3613963039014374,0.08432239926366952,0.1285195506991908,0.311548669849059,0.23089442497011023,0.40062150098973215,0.5401589997099833,0.40188295719885464,0.20981830095857035,71,False,71,0.7411985026999481,0.25880149730005186,0.73917319108449,0.3918089803225977,3.918089803225977e-05,0.10317081172785314,0.10317081172785314,0.16666666666666666,0.1111111111111111,0.030366389202097395,0.3737319209966719,0.8888888888888888,0.025090006637328834,0.9444444444444444,0.9444444444444444,0.9444444444444444,0.9444444444444444,0.16666666666666666,0.1111111111111111,-0.9526391809242141,0.22660168695019267,0.08766799736631059,0.029377544698286216,4.2918577061137886e-05
PROXY,4,1,CORE_VOL,2022,,250,49,0.9883641341546886,-0.2920355379340897,-0.3128153769465581,0.24945959553614994,0.18774048719390887,-1.3343401530227548,-1.7665252230430846,-0.9303536770656174,0.3138973329531889,249,True,0,0.7769812386779343,0.22301876132206566,0.7719535029079445,2.1966670236891654,0.00021966670236891656,0.04659340895852593,0.057445372092893764,0.32653061224489793,0.04081632653061224,0.03010308395948149,0.2312713961475637,0.8979591836734694,0.008925775010303278,1.0,1.0,1.0,1.0,0.14285714285714285,0.061224489795918366,0.08334150506205913,0.20669956960158148,0.05101550273205681,0.022482404615671883,0.00015611601508308537
PROXY,4,1,MATCH_CORE_VOL,2022,,250,49,0.9883641341546886,-0.267020572647734,-0.2781373579921929,0.2500268342140591,0.1859890933918602,-1.1926253789046992,-1.5973534486919716,-0.9204007689977747,0.2901133741321109,249,True,0,0.7769812386802543,0.22301876131974574,0.7758210318310534,0.2526447802444171,2.5264478024441717e-05,0.04287188343151993,0.055269874943990195,0.3469387755102041,0.02040816326530612,0.029927883633652647,0.23320903970365134,0.8979591836734694,0.009008034493428397,1.0,1.0,1.0,1.0,0.14285714285714285,0.061224489795918366,0.08317726105333013,0.20653498866838296,0.05365723016832591,0.022844098074442785,1.858789756803425e-05
PROXY,4,1,CORE_VOL,2023_PLUS,0.8685645010618611,916,183,3.649555099247091,0.27557945948303925,0.25997751934905206,0.17595397684009945,0.12106065885948634,1.2099276131103096,1.7378487519093486,1.296162718566175,0.2126117774687173,97,False,116,0.9119541361581863,0.08804586384181368,0.8600495948129121,2.0658473183204107,0.00020658473183204107,0.03568437903888333,0.052434765243028335,0.15300546448087432,0.02185792349726776,0.016029153164653958,0.17451327289049032,0.41530054644808745,0.008536151302044461,0.8633879781420765,0.8633879781420765,0.8579234972677595,0.8579234972677595,0.08196721311475409,0.04371584699453552,-0.0031642319618179556,0.15735509110942822,0.02443780998767449,0.017437605099377057,0.0002624866275109383
PROXY,4,1,MATCH_CORE_VOL,2023_PLUS,0.9241041009021224,916,183,3.649555099247091,0.29320114778042156,0.27541643655582715,0.18527820240128995,0.12514669941377046,1.232323574370006,1.8040953054206463,1.321572749610833,0.2218577432583725,87,False,87,0.9119541361550662,0.08804586384493385,0.9117996026353292,0.08818478839413392,8.81847883941339e-06,0.03771380992931306,0.05508092106184164,0.14754098360655737,0.0273224043715847,0.016286712876478676,0.18286887538001917,0.3989071038251366,0.009410450081806682,0.8087431693989071,0.8087431693989071,0.7868852459016393,0.7868852459016393,0.08196721311475409,0.04371584699453552,-0.0031802479304768646,0.1576691038458639,0.02795201627837865,0.017896362459126555,1.135838909677167e-05
PROXY,4,1,CORE_VOL,2024_PLUS,0.8447356966039167,666,133,2.652977412731006,0.20890917479752363,0.2067518979448338,0.18014904891554825,0.12796054776911048,0.8983228264102062,1.2514435784102411,0.9825851478442272,0.2126117774687174,97,False,116,0.9087650876027287,0.09123491239727133,0.8481181077391973,2.265210456950039,0.00022652104569500391,0.041412869266323926,0.05730479840784602,0.16541353383458646,0.03007518796992481,0.01659951216986766,0.17959218302816907,0.42857142857142855,0.00948005081369405,0.8421052631578947,0.8421052631578947,0.8421052631578947,0.8421052631578947,0.09022556390977443,0.05263157894736842,-0.09019733296589182,0.15737737642883928,0.024973545177427923,0.01749264287666647,0.0002728307057067447
PROXY,4,1,MATCH_CORE_VOL,2024_PLUS,0.9291421640610784,666,133,2.652977412731006,0.22978349742286153,0.2260296002043735,0.19158007454129733,0.1327814479543922,0.9453009238717526,1.3503977177835838,1.039120225318023,0.22113273500430253,87,False,87,0.9087650876073123,0.09123491239268766,0.9085608099145317,0.09456471659849244,9.456471659849244e-06,0.04802703641369843,0.0603057566925708,0.15789473684210525,0.03759398496240601,0.016920398307331157,0.1892929061429666,0.42857142857142855,0.010495243254175314,0.7819548872180451,0.7819548872180451,0.7669172932330827,0.7669172932330827,0.09022556390977443,0.05263157894736842,-0.09023672799418524,0.1577688487629288,0.029002503582944254,0.018022228573126887,1.1585106828609915e-05
PROXY,4,1,CORE_VOL,EX_MAJOR_SHOCKS,0.9081560161809781,3987,795,15.838466803559205,0.21059642849489518,0.20504625805228419,0.16500870791861957,0.11686424389059859,1.1429670429736631,1.6067847940272149,0.9905209908979824,0.2126117774687173,97,False,186,0.9383693271683702,0.06163067283162982,0.8873758356961451,1.6181421381918344,0.00016181421381918345,0.034428018521711734,0.04764386482772095,0.12830188679245283,0.01509433962264151,0.015018196179349833,0.16656205618129785,0.30943396226415093,0.009590710125596298,0.6138364779874214,0.6138364779874214,0.6364779874213836,0.6364779874213836,0.06540880503144654,0.04779874213836478,0.015602044087914903,0.1388071110518784,0.01789235469628304,0.01580649639270202,0.00019569802957433713
PROXY,4,1,MATCH_CORE_VOL,EX_MAJOR_SHOCKS,0.9420646940601033,3987,795,15.838466803559205,0.21845966601035813,0.21291660034474164,0.17323412099351634,0.12180107585550734,1.1341368178849747,1.6063280788042753,0.9587729296109496,0.2278533939198769,88,False,182,0.938369327167898,0.061630672832101996,0.9380590041658073,0.11371228262492043,1.1371228262492041e-05,0.03579323511441779,0.050335493668365205,0.12452830188679245,0.021383647798742137,0.015376814281889424,0.17415149296890525,0.31949685534591193,0.010079265953827398,0.5484276729559748,0.5484276729559748,0.5635220125786163,0.5635220125786163,0.06540880503144654,0.04779874213836478,0.015577052362779197,0.13961110828694576,0.022373883626936788,0.01632633648762456,1.3840895910360862e-05
PROXY,4,3,BUYHOLD,ALL,1.0,5090,1018,20.229979466119097,0.1631868893736385,0.1754029977725996,0.21854153701914722,0.15606184652473024,0.7248098417790118,1.0118650679952008,0.31213930116846866,0.5228014824239093,761,False,761,1.0,0.0,1.0000056931978214,0.049493992666640084,1.4848197799992024e-05,0.0429961185690535,0.06569531393308346,0.16208251473477406,0.04027504911591356,0.01946203457812333,0.22045350852502907,0.48526522593320237,0.011730129510218937,0.6738703339882122,0.6738703339882122,0.6905697445972495,0.6905697445972495,0.10019646365422397,0.05009823182711198,-0.0231913575166857,0.16707074170091885,0.03699875041386741,0.019522492037270384,1.7246993310376935e-05
PROXY,4,3,BUYHOLD,GFC,1.0,755,150,2.9924709103353866,0.025218340736438104,0.06774886567588963,0.29250718568184136,0.2104392152153283,0.1623325740926089,0.22514772896466356,0.04823693425564949,0.5228014824239072,545,True,46,1.0,0.0,1.0000000000000002,0.0,0.0,0.06839840732485203,0.08566239517743544,0.22,0.10666666666666667,0.027320628623956403,0.2918204313219182,0.7466666666666667,0.011334271960732173,0.84,0.84,0.84,0.84,0.16666666666666666,0.05333333333333334,-0.1640074330836939,0.21413023719497626,0.06313065835300717,0.02521136617160621,4.0245584642661925e-16
PROXY,4,3,BUYHOLD,2011,1.0,251,50,0.9883641341546886,0.02620089941577715,0.04947803757043888,0.21827885348449516,0.16021662664652125,0.22419922770397416,0.3054206757380795,0.1726588430260248,0.1517495365808046,110,True,55,1.0,0.0,0.9999999999999997,0.0,0.0,0.06238071994209271,0.08041046569158809,0.2,0.08,0.02306798871902574,0.22590706479014647,0.6,0.010565117554216177,0.8,0.8,0.82,0.82,0.12,0.06,-0.2469593782360361,0.19246165225716858,0.04509078370741367,0.02128994688334986,4.2674197509029455e-16
PROXY,4,3,BUYHOLD,2015_2016,1.0,503,100,1.9931553730321698,0.08688541389129377,0.10159890232515388,0.19107510807991784,0.14103405886072146,0.5221520444842599,0.7071890623575112,0.5005900764226848,0.1735659933816388,72,False,182,1.0,0.0,1.0000000000000004,0.0,0.0,0.036034920469832143,0.04585999287210733,0.15,0.01,0.01620459349194069,0.20023138045224673,0.31,0.018107190520700277,0.46,0.46,0.47,0.47,0.08,0.05,-0.03205939425832814,0.1385179746130629,0.023554235102901708,0.016592773233320555,-9.43689570931383e-16
PROXY,4,3,BUYHOLD,2018Q4,1.0,62,12,0.24914442162902123,-0.5289552733768625,-0.7093384933401198,0.3234242070099198,0.25939958578426214,-2.2655142533577592,-2.815371498080094,-2.389026817307683,0.22141035401727693,62,True,0,1.0,0.0,0.9999999999999999,0.0,0.0,0.06225095165657246,0.06225095165657246,0.5,0.08333333333333333,0.04343602434573967,0.3102559086648662,1.0,0.01372011179101486,0.9166666666666666,0.9166666666666666,0.9166666666666666,0.9166666666666666,0.25,0.16666666666666666,-0.3291615339847484,0.2313155100903057,0.07820290360316899,0.02681721404124106,3.3306690738754696e-16
PROXY,4,3,BUYHOLD,COVID,1.0,92,18,0.3613963039014374,0.09137008939043725,0.17534673481457308,0.4214598913057331,0.312258642805467,0.40725081178623607,0.549365912929221,0.331493840036721,0.2756313341458043,72,False,72,1.0,0.0,1.0,0.0,0.0,0.13915245925033393,0.13915245925033395,0.16666666666666666,0.16666666666666666,0.04081988679002714,0.5086831148453145,1.0,0.034666447167825194,1.0,1.0,1.0,1.0,0.16666666666666666,0.1111111111111111,-0.9498550654654443,0.26746562762164755,0.1307734628521604,0.03961509113980573,2.5673907444456745e-15
PROXY,4,3,BUYHOLD,2022,1.0,250,49,0.9883641341546886,-0.33769548373084396,-0.358399875699995,0.322264532664297,0.2393747707089819,-1.1743424948925498,-1.5764662317740443,-0.9315640449314487,0.3625037758468813,249,True,0,1.0,0.0,1.0000000000000002,0.0,0.0,0.05513929116362204,0.0711670099607464,0.40816326530612246,0.061224489795918366,0.03841011298026182,0.30039024884931015,1.0,0.011671602510451965,1.0,1.0,1.0,1.0,0.24489795918367346,0.061224489795918366,0.08315362100362912,0.24746751642864884,0.0901590127400804,0.029377500440032275,0.0
PROXY,4,3,BUYHOLD,2023_PLUS,1.0,916,183,3.649555099247091,0.317281513515841,0.2974341680957948,0.20319996361830917,0.13742477582594004,1.2319837239979095,1.8031233928047348,1.3126298134434142,0.24171438913422072,88,False,88,1.0,0.0,1.0,0.0,0.0,0.041461421315114766,0.060495134199147406,0.15846994535519127,0.03825136612021858,0.017885016826778493,0.20057303281021954,0.546448087431694,0.010328265417498504,0.8633879781420765,0.8633879781420765,0.8579234972677595,0.8579234972677595,0.08743169398907104,0.04371584699453552,-0.0031895014493119006,0.17472460768341455,0.036284950319208,0.019626420083729803,9.43689570931383e-16
PROXY,4,3,BUYHOLD,2024_PLUS,1.0,666,133,2.652977412731006,0.24730714664645823,0.24411819789435207,0.21086024865263117,0.1463251357886608,0.9446460462726611,1.3490291434460309,1.0231378757891503,0.24171438913422028,88,False,88,1.0,0.0,1.0,0.0,0.0,0.0529379846799245,0.06645709367749474,0.17293233082706766,0.05263157894736842,0.018641787416059902,0.2083551423467103,0.5488721804511278,0.011559589010772234,0.8421052631578947,0.8421052631578947,0.8421052631578947,0.8421052631578947,0.09774436090225563,0.05263157894736842,-0.09009341127493796,0.17529411757494295,0.03756677058931581,0.0198338039754445,9.159339953157541e-16
PROXY,4,3,BUYHOLD,EX_MAJOR_SHOCKS,1.0,3987,795,15.838466803559205,0.2318789950484777,0.22594557447127883,0.18467459057468055,0.129862071549456,1.1344255270105588,1.606940261972779,0.9593098527523674,0.24171438913422072,88,False,182,1.0,0.0,1.0000102886099957,0.06318646166872285,1.8955938500616858e-05,0.038147549618496424,0.053671245246876095,0.1371069182389937,0.02389937106918239,0.01638941719510421,0.18570397091837829,0.39245283018867927,0.010766260187918777,0.6150943396226415,0.6150943396226415,0.6364779874213836,0.6364779874213836,0.0779874213836478,0.04779874213836478,0.015573789396509342,0.15106384523579777,0.026730854623657162,0.017399945584927523,2.3330021686446267e-05
PROXY,4,3,VOL,ALL,0.8788925696959846,5090,1018,20.229979466119097,0.1434237445422915,0.1458687010438784,0.15206039574846858,0.10914722136531214,0.8474394006438052,1.1749224445206687,0.5172643488811434,0.27727359299460885,538,False,538,0.8288591851057474,0.1711408148942526,0.6472370463566116,3.2505341339131757,0.0009751602401739528,0.032148712821084335,0.04488872133489221,0.1237721021611002,0.011787819253438114,0.014473962770820354,0.15289663714746987,0.2357563850687623,0.008247245125038846,0.6709233791748527,0.6709233791748527,0.6905697445972495,0.6905697445972495,0.054027504911591355,0.05009823182711198,-0.02317722385045793,0.12493743591437403,0.010033767787793062,0.01444820334460684,0.001113854143295151
PROXY,4,3,MATCH_VOL,ALL,0.8577784823917731,5090,1018,20.229979466119097,0.1399782023131538,0.14764149172531002,0.18083820064384593,0.12913831888992996,0.7224169101970987,1.007870300972959,0.30975936842694274,0.45189336168913286,756,False,756,0.8288591851022434,0.17114081489775657,0.8274678256013932,0.1901616440504126,5.704849321512378e-05,0.03556269486611685,0.05439276733288738,0.13261296660117877,0.0275049115913556,0.016130094653749177,0.18224908738100468,0.33398821218074654,0.009641643974688462,0.4931237721021611,0.4931237721021611,0.5009823182711198,0.5009823182711198,0.07170923379174853,0.05009823182711198,-0.023347922430978833,0.13371298192704295,0.023449543410152162,0.0161797651388812,6.493619243114201e-05
PROXY,4,3,VOL,GFC,3.4463104609013557,755,150,2.9924709103353866,0.08691023148656143,0.09553677723146359,0.15674462854644336,0.11096716314253594,0.48002556881403735,0.674147177702875,0.3134457578448545,0.2772735929946105,538,False,538,0.7091769794449491,0.29082302055505094,0.48185601043567583,3.054218930860215,0.0009162656792580644,0.03901171562174843,0.04993278576612557,0.14666666666666667,0.02666666666666667,0.016192413006480333,0.1581863254502673,0.34,0.005922662369671893,0.8266666666666667,0.8266666666666667,0.84,0.84,0.06,0.05333333333333334,-0.16463704798504616,0.13578417394292425,0.010576413691899052,0.015225102575030736,0.0009975576005866044
PROXY,4,3,MATCH_VOL,GFC,1.2365693394875437,755,150,2.9924709103353866,0.031184226947429082,0.05199211237610513,0.2063878525466958,0.14857903613050344,0.1537273134565254,0.21287892640227193,0.07843404778469254,0.3975853322403068,545,True,43,0.709176979451873,0.29082302054812703,0.7055300231220406,0.2847327668296486,8.541983004889457e-05,0.04848493478183369,0.060681264272643545,0.16666666666666666,0.04,0.019381967234915153,0.2056988729913339,0.4266666666666667,0.007903083408357948,0.5733333333333334,0.5733333333333334,0.58,0.58,0.12,0.05333333333333334,-0.1659290230217433,0.15000144790290218,0.030760849585299142,0.017885006276507617,8.819230468720685e-05
PROXY,4,3,VOL,2011,-0.7345391503819014,251,50,0.9883641341546886,-0.019245586396106604,-0.008099783862824042,0.14959182658057715,0.11353925481674915,-0.05775036772884313,-0.07607588705645553,-0.15817456970508167,0.121673075716218,218,True,13,0.7791492259224789,0.22085077407752107,0.653404481476521,3.7017740116381637,0.0011105322034914492,0.033589107229810566,0.052330877405791544,0.18,0.02,0.016907049973990607,0.15643995739822872,0.34,0.007079217525740733,0.8,0.8,0.82,0.82,0.06,0.06,-0.2466265161537628,0.1346275580440379,0.010371115751166964,0.015070261133023677,0.0010982496419435009
PROXY,4,3,MATCH_VOL,2011,0.9801512906882524,251,50,0.9883641341546886,0.02568084537956705,0.0395603270042264,0.16980201081185156,0.12458818158112872,0.229798350551276,0.31315671300657055,0.21614635695139056,0.11881229802703752,110,True,55,0.77914922592048,0.22085077407952003,0.7778983342751714,0.21100884899278913,6.330265469783673e-05,0.04861097938065617,0.06266098935979199,0.14,0.02,0.01800004022568585,0.17570444268016402,0.36,0.008166910881549763,0.5,0.5,0.54,0.54,0.08,0.06,-0.24697916238957823,0.14589025293245583,0.023751685785981202,0.016590601020892246,6.543419564892031e-05
PROXY,4,3,VOL,2015_2016,0.6999462008898804,503,100,1.9931553730321698,0.060815115365955914,0.07303179451333976,0.1671377611183112,0.12383775339564888,0.4260144905181068,0.5747606112458774,0.3611810620404935,0.16837847206711432,74,False,190,0.9044015258407851,0.09559847415921485,0.8491254050311362,3.2182568972073713,0.0009654770691622111,0.03174466176686164,0.0441394711598246,0.12,0.01,0.014321573539972477,0.1756912512738611,0.18,0.015479375955953114,0.46,0.46,0.47,0.47,0.05,0.05,-0.03196855503308767,0.115054523847466,0.007744716780884517,0.013667291079998374,0.0010262087168945583
PROXY,4,3,MATCH_VOL,2015_2016,0.9150445142944824,503,100,1.9931553730321698,0.07950402135343398,0.0913918012731809,0.17258003976280134,0.1275392130344894,0.5189659874483978,0.7019871312477554,0.5038165077412381,0.1578035259501015,72,False,182,0.904401525845219,0.09559847415478095,0.9031993696805399,0.06966877152125386,2.090063145637616e-05,0.03258410223681729,0.041473452510999834,0.11,0.01,0.0146621166965838,0.18053524615862027,0.22,0.016277760534644185,0.3,0.3,0.37,0.37,0.06,0.05,-0.032062498436403936,0.12149802358848605,0.01834571197472991,0.015006588686374351,2.2595120806878644e-05
PROXY,4,3,VOL,2018Q4,,62,12,0.24914442162902123,-0.4148842412228211,-0.5236454371274231,0.1933177175771309,0.16069819111516925,-2.829729749672443,-3.386559914985059,-2.768272375904894,0.14987117771863168,62,True,0,0.6169035737158847,0.38309642628411533,0.5822222075490436,4.582377551980148,0.0013747132655940442,0.04299611856905339,0.04299611856905339,0.25,0.0,0.026823405966302106,0.18652178940512149,0.5833333333333334,0.008422809059824038,0.9166666666666666,0.9166666666666666,0.9166666666666666,0.9166666666666666,0.16666666666666666,0.16666666666666666,-0.32824484311495455,0.13682109359163883,0.012767371082222886,0.015291607835918411,0.0007948747538134571
PROXY,4,3,MATCH_VOL,2018Q4,,62,12,0.24914442162902123,-0.36361453069605937,-0.43760080730632167,0.19941789969680532,0.16028254203412542,-2.3116287855535655,-2.8607538333392655,-2.589429870771914,0.14042262152002793,62,True,0,0.6169035737114152,0.38309642628858476,0.6165605962103082,0.32279878151042557,9.683963445312766e-05,0.03841879104391488,0.03841879104391488,0.25,0.0,0.026872461734565912,0.1908742816262684,0.6666666666666666,0.008335149336849534,0.8333333333333334,0.8333333333333334,0.8333333333333334,0.8333333333333334,0.08333333333333333,0.16666666666666666,-0.3320462209915574,0.14938797450541166,0.022641219856128398,0.01662563909670203,6.0860389161920825e-05
PROXY,4,3,VOL,COVID,-0.8533930089695682,92,18,0.3613963039014374,-0.07797459551472366,-0.06258018753192594,0.18878818227777236,0.14838658462497292,-0.3506814218427045,-0.44558485635711215,-0.5393016787606626,0.14458437380338307,91,True,0,0.4827115500632613,0.5172884499367387,0.3953639338953903,4.763078278215197,0.0014289234834645589,0.08225904632231329,0.08225904632231329,0.16666666666666666,0.05555555555555555,0.018861813908489376,0.19011864897696656,0.3333333333333333,0.011887571057216618,1.0,1.0,1.0,1.0,0.1111111111111111,0.1111111111111111,-0.9493734744474625,0.1393759257172449,0.014099472656536022,0.015296275880069718,0.0013319326753344074
PROXY,4,3,MATCH_VOL,COVID,0.7189448415321242,92,18,0.3613963039014374,0.06569005443758394,0.08333945582459498,0.20237028128316617,0.14999363460359325,0.3935039151441753,0.5303053123442817,0.4687216167979742,0.1401472688337677,66,False,66,0.48271155006666905,0.517288449933331,0.4800632893818596,0.5079626296253827,0.0001523887888876148,0.06718695513885509,0.06718695513885509,0.16666666666666666,0.05555555555555555,0.019840032298338337,0.24137319945689711,0.3888888888888889,0.01596691989618901,0.6111111111111112,0.6111111111111112,0.5555555555555556,0.5555555555555556,0.16666666666666666,0.1111111111111111,-0.9584267326073724,0.16008006227627247,0.04184989107102234,0.019138696097018654,0.00016406735593857413
PROXY,4,3,VOL,2022,,250,49,0.9883641341546886,-0.24626232680298327,-0.2654346206873279,0.17946859250582758,0.13802266245422765,-1.5906904605071193,-2.0582037327013007,-0.9321030233979011,0.2642007595954954,249,True,0,0.5540971662867086,0.4459028337132914,0.5450198387553766,4.450753628789404,0.0013352260886368213,0.03805363963907826,0.043735416615389044,0.20408163265306123,0.0,0.021737116317291555,0.1643490389947284,0.3877551020408163,0.0063113862790243865,1.0,1.0,1.0,1.0,0.10204081632653061,0.061224489795918366,0.0837341926282228,0.13981908183372665,0.01488994068084474,0.015587308791311486,0.0010108739086062413
PROXY,4,3,MATCH_VOL,2022,,250,49,0.9883641341546886,-0.19123567063540758,-0.19556956009167542,0.17806550357772877,0.1325553108671616,-1.2109211977855234,-1.6182691428161695,-0.9031617419922899,0.2117402251932856,249,True,0,0.5540971662852551,0.44590283371474493,0.5524797256630564,0.3598099589008033,0.00010794298767024097,0.030592305758771476,0.039355706009244124,0.14285714285714285,0.0,0.021380509402675805,0.16618628082874948,0.40816326530612246,0.0063830184778652715,0.7346938775510204,0.7346938775510204,0.6938775510204082,0.6938775510204082,0.04081632653061224,0.061224489795918366,0.08322057726923499,0.14547439016437463,0.020563009097878338,0.016303205848466396,8.763207890466473e-05
PROXY,4,3,VOL,2023_PLUS,0.7329492019461866,916,183,3.649555099247091,0.2325512321237139,0.22156309937157964,0.1518971708187093,0.10625307256677781,1.148724896550511,1.619903069703444,1.2626232501787769,0.18418101527180541,153,False,153,0.8237946779503841,0.17620532204961592,0.719676961080079,4.136719933443816,0.001241015980033145,0.03349628360632939,0.04617734222477287,0.13114754098360656,0.01092896174863388,0.014171651994589531,0.15132944936457046,0.22950819672131148,0.0069419366643297025,0.8633879781420765,0.8633879781420765,0.8579234972677595,0.8579234972677595,0.0546448087431694,0.04371584699453552,-0.0030875790862304408,0.1338715775639157,0.013014933829516467,0.01524879011502431,0.0015244611912612616
PROXY,4,3,MATCH_VOL,2023_PLUS,0.848065541565116,916,183,3.649555099247091,0.2690755185884114,0.25333402530243054,0.16734096417090943,0.11286602757433326,1.2324650150512375,1.8047549342956648,1.3345754367011113,0.20161881538411153,79,False,84,0.823794677943457,0.17620532205654305,0.8235182730181908,0.1594532620447529,4.7835978613425855e-05,0.03396247290795684,0.049661621015993675,0.12021857923497267,0.01639344262295082,0.014684802953166792,0.16515215842401068,0.2896174863387978,0.0084934177078966,0.6557377049180327,0.6557377049180327,0.6284153005464481,0.6284153005464481,0.07103825136612021,0.04371584699453552,-0.0031669771188821325,0.13874183785240338,0.02053502633664265,0.016164394292367195,6.0465528434638927e-05
PROXY,4,3,VOL,2024_PLUS,0.6821230838013383,666,133,2.652977412731006,0.1686939135165919,0.16826867069744156,0.15305838501195063,0.11133979193435106,0.8059705063681388,1.094471337048871,0.9159136910372723,0.18418101527180586,153,False,153,0.8173813971741822,0.18261860282581777,0.6957049530675433,4.5376837865573725,0.0013613051359672114,0.034866039506191715,0.04958418244664946,0.13533834586466165,0.015037593984962405,0.014554290791003064,0.15411470735284946,0.24812030075187969,0.007627703491849703,0.8421052631578947,0.8421052631578947,0.8421052631578947,0.8421052631578947,0.06766917293233082,0.05263157894736842,-0.09026908966088665,0.13265042797157944,0.012705345899787206,0.015151481777888446,0.0015859964842718233
PROXY,4,3,MATCH_VOL,2024_PLUS,0.8570869540233067,666,133,2.652977412731006,0.21196372902740812,0.20786069297796395,0.17227885273746046,0.11923331116542524,0.94575274975186,1.3514600427327488,1.0591104799407267,0.20013372829553222,79,False,83,0.8173813971710177,0.18261860282898235,0.8170160038682607,0.17024055451539566,5.1072166354618694e-05,0.04310942616465152,0.0541465217425747,0.12781954887218044,0.015037593984962405,0.015194352609894678,0.17021248131281763,0.3233082706766917,0.009431537591195952,0.631578947368421,0.631578947368421,0.6240601503759399,0.6240601503759399,0.08270676691729323,0.05263157894736842,-0.09040921394175089,0.13826797011130038,0.021311319051584503,0.016208021996232082,6.166311944305614e-05
PROXY,4,3,VOL,EX_MAJOR_SHOCKS,0.8108628890659193,3987,795,15.838466803559205,0.1880220718387106,0.18355464297714202,0.1482127359339829,0.10570885245497479,1.1274833905463493,1.5732699951008404,1.0208547909307415,0.18418101527180541,153,False,240,0.8767075803063781,0.12329241969362192,0.7748062184601655,3.1819335677409364,0.0009545800703222808,0.03092417997736019,0.04282233801095746,0.11446540880503145,0.00880503144654088,0.013646753793783002,0.1501895845858345,0.2050314465408805,0.008627538220920885,0.6138364779874214,0.6138364779874214,0.6364779874213836,0.6364779874213836,0.04905660377358491,0.04779874213836478,0.015662217389537915,0.12168079376199634,0.009538093623757586,0.01421304720047652,0.001133416446859603
PROXY,4,3,MATCH_VOL,EX_MAJOR_SHOCKS,0.8840268363956792,3987,795,15.838466803559205,0.20498725441931512,0.19985525854652783,0.16179877808683896,0.11374358166177347,1.1335717066318076,1.6052975302437043,0.9587243974423989,0.2138124939410765,87,False,182,0.8767075803025829,0.12329241969741711,0.8761328971840858,0.15709413776509315,4.712824132952795e-05,0.03343821607360742,0.04699887706446696,0.11446540880503145,0.016352201257861635,0.014363550501366232,0.1626088485863238,0.26540880503144654,0.00939535222668626,0.47547169811320755,0.47547169811320755,0.4830188679245283,0.4830188679245283,0.05660377358490566,0.04779874213836478,0.015582724273109185,0.12762046679135355,0.018413876477480867,0.01525232017316985,5.6731824208455794e-05
PROXY,4,3,CORE_VOL,ALL,0.9455200125755002,5090,1018,20.229979466119097,0.15429646969271946,0.16036977031795382,0.1820232542360595,0.13023766833032716,0.787621195274096,1.0964986385299225,0.37862091381723667,0.4075223107384913,613,False,613,0.9144012766999807,0.08559872330001927,0.8228974269638426,1.6457269483854375,0.0004937180845156312,0.039964617228806065,0.053646650779328446,0.14833005893909626,0.023575638506876228,0.01697484740880544,0.18308898706192023,0.4017681728880157,0.009751133741167293,0.6728880157170923,0.6728880157170923,0.6905697445972495,0.6905697445972495,0.08153241650294696,0.05009823182711198,-0.023188690954518178,0.150431374446876,0.023515904197728244,0.016985347690938613,0.0005691575855765185
PROXY,4,3,MATCH_CORE_VOL,ALL,0.9295414168068269,5090,1018,20.229979466119097,0.15168897235267087,0.16148124777241066,0.19966610250961633,0.14258808152518102,0.7236069477245888,1.0098534695183898,0.31062623199530714,0.4883327830309018,758,False,758,0.9144012766955301,0.08559872330446994,0.913631238308388,0.12756584366465623,3.826975309939687e-05,0.03927811632368605,0.06004210438102764,0.14931237721021612,0.0343811394891945,0.01779666089599756,0.20131708308630056,0.4017681728880157,0.010680753745176597,0.5962671905697446,0.5962671905697446,0.611984282907662,0.611984282907662,0.0825147347740668,0.05009823182711198,-0.023262125757022408,0.1510732656875226,0.029915144408867205,0.01785053784815307,4.400907321963632e-05
PROXY,4,3,CORE_VOL,GFC,2.3102585664017528,755,150,2.9924709103353866,0.05826088771679441,0.0805291994669349,0.21887129548470746,0.15646285809204544,0.27529748217062694,0.3837879337707556,0.14296367629840234,0.40752231073849,545,True,48,0.8543580891237733,0.1456419108762267,0.738638585905641,1.543615922112537,0.00046308477663376104,0.05538517154589695,0.06246738078975506,0.2,0.05333333333333334,0.02177011224554894,0.21925359667129002,0.66,0.008367444644696671,0.84,0.84,0.84,0.84,0.14,0.05333333333333334,-0.1642682505173392,0.18435344024492523,0.03760085849161122,0.02021823437331847,0.0004907654778166098
PROXY,4,3,MATCH_CORE_VOL,GFC,1.1483278388669453,755,150,2.9924709103353866,0.02895892271768422,0.05962885778021439,0.24926166053956483,0.17940390098556552,0.15792160674556477,0.2188528080526847,0.06253766177420698,0.4630637266586777,545,True,46,0.8543580891251752,0.1456419108748248,0.8521397875765871,0.17189498577987458,5.1568495733962376e-05,0.05842890487363639,0.07315538062918646,0.2,0.07333333333333333,0.023350857361428248,0.2485448276029926,0.66,0.009598531060055596,0.7533333333333333,0.7533333333333333,0.78,0.78,0.15333333333333332,0.05333333333333334,-0.16480078380028823,0.18445812142033588,0.0461725980312501,0.021543287118169132,5.312642580087429e-05
PROXY,4,3,CORE_VOL,2011,0.1715920286780348,251,50,0.9883641341546886,0.0044958654839423375,0.02096536116536034,0.18178123459577114,0.1354362630113797,0.11236362327719732,0.1507952211667704,0.03440384299277497,0.13067916525739576,110,True,108,0.8895891100269877,0.1104108899730123,0.8263244687660505,1.820961586413659,0.0005462884759240977,0.04681976426713941,0.06591341844758458,0.2,0.04,0.019992395695289423,0.18915257946892003,0.5,0.008727658302372612,0.8,0.8,0.82,0.82,0.12,0.06,-0.24682210117054063,0.16928148902588946,0.027113333764453778,0.01818010400818677,0.000553160463139247
PROXY,4,3,MATCH_CORE_VOL,2011,1.004299738116103,251,50,0.9883641341546886,0.026313556421671346,0.044580602118883386,0.19402269065823347,0.14238673768148916,0.22698636897461047,0.30927015206660613,0.19444173043548926,0.1353287504834334,110,True,55,0.8895891100275803,0.11041088997241966,0.888871055770436,0.12049996253516779,3.614998876055033e-05,0.055497588969219636,0.07153803540176476,0.18,0.08,0.020536391404760216,0.2007850217022565,0.52,0.009361245933992478,0.68,0.68,0.72,0.72,0.08,0.06,-0.2469675114473746,0.17095227201661975,0.03412322149852722,0.018940866961045265,3.738975829170599e-05
PROXY,4,3,CORE_VOL,2015_2016,0.8513986762208917,503,100,1.9931553730321698,0.07397412636995179,0.08719463906271581,0.17779170540334058,0.13142301950945437,0.4801459346283406,0.6493236922957825,0.4326655031733792,0.1709730168626562,74,False,186,0.9521994813935059,0.04780051860649415,0.924530099955998,1.606227677400566,0.00048186830322016977,0.031744661766861526,0.044570693013884236,0.13,0.01,0.015265242229771117,0.18665295519525535,0.24,0.01661759898167834,0.46,0.46,0.47,0.47,0.05,0.05,-0.032006669855240304,0.12944857699193935,0.01568220170653929,0.015130032156659465,0.0005183966066425183
PROXY,4,3,MATCH_CORE_VOL,2015_2016,0.9577713638778746,503,100,1.9931553730321698,0.08321636136375807,0.09647603532769145,0.18182042253785788,0.13428623784605725,0.5205542739386022,0.7045770330584965,0.5021921135434265,0.16570622898991827,72,False,182,0.9521994813904153,0.047800518609584675,0.9515636350870206,0.03667616159823376,1.1002848479470127e-05,0.03430949172764797,0.043666696773568894,0.13,0.01,0.015433545667681776,0.1903663851638475,0.27,0.017189499297300806,0.42,0.42,0.42,0.42,0.07,0.05,-0.032060858867737324,0.13010784126368433,0.020856483671413975,0.01579966993692977,1.1935733423645845e-05
PROXY,4,3,CORE_VOL,2018Q4,,62,12,0.24914442162902123,-0.4744091298981289,-0.6179329897713175,0.25657858082171114,0.20876658988804037,-2.4994779585426508,-3.0594065700440494,-2.548930980186774,0.18612082225285143,62,True,0,0.8079633140139736,0.1920366859860264,0.7904078661144803,2.240560067564526,0.0006721680202693575,0.0484704845089019,0.0484704845089019,0.3333333333333333,0.0,0.035139813045614504,0.24652607616243144,0.8333333333333334,0.010931031984872634,0.9166666666666666,0.9166666666666666,0.9166666666666666,0.9166666666666666,0.25,0.16666666666666666,-0.32884711813916895,0.19488781845008327,0.043445858168991415,0.021054410938579737,0.00034899141615257756
PROXY,4,3,MATCH_CORE_VOL,2018Q4,,62,12,0.24914442162902123,-0.4519866310588539,-0.5745538271740106,0.26124957995558773,0.2098106423562963,-2.288750585313745,-2.838279060827981,-2.4876445071302733,0.1816926131379849,62,True,0,0.807963314007093,0.19203668599290702,0.8077539986469338,0.21188567947973025,6.356570384391907e-05,0.05033496563213513,0.05033496563213513,0.4166666666666667,0.08333333333333333,0.03516244037341357,0.2503285456563786,1.0,0.010999901564699007,0.8333333333333334,0.8333333333333334,0.8333333333333334,0.8333333333333334,0.25,0.16666666666666666,-0.33025949097449575,0.19662487362589645,0.04936397605126408,0.021721388039127838,3.440075771754536e-05
PROXY,4,3,CORE_VOL,COVID,0.13023543816552813,92,18,0.3613963039014374,0.011899623626987068,0.055664875551945533,0.29706608599857864,0.22303096400740308,0.17496957089086432,0.23285565192633595,0.05630112472121957,0.2113567657113281,77,False,77,0.7411985026935466,0.2588014973064534,0.6969849261799015,2.27951587484616,0.0006838547624538477,0.0873149042960848,0.0873149042960848,0.16666666666666666,0.1111111111111111,0.029907529135575033,0.3390859565815778,0.9444444444444444,0.022284631788834365,1.0,1.0,1.0,1.0,0.16666666666666666,0.1111111111111111,-0.9496196460724816,0.22875581814182044,0.0805276629211906,0.027455683509937726,0.0006992970639903857
PROXY,4,3,MATCH_CORE_VOL,COVID,0.9219271484056814,92,18,0.3613963039014374,0.08423656596129801,0.1284414978490712,0.31154965871501406,0.23089799189987956,0.40036977580589206,0.5398129810936565,0.4014548505121446,0.20982824308595505,71,False,71,0.7411985026999481,0.25880149730005186,0.7391755336561354,0.39181218083881536,0.00011754365425164458,0.10317318566581557,0.10317318566581557,0.16666666666666666,0.1111111111111111,0.03036686860239683,0.3737319209966719,0.8888888888888888,0.02509000663732883,0.9444444444444444,0.9444444444444444,0.9444444444444444,0.9444444444444444,0.16666666666666666,0.1111111111111111,-0.9526269431408946,0.22661396984993962,0.08766799736631059,0.029377544698286216,0.0001287518794326481
PROXY,4,3,CORE_VOL,2022,,250,49,0.9883641341546886,-0.2923476694790577,-0.31325435752924197,0.2494585305112942,0.1877535349646113,-1.3361053482621628,-1.76873149175587,-0.9307488706649867,0.3140994082218824,249,True,0,0.7769812386779342,0.22301876132206577,0.7719513886633228,2.1966658330794235,0.0006589997499238271,0.04659683044193497,0.05745117763261249,0.32653061224489793,0.04081632653061224,0.030105396909226492,0.2312713961475637,0.8979591836734694,0.008925775010303278,1.0,1.0,1.0,1.0,0.14285714285714285,0.061224489795918366,0.08333359715418609,0.20676006428453458,0.05103167633528646,0.022482404615671883,0.0004682475600510938
PROXY,4,3,MATCH_CORE_VOL,2022,,250,49,0.9883641341546886,-0.2670577444482268,-0.2781879202157504,0.25002643080835557,0.18599033512761218,-1.1928295233218764,-1.5976136223107884,-0.9204364043940405,0.2901425271461763,249,True,0,0.7769812386802544,0.22301876131974563,0.7758197944672014,0.2526329042301641,7.578987126904923e-05,0.042873536477460394,0.05527090324020066,0.3469387755102041,0.02040816326530612,0.02992810430018546,0.23320903970365134,0.8979591836734694,0.009008034493428397,1.0,1.0,1.0,1.0,0.14285714285714285,0.061224489795918366,0.0831777909766327,0.2065431074163052,0.05365723016832591,0.022844098074442785,5.575969806081993e-05
PROXY,4,3,CORE_VOL,2023_PLUS,0.8669104163041511,916,183,3.649555099247091,0.2750546489676289,0.259564192533771,0.17595512333352645,0.1210756453598664,1.207570567369531,1.7342608527930161,1.2933976899373238,0.21266053829194453,97,False,116,0.9119541361581863,0.08804586384181368,0.8600522848260045,2.0658286596375803,0.0006197485978912741,0.03569844688438095,0.05244426735704196,0.15300546448087432,0.02185792349726776,0.01603245570501942,0.17451327289049032,0.41530054644808745,0.008536151302044461,0.8633879781420765,0.8633879781420765,0.8579234972677595,0.8579234972677595,0.08196721311475409,0.04371584699453552,-0.003154844602233459,0.15744064829986268,0.02445122090819826,0.017437605099377057,0.000787297142921306
PROXY,4,3,MATCH_CORE_VOL,2023_PLUS,0.9240324998397619,916,183,3.649555099247091,0.29317843008698574,0.2753987563913355,0.1852780515526771,0.12514729748622194,1.2322291464874773,1.8039470133293025,1.3214561519711925,0.22186012729189442,87,False,87,0.9119541361550662,0.08804586384493385,0.9117988606762542,0.08818790391591612,2.645637117477483e-05,0.03771405035881925,0.05508143515100064,0.14754098360655737,0.0273224043715847,0.01628685859338231,0.18286887538001917,0.3989071038251366,0.009410450081806682,0.8087431693989071,0.8087431693989071,0.7868852459016393,0.7868852459016393,0.08196721311475409,0.04371584699453552,-0.003179229320905398,0.15767312261522756,0.027952925661116935,0.017896362459126555,3.407608253258587e-05
PROXY,4,3,CORE_VOL,2024_PLUS,0.842530019806436,666,133,2.652977412731006,0.20836369516231362,0.2062986031210255,0.18014927297411118,0.1279761446964556,0.8958055667367121,1.2477866253757588,0.9797948262327263,0.2126605382919443,97,False,116,0.9087650876027289,0.0912349123972711,0.8481159952844302,2.2651988730096764,0.000679559661902903,0.04142753439187885,0.05731515902734689,0.16541353383458646,0.03007518796992481,0.016603137688372297,0.17959218302816904,0.42857142857142855,0.00948005081369405,0.8421052631578947,0.8421052631578947,0.8421052631578947,0.8421052631578947,0.09022556390977443,0.05263157894736842,-0.09017643159101996,0.15747508960163814,0.024986292915214845,0.01749264287666647,0.0008183103409167558
PROXY,4,3,MATCH_CORE_VOL,2024_PLUS,0.9290484718893514,666,133,2.652977412731006,0.22976032667920773,0.22601062354768492,0.19157980067568597,0.1327820422764328,0.9452032309970616,1.3502502034761226,1.0390038678898437,0.22113519860694797,87,False,87,0.9087650876073123,0.09123491239268766,0.9085595108839181,0.09456701687514313,2.8370105062542936e-05,0.048027310537266166,0.06030635610703059,0.15789473684210525,0.03759398496240601,0.016920550398064834,0.18929290614296662,0.42857142857142855,0.010495243254175316,0.7819548872180451,0.7819548872180451,0.7669172932330827,0.7669172932330827,0.09022556390977443,0.05263157894736842,-0.09023468975606842,0.15777009566126918,0.029002503582944254,0.018022228573126887,3.475585048240415e-05
PROXY,4,3,CORE_VOL,EX_MAJOR_SHOCKS,0.9065294142044495,3987,795,15.838466803559205,0.21020512954761295,0.20472269182563121,0.16501038704963156,0.11687688237555571,1.1409945022318464,1.6038549853535786,0.9884538581344097,0.21266053829194453,97,False,186,0.9383693271683702,0.06163067283162982,0.8873823639135365,1.618115580436745,0.00048543467413102344,0.034436588403366164,0.04765135291457797,0.12830188679245283,0.01509433962264151,0.01502082161978775,0.16656205618129785,0.30943396226415093,0.009590710125596298,0.6138364779874214,0.6138364779874214,0.6364779874213836,0.6364779874213836,0.06540880503144654,0.04779874213836478,0.015609357842397711,0.1388683037265277,0.017903325245497075,0.01580649639270202,0.0005869969768565741
PROXY,4,3,MATCH_CORE_VOL,EX_MAJOR_SHOCKS,0.94200850729442,3987,795,15.838466803559205,0.21843198599854668,0.21289404673095194,0.17323528493158727,0.12180307318341776,1.133998984816631,1.6061173776590079,0.9586442713983789,0.22785509966060602,88,False,182,0.9383693271678981,0.061630672832101885,0.9380652400080313,0.11370312722473962,3.411093816742187e-05,0.03579333933037565,0.050335713993614827,0.12452830188679245,0.021383647798742137,0.015377122019059995,0.17415149296890525,0.31949685534591193,0.010079265953827398,0.5484276729559748,0.5484276729559748,0.5635220125786163,0.5635220125786163,0.06540880503144654,0.04779874213836478,0.015577955955597219,0.139615262646713,0.02237523877482109,0.01632633648762456,4.1520907721803724e-05
ZERO,0,0,BUYHOLD,ALL,1.0,5085,1017,20.216290212183434,0.16355377568402613,0.17577608316930807,0.21858988074875285,0.15608325833975395,0.8041364154974083,1.1261687194323418,0.31284107100409975,0.5228014824239071,761,False,761,1.0,0.0,1.0000000000000002,0.049557522123893805,0.0,0.044170306453956476,0.0673669467465383,0.168141592920354,0.032448377581120944,0.01934459635763229,0.22052746778901208,0.47099311701081614,0.011567848016397573,0.6764995083579154,0.6764995083579154,0.6853490658800393,0.6853490658800393,0.09734513274336283,0.05309734513274336,-0.12577978111667723,0.16621684466447012,0.03634826480730003,0.01939637242741534,0.0
ZERO,0,0,BUYHOLD,GFC,1.0,755,151,2.9924709103353866,0.025218340736438468,0.06774886567589,0.2925071856818414,0.21043921521532827,0.2316143636538902,0.32194030759222875,0.048236934255650135,0.5228014824239078,545,True,46,1.0,0.0,1.0000000000000002,0.0,0.0,0.058124506762131656,0.0890108537839654,0.2251655629139073,0.0728476821192053,0.026079487010715403,0.2913983919267302,0.7152317880794702,0.011865703518121962,0.8344370860927153,0.8344370860927153,0.8410596026490066,0.8410596026490066,0.12582781456953643,0.059602649006622516,-0.1696329065262465,0.21403756485282932,0.06272102409480772,0.02510639847998463,0.0
ZERO,0,0,BUYHOLD,2011,1.0,251,49,0.9883641341546886,0.02620089941577715,0.04947803757043888,0.2182788534844953,0.16021662664652134,0.22667352691566792,0.30881961882520487,0.1726588430260247,0.1517495365808047,110,True,55,1.0,0.0,1.0000000000000002,0.0,0.0,0.04895348877415595,0.07001148828641822,0.22448979591836735,0.04081632653061224,0.023297595086573242,0.22768262162933053,0.6122448979591837,0.010736967289898513,0.7346938775510204,0.7346938775510204,0.7551020408163265,0.7551020408163265,0.16326530612244897,0.10204081632653061,-0.31388112607301694,0.18712659509003501,0.04330799432626789,0.02085192437862324,0.0
ZERO,0,0,BUYHOLD,2015_2016,1.0,503,100,1.9931553730321698,0.0868854138912926,0.10159890232515283,0.19107510807991782,0.14103405886072146,0.5317223334117323,0.7203855802341127,0.5005900764226787,0.17356599338163858,72,False,182,1.0,0.0,1.0000000000000002,0.0,0.0,0.03670936630915478,0.07286818059521075,0.13,0.03,0.016293981782477252,0.20010966319044216,0.27,0.016570760950499284,0.5,0.5,0.52,0.52,0.06,0.07,-0.5815012463589665,0.13825218192365035,0.022679336219866276,0.01645456595233466,0.0
ZERO,0,0,BUYHOLD,2018Q4,1.0,62,11,0.24914442162902123,-0.5289552733768645,-0.7093384933401242,0.32342420700991975,0.2593995857842623,-2.1932139832636834,-2.7345398073614025,-2.3890268173076827,0.22141035401727782,62,True,0,1.0,0.0,0.9999999999999994,0.0,0.0,0.08661429031576695,0.08661429031576695,0.5454545454545454,0.2727272727272727,0.04402090241656724,0.3056793754317853,1.0,0.01438927802166601,0.9090909090909091,0.9090909090909091,0.9090909090909091,0.9090909090909091,0.5454545454545454,0.18181818181818182,-2.5389495501817803,0.22859420529360222,0.07516146944035527,0.026288822780981155,0.0
ZERO,0,0,BUYHOLD,COVID,1.0,92,18,0.3613963039014374,0.09137008939043718,0.17534673481457277,0.42145989130573286,0.3122586428054668,0.4160460780059705,0.5615432554217934,0.3314938400367208,0.2756313341458043,72,False,72,1.0,0.0,0.9999999999999993,0.0,0.0,0.14387144108251682,0.14387144108251682,0.3333333333333333,0.1111111111111111,0.0433502149873622,0.5089858971721861,0.9444444444444444,0.035581659653158695,1.0,1.0,1.0,1.0,0.16666666666666666,0.1111111111111111,-2.0172700483624038,0.26481957680289425,0.12664832062081594,0.03855362189130534,0.0
ZERO,0,0,BUYHOLD,2022,1.0,250,49,0.9883641341546886,-0.3376954837308446,-0.35839987569999615,0.322264532664297,0.23937477070898194,-1.1121294445186165,-1.4972332908705657,-0.9315640449314492,0.36250377584688187,249,True,0,1.0,0.0,1.0000000000000002,0.0,0.0,0.07536583571341748,0.09073972297539527,0.3469387755102041,0.12244897959183673,0.038030339617945205,0.3001217169953161,0.9795918367346939,0.010353769351564769,1.0,1.0,1.0,1.0,0.2857142857142857,0.12244897959183673,-0.37173557105417715,0.24481127910182943,0.08668814700553157,0.02870464178807477,0.0
ZERO,0,0,BUYHOLD,2023_PLUS,1.0,912,182,3.6386036960985626,0.3132740919559739,0.2948167531887495,0.20354189868957773,0.1377101563188095,1.448432755549634,2.140849746087182,1.296050653327124,0.24171438913422105,88,False,88,1.0,0.0,0.9999999999999999,0.0,0.0,0.036440876690191915,0.04701723693933039,0.16483516483516483,0.005494505494505495,0.01799736890422296,0.20080157030273565,0.4945054945054945,0.009718569337858644,0.8571428571428571,0.8571428571428571,0.8461538461538461,0.8461538461538461,0.09340659340659341,0.038461538461538464,0.17644015727305004,0.17203298125773334,0.03511259897515613,0.01941367932420709,0.0
ZERO,0,0,BUYHOLD,2024_PLUS,1.0,662,132,2.642026009582478,0.24180329822952404,0.24019018237164713,0.2113558599035655,0.14674629483730456,1.1364254697326004,1.6367716993328003,1.0003678270690541,0.2417143891342206,88,False,88,1.0,0.0,1.0000000000000002,0.0,0.0,0.039735387881278506,0.048960110847080865,0.17424242424242425,0.007575757575757576,0.018783079134402036,0.2088647023813075,0.5,0.010724909098413081,0.8409090909090909,0.8409090909090909,0.8257575757575758,0.8257575757575758,0.09848484848484848,0.03787878787878788,0.16571887543625527,0.1719027765382527,0.03606556478282237,0.01956540531663441,0.0
ZERO,0,0,BUYHOLD,EX_MAJOR_SHOCKS,1.0,3982,793,15.824777549623546,0.2324365657841814,0.2264854670191833,0.1847006677023722,0.12985871667373183,1.2262298227537725,1.74409136960921,0.9616165864875847,0.24171438913422105,88,False,182,1.0,0.0,1.0,0.06328478151682572,0.0,0.036140405740173964,0.05348838904732318,0.1424968474148802,0.017654476670870115,0.016398111863387396,0.1858445218277842,0.38209331651954603,0.010448951368897681,0.617906683480454,0.617906683480454,0.6279949558638083,0.6279949558638083,0.07818411097099622,0.04539722572509458,-0.05565421802078785,0.15011168221468735,0.02626096147008557,0.017314679063692596,0.0
ZERO,0,0,VOL,ALL,0.8154393318228863,5085,1017,20.216290212183434,0.1333681815608925,0.1370835489296115,0.15218289131110724,0.11022137067012666,0.9007816039542305,1.2437111614214875,0.4265606516385058,0.3126593628563683,592,False,592,0.8318356592677818,0.1681643407322182,0.6486231451382526,3.2892456556000718,0.0,0.032808507194486025,0.04910289589300635,0.119960668633235,0.014749262536873156,0.014532214890270836,0.1523452214814686,0.24680432645034414,0.007794515118558242,0.6666666666666666,0.6666666666666666,0.6823992133726647,0.6823992133726647,0.05703048180924287,0.05309734513274336,-0.1257797811166768,0.1249941995995798,0.010005098267794383,0.01443361071683506,0.0
ZERO,0,0,MATCH_VOL,ALL,0.8415039672686099,5085,1017,20.216290212183434,0.1376311510998683,0.14575246464101563,0.18159082760198034,0.12972502575166317,0.8026422180336279,1.1235493213162608,0.30267294352112045,0.4547190426033717,757,False,757,0.8318356592744796,0.16816434072552044,0.8307261516650888,0.19068433454576966,0.0,0.03673586527201034,0.05602820714063379,0.13077679449360866,0.02261553588987217,0.01611192030140362,0.18315721275628796,0.3421828908554572,0.009578027781055976,0.48770894788593905,0.48770894788593905,0.4886922320550639,0.4886922320550639,0.06686332350049164,0.05309734513274336,-0.12577978111667715,0.13393654950924755,0.023286725861210365,0.016131708866499096,0.0
ZERO,0,0,VOL,GFC,2.663865047019183,755,151,2.9924709103353866,0.06717825643161844,0.07708414491022356,0.15577238852732078,0.11137090020080573,0.4948511455655303,0.6921390127155126,0.21486084989714152,0.3126593628563701,545,True,48,0.7069224333871207,0.2930775666128793,0.48279222510502523,3.079738148549108,0.0,0.0364521231976046,0.05001087877553797,0.10596026490066225,0.026490066225165563,0.015572239630289314,0.158345881068467,0.33112582781456956,0.006106524004253171,0.8211920529801324,0.8211920529801324,0.8410596026490066,0.8410596026490066,0.06622516556291391,0.059602649006622516,-0.16963290652624663,0.13562051880312942,0.010529444869724533,0.015213490157998997,0.0
ZERO,0,0,MATCH_VOL,GFC,0.98677823467179,755,151,2.9924709103353866,0.02488490975325444,0.04586993128513968,0.2063840159646908,0.1487054816769406,0.22225525107035096,0.30846160321642413,0.06227050660923456,0.3996259402451059,545,True,46,0.7069224333892089,0.2930775666107911,0.705523897053066,0.27669342229167043,0.0,0.041104026009442074,0.0629459870348943,0.12582781456953643,0.019867549668874173,0.018498177472222693,0.2052200748409518,0.4304635761589404,0.008308127849259576,0.5496688741721855,0.5496688741721855,0.5827814569536424,0.5827814569536424,0.09933774834437085,0.059602649006622516,-0.16963290652624585,0.1501558989016213,0.029844935049834317,0.017754543025164087,0.0
ZERO,0,0,VOL,2011,-0.7301865516962138,251,49,0.9883641341546886,-0.01913154439574566,-0.007708926263722309,0.15144102676137872,0.11452472061304264,-0.05090381667755755,-0.06731233416206543,-0.14684898806862262,0.13028039653092793,218,True,13,0.7886107524727816,0.21138924752721844,0.6602446838939016,3.865684514675147,0.0,0.045737832856698635,0.05138391702643432,0.12244897959183673,0.02040816326530612,0.017139612546383128,0.16047738699776243,0.32653061224489793,0.007559711764608166,0.7346938775510204,0.7346938775510204,0.7551020408163265,0.7551020408163265,0.10204081632653061,0.10204081632653061,-0.3138811260730141,0.13154262245355117,0.009926618008336656,0.014843602365102883,0.0
ZERO,0,0,MATCH_VOL,2011,0.9487650376483069,251,49,0.9883641341546886,0.024858497320629308,0.03911089273669373,0.17182603228086388,0.12617160218822895,0.2276191344089453,0.3099817396179704,0.2061311787429012,0.12059552306560217,110,True,55,0.7886107524674322,0.21138924753256783,0.7871724925104246,0.2059697308228068,0.0,0.038619048700106906,0.05523155026138904,0.16326530612244897,0.04081632653061224,0.018396992181933393,0.17918572727218057,0.3877551020408163,0.008390105903978805,0.46938775510204084,0.46938775510204084,0.5306122448979592,0.5306122448979592,0.08163265306122448,0.10204081632653061,-0.31388112607301777,0.14340558186512653,0.023898281793803433,0.016449930397894903,0.0
ZERO,0,0,VOL,2015_2016,0.6436833056292921,503,100,1.9931553730321698,0.05592669042451644,0.06804950145428046,0.16446175508730587,0.1255962823180609,0.4137709792660052,0.5418114310258916,0.3210051222153811,0.1742236698235362,276,False,276,0.9089903951465468,0.09100960485345322,0.8330743534340675,3.076834807285044,0.0,0.029517775582917016,0.06272847938159201,0.12,0.02,0.014243088247083464,0.16548751123711147,0.18,0.012819325802945194,0.5,0.5,0.52,0.52,0.04,0.07,-0.5815012463589685,0.11576218238177281,0.007765934619655302,0.013717414993940764,0.0
ZERO,0,0,MATCH_VOL,2015_2016,0.926252800301328,503,100,1.9931553730321698,0.08047785792214968,0.09245565693456675,0.1735397408624851,0.12801857644326267,0.5327635991333517,0.7222050072986301,0.5088924990402124,0.15814314039592547,72,False,182,0.9089903951510409,0.09100960484895915,0.9082260628733704,0.07802082174119943,0.0,0.03336350221345652,0.06622663230153798,0.12,0.03,0.014818132164071901,0.18180503643004153,0.22,0.015052458574034398,0.3,0.3,0.32,0.32,0.05,0.07,-0.5815012463589705,0.12154017597849194,0.0179279197851646,0.014954819512514301,0.0
ZERO,0,0,VOL,2018Q4,,62,11,0.24914442162902123,-0.4695221922758696,-0.6209535383235808,0.20194336657855866,0.17305345937388156,-3.074889504142349,-3.5882180025191652,-2.770059117110331,0.16949897905632627,62,True,0,0.6200320001618538,0.3799679998381462,0.6081666003420219,5.056576193279491,0.0,0.07656588219471583,0.07656588219471583,0.45454545454545453,0.09090909090909091,0.028678003063959158,0.18891594548510376,0.6363636363636364,0.008550881147027137,0.9090909090909091,0.9090909090909091,0.9090909090909091,0.9090909090909091,0.36363636363636365,0.18181818181818182,-2.5389495501817856,0.1371360675945552,0.012596713996557124,0.015236182133834895,0.0
ZERO,0,0,MATCH_VOL,2018Q4,,62,11,0.24914442162902123,-0.3635636652848052,-0.4373811376426805,0.20013456816154046,0.16046944720215323,-2.1854352382025493,-2.725634974561136,-2.580655868226744,0.14088033579410264,62,True,0,0.620032000167065,0.37996799983293505,0.618775464584849,0.4742339466139798,0.0,0.05373241873150192,0.05373241873150192,0.5454545454545454,0.09090909090909091,0.027400519837055756,0.18918947344197865,0.6363636363636364,0.008861573170260173,0.8181818181818182,0.8181818181818182,0.8181818181818182,0.8181818181818182,0.2727272727272727,0.18181818181818182,-2.538949550181764,0.14713690095972834,0.021544190815517294,0.01630864870538327,0.0
ZERO,0,0,VOL,COVID,-1.5276393211579118,92,18,0.3613963039014374,-0.13958054133054518,-0.12936836635944282,0.19714066948347142,0.15971828597488494,-0.6562236330961089,-0.8099784290183623,-0.8442864703974339,0.16532367416102256,91,True,0,0.49756116386803056,0.5024388361319694,0.4162276873646407,5.543869880833279,0.0,0.10809452858684798,0.10809452858684798,0.16666666666666666,0.1111111111111111,0.02162051334521231,0.20476045811823335,0.3333333333333333,0.014290775119708625,1.0,1.0,1.0,1.0,0.1111111111111111,0.1111111111111111,-2.0172700483624006,0.13946072852565383,0.014070970425651697,0.015310031920330834,0.0
ZERO,0,0,MATCH_VOL,COVID,0.7544044605633922,92,18,0.3613963039014374,0.06893000299822169,0.08756709392477204,0.20835888805092243,0.15418682681287774,0.4202704993480808,0.5679285042362543,0.47986809853685414,0.14364364542755248,66,False,66,0.497561163869764,0.502438836130236,0.4942711508259945,0.5844745260315617,0.0,0.07137210886805767,0.07137210886805768,0.1111111111111111,0.1111111111111111,0.02170165839375639,0.25130655893717896,0.4444444444444444,0.01733211044952677,0.6666666666666666,0.6666666666666666,0.5555555555555556,0.5555555555555556,0.1111111111111111,0.1111111111111111,-2.0172700483623967,0.16007994410019077,0.04135572092545718,0.019125778390625677,0.0
ZERO,0,0,VOL,2022,,250,49,0.9883641341546886,-0.26442994624113353,-0.28927043733253727,0.1818593734048704,0.14174057625443462,-1.59062704284447,-2.0408442308945878,-0.983318661651722,0.2689158220560559,249,True,0,0.5663339787838866,0.4336660212161134,0.5530720700152701,3.7998681826256457,0.0,0.04592752478993578,0.056635689805335995,0.2653061224489796,0.04081632653061224,0.02188843682867986,0.16462868293287336,0.46938775510204084,0.005444775015132189,1.0,1.0,1.0,1.0,0.12244897959183673,0.12244897959183673,-0.37173557105417604,0.14100782704142908,0.015041632162721166,0.01559859438828417,0.0
ZERO,0,0,MATCH_VOL,2022,,250,49,0.9883641341546886,-0.19998311444529568,-0.20566996407747318,0.18210644254767003,0.13560333962888257,-1.129394222412724,-1.5167027939013007,-0.9136718726884054,0.21887848408516897,249,True,0,0.566333978779417,0.43366602122058295,0.5650377449584968,0.4051968192246804,0.0,0.0427768223870123,0.051502872308415805,0.24489795918367346,0.04081632653061224,0.021682421508007473,0.1696806102467858,0.4489795918367347,0.00575443362213984,0.7959183673469388,0.7959183673469388,0.7551020408163265,0.7551020408163265,0.10204081632653061,0.12244897959183673,-0.3717355710541796,0.14754664605243595,0.020470302013905567,0.016292440093418646,0.0
ZERO,0,0,VOL,2023_PLUS,0.7130600200236337,912,182,3.6386036960985626,0.2233832302830124,0.2144852394478924,0.15286823129080782,0.10709727725942086,1.403072683165071,2.0027142139976775,1.226787043376498,0.18208802537414526,151,False,151,0.8337080559468134,0.1662919440531866,0.7174219061601198,4.092824568535656,0.0,0.02965955547225474,0.037296310507863036,0.13186813186813187,0.0,0.014445205656782832,0.15258999296494005,0.26373626373626374,0.006699950059814364,0.8571428571428571,0.8571428571428571,0.8461538461538461,0.8461538461538461,0.04945054945054945,0.038461538461538464,0.17644015727305085,0.134123875697329,0.012938693515913473,0.0151978953257942,0.0
ZERO,0,0,MATCH_VOL,2023_PLUS,0.8234027198341661,912,182,3.6386036960985626,0.2579507393701276,0.24514713456449566,0.16937723655365894,0.11471466334078236,1.4473440442915286,2.137016554163073,1.2621843802845953,0.20436850859457256,88,False,88,0.8337080559418399,0.16629194405816006,0.8321354238450378,0.14643846362142138,0.0,0.03036558360830699,0.039178690772197586,0.12637362637362637,0.005494505494505495,0.015017637940193024,0.16717141655626463,0.32967032967032966,0.008047876290710236,0.6318681318681318,0.6318681318681318,0.5989010989010989,0.5989010989010989,0.04945054945054945,0.038461538461538464,0.17644015727304938,0.1395235927422212,0.021048778152261596,0.01617709990008926,0.0
ZERO,0,0,VOL,2024_PLUS,0.670768481789038,662,132,2.642026009582478,0.16219403124499981,0.16316569149777266,0.15446108437908818,0.11243256588890378,1.0563546938290365,1.4512315912010672,0.89074518168744,0.1820880253741448,151,False,151,0.8302381371606635,0.16976186283933647,0.6931935334787132,4.149238409633809,0.0,0.02950679370110354,0.037834727694278994,0.13636363636363635,0.0,0.014851950913475511,0.15570924884989146,0.29545454545454547,0.007256712053415887,0.8409090909090909,0.8409090909090909,0.8257575757575758,0.8257575757575758,0.03787878787878788,0.03787878787878788,0.16571887543625638,0.13278179688037356,0.012561595570230972,0.015091283149011028,0.0
ZERO,0,0,MATCH_VOL,2024_PLUS,0.8261840532681761,662,132,2.642026009582478,0.19977402902488176,0.1985348809596324,0.17504551706586574,0.12171191244635579,1.1341900340408497,1.6311869312474745,0.981199032859954,0.2036019424546206,88,False,88,0.8302381371559604,0.1697618628440396,0.8281862341352837,0.1469036126507343,0.0,0.03297697927884857,0.0406327117208038,0.12878787878787878,0.007575757575757576,0.015609229787876468,0.17309412413719324,0.3484848484848485,0.008837002091899334,0.6060606060606061,0.6060606060606061,0.5833333333333334,0.5833333333333334,0.06060606060606061,0.03787878787878788,0.16571887543625688,0.13896897368562375,0.02185441764106305,0.016237615891322874,0.0
ZERO,0,0,VOL,EX_MAJOR_SHOCKS,0.7844947120965765,3982,793,15.824777549623546,0.18234525675557836,0.1788137019925724,0.14809446417199637,0.10635468697948956,1.207430021049935,1.6812959265919,1.0014126759895636,0.18208802537414526,151,False,276,0.8798314232764826,0.12016857672351744,0.7727700058414739,3.249776188317106,0.0,0.02965955547225474,0.04502493417700396,0.11223203026481715,0.008827238335435058,0.013724906263790661,0.14906214377586977,0.21437578814627994,0.008008022175675169,0.6090794451450189,0.6090794451450189,0.6242118537200504,0.6242118537200504,0.04918032786885246,0.04539722572509458,-0.055654218020787405,0.12162754229038607,0.009496118001373951,0.014190523254653949,0.0
ZERO,0,0,MATCH_VOL,EX_MAJOR_SHOCKS,0.8769075826074679,3982,793,15.824777549623546,0.2038253870113882,0.19905308070149552,0.16236292100344074,0.11417950064029375,1.225976223335359,1.743334658018727,0.9486041139988315,0.21486875715957443,88,False,182,0.8798314232693163,0.12016857673068371,0.8790555563672896,0.1562221694097624,0.0,0.0317906059383235,0.04705061450344978,0.1223203026481715,0.013871374527112233,0.014437173853464822,0.16337935052888283,0.2786885245901639,0.0091687826787389,0.45397225725094575,0.45397225725094575,0.46279949558638084,0.46279949558638084,0.05170239596469105,0.04539722572509458,-0.05565421802078733,0.12754014474209904,0.01834498911947198,0.015230712765643166,0.0
ZERO,0,0,CORE_VOL,ALL,0.9127502160414015,5085,1017,20.216290212183434,0.14928374408998177,0.15609377677874517,0.18221723908431728,0.1309330165894702,0.8566356156154686,1.192165130267826,0.35317336438385916,0.4226925333126973,620,False,620,0.9159169088329586,0.08408309116704138,0.8238704191895446,1.6624778147710373,0.0,0.03796329864988646,0.05741792780645143,0.14454277286135694,0.02359882005899705,0.01694574716189146,0.18312704637137173,0.39823008849557523,0.009485096802296547,0.6764995083579154,0.6764995083579154,0.6853490658800393,0.6853490658800393,0.07866273352999016,0.05309734513274336,-0.1257797811166769,0.14993999246783904,0.023187937744083422,0.0169149915721252,0.0
ZERO,0,0,MATCH_CORE_VOL,ALL,0.9213695527894772,5085,1017,20.216290212183434,0.15069346915902163,0.16073986407570082,0.20007633969301047,0.1428972915138874,0.8033926666308168,1.1248629163841037,0.307757692083033,0.48964972455786593,758,False,758,0.9159169088261627,0.08408309117383728,0.9153015138824199,0.12770952990453963,0.0,0.04045280671940099,0.06169715120393505,0.1504424778761062,0.029498525073746312,0.017729279790491225,0.20182611704904518,0.40216322517207476,0.010570413524262008,0.5801376597836775,0.5801376597836775,0.5909537856440511,0.5909537856440511,0.08161258603736479,0.05309734513274336,-0.12577978111667729,0.1506751966459002,0.029591893531579733,0.017763918067484244,0.0
ZERO,0,0,CORE_VOL,GFC,1.9138463749356083,755,151,2.9924709103353866,0.04826403000032374,0.07111282865366983,0.2191361770318895,0.1573629205891121,0.3245143253700243,0.45190333521675946,0.11418235761600046,0.4226925333126986,545,True,48,0.8533028641444199,0.14669713585558009,0.7405463181522332,1.5367507602970731,0.0,0.04646369395262473,0.06824939097248593,0.15894039735099338,0.039735099337748346,0.020846101605877507,0.21966695163946665,0.6490066225165563,0.008736597724784394,0.8344370860927153,0.8344370860927153,0.8410596026490066,0.8410596026490066,0.11258278145695365,0.059602649006622516,-0.16963290652624466,0.1841140772083465,0.0372877104973182,0.020159944318991815,0.0
ZERO,0,0,MATCH_CORE_VOL,GFC,1.0235933046872292,755,151,2.9924709103353866,0.025813324733139627,0.056591638853847305,0.2493487541406206,0.1795240894752785,0.22695777666461636,0.3152314489896928,0.05564018312065078,0.4639331376240393,545,True,46,0.8533028641457304,0.14669713585426958,0.8524397703173177,0.16744070401176306,0.0,0.049607153168967466,0.07596752735351388,0.152317880794702,0.046357615894039736,0.02229114726588988,0.2481743677267329,0.6291390728476821,0.01007516946795616,0.7549668874172185,0.7549668874172185,0.7682119205298014,0.7682119205298014,0.11920529801324503,0.059602649006622516,-0.1696329065262454,0.184647751489139,0.04557525188587935,0.021427398257582296,0.0
ZERO,0,0,CORE_VOL,2011,0.15613187554800426,251,49,0.9883641341546886,0.004090795566829895,0.020706154417484714,0.18256498787345182,0.13586426671398383,0.11341799245667825,0.15240323977955517,0.03037851737273589,0.134660803772514,110,True,108,0.8942465201203654,0.10575347987963457,0.8294934171710423,1.9167847126324,0.0,0.04895348877415595,0.060336761686099465,0.1836734693877551,0.04081632653061224,0.020221898842591297,0.1920602778009668,0.5510204081632653,0.009068706279692742,0.7346938775510204,0.7346938775510204,0.7551020408163265,0.7551020408163265,0.10204081632653061,0.10204081632653061,-0.31388112607301577,0.16487420446077825,0.026118700049515074,0.017847763371863064,0.0
ZERO,0,0,MATCH_CORE_VOL,2011,0.9852710315664654,251,49,0.9883641341546886,0.025814987195351954,0.04429252504931128,0.1950170253149458,0.14317235080935864,0.2271213242935091,0.30936507502268407,0.1894979216352214,0.13622833945928514,110,True,55,0.8942465201263268,0.10575347987367323,0.8934268527490316,0.11682267268990194,0.0,0.04378453756969414,0.06261904342158373,0.1836734693877551,0.04081632653061224,0.020847636624874186,0.20339359603829835,0.5714285714285714,0.009557198169911445,0.6122448979591837,0.6122448979591837,0.6530612244897959,0.6530612244897959,0.08163265306122448,0.10204081632653061,-0.31388112607301755,0.1667278968832442,0.033509789134193564,0.018650189990917422,0.0
ZERO,0,0,CORE_VOL,2015_2016,0.823516935797245,503,100,1.9931553730321698,0.07155160981323268,0.08472412799000756,0.17634292551279016,0.1322392927295256,0.4804509607835814,0.6406880000734522,0.41146484431897357,0.17389483160258723,259,False,259,0.9545105841873198,0.04548941581268018,0.9165248911536928,1.536084483028831,0.0,0.03136689911704693,0.06703311423101652,0.13,0.03,0.015270833622856098,0.1813861617304204,0.23,0.014560509562814983,0.5,0.5,0.52,0.52,0.05,0.07,-0.5815012463589677,0.12944379240043255,0.015225097901805153,0.015085990473137712,0.0
ZERO,0,0,MATCH_CORE_VOL,2015_2016,0.9636224269484199,503,100,1.9931553730321698,0.08372473340034534,0.0970314788064066,0.18230651914245893,0.13452378543093416,0.5322436041389378,0.7212960778317045,0.5047713866808765,0.16586663905590449,72,False,182,0.9545105841915333,0.04548941580846666,0.9541087254720685,0.040976355379600114,0.0,0.03503689146399902,0.06954831399682233,0.13,0.03,0.015556486520482122,0.19095788946528774,0.25,0.01581156865388162,0.38,0.38,0.43,0.43,0.05,0.07,-0.5815012463589665,0.13001433077958202,0.02016858985097168,0.015704897668456497,0.0
ZERO,0,0,CORE_VOL,2018Q4,,62,11,0.24914442162902123,-0.4987937452478343,-0.6647476340081204,0.2610017785651551,0.21482136123203452,-2.54690844507857,-3.094420546428379,-2.552190563605773,0.19543750077311273,62,True,0,0.8100761996843413,0.1899238003156587,0.8038845872495445,2.4596841997291414,0.0,0.0765658821947156,0.0765658821947156,0.5454545454545454,0.18181818181818182,0.036364818333076115,0.2461006472103991,0.8181818181818182,0.011354389637623755,0.9090909090909091,0.9090909090909091,0.9090909090909091,0.9090909090909091,0.45454545454545453,0.18181818181818182,-2.538949550181779,0.1927476995314464,0.04225834736720313,0.02076250245740802,0.0
ZERO,0,0,MATCH_CORE_VOL,2018Q4,,62,11,0.24914442162902123,-0.4512259358730393,-0.5730299647554137,0.2617354269903562,0.2098916539112433,-2.1893481189939465,-2.730122680331684,-2.483032303493388,0.1817237477088831,62,True,0,0.8100761996838776,0.18992380031612244,0.8092558506468164,0.31181567746020905,0.0,0.07018437055345328,0.07018437055345328,0.5454545454545454,0.18181818181818182,0.03572999540746177,0.24739927929928932,1.0,0.011616700395017875,0.9090909090909091,0.9090909090909091,0.9090909090909091,0.9090909090909091,0.45454545454545453,0.18181818181818182,-2.5389495501817807,0.19395535990508941,0.04697082595962445,0.02130207928446851,0.0
ZERO,0,0,CORE_VOL,COVID,-0.2540434687253762,92,18,0.3613963039014374,-0.023211974446494355,0.022144849092229826,0.3017148942332952,0.22933037560268651,0.07339660558854197,0.09656308735392141,-0.1052391903724612,0.22056397777617665,77,False,77,0.7494111723544425,0.25058882764555745,0.707954349085873,2.6975288507069957,0.0,0.1080945285868481,0.1080945285868481,0.2222222222222222,0.1111111111111111,0.03256943564482207,0.3481238268507572,0.8333333333333334,0.024140440413815186,1.0,1.0,1.0,1.0,0.1111111111111111,0.1111111111111111,-2.017270048362401,0.22619951783625936,0.07702631345394535,0.026931826905818086,0.0
ZERO,0,0,MATCH_CORE_VOL,COVID,0.9486309475934523,92,18,0.3613963039014374,0.08667649448014887,0.1316820022576032,0.31480862327405396,0.233099207429691,0.4182922338279424,0.5649182753970626,0.4099502238474591,0.21143175302277883,71,False,71,0.7494111723539854,0.25058882764601464,0.7469088560315932,0.4424050907012389,0.0,0.10766677366478061,0.10766677366478061,0.2222222222222222,0.1111111111111111,0.032587534431774826,0.3799498196184994,0.8333333333333334,0.026381295679502283,0.9444444444444444,0.9444444444444444,0.9444444444444444,0.9444444444444444,0.1111111111111111,0.1111111111111111,-2.0172700483624073,0.22460034358935926,0.08517895985625779,0.028851758562340044,0.0
ZERO,0,0,CORE_VOL,2022,,250,49,0.9883641341546886,-0.30053285516353484,-0.32449997165984207,0.25074028135425536,0.1895415316928142,-1.2941676937874065,-1.7120256904209894,-0.9559585805208854,0.3143785319650352,249,True,0,0.7830353230872366,0.21696467691276344,0.7760265997754082,1.88946128215587,0.0,0.06346001744497576,0.07305614089799242,0.30612244897959184,0.08163265306122448,0.02998205684133976,0.23144847771266913,0.8979591836734694,0.007854818937709734,1.0,1.0,1.0,1.0,0.22448979591836735,0.12244897959183673,-0.3717355710541793,0.20509793583751726,0.04914713930677263,0.022151618088179472,0.0
ZERO,0,0,MATCH_CORE_VOL,2022,,250,49,0.9883641341546886,-0.2706200517024762,-0.2825285802718464,0.2520589375080867,0.1874640113304301,-1.1208830088113109,-1.507108368516944,-0.9229251054507694,0.29321994829721487,249,True,0,0.7830353230914703,0.21696467690852972,0.7821331014725653,0.28077941469988343,0.0,0.0590815495620054,0.0711336030373113,0.30612244897959184,0.08163265306122448,0.029879444030594456,0.23480113613195988,0.8979591836734694,0.008030577016870127,1.0,1.0,1.0,1.0,0.22448979591836735,0.12244897959183673,-0.37173557105417965,0.20523020339345718,0.05228421671470524,0.022502433634658474,0.0
ZERO,0,0,CORE_VOL,2023_PLUS,0.8555695260804047,912,182,3.6386036960985626,0.2680277663880417,0.25436962436244265,0.17613115896129886,0.12142206478600108,1.444205703650284,2.0949209257045123,1.276249704923312,0.21001201046635865,94,False,115,0.916913549946568,0.08308645005343196,0.8580365591068907,2.03838906659764,0.0,0.03406332052294658,0.04138928796963016,0.14835164835164835,0.0,0.01622382777925197,0.17503708526608486,0.4065934065934066,0.00811644551115027,0.8571428571428571,0.8571428571428571,0.8461538461538461,0.8461538461538461,0.07692307692307693,0.038461538461538464,0.17644015727305,0.15626357211669473,0.023931935613897174,0.01730578732500065,0.0
ZERO,0,0,MATCH_CORE_VOL,2023_PLUS,0.9112813658458662,912,182,3.6386036960985626,0.28548084240176336,0.2699646935169068,0.18645386145166984,0.1262154108252956,1.4478900646789958,2.138920213876145,1.2790685876026255,0.22319431902932096,88,False,88,0.916913549945767,0.08308645005423299,0.9160427370667173,0.08044741497821517,0.0,0.033404694254679734,0.04309985289351974,0.14835164835164835,0.005494505494505495,0.01650923666313016,0.18398479426926037,0.3956043956043956,0.008880680721443724,0.7637362637362637,0.7637362637362637,0.7527472527472527,0.7527472527472527,0.07142857142857142,0.038461538461538464,0.17644015727304987,0.15641768997748906,0.027803451590671956,0.017796169606371745,0.0
ZERO,0,0,CORE_VOL,2024_PLUS,0.8348324783451193,662,132,2.642026009582478,0.20186524673297757,0.20128535815381357,0.18044519184030988,0.12845462243567599,1.1154930541565595,1.5669763714000076,0.9612081055969617,0.2100120104663583,94,False,115,0.9151754950130432,0.08482450498695682,0.8457105279834909,2.0645731093611634,0.0,0.036525787500815476,0.0427630619189134,0.1590909090909091,0.0,0.016820340901250605,0.180340036720053,0.4166666666666667,0.008883782553515678,0.8409090909090909,0.8409090909090909,0.8257575757575758,0.8257575757575758,0.07575757575757576,0.03787878787878788,0.1657188754362556,0.15591673826257407,0.02427057167604762,0.017328344232822722,0.0
ZERO,0,0,MATCH_CORE_VOL,2024_PLUS,0.9130048887055227,662,132,2.642026009582478,0.2207675933886749,0.21932708043574745,0.19318800252339752,0.13423061088102575,1.135303836526723,1.633957254579928,0.9908008865376088,0.22281731515214487,88,False,88,0.9151754950092799,0.08482450499072014,0.9140367506525061,0.08089926538342293,0.0,0.036357847620952066,0.04479846163831659,0.1590909090909091,0.007575757575757576,0.017197984639940423,0.1909728667591279,0.4166666666666667,0.00977762482550321,0.7196969696969697,0.7196969696969697,0.7045454545454546,0.7045454545454546,0.07575757575757576,0.03787878787878788,0.16571887543625619,0.15611634279906159,0.028762140720094146,0.017902329965162275,0.0
ZERO,0,0,CORE_VOL,EX_MAJOR_SHOCKS,0.892677930675973,3982,793,15.824777549623546,0.20749099255765271,0.20252848886275343,0.16486291168458508,0.1171588882373183,1.2284660436558947,1.7286651649724565,0.9879958393660073,0.21001201046635865,94,False,259,0.9399381771241386,0.06006182287586137,0.8861103577219446,1.6506566773687656,0.0,0.03305550287659209,0.048803913198060454,0.12988650693568726,0.015132408575031526,0.015063751345690286,0.16607734308667826,0.308953341740227,0.009141480525641671,0.617906683480454,0.617906683480454,0.6279949558638083,0.6279949558638083,0.0617906683480454,0.04539722572509458,-0.05565421802078767,0.13834697534753249,0.017724635255388844,0.01575260115917327,0.0
ZERO,0,0,MATCH_CORE_VOL,EX_MAJOR_SHOCKS,0.9384088873256694,3982,793,15.824777549623546,0.2181205390713334,0.21276642803806198,0.17353060313958313,0.12201930452755091,1.2261032013293856,1.743711200960182,0.9551184107376307,0.22837015454751897,88,False,182,0.9399381771205612,0.06006182287943884,0.9395222965371192,0.11317074676381697,0.0,0.03396611343170142,0.05027040102211086,0.13240857503152584,0.015132408575031526,0.015418342979348893,0.17461112076927557,0.3203026481715006,0.009808175482163147,0.5283732660781841,0.5283732660781841,0.5435056746532156,0.5435056746532156,0.07313997477931904,0.04539722572509458,-0.05565421802078788,0.1391310584782934,0.02217758378915099,0.016272987009028895,0.0
ZERO,0,1,BUYHOLD,ALL,1.0,5085,1017,20.216290212183434,0.16354802046033232,0.17577113428870247,0.21858992681159667,0.15608330072083026,0.8041136060226607,1.1261367069824193,0.3128300625737732,0.5228014824239073,761,False,761,1.0,0.0,1.000000205555796,0.04955256686720708,4.955256686720709e-06,0.044170306453956476,0.06736694674653829,0.168141592920354,0.032448377581120944,0.01934469123446626,0.22052746778901208,0.47099311701081614,0.011567848016397573,0.6764995083579154,0.6764995083579154,0.6853490658800393,0.6853490658800393,0.09734513274336283,0.05309734513274336,-0.1257771431173147,0.16621684466447012,0.03634826480730003,0.01939637242741534,5.755223693809652e-06
ZERO,0,1,BUYHOLD,GFC,1.0,755,151,2.9924709103353866,0.02521834073643867,0.06774886567589018,0.2925071856818413,0.2104392152153282,0.2316143636538909,0.3219403075922297,0.04823693425565055,0.5228014824239074,545,True,46,1.0,0.0,1.0,0.0,0.0,0.058124506762131656,0.08901085378396535,0.2251655629139073,0.0728476821192053,0.026079487010715392,0.2913983919267302,0.7152317880794702,0.011865703518121962,0.8344370860927153,0.8344370860927153,0.8410596026490066,0.8410596026490066,0.12582781456953643,0.059602649006622516,-0.16963290652624594,0.21403756485282932,0.06272102409480772,0.02510639847998463,-2.0122792321330962e-16
ZERO,0,1,BUYHOLD,2011,1.0,251,49,0.9883641341546886,0.02620089941577576,0.04947803757043755,0.2182788534844951,0.1602166266465213,0.226673526915662,0.3088196188251966,0.17265884302601542,0.1517495365808048,110,True,55,1.0,0.0,0.999999999999999,0.0,0.0,0.04895348877415606,0.07001148828641815,0.22448979591836735,0.04081632653061224,0.023297595086573225,0.22768262162933053,0.6122448979591837,0.010736967289898513,0.7346938775510204,0.7346938775510204,0.7551020408163265,0.7551020408163265,0.16326530612244897,0.10204081632653061,-0.31388112607301766,0.18712659509003501,0.04330799432626789,0.02085192437862324,1.3877787807814457e-15
ZERO,0,1,BUYHOLD,2015_2016,1.0,503,100,1.9931553730321698,0.08688541389129416,0.10159890232515423,0.19107510807991773,0.14103405886072135,0.5317223334117398,0.7203855802341231,0.5005900764226883,0.17356599338163836,72,False,182,1.0,0.0,0.9999999999999992,0.0,0.0,0.036709366309155,0.07286818059521075,0.13,0.03,0.016293981782477252,0.20010966319044216,0.27,0.016570760950499284,0.5,0.5,0.52,0.52,0.06,0.07,-0.5815012463589649,0.13825218192365035,0.022679336219866276,0.01645456595233466,-1.5543122344752192e-15
ZERO,0,1,BUYHOLD,2018Q4,1.0,62,11,0.24914442162902123,-0.5289552733768622,-0.7093384933401192,0.3234242070099193,0.2593995857842618,-2.193213983263671,-2.7345398073613882,-2.389026817307684,0.2214103540172767,62,True,0,1.0,0.0,0.9999999999999982,0.0,0.0,0.08661429031576706,0.08661429031576706,0.5454545454545454,0.2727272727272727,0.044020902416567205,0.3056793754317853,1.0,0.01438927802166601,0.9090909090909091,0.9090909090909091,0.9090909090909091,0.9090909090909091,0.5454545454545454,0.18181818181818182,-2.5389495501817723,0.22859420529360222,0.07516146944035527,0.026288822780981155,-2.3314683517128287e-15
ZERO,0,1,BUYHOLD,COVID,1.0,92,18,0.3613963039014374,0.09137008939043605,0.17534673481457186,0.421459891305733,0.312258642805467,0.41604607800596816,0.5615432554217901,0.3314938400367165,0.27563133414580443,72,False,72,1.0,0.0,1.0000000000000002,0.0,0.0,0.14387144108251693,0.14387144108251695,0.3333333333333333,0.1111111111111111,0.043350214987362204,0.5089858971721861,0.9444444444444444,0.035581659653158695,1.0,1.0,1.0,1.0,0.16666666666666666,0.1111111111111111,-2.0172700483624078,0.26481957680289425,0.12664832062081594,0.03855362189130534,1.1379786002407855e-15
ZERO,0,1,BUYHOLD,2022,1.0,250,49,0.9883641341546886,-0.3376954837308437,-0.35839987569999454,0.3222645326642971,0.23937477070898194,-1.1121294445186112,-1.497233290870559,-0.9315640449314474,0.36250377584688154,249,True,0,1.0,0.0,1.0000000000000002,0.0,0.0,0.07536583571341748,0.09073972297539527,0.3469387755102041,0.12244897959183673,0.03803033961794519,0.3001217169953161,0.9795918367346939,0.010353769351564769,1.0,1.0,1.0,1.0,0.2857142857142857,0.12244897959183673,-0.37173557105417715,0.24481127910182943,0.08668814700553157,0.02870464178807477,-9.43689570931383e-16
ZERO,0,1,BUYHOLD,2023_PLUS,1.0,912,182,3.6386036960985626,0.3132740919559748,0.29481675318875017,0.2035418986895778,0.13771015631880953,1.4484327555496366,2.1408497460871865,1.2960506533271272,0.24171438913422116,88,False,88,1.0,0.0,1.0000000000000002,0.0,0.0,0.036440876690192026,0.0470172369393304,0.16483516483516483,0.005494505494505495,0.017997368904222967,0.20080157030273565,0.4945054945054945,0.009718569337858644,0.8571428571428571,0.8571428571428571,0.8461538461538461,0.8461538461538461,0.09340659340659341,0.038461538461538464,0.17644015727304987,0.17203298125773334,0.03511259897515613,0.01941367932420709,-8.881784197001252e-16
ZERO,0,1,BUYHOLD,2024_PLUS,1.0,662,132,2.642026009582478,0.24180329822952376,0.24019018237164694,0.2113558599035655,0.14674629483730456,1.1364254697325995,1.636771699332799,1.0003678270690515,0.24171438913422094,88,False,88,1.0,0.0,1.0000000000000002,0.0,0.0,0.03973538788127862,0.04896011084708086,0.17424242424242425,0.007575757575757576,0.018783079134402036,0.2088647023813075,0.5,0.010724909098413081,0.8409090909090909,0.8409090909090909,0.8257575757575758,0.8257575757575758,0.09848484848484848,0.03787878787878788,0.16571887543625527,0.1719027765382527,0.03606556478282237,0.01956540531663441,2.7755575615628914e-16
ZERO,0,1,BUYHOLD,EX_MAJOR_SHOCKS,1.0,3982,793,15.824777549623546,0.2324287781798974,0.22647914731604918,0.18470074420785756,0.1298587817236643,1.2261950989281085,1.7440418299779694,0.9615843682803361,0.24171438913422116,88,False,182,1.0,0.0,1.0000004049637632,0.06327845367145857,6.327845367145857e-06,0.036140405740174075,0.05348838904732318,0.1424968474148802,0.017654476670870115,0.016398233540234997,0.1858445218277842,0.38209331651954603,0.010448951368897681,0.617906683480454,0.617906683480454,0.6279949558638083,0.6279949558638083,0.07818411097099622,0.04539722572509458,-0.05565083486145409,0.15011168221468735,0.02626096147008557,0.017314679063692596,7.787604283993055e-06
ZERO,0,1,VOL,ALL,0.8131932460550195,5085,1017,20.216290212183434,0.13299614564401038,0.13675466015302795,0.15218405903073637,0.11023305649916043,0.8986135671766241,1.2405957386663728,0.42495453413256595,0.3129655879904597,592,False,592,0.8318356592677818,0.1681643407322182,0.6486284265192055,3.2892153237192407,0.00032892153237192414,0.032823153295505114,0.04911172837569719,0.119960668633235,0.014749262536873156,0.014534932090574654,0.1523452214814686,0.24680432645034414,0.007794515118558242,0.6666666666666666,0.671583087512291,0.6823992133726647,0.6853490658800393,0.05703048180924287,0.05309734513274336,-0.12576703508776077,0.1250318934298235,0.010008559555572753,0.01443361071683506,0.00037203591688211857
ZERO,0,1,MATCH_VOL,ALL,0.8414011894115041,5085,1017,20.216290212183434,0.13760949894122063,0.14573339054189874,0.18159083907738083,0.12972558965686132,0.802537128427485,1.1233974031444363,0.3026162486475788,0.45473268390646815,757,False,757,0.8318356592744796,0.16816434072552044,0.8307262005454957,0.19068253025357684,1.9068253025357686e-05,0.03673596577046512,0.056028507813741316,0.13077679449360866,0.02261553588987217,0.016112110419608618,0.18315721275628796,0.3421828908554572,0.009578027781055976,0.48770894788593905,0.48770894788593905,0.4886922320550639,0.4886922320550639,0.06686332350049164,0.05309734513274336,-0.1257769263606068,0.13394178640593682,0.023286725861210365,0.016131708866499096,2.1652158647661457e-05
ZERO,0,1,VOL,GFC,2.650818856581392,755,151,2.9924709103353866,0.06684925315584629,0.07677658955398331,0.15577550243387978,0.1113833899476028,0.49286690368128827,0.6893001693529054,0.2135993723306204,0.31296558799046226,545,True,48,0.7069224333871207,0.2930775666128793,0.4828010861893756,3.079720421012939,0.0003079720421012939,0.03645347441020008,0.05001645337939168,0.10596026490066225,0.026490066225165563,0.015574855983266767,0.158345881068467,0.33112582781456956,0.006106524004253171,0.8211920529801324,0.8278145695364238,0.8410596026490066,0.8410596026490066,0.06622516556291391,0.059602649006622516,-0.16962767821697583,0.13562618876593444,0.010529444869724533,0.015213490157998997,0.0003290032757721495
ZERO,0,1,MATCH_VOL,GFC,0.9856524165756695,755,151,2.9924709103353866,0.024856518488899422,0.04584230658157189,0.20638422248956645,0.14870670713593773,0.22212117781381957,0.30827329489359157,0.062196023263543974,0.3996480351094891,545,True,46,0.7069224333892089,0.2930775666107911,0.7055246049875074,0.2766934943696622,2.7669349436966222e-05,0.04110437317373905,0.06294660694875193,0.12582781456953643,0.019867549668874173,0.018498391046602072,0.2052200748409518,0.4304635761589404,0.008308127849259574,0.5496688741721855,0.5496688741721855,0.5827814569536424,0.5827814569536424,0.09933774834437085,0.059602649006622516,-0.16963152466304987,0.15016537182241527,0.029844935049834317,0.017754543025164087,2.8391264355019652e-05
ZERO,0,1,VOL,2011,-0.7447678017363432,251,49,0.9883641341546886,-0.01951358626140235,-0.0080949981963719,0.1514440530602721,0.1145378456907991,-0.053452070469549785,-0.07067531388904215,-0.14946283992916623,0.13055811244219817,218,True,13,0.7886107524727816,0.21138924752721844,0.660262034607736,3.8656724821524557,0.00038656724821524554,0.04574580619028967,0.0514028395406889,0.12244897959183673,0.02040816326530612,0.01714421353725625,0.16047738699776243,0.32653061224489793,0.007559711764608165,0.7346938775510204,0.7346938775510204,0.7551020408163265,0.7551020408163265,0.10204081632653061,0.10204081632653061,-0.31371810566852965,0.13156061548903686,0.009935831626063657,0.014843602365102883,0.0003820418656566918
ZERO,0,1,MATCH_VOL,2011,0.9479531363442455,251,49,0.9883641341546886,0.024837224776224742,0.03909026881980543,0.17182588069498,0.1261721058433497,0.22749930721552516,0.30981704362086465,0.20595034693807598,0.12059812059307995,110,True,55,0.7886107524674322,0.21138924753256783,0.7871717992210591,0.2059698684328105,2.0596986843281057e-05,0.03861906492199907,0.05523191687496047,0.16326530612244897,0.04081632653061224,0.018397186460173347,0.17918572727218054,0.3877551020408163,0.008390105903978805,0.46938775510204084,0.46938775510204084,0.5306122448979592,0.5306122448979592,0.08163265306122448,0.10204081632653061,-0.3138786416247564,0.14341421110963615,0.023898281793803433,0.016449930397894903,2.127254440456583e-05
ZERO,0,1,VOL,2015_2016,0.6399391773194095,503,100,1.9931553730321698,0.05560138028665118,0.06774054916943302,0.16445411060969406,0.12560198483540697,0.4119115595122128,0.539327059665518,0.3191200670049987,0.17423341881468157,286,False,286,0.9089903951465468,0.09100960485345322,0.8330452314162857,3.0768009339986144,0.0003076800933998615,0.02953288418268718,0.06273642826053324,0.12,0.02,0.014245196303578553,0.16548751123711147,0.18,0.012819325802945192,0.5,0.5,0.52,0.52,0.04,0.07,-0.5814781337929269,0.11577068532892384,0.007774678737994736,0.013717414993940764,0.0003253101378652562
ZERO,0,1,MATCH_VOL,2015_2016,0.9261556359363213,503,100,1.9931553730321698,0.08046941575608203,0.09244780481795867,0.17353944097254986,0.1280188052748796,0.5327192729206837,0.7221423807186488,0.5088377839628379,0.15814355437480443,72,False,182,0.9089903951510409,0.09100960484895915,0.9082244943197206,0.07802132967085786,7.802132967085785e-06,0.03336359321626703,0.06622677900941365,0.12,0.03,0.014818175194920673,0.1818050364300415,0.22,0.015052458574034398,0.3,0.3,0.32,0.32,0.05,0.07,-0.5815010236312497,0.12154017597849194,0.0179279197851646,0.014954819512514301,8.442166067643142e-06
ZERO,0,1,VOL,2018Q4,,62,11,0.24914442162902123,-0.46978702315672083,-0.6214618722498297,0.20192333301478685,0.17306057391716878,-3.0777120354105887,-3.591007808325409,-2.7699331466539014,0.1696022966201285,62,True,0,0.6200320001618538,0.3799679998381462,0.608111734822048,5.056693555201008,0.0005056693555201007,0.0765658821947156,0.0765658821947156,0.45454545454545453,0.09090909090909091,0.028681443273660543,0.18891594548510374,0.6363636363636364,0.008550881147027135,0.9090909090909091,0.9090909090909091,0.9090909090909091,0.9090909090909091,0.36363636363636365,0.18181818181818182,-2.5389647729256595,0.1371360675945552,0.012596713996557124,0.015236182133834895,0.000264830880851219
ZERO,0,1,MATCH_VOL,2018Q4,,62,11,0.24914442162902123,-0.3635934686181605,-0.4374287592586609,0.20013310690215605,0.16047024778911997,-2.185689144737644,-2.7259181392522223,-2.5806838045171725,0.14089035936201655,62,True,0,0.620032000167065,0.37996799983293505,0.6187709495679579,0.4742198845623065,4.7421988456230656e-05,0.05373251444193494,0.05373251444193494,0.5454545454545454,0.09090909090909091,0.027400730271250118,0.18918947344197865,0.6363636363636364,0.008861573170260173,0.8181818181818182,0.8181818181818182,0.8181818181818182,0.8181818181818182,0.2727272727272727,0.18181818181818182,-2.5389512614312477,0.14713690095972834,0.021544190815517294,0.01630864870538327,2.9803333355282735e-05
ZERO,0,1,VOL,COVID,-1.5329116928006181,92,18,0.3613963039014374,-0.14006227839883711,-0.1299215027389647,0.19714463236133176,0.1597491954312277,-0.6590161810788803,-0.813284238385389,-0.8468792503352324,0.16538636215658165,91,True,0,0.49756116386803056,0.5024388361319694,0.4162376209352283,5.543872462570563,0.0005543872462570563,0.10809911284131346,0.10809911284131346,0.16666666666666666,0.1111111111111111,0.021625172268471184,0.20476045811823332,0.3333333333333333,0.014290775119708629,1.0,1.0,1.0,1.0,0.1111111111111111,0.1111111111111111,-2.016982254561839,0.13946072852565383,0.014083424035953326,0.015310031920330834,0.0004817370682919375
ZERO,0,1,MATCH_VOL,COVID,0.7537137393311483,92,18,0.3613963039014374,0.06886689173748684,0.08750856954923522,0.20835855187038693,0.1541888730075002,0.4199902944404771,0.5675414045277998,0.4794054134069449,0.14365063433071612,66,False,66,0.49756116386976396,0.5024388361302361,0.4942703537876887,0.5844756229659813,5.8447562296598136e-05,0.07137230508191839,0.0713723050819184,0.1111111111111111,0.1111111111111111,0.02170210577111166,0.25130655893717896,0.4444444444444444,0.017332110449526775,0.6666666666666666,0.6666666666666666,0.5555555555555556,0.5555555555555556,0.1111111111111111,0.1111111111111111,-2.0172470238673905,0.16010468508832304,0.04135572092545718,0.019125778390625677,6.311126073485496e-05
ZERO,0,1,VOL,2022,,250,49,0.9883641341546886,-0.26471044735922117,-0.2896492065566426,0.18186337501833652,0.14175808960432665,-1.592674756681704,-2.043264037806292,-0.9833541400879016,0.26919136918013975,249,True,0,0.5663339787838866,0.4336660212161134,0.553081499537494,3.7998662705827932,0.0003799866270582794,0.04592835934694617,0.056645061067385656,0.2653061224489796,0.04081632653061224,0.021891632327435906,0.16462868293287336,0.46938775510204084,0.005444775015132189,1.0,1.0,1.0,1.0,0.12244897959183673,0.12244897959183673,-0.37166340490889593,0.14108047529596612,0.015041632162721166,0.01559859438828417,0.00028050111808763933
ZERO,0,1,MATCH_VOL,2022,,250,49,0.9883641341546886,-0.20001565109247058,-0.20571041189019978,0.18210662645079473,0.13560493154446032,-1.1296151924805593,-1.5169832656325941,-0.9137174519723713,0.21890317478418764,249,True,0,0.566333978779417,0.43366602122058295,0.5650383188483782,0.4051909186832264,4.0519091868322644e-05,0.042777208861737304,0.05150328412443649,0.24489795918367346,0.04081632653061224,0.02168273833427853,0.1696806102467858,0.4489795918367347,0.00575443362213984,0.7959183673469388,0.7959183673469388,0.7551020408163265,0.7551020408163265,0.10204081632653061,0.12244897959183673,-0.371731537695504,0.14755063825964745,0.020470302013905567,0.016292440093418646,3.253664717489668e-05
ZERO,0,1,VOL,2023_PLUS,0.7114706243868835,912,182,3.6386036960985626,0.22288531380815133,0.2140755225192014,0.1528674468517216,0.10710834087945784,1.4003996725794108,1.9986820891953396,1.2231233672836777,0.18222635571351797,151,False,151,0.8337080559468134,0.1662919440531866,0.7174201473531217,4.092789978131044,0.00040927899781310445,0.029680291950259452,0.03730398582164605,0.13186813186813187,0.0,0.014448180731842633,0.15258999296494005,0.26373626373626374,0.006699950059814364,0.8571428571428571,0.8626373626373627,0.8461538461538461,0.8461538461538461,0.04945054945054945,0.038461538461538464,0.17640617961910027,0.13427174826835883,0.012939601698639837,0.0151978953257942,0.000497916474861082
ZERO,0,1,MATCH_VOL,2023_PLUS,0.8233442327041077,912,182,3.6386036960985626,0.2579324168675681,0.2451324677336691,0.169377176672756,0.11471502886169326,1.4472579632572078,2.1368818904209514,1.2620776322733787,0.20437127659330656,88,False,88,0.8337080559418398,0.16629194405816017,0.8321351308429891,0.14644167234597033,1.4644167234597034e-05,0.03036574265959313,0.03917909994104804,0.12637362637362637,0.005494505494505495,0.015017734963548426,0.16717141655626463,0.32967032967032966,0.008047876290710236,0.6318681318681318,0.6318681318681318,0.5989010989010989,0.5989010989010989,0.04945054945054945,0.038461538461538464,0.17643922304933032,0.13952554886204677,0.021049695891612607,0.01617709990008926,1.8322502559453557e-05
ZERO,0,1,VOL,2024_PLUS,0.6687859688010095,662,132,2.642026009582478,0.16171465306571148,0.16275019927826379,0.15445891686156965,0.11244287166546063,1.0536795323000032,1.4474034402329854,0.8874383314779467,0.1822263557135183,151,False,151,0.8302381371606635,0.16976186283933647,0.6931871843644488,4.149209129762091,0.0004149209129762092,0.029513110913573448,0.03784427407221224,0.13636363636363635,0.0,0.014854718962251795,0.15570924884989146,0.29545454545454547,0.0072567120534158865,0.8409090909090909,0.8484848484848485,0.8257575757575758,0.8257575757575758,0.03787878787878788,0.03787878787878788,0.16568934625041576,0.13294730160339596,0.012562847761565805,0.015091283149011028,0.0004793781792883367
ZERO,0,1,MATCH_VOL,2024_PLUS,0.826111577234385,662,132,2.642026009582478,0.19975650408086826,0.19852017129771699,0.17504546288432185,0.12171229026258684,1.1341063517247991,1.6310610117468156,0.981099393888749,0.2036047574029176,88,False,88,0.8302381371559603,0.1697618628440397,0.8281859794979145,0.14690612218169238,1.469061221816924e-05,0.03297768748195418,0.04063315123687953,0.12878787878787878,0.007575757575757576,0.015609333027849032,0.17309412413719324,0.3484848484848485,0.008837002091899334,0.6060606060606061,0.6060606060606061,0.5833333333333334,0.5833333333333334,0.06060606060606061,0.03787878787878788,0.16571813904628782,0.13896897368562375,0.02185441764106305,0.016237615891322874,1.7524944013497246e-05
ZERO,0,1,VOL,EX_MAJOR_SHOCKS,0.7828705558805137,3982,793,15.824777549623546,0.1819616467763249,0.17848858539738818,0.14809485512860057,0.10636513465614583,1.2052315068095696,1.6780741732185174,0.9985473619545505,0.18222635571351797,151,False,286,0.8798314232764826,0.12016857672351744,0.772771972248918,3.2497408762042648,0.0003249740876204265,0.029680291950259452,0.04503427921281119,0.11223203026481715,0.008827238335435058,0.013727573097278694,0.14906214377586974,0.21437578814627994,0.008008022175675167,0.6090794451450189,0.6141235813366961,0.6242118537200504,0.6279949558638083,0.04918032786885246,0.04539722572509458,-0.05565474302529336,0.12166981509191582,0.009500018173519344,0.014190523254653949,0.0003836099792534631
ZERO,0,1,MATCH_VOL,EX_MAJOR_SHOCKS,0.8768561705508539,3982,793,15.824777549623546,0.20380660836063869,0.19903744756660383,0.16236291873342634,0.11417985159923365,1.2258799553449216,1.7431923827087872,0.948507516438924,0.21487084164162462,88,False,182,0.8798314232693162,0.12016857673068382,0.8790555362582841,0.15621916725057533,1.5621916725057527e-05,0.03179080275023449,0.04705084122495866,0.1223203026481715,0.013871374527112233,0.014437354703928929,0.16337935052888283,0.2786885245901639,0.0091687826787389,0.45397225725094575,0.45397225725094575,0.46279949558638084,0.46279949558638084,0.05170239596469105,0.04539722572509458,-0.055650976904819724,0.12754106292920114,0.018345435051848512,0.015230712765643166,1.877865074950691e-05
ZERO,0,1,CORE_VOL,ALL,0.911616357461275,5085,1017,20.216290212183434,0.14909305068205023,0.15592756478283407,0.18221783719279797,0.1309391511288982,0.8557206428581021,1.1908398934810334,0.352614695953423,0.4228214319851944,620,False,620,0.9159169088329586,0.08408309116704138,0.8238730937634935,1.6624672530244216,0.00016624672530244218,0.03797513881814352,0.05742164381599853,0.14454277286135694,0.02359882005899705,0.01694714578302373,0.18312704637137173,0.39823008849557523,0.009485096802296547,0.6764995083579154,0.6774827925270404,0.6853490658800393,0.6853490658800393,0.07866273352999016,0.05309734513274336,-0.12577163243162912,0.14997110319476617,0.023195535555600753,0.0169149915721252,0.00019069340793154144
ZERO,0,1,MATCH_CORE_VOL,ALL,0.9213122905523655,5085,1017,20.216290212183434,0.1506788013456139,0.16072709245068906,0.2000763654962482,0.14289762090613498,0.8033287292681404,1.1247709474202212,0.3077233009320598,0.4896567822105915,758,False,758,0.9159169088261627,0.08408309117383728,0.9153016273784071,0.12770633250096014,1.2770633250096013e-05,0.04045286187761177,0.06169731590253325,0.1504424778761062,0.029498525073746312,0.017729427761689558,0.20182611704904518,0.40216322517207476,0.010570413524262006,0.5801376597836775,0.5801376597836775,0.5909537856440511,0.5909537856440511,0.08161258603736479,0.05309734513274336,-0.12577703488771133,0.15067558244712537,0.029591893531579733,0.017763918067484244,1.4667813407726049e-05
ZERO,0,1,CORE_VOL,GFC,1.907451377012776,755,151,2.9924709103353866,0.04810275876369732,0.0709594569774539,0.2191376357373728,0.15736884074909518,0.32381227778917815,0.450911734747985,0.11376613181089142,0.42282143198519295,545,True,48,0.8533028641444199,0.14669713585558009,0.7405509267116455,1.5367455028256807,0.00015367455028256807,0.046469673918053456,0.06825199860218963,0.15894039735099338,0.039735099337748346,0.02084740485044053,0.21966695163946665,0.6490066225165563,0.008736597724784393,0.8344370860927153,0.8344370860927153,0.8410596026490066,0.8410596026490066,0.11258278145695365,0.059602649006622516,-0.16963019620825234,0.18414854870358913,0.0372877104973182,0.020159944318991815,0.0001612712366264174
ZERO,0,1,MATCH_CORE_VOL,GFC,1.0229113968188601,755,151,2.9924709103353866,0.02579612814816444,0.05657492664009835,0.24934887183044738,0.17952482710072865,0.2268906461247928,0.31513706239836686,0.055601678785875706,0.463945131000565,545,True,46,0.8533028641457304,0.14669713585426958,0.852440173240831,0.16744064978276005,1.6744064978276006e-05,0.049607360448577165,0.07596789520799244,0.152317880794702,0.046357615894039736,0.022291275440129567,0.24817436772673285,0.6291390728476821,0.010075169467956158,0.7549668874172185,0.7549668874172185,0.7682119205298014,0.7682119205298014,0.11920529801324503,0.059602649006622516,-0.1696322125530363,0.184647751489139,0.04557525188587935,0.021427398257582296,1.7196584975186918e-05
ZERO,0,1,CORE_VOL,2011,0.14872991371382827,251,49,0.9883641341546886,0.0038968575093330225,0.020514801730033685,0.1825667527270781,0.13587089086041304,0.11236877155120124,0.15098746758869466,0.028930911969173252,0.13469528763853833,110,True,108,0.8942465201203653,0.10575347987963468,0.8295021074102934,1.9167878193188523,0.00019167878193188524,0.048960907305171775,0.0603453711602135,0.1836734693877551,0.04081632653061224,0.02022417799118467,0.19206027780096677,0.5510204081632653,0.009068706279692742,0.7346938775510204,0.7346938775510204,0.7551020408163265,0.7551020408163265,0.10204081632653061,0.10204081632653061,-0.3138088201488486,0.1649189111600435,0.026137127284969072,0.017847763371863064,0.00019393805749687255
ZERO,0,1,MATCH_CORE_VOL,2011,0.9848101027374685,251,49,0.9883641341546886,0.025802910445464206,0.04428082541841071,0.1950169382182663,0.14317263543264083,0.22706143283231559,0.30928274306470904,0.18940724926125416,0.13622979345354203,110,True,55,0.8942465201263267,0.10575347987367334,0.8934264540823319,0.11682271708380637,1.1682271708380637e-05,0.04378454671829346,0.0626192504724881,0.1836734693877551,0.04081632653061224,0.020847746634332757,0.20339359603829835,0.5714285714285714,0.009557198169911447,0.6122448979591837,0.6122448979591837,0.6530612244897959,0.6530612244897959,0.08163265306122448,0.10204081632653061,-0.31387987559252006,0.1667278968832442,0.033509789134193564,0.018650189990917422,1.2076749887748872e-05
ZERO,0,1,CORE_VOL,2015_2016,0.8216199042871846,503,100,1.9931553730321698,0.07138678544531753,0.08456992960663726,0.1763395798127563,0.13224339172705493,0.47958563639789004,0.6395021218238731,0.41050549561073824,0.17389970708945157,259,False,259,0.9545105841873198,0.04548941581268018,0.9165099919623043,1.5360767222294862,0.00015360767222294866,0.03136689911704682,0.06703965458414449,0.13,0.03,0.015271884246122625,0.1813861617304204,0.23,0.014560509562814983,0.5,0.5,0.52,0.52,0.05,0.07,-0.5814886755786696,0.12946749575905311,0.01523083721245228,0.015085990473137712,0.00016482436791515065
ZERO,0,1,MATCH_CORE_VOL,2015_2016,0.9635712430025541,503,100,1.9931553730321698,0.0837202862620257,0.09702735333878588,0.18230635956893224,0.13452390516352417,0.5322214407012975,0.7212647686732084,0.504743919489246,0.1658668545165296,72,False,182,0.9545105841915333,0.04548941580846666,0.9541078905870689,0.040976627538068376,4.097662753806838e-06,0.03503693917633166,0.06954839098785207,0.13,0.03,0.015556509065066946,0.19095788946528774,0.25,0.015811568653881617,0.38,0.38,0.43,0.43,0.05,0.07,-0.5815011351241233,0.13001433077958202,0.02016858985097168,0.015704897668456497,4.447138319638166e-06
ZERO,0,1,CORE_VOL,2018Q4,,62,11,0.24914442162902123,-0.4989154756274845,-0.6649952688023952,0.2609925680929906,0.21482517335876888,-2.547947145243845,-3.095518362235042,-2.5521776017932862,0.1954861900194257,62,True,0,0.8100761996843413,0.1899238003156587,0.8038576042949586,2.4597652519604356,0.0002459765251960436,0.0765658821947156,0.0765658821947156,0.5454545454545454,0.18181818181818182,0.03636649127803712,0.24610064721039904,0.8181818181818182,0.011354389637623755,0.9090909090909091,0.9090909090909091,0.9090909090909091,0.9090909090909091,0.45454545454545453,0.18181818181818182,-2.5389553179346964,0.1927476995314464,0.04228038593469625,0.02076250245740802,0.00012173037965018674
ZERO,0,1,MATCH_CORE_VOL,2018Q4,,62,11,0.24914442162902123,-0.45124283280780697,-0.5730613158506438,0.26173446333586414,0.20989217815221514,-2.1894759618081983,-2.730265229012279,-2.4830395135414074,0.18173002497420065,62,True,0,0.8100761996838776,0.18992380031612244,0.8092528721939435,0.31180340615624635,3.118034061562463e-05,0.0701844319821483,0.0701844319821483,0.5454545454545454,0.18181818181818182,0.03573013170893078,0.24739927929928932,1.0,0.011616700395017873,0.9090909090909091,0.9090909090909091,0.9090909090909091,0.9090909090909091,0.45454545454545453,0.18181818181818182,-2.5389504179755984,0.19397739847258252,0.04697082595962445,0.02130207928446851,1.689693476769616e-05
ZERO,0,1,CORE_VOL,COVID,-0.25695628319204233,92,18,0.3613963039014374,-0.023478118564691106,0.02187596673787144,0.3017171602174738,0.22934618028733528,0.07250488080327791,0.09538404655557917,-0.10643065019214633,0.22059546307670297,77,False,77,0.7494111723544428,0.25058882764555723,0.7079598406425341,2.6975519153448513,0.00026975519153448515,0.10809681993685638,0.10809681993685638,0.2222222222222222,0.1111111111111111,0.03257172537271004,0.3481238268507572,0.8333333333333334,0.024140440413815186,1.0,1.0,1.0,1.0,0.1111111111111111,0.1111111111111111,-2.0171457766099268,0.22627333957019635,0.07707579747733674,0.026931826905818086,0.0002661441181967504
ZERO,0,1,MATCH_CORE_VOL,COVID,0.9480994379884404,92,18,0.3613963039014374,0.08662793040002598,0.13163767340765092,0.3148083419570043,0.23310075038754088,0.41815179543631553,0.5647243657036588,0.40971085134179286,0.2114367489079717,71,False,71,0.7494111723539855,0.25058882764601453,0.7469081889621394,0.44240567516656554,4.424056751665656e-05,0.10766691540225981,0.10766691540225981,0.2222222222222222,0.1111111111111111,0.03258786710768044,0.3799498196184994,0.8333333333333334,0.02638129567950229,0.9444444444444444,0.9444444444444444,0.9444444444444444,0.9444444444444444,0.1111111111111111,0.1111111111111111,-2.0172586062596043,0.22461279719966087,0.08517895985625779,0.028851758562340044,4.856408012289537e-05
ZERO,0,1,CORE_VOL,2022,,250,49,0.9883641341546886,-0.30066549958428235,-0.3246882190813488,0.2507419078370833,0.18954990911240283,-1.2949100606361794,-1.7129431536092647,-0.9560906941617675,0.31447382703362103,249,True,0,0.7830353230872366,0.21696467691276344,0.7760310857512382,1.889466017398327,0.00018894660173983272,0.06346484001369024,0.07305971536684766,0.30612244897959184,0.08163265306122448,0.029983643239105556,0.23144847771266913,0.8979591836734694,0.007854818937709736,1.0,1.0,1.0,1.0,0.22448979591836735,0.12244897959183673,-0.3717043699815049,0.2051180167399345,0.04915514180301178,0.022151618088179472,0.00013264442074750749
ZERO,0,1,MATCH_CORE_VOL,2022,,250,49,0.9883641341546886,-0.27064060713226606,-0.28255658873740064,0.2520590608730934,0.18746510887176082,-1.1209935788805552,-1.5072489512205123,-0.9229464677864718,0.29323543301633836,249,True,0,0.7830353230914703,0.21696467690852972,0.7821334854226358,0.28077353823282164,2.807735382328217e-05,0.05908181081865993,0.0711338799328173,0.30612244897959184,0.08163265306122448,0.029879662581548325,0.23480113613195983,0.8979591836734694,0.008030577016870126,1.0,1.0,1.0,1.0,0.22448979591836735,0.12244897959183673,-0.37173358580295046,0.2052382891765228,0.05228421671470524,0.022502433634658474,2.0555429789848034e-05
ZERO,0,1,CORE_VOL,2023_PLUS,0.854748972921544,912,182,3.6386036960985626,0.26777070834229877,0.2541655474684324,0.17613082321401727,0.12142802896402968,1.4430497900960517,2.0931373887632088,1.274807900838917,0.21004788891415405,94,False,115,0.9169135499465682,0.08308645005343185,0.8580353089750461,2.038380445908697,0.00020383804459086978,0.034068453871842985,0.04139439458636214,0.14835164835164835,0.0,0.016225307009123568,0.17503708526608486,0.4065934065934066,0.00811644551115027,0.8571428571428571,0.8626373626373627,0.8461538461538461,0.8461538461538461,0.07692307692307693,0.038461538461538464,0.17642647780157122,0.15630573288904598,0.023944561699986534,0.01730578732500065,0.00025705804574294167
ZERO,0,1,MATCH_CORE_VOL,2023_PLUS,0.9112485320231651,912,182,3.6386036960985626,0.28547055641577207,0.2699566348860196,0.18645382804320776,0.12621561139292328,1.4478471035921097,2.1388529668141802,1.2790139671287142,0.2231958084528436,88,False,88,0.916913549945767,0.08308645005423299,0.9160425732651817,0.08044933568787119,8.044933568787119e-06,0.03340478133831515,0.0431000770748897,0.14835164835164835,0.005494505494505495,0.01650928985619069,0.18398479426926037,0.3956043956043956,0.008880680721443724,0.7637362637362637,0.7637362637362637,0.7527472527472527,0.7527472527472527,0.07142857142857142,0.038461538461538464,0.17643969126879,0.15641860435683577,0.0278044493218313,0.017796169606371745,1.0285985991287383e-05
ZERO,0,1,CORE_VOL,2024_PLUS,0.8338122432182858,662,132,2.642026009582478,0.20161855051433938,0.20107859893413613,0.1804442627557338,0.12846043867114457,1.114352963420815,1.5652959075509012,0.9598694448042759,0.21004788891415416,94,False,115,0.9151754950130432,0.08482450498695682,0.8457069315607358,2.0645679422022383,0.0002064567942202238,0.0365385944494897,0.042768137792415784,0.1590909090909091,0.0,0.01682171716751052,0.18034003672005303,0.4166666666666667,0.008883782553515678,0.8409090909090909,0.8484848484848485,0.8257575757575758,0.8257575757575758,0.07575757575757576,0.03787878787878788,0.16570781828772854,0.15595476086228044,0.02428367980845275,0.017328344232822722,0.0002466962186381816
ZERO,0,1,MATCH_CORE_VOL,2024_PLUS,0.9129642778543652,662,132,2.642026009582478,0.22075777355092085,0.2193189788156951,0.19318797223962975,0.13423081868573827,1.135262078032749,1.633894369140112,0.9907500683200018,0.2228188325288295,88,False,88,0.9151754950092799,0.08482450499072014,0.9140366078492896,0.08090076950723224,8.090076950723222e-06,0.036358234763684494,0.04479870316517246,0.1590909090909091,0.007575757575757576,0.01719804136544346,0.19097286675912786,0.4166666666666667,0.00977762482550321,0.7196969696969697,0.7196969696969697,0.7045454545454546,0.7045454545454546,0.07575757575757576,0.03787878787878788,0.1657185082743664,0.15611634279906159,0.028763461228648403,0.017902329965162275,9.819837754054817e-06
ZERO,0,1,CORE_VOL,EX_MAJOR_SHOCKS,0.8918516361605726,3982,793,15.824777549623546,0.2072919861105443,0.20236334738819617,0.16486310749956268,0.11716456969320777,1.2274628960802099,1.727171856800047,0.98687964531395,0.21004788891415405,94,False,259,0.9399381771241386,0.06006182287586137,0.8861113187299069,1.6506433567138337,0.00016506433567138338,0.033062038199804245,0.048810490802658264,0.12988650693568726,0.015132408575031526,0.015065138545056098,0.16607734308667826,0.308953341740227,0.009141480525641671,0.617906683480454,0.6191677175283733,0.6279949558638083,0.6279949558638083,0.0617906683480454,0.04539722572509458,-0.055651476388861164,0.13837711600227365,0.017732505383260825,0.01575260115917327,0.00019900644710840742
ZERO,0,1,MATCH_CORE_VOL,EX_MAJOR_SHOCKS,0.9383811062766644,3982,793,15.824777549623546,0.21810677399898556,0.21275510855056814,0.17353063714681577,0.12201952226552111,1.2260377305626238,1.7436153215515913,0.9550535517236773,0.22837125060196595,88,False,182,0.9399381771205612,0.06006182287943884,0.9395224720220515,0.1131662281555593,1.131662281555593e-05,0.033966218426991435,0.05027052171025752,0.13240857503152584,0.015132408575031526,0.015418496692432037,0.17461112076927557,0.3203026481715006,0.009808175482163147,0.5283732660781841,0.5283732660781841,0.5435056746532156,0.5435056746532156,0.07313997477931904,0.04539722572509458,-0.055650905775846866,0.1391356579255354,0.02217758378915099,0.016272987009028895,1.376507234784885e-05
ZERO,0,3,BUYHOLD,ALL,1.0,5085,1017,20.216290212183434,0.16353651182451517,0.17576123949592806,0.21859002568882152,0.15608339495158424,0.8040679758468793,1.1260726328412303,0.31280804917824073,0.5228014824239087,761,False,761,1.0,0.0,1.000000616544092,0.04954265932609598,1.4862797797828791e-05,0.044170306453956365,0.0673669467465383,0.168141592920354,0.032448377581120944,0.01934488093122517,0.22052746778901208,0.47099311701081614,0.011567848016397573,0.6764995083579154,0.6774827925270404,0.6853490658800393,0.6863323500491643,0.09734513274336283,0.05309734513274336,-0.12577190395107343,0.16621877267264487,0.03634826480730003,0.01939637242741534,1.7263859510951995e-05
ZERO,0,3,BUYHOLD,GFC,1.0,755,151,2.9924709103353866,0.02521834073643786,0.06774886567588936,0.2925071856818413,0.21043921521532824,0.2316143636538881,0.32194030759222575,0.04823693425564899,0.5228014824239076,545,True,46,1.0,0.0,1.0,0.0,0.0,0.058124506762131545,0.0890108537839654,0.2251655629139073,0.0728476821192053,0.026079487010715392,0.2913983919267302,0.7152317880794702,0.011865703518121962,0.8344370860927153,0.8344370860927153,0.8410596026490066,0.8410596026490066,0.12582781456953643,0.059602649006622516,-0.16963290652624533,0.21403756485282932,0.06272102409480772,0.02510639847998463,6.071532165918825e-16
ZERO,0,3,BUYHOLD,2011,1.0,251,49,0.9883641341546886,0.026200899415774706,0.04947803757043654,0.21827885348449513,0.16021662664652125,0.22667352691565737,0.30881961882519043,0.17265884302600845,0.1517495365808048,110,True,55,1.0,0.0,0.9999999999999994,0.0,0.0,0.04895348877415595,0.07001148828641822,0.22448979591836735,0.04081632653061224,0.023297595086573253,0.22768262162933053,0.6122448979591837,0.010736967289898513,0.7346938775510204,0.7346938775510204,0.7551020408163265,0.7551020408163265,0.16326530612244897,0.10204081632653061,-0.31388112607301694,0.18712659509003501,0.04330799432626789,0.02085192437862324,2.4424906541753444e-15
ZERO,0,3,BUYHOLD,2015_2016,1.0,503,100,1.9931553730321698,0.08688541389129313,0.10159890232515334,0.19107510807991776,0.1410340588607214,0.531722333411735,0.7203855802341166,0.5005900764226814,0.1735659933816387,72,False,182,1.0,0.0,1.0,0.0,0.0,0.03670936630915489,0.0728681805952108,0.13,0.03,0.016293981782477256,0.20010966319044216,0.27,0.016570760950499284,0.5,0.5,0.52,0.52,0.06,0.07,-0.581501246358968,0.13825218192365035,0.022679336219866276,0.01645456595233466,-5.273559366969494e-16
ZERO,0,3,BUYHOLD,2018Q4,1.0,62,11,0.24914442162902123,-0.5289552733768641,-0.7093384933401233,0.32342420700991986,0.2593995857842623,-2.19321398326368,-2.734539807361399,-2.3890268173076854,0.22141035401727738,62,True,0,1.0,0.0,0.9999999999999998,0.0,0.0,0.08661429031576695,0.08661429031576695,0.5454545454545454,0.2727272727272727,0.04402090241656724,0.3056793754317853,1.0,0.01438927802166601,0.9090909090909091,0.9090909090909091,0.9090909090909091,0.9090909090909091,0.5454545454545454,0.18181818181818182,-2.5389495501817754,0.22859420529360222,0.07516146944035527,0.026288822780981155,-4.440892098500626e-16
ZERO,0,3,BUYHOLD,COVID,1.0,92,18,0.3613963039014374,0.0913700893904379,0.17534673481457336,0.4214598913057328,0.31225864280546695,0.41604607800597193,0.561543255421795,0.3314938400367232,0.27563133414580443,72,False,72,1.0,0.0,0.9999999999999993,0.0,0.0,0.1438714410825167,0.1438714410825167,0.3333333333333333,0.1111111111111111,0.043350214987362176,0.5089858971721861,0.9444444444444444,0.035581659653158695,1.0,1.0,1.0,1.0,0.16666666666666666,0.1111111111111111,-2.017270048362406,0.26481957680289425,0.12664832062081594,0.03855362189130534,-7.216449660063518e-16
ZERO,0,3,BUYHOLD,2022,1.0,250,49,0.9883641341546886,-0.33769548373084446,-0.3583998756999958,0.322264532664297,0.2393747707089819,-1.1121294445186154,-1.4972332908705648,-0.931564044931449,0.36250377584688176,249,True,0,1.0,0.0,1.0000000000000002,0.0,0.0,0.07536583571341737,0.09073972297539526,0.3469387755102041,0.12244897959183673,0.038030339617945184,0.3001217169953161,0.9795918367346939,0.010353769351564769,1.0,1.0,1.0,1.0,0.2857142857142857,0.12244897959183673,-0.37173557105417726,0.24481127910182943,0.08668814700553157,0.02870464178807477,-1.6653345369377348e-16
ZERO,0,3,BUYHOLD,2023_PLUS,1.0,912,182,3.6386036960985626,0.3132740919559753,0.2948167531887505,0.2035418986895778,0.1377101563188095,1.4484327555496384,2.1408497460871896,1.296050653327132,0.2417143891342206,88,False,88,1.0,0.0,1.0000000000000002,0.0,0.0,0.036440876690191915,0.04701723693933037,0.16483516483516483,0.005494505494505495,0.01799736890422296,0.20080157030273565,0.4945054945054945,0.009718569337858644,0.8571428571428571,0.8571428571428571,0.8461538461538461,0.8461538461538461,0.09340659340659341,0.038461538461538464,0.17644015727305007,0.17203298125773334,0.03511259897515613,0.01941367932420709,-1.3877787807814457e-15
ZERO,0,3,BUYHOLD,2024_PLUS,1.0,662,132,2.642026009582478,0.24180329822952532,0.24019018237164816,0.21135585990356553,0.14674629483730456,1.1364254697326053,1.6367716993328074,1.0003678270690584,0.24171438913422083,88,False,88,1.0,0.0,1.0000000000000004,0.0,0.0,0.039735387881278506,0.04896011084708083,0.17424242424242425,0.007575757575757576,0.018783079134402032,0.2088647023813075,0.5,0.010724909098413081,0.8409090909090909,0.8409090909090909,0.8257575757575758,0.8257575757575758,0.09848484848484848,0.03787878787878788,0.16571887543625555,0.1719027765382527,0.03606556478282237,0.01956540531663441,-1.27675647831893e-15
ZERO,0,3,BUYHOLD,EX_MAJOR_SHOCKS,1.0,3982,793,15.824777549623546,0.2324132054546929,0.22646651170046483,0.1847009074182502,0.1298589263566572,1.2261256041782056,1.743942584882268,0.9615199421398,0.2417143891342206,88,False,182,1.0,0.0,1.000001214648383,0.06326580177629282,1.8979740532887844e-05,0.036140405740173964,0.053488389047323164,0.1424968474148802,0.017654476670870115,0.01639847682094599,0.1858445218277842,0.38209331651954603,0.010448951368897681,0.617906683480454,0.6191677175283733,0.6279949558638083,0.6292559899117276,0.07818411097099622,0.04539722572509458,-0.055644115779402085,0.15011415483046758,0.02626096147008557,0.017314679063692596,2.3360329488492093e-05
ZERO,0,3,VOL,ALL,0.808702834855112,5085,1017,20.216290212183434,0.13225244071480197,0.13609690070467897,0.15218650145247245,0.11025650824562053,0.894277083747679,1.2343661419196525,0.42175342194535786,0.31357763525612015,592,False,592,0.8318356592677818,0.1681643407322182,0.6486389871341761,3.289154778265858,0.0009867464334797574,0.03285244038837676,0.04912939070052199,0.119960668633235,0.014749262536873156,0.014540366177705117,0.1523452214814686,0.24680432645034414,0.0077945151185582415,0.6666666666666666,0.672566371681416,0.6823992133726647,0.6863323500491643,0.05703048180924287,0.05309734513274336,-0.1257416094506392,0.12507858743477773,0.010039501959748976,0.01443361071683506,0.001115740846090535
ZERO,0,3,MATCH_VOL,ALL,0.8411956104251392,5085,1017,20.216290212183434,0.13756619589102104,0.14569524342876078,0.18159086781901002,0.129726725419781,0.8023269296447987,1.1230935102794544,0.3025028742569754,0.45475996295545573,757,False,757,0.8318356592744796,0.16816434072552044,0.830726298429456,0.19067892958271437,5.720367887481429e-05,0.036736166717236785,0.056029109144197474,0.13077679449360866,0.02261553588987217,0.016112491199849553,0.18315721275628796,0.3421828908554572,0.009578027781055976,0.48770894788593905,0.48770894788593905,0.4886922320550639,0.4886922320550639,0.06686332350049164,0.05309734513274336,-0.12577125364832173,0.13394804252910647,0.023287740794045955,0.016131708866499096,6.495520884725048e-05
ZERO,0,3,VOL,GFC,2.6247385498996234,755,151,2.9924709103353866,0.06619155109543251,0.07616148942503391,0.15578178921613708,0.11140841695498219,0.488898540761814,0.6836241956100065,0.21108505088817706,0.3135776352561209,545,True,48,0.7069224333871207,0.2930775666128793,0.48281880773338576,3.0796850629353023,0.0009239055188805907,0.03645617635514253,0.05002760307289325,0.10596026490066225,0.026490066225165563,0.015580088610978376,0.158345881068467,0.33112582781456956,0.006106524004253172,0.8211920529801324,0.8278145695364238,0.8410596026490066,0.8410596026490066,0.06622516556291391,0.059602649006622516,-0.1696172269843055,0.13563534059864288,0.010529444869724533,0.015213490157998997,0.0009867053361859307
ZERO,0,3,MATCH_VOL,GFC,0.9834008685273867,755,151,2.9924709103353866,0.02479973818303257,0.0457870571372491,0.20638463596570067,0.14870915821103867,0.22185303146721885,0.30789668698326567,0.06204708774304552,0.3996922190084936,545,True,46,0.7069224333892089,0.2930775666107911,0.7055260210095271,0.27669364682799863,8.300809404839956e-05,0.041105067649666704,0.06294784682820358,0.12582781456953643,0.019867549668874173,0.018498818199725663,0.20522007484095187,0.4304635761589404,0.008308127849259576,0.5496688741721855,0.5496688741721855,0.5827814569536424,0.5827814569536424,0.09933774834437085,0.059602649006622516,-0.1696287612743426,0.15018018152701273,0.029844935049834317,0.017754543025164087,8.517157022187166e-05
ZERO,0,3,VOL,2011,-0.7739137043313252,251,49,0.9883641341546886,-0.02027723512367466,-0.008867135092882044,0.15145021662739655,0.11456419830307818,-0.058548183623251586,-0.07739883160901756,-0.15465429797834906,0.13111329842584385,218,True,13,0.7886107524727816,0.21138924752721844,0.6602967337148972,3.8656485564762346,0.0011596945669428702,0.045761749707447064,0.05144068517490723,0.12244897959183673,0.02040816326530612,0.017153415370356653,0.16047738699776243,0.32653061224489793,0.007559711764608165,0.7346938775510204,0.7346938775510204,0.7551020408163265,0.7551020408163265,0.10204081632653061,0.10204081632653061,-0.31339256452970293,0.13160597438228147,0.009945045243790657,0.014843602365102883,0.0011456907279289996
ZERO,0,3,MATCH_VOL,2011,0.9463293793223869,251,49,0.9883641341546886,0.024794680881818368,0.03904902090836498,0.17182557777567517,0.1261731133192226,0.22725965140850543,0.3094876545494247,0.20558871775148788,0.12060331497271048,110,True,55,0.7886107524674322,0.21138924753256783,0.787170412827512,0.20597015134397778,6.179104540319332e-05,0.03861909737346381,0.05523264993143377,0.16326530612244897,0.04081632653061224,0.018397574999963837,0.17918572727218054,0.3877551020408163,0.008390105903978807,0.46938775510204084,0.46938775510204084,0.5306122448979592,0.5306122448979592,0.08163265306122448,0.10204081632653061,-0.3138736740567718,0.14342284035414582,0.023898281793803433,0.016449930397894903,6.381643881094023e-05
ZERO,0,3,VOL,2015_2016,0.6324543665380299,503,100,1.9931553730321698,0.05495105940401234,0.06712266479515594,0.16443894482619167,0.12561346064769707,0.4081920184181619,0.5343588533350906,0.3153523080776619,0.17425291648881647,286,False,286,0.9089903951465468,0.09100960485345322,0.8329869826481827,3.0767333023125865,0.0009230199906937758,0.02956309231978671,0.06275232204180407,0.12,0.02,0.014249412244206386,0.16548751123711147,0.18,0.012819325802945192,0.5,0.5,0.52,0.52,0.04,0.07,-0.5814319232630227,0.11582680807422183,0.007813486930652364,0.013717414993940764,0.0009756310205040961
ZERO,0,3,MATCH_VOL,2015_2016,0.9259613055679624,503,100,1.9931553730321698,0.08045253128159456,0.09243210031438796,0.17353884145542733,0.12801926301711622,0.5326306176714262,0.7220171256729525,0.5087283541664148,0.1581443822084998,72,False,182,0.9089903951510409,0.09100960484895915,0.9082213583472606,0.07802234939707922,2.340670481912376e-05,0.03336377517227607,0.06622707235663002,0.12,0.03,0.014818261266435031,0.18180503643004153,0.22,0.015052458574034398,0.3,0.3,0.32,0.32,0.05,0.07,-0.5815005784317214,0.12154017597849194,0.0179279197851646,0.014954819512514301,2.532664055511502e-05
ZERO,0,3,VOL,2018Q4,,62,11,0.24914442162902123,-0.4703163369594395,-0.622478610963168,0.20188335635328153,0.17307484130416323,-3.083357747797073,-3.5965863453788685,-2.769679935781087,0.1698089121719416,62,True,0,0.6200320001618539,0.3799679998381461,0.6080019951388542,5.056928388394482,0.0015170785165183444,0.0765658821947156,0.0765658821947156,0.45454545454545453,0.09090909090909091,0.028688323718625116,0.18891594548510374,0.6363636363636364,0.008550881147027137,0.9090909090909091,0.9090909090909091,0.9090909090909091,0.9090909090909091,0.36363636363636365,0.18181818181818182,-2.538995153948205,0.1371360675945552,0.012728468403797145,0.015236182133834895,0.000794144683569864
ZERO,0,3,MATCH_VOL,2018Q4,,62,11,0.24914442162902123,-0.3636530659224189,-0.43752399402692904,0.20013018545590452,0.1604718493715321,-2.1861969149243126,-2.726484400475454,-2.580739637040449,0.14091040440617653,62,True,0,0.620032000167065,0.37996799983293505,0.6187619202406361,0.4741917714082504,0.0001422575314224751,0.05373270582718259,0.05373270582718259,0.5454545454545454,0.09090909090909091,0.02740115115409526,0.18918947344197867,0.6363636363636364,0.008861573170260172,0.8181818181818182,0.8181818181818182,0.8181818181818182,0.8181818181818182,0.2727272727272727,0.18181818181818182,-2.5389546820734377,0.14715881732687136,0.021544190815517294,0.01630864870538327,8.940063761370132e-05
ZERO,0,3,VOL,COVID,-1.5434479343280394,92,18,0.3613963039014374,-0.1410249757290397,-0.13102777597733867,0.1971527228953748,0.15981113422737206,-0.6646003872179468,-0.819891408760783,-0.8520541935807437,0.16551174419597015,91,True,0,0.49756116386803073,0.5024388361319693,0.4162574987772155,5.543877724437305,0.0016631633173311913,0.10810827860051608,0.10810827860051608,0.16666666666666666,0.1111111111111111,0.02163449065629233,0.20476045811823335,0.3333333333333333,0.014290775119708629,1.0,1.0,1.0,1.0,0.1111111111111111,0.1111111111111111,-2.016406989421929,0.13954767901325174,0.014145018991229016,0.015310031920330834,0.0014444343984945096
ZERO,0,3,MATCH_VOL,COVID,0.7523324073238594,92,18,0.3613963039014374,0.06874067930850437,0.08739152015822553,0.20835788109897566,0.15419296610509137,0.41942987564128753,0.566767229178685,0.47848025482351664,0.14366461022275367,66,False,66,0.49756116386976407,0.5024388361302359,0.49426875998517195,0.584477825465151,0.00017534334763954533,0.07137269756805154,0.07137269756805154,0.1111111111111111,0.1111111111111111,0.021703000567300307,0.2513065589371789,0.4444444444444444,0.017332110449526768,0.6666666666666666,0.6666666666666666,0.5555555555555556,0.5555555555555556,0.1111111111111111,0.1111111111111111,-2.017200967915997,0.16012919681385815,0.04135572092545718,0.019125778390625677,0.00018932368971731617
ZERO,0,3,VOL,2022,,250,49,0.9883641341546886,-0.2652711378732208,-0.2904067441511405,0.18187144111287265,0.14179315949248078,-1.5967693573776045,-2.048101228511948,-0.9834248269154128,0.26974216087798397,249,True,0,0.5663339787838867,0.4336660212161133,0.5531003539623708,3.799862531144259,0.0011399587593432777,0.045930028700872705,0.05666380300324178,0.2653061224489796,0.04081632653061224,0.021898023121994143,0.16462868293287336,0.46938775510204084,0.005444775015132189,1.0,1.0,1.0,1.0,0.12244897959183673,0.12244897959183673,-0.37151919479993967,0.1411611712625162,0.015094013045835693,0.01559859438828417,0.0008411916320872903
ZERO,0,3,MATCH_VOL,2022,,250,49,0.9883641341546886,-0.20008071770316654,-0.20579130399758863,0.18210699492533874,0.13560811565268888,-1.1300571078115924,-1.5175441602967819,-0.913808569401012,0.21895255133612557,249,True,0,0.566333978779417,0.43366602122058295,0.5650394663480557,0.4051791254320911,0.00012155373762962733,0.042777981942824894,0.05150410786716219,0.24489795918367346,0.04081632653061224,0.021683371929517057,0.16968061024678582,0.4489795918367347,0.00575443362213984,0.7959183673469388,0.7959183673469388,0.7551020408163265,0.7551020408163265,0.10204081632653061,0.12244897959183673,-0.371723468426692,0.147554630466859,0.020470302013905567,0.016292440093418646,9.760325787086521e-05
ZERO,0,3,VOL,2023_PLUS,0.7082937799885142,912,182,3.6386036960985626,0.2218900907639671,0.2132561092059506,0.15286598867286708,0.10713053278722613,1.3950526932600964,1.9906193281937874,1.2158163828415622,0.18250296170987068,153,False,153,0.8337080559468134,0.1662919440531866,0.717416623736234,4.092720951633921,0.001227816285490176,0.02972175329623672,0.03731933368501373,0.13186813186813187,0.0,0.014454130458829113,0.15258999296494005,0.26373626373626374,0.006699950059814365,0.8571428571428571,0.8626373626373627,0.8461538461538461,0.8461538461538461,0.04945054945054945,0.038461538461538464,0.17633829050015443,0.13436769619275368,0.0129995676693672,0.0151978953257942,0.0014931395190453112
ZERO,0,3,MATCH_VOL,2023_PLUS,0.8232272532241907,912,182,3.6386036960985626,0.25789577022722004,0.24510313214487192,0.16937705702591174,0.11471575997412876,1.4470857886459523,2.136612547396702,1.261864141250139,0.20437681189016166,88,False,88,0.8337080559418398,0.16629194405816017,0.8321345449008138,0.14644809589648175,4.393442876894452e-05,0.030366060841706455,0.03917991826508951,0.12637362637362637,0.005494505494505495,0.015017929025435599,0.1671714165562646,0.32967032967032966,0.008047876290710236,0.6318681318681318,0.6318681318681318,0.5989010989010989,0.5989010989010989,0.04945054945054945,0.038461538461538464,0.17643735439520852,0.13952951739704017,0.021050682337841423,0.01617709990008926,5.496914290753496e-05
ZERO,0,3,VOL,2024_PLUS,0.6648233830428294,662,132,2.642026009582478,0.16075648675986723,0.1619192323117353,0.15445469937122283,0.11246353927088132,1.0483282993065293,1.4397486808745568,0.8808431668929606,0.18250296170987068,153,False,153,0.8302381371606635,0.16976186283933647,0.693174483256407,4.149150719523596,0.0012447452158570783,0.029525747756108167,0.03786336312092487,0.13636363636363635,0.0,0.014860254784669638,0.15570924884989146,0.29545454545454547,0.0072567120534158865,0.8409090909090909,0.8484848484848485,0.8257575757575758,0.8257575757575758,0.03787878787878788,0.03787878787878788,0.16563035029360298,0.1330367384955018,0.012622672507250368,0.015091283149011028,0.0014375444851325858
ZERO,0,3,MATCH_VOL,2024_PLUS,0.8259666208060086,662,132,2.642026009582478,0.19972145313838854,0.19849075046232165,0.17504535460851747,0.12171304592609063,1.1339389777365925,1.630809162255735,0.9809001224531063,0.20361038658952413,88,False,88,0.8302381371559603,0.1697618628440397,0.8281854701596274,0.14691114731489263,4.407334419446779e-05,0.03297910424090189,0.04063403018336281,0.12878787878787878,0.007575757575757576,0.015609539520530593,0.17309412413719327,0.3484848484848485,0.008837002091899335,0.6060606060606061,0.6060606060606061,0.5833333333333334,0.5833333333333334,0.06060606060606061,0.03787878787878788,0.1657166660281177,0.13897151800685384,0.02185441764106305,0.016237615891322874,5.257588649321132e-05
ZERO,0,3,VOL,EX_MAJOR_SHOCKS,0.7796235263516073,3982,793,15.824777549623546,0.1811948028072683,0.17783837327761343,0.1480957556681425,0.10638611863407137,1.2008336935470256,1.671631370341757,0.9928321223373788,0.18250296170987068,153,False,286,0.8798314232764826,0.12016857672351744,0.7727759010305678,3.249670377079718,0.0009749011131239154,0.02972175329623672,0.045052966095598945,0.11223203026481715,0.008827238335435058,0.013732906381625972,0.14906214377586977,0.21437578814627994,0.008008022175675167,0.6090794451450189,0.6153846153846154,0.6242118537200504,0.6292559899117276,0.04918032786885246,0.04539722572509458,-0.05565583535766555,0.12172048395548962,0.009534006072436334,0.014190523254653949,0.001150453948310065
ZERO,0,3,MATCH_VOL,EX_MAJOR_SHOCKS,0.8767533321701788,3982,793,15.824777549623546,0.20376905232275438,0.1990061830997066,0.16236292328145338,0.11418056637706898,1.2256873618537452,1.7429076542019435,0.9483143352627095,0.21487501005276344,88,False,182,0.8798314232693162,0.12016857673068382,0.8790554961302605,0.1562131701844433,4.686395105533298e-05,0.03179119627020932,0.047051294679269016,0.1223203026481715,0.013871374527112233,0.01443771672403497,0.16337935052888283,0.2786885245901639,0.0091687826787389,0.45397225725094575,0.45397225725094575,0.46279949558638084,0.46279949558638084,0.05170239596469105,0.04539722572509458,-0.05564454202089207,0.12754773707277775,0.01834667135973863,0.015230712765643166,5.633468863380786e-05
ZERO,0,3,CORE_VOL,ALL,0.9093489768915042,5085,1017,20.216290212183434,0.14871175971202824,0.15559514706078945,0.18221906147280997,0.1309514454808091,0.8538906182655691,1.1881896109622698,0.3514986769249322,0.42307914502844024,620,False,620,0.9159169088329586,0.08408309116704138,0.8238784416336634,1.6624462071494421,0.0004987338621448326,0.03799881205268707,0.05742907506857912,0.1455260570304818,0.02359882005899705,0.01694994286019591,0.18312704637137173,0.39823008849557523,0.009485096802296547,0.6764995083579154,0.6794493608652901,0.6853490658800393,0.6863323500491643,0.07866273352999016,0.05309734513274336,-0.125755383143956,0.15003395052465965,0.023205752955863246,0.0169149915721252,0.0005719843779535272
ZERO,0,3,MATCH_CORE_VOL,ALL,0.9211977518647315,5085,1017,20.216290212183434,0.15064946704054347,0.16070155111902634,0.2000764233516477,0.14289828838267446,0.8032008390942826,1.1245869557840724,0.30765452541189753,0.4896708957518152,758,False,758,0.9159169088261627,0.08408309117383728,0.9153018543953511,0.1276999441202014,3.830998323606041e-05,0.04045297216373145,0.061697645289933316,0.1504424778761062,0.029498525073746312,0.017729723737561442,0.20182611704904516,0.40216322517207476,0.010570413524262008,0.5801376597836775,0.5801376597836775,0.5909537856440511,0.5909537856440511,0.08161258603736479,0.05309734513274336,-0.12577157924543148,0.15068140396971325,0.029592334475051652,0.017763918067484244,4.400211847815916e-05
ZERO,0,3,CORE_VOL,GFC,1.894664355409534,755,151,2.9924709103353866,0.04778029129590103,0.07065271673395815,0.21914056347657015,0.15738068963696608,0.3224082096581454,0.4489287529298195,0.11293464085233834,0.42307914502843813,545,True,48,0.8533028641444199,0.14669713585558009,0.7405601433729945,1.536735055091316,0.00046102051652739467,0.04648163677510575,0.06825721371846935,0.15894039735099338,0.039735099337748346,0.020850011310723265,0.21966695163946665,0.6490066225165563,0.008736597724784393,0.8344370860927153,0.8410596026490066,0.8410596026490066,0.8410596026490066,0.11258278145695365,0.059602649006622516,-0.1696247769698976,0.18421396403692372,0.037297163434963136,0.020159944318991815,0.00048373870442271205
ZERO,0,3,MATCH_CORE_VOL,GFC,1.0215476152919387,755,151,2.9924709103353866,0.025761735840927648,0.056541502250655545,0.24934910736165086,0.17952630237021458,0.22675638525005387,0.31494829172194,0.055524678318895855,0.4639691146515036,545,True,46,0.8533028641457304,0.14669713585426958,0.8524409792040877,0.16744054864257846,5.023216459277354e-05,0.04960777511396697,0.07596863095364799,0.152317880794702,0.046357615894039736,0.02229153179147925,0.2481743677267329,0.6291390728476821,0.010075169467956158,0.7549668874172185,0.7549668874172185,0.7682119205298014,0.7682119205298014,0.11920529801324503,0.059602649006622516,-0.16963082480484948,0.1846595009105592,0.04557937036632481,0.021427398257582296,5.1588892211979626e-05
ZERO,0,3,CORE_VOL,2011,0.13393002630421136,251,49,0.9883641341546886,0.0035090871479487025,0.020132094421025596,0.18257030522947437,0.13588416035684803,0.11027036623355245,0.14815629995546437,0.026035383034018523,0.1347814681029903,218,True,13,0.8942465201203654,0.10575347987963457,0.8295194877818103,1.9167941219576574,0.0005750382365872973,0.04897573991741999,0.06036259136490928,0.1836734693877551,0.04081632653061224,0.02022873630140556,0.19206027780096677,0.5510204081632653,0.00906870627969274,0.7346938775510204,0.7346938775510204,0.7551020408163265,0.7551020408163265,0.10204081632653061,0.10204081632653061,-0.3136642975020113,0.1649979866001227,0.026145833839263145,0.017847763371863064,0.0005817084188811925
ZERO,0,3,MATCH_CORE_VOL,2011,0.9838882597178988,251,49,0.9883641341546886,0.025778757329230288,0.04425742613361789,0.19501676411129704,0.1431732047379003,0.22694164953101137,0.309118079843485,0.18922591372844352,0.13623270101485763,110,True,55,0.8942465201263268,0.10575347987367323,0.8934256568688482,0.11682281147891643,3.504684344367493e-05,0.04378456502040273,0.06261966446501667,0.1836734693877551,0.04081632653061224,0.02084796664220706,0.20339359603829835,0.5714285714285714,0.009557198169911445,0.6122448979591837,0.6122448979591837,0.6530612244897959,0.6530612244897959,0.08163265306122448,0.10204081632653061,-0.3138773753206937,0.1667278968832442,0.033509789134193564,0.018650189990917422,3.6229866121666177e-05
ZERO,0,3,CORE_VOL,2015_2016,0.8178267075000418,503,100,1.9931553730321698,0.07105721197249466,0.08426153743625939,0.17633291699282183,0.13225160674957107,0.4778548377311169,0.6371305385787509,0.4085873924918717,0.17390945799657354,260,False,260,0.9545105841873198,0.04548941581268018,0.9164801924447116,1.5360612728022602,0.00046081838184067805,0.03136689911704671,0.06705273596231325,0.13,0.03,0.015273985468443687,0.1813861617304204,0.23,0.014560509562814983,0.5,0.5,0.52,0.52,0.05,0.07,-0.5814635497311401,0.1295234540939333,0.01524279193303148,0.015085990473137712,0.0004943978407380145
ZERO,0,3,MATCH_CORE_VOL,2015_2016,0.9634688736633648,503,100,1.9931553730321698,0.08371139185961946,0.09701910226027194,0.18230604055450467,0.13452414466566506,0.5321771125365745,0.7212021492602314,0.5046889847680301,0.16586728537000994,72,False,182,0.9545105841915333,0.04548941580846666,0.9541062214476693,0.040977174094719744,1.2293152228415922e-05,0.035037034573682124,0.06954854493212212,0.13,0.03,0.015556554159621951,0.19095788946528774,0.25,0.015811568653881617,0.38,0.38,0.43,0.43,0.05,0.07,-0.5815009127943299,0.13001433077958202,0.02016858985097168,0.015704897668456497,1.3341540725880785e-05
ZERO,0,3,CORE_VOL,2018Q4,,62,11,0.24914442162902123,-0.49915887444788337,-0.6654905874368504,0.2609741628266355,0.21483280506037344,-2.5500248002670447,-3.0977139978683925,-2.5521513565078315,0.1955835703768346,62,True,0,0.8100761996843413,0.1899238003156587,0.8038036321917957,2.459927450287055,0.0007379782350861167,0.0765658821947156,0.0765658821947156,0.5454545454545454,0.18181818181818182,0.036369837185881264,0.2461006472103991,0.8181818181818182,0.011354389637623759,0.9090909090909091,0.9090909090909091,0.9090909090909091,0.9090909090909091,0.45454545454545453,0.18181818181818182,-2.5389668520722135,0.19287968653570484,0.042324340869332344,0.02076250245740802,0.00036512920004905247
ZERO,0,3,MATCH_CORE_VOL,2018Q4,,62,11,0.24914442162902123,-0.45127662117547496,-0.5731240106479447,0.2617325365091297,0.20989322671047841,-2.189731617979231,-2.7305502880209565,-2.4830539238489484,0.18174257789615667,62,True,0,0.8100761996838776,0.18992380031612244,0.8092469159091535,0.3117788758306954,9.353366274920862e-05,0.07018455480968,0.07018455480968,0.5454545454545454,0.18181818181818182,0.035730404323446326,0.24739927929928926,1.0,0.011616700395017873,0.9090909090909091,0.9090909090909091,0.9090909090909091,0.9090909090909091,0.45454545454545453,0.18181818181818182,-2.538952152643839,0.19397739847258252,0.04697082595962445,0.02130207928446851,5.068530243568237e-05
ZERO,0,3,CORE_VOL,COVID,-0.2627797746218401,92,18,0.3613963039014374,-0.024010211497196655,0.021338189266401724,0.3017217208398196,0.229377814203363,0.07072142239878683,0.09302638679555818,-0.10881166013934285,0.2206584429136499,77,False,77,0.7494111723544425,0.25058882764555745,0.7079708312500548,2.6975981394897355,0.0008092794418469206,0.1081014012624747,0.1081014012624747,0.2222222222222222,0.1111111111111111,0.03257630531306091,0.34812382685075716,0.8333333333333334,0.024140440413815186,1.0,1.0,1.0,1.0,0.1111111111111111,0.1111111111111111,-2.0168973173780143,0.22639663432423054,0.07711270873921465,0.026931826905818086,0.0007982370507023002
ZERO,0,3,MATCH_CORE_VOL,COVID,0.9470364833550917,92,18,0.3613963039014374,0.08653080814016069,0.13154901538808197,0.3148077800318593,0.23310383637130191,0.4178709159435923,0.5643365524818851,0.4092321720714824,0.21144673866219388,71,False,71,0.7494111723539855,0.25058882764601453,0.7469068551524229,0.44240685896299736,0.00013272205768889917,0.10766719894087373,0.10766719894087373,0.2222222222222222,0.1111111111111111,0.032588532503218824,0.3799498196184994,0.8333333333333334,0.026381295679502283,0.9444444444444444,0.9444444444444444,0.9444444444444444,0.9444444444444444,0.1111111111111111,0.1111111111111111,-2.0172357161158185,0.22462508009940782,0.08519130005073924,0.028851758562340044,0.00014568633998818248
ZERO,0,3,CORE_VOL,2022,,250,49,0.9883641341546886,-0.30093071731048215,-0.32506471706291185,0.25074517116097356,0.1895666716906323,-1.2963947244041902,-1.7147777832667164,-0.9563545535530352,0.31466438486905146,249,True,0,0.7830353230872366,0.21696467691276344,0.7760400541429343,1.8894755606505313,0.0005668426681951594,0.06347448758817231,0.07306686351408256,0.30612244897959184,0.08163265306122448,0.029986815910141993,0.23144847771266913,0.8979591836734694,0.007854818937709736,1.0,1.0,1.0,1.0,0.22448979591836735,0.12244897959183673,-0.3716419953697435,0.2051787645185918,0.049175206793534806,0.022151618088179472,0.00039786214694731425
ZERO,0,3,MATCH_CORE_VOL,2022,,250,49,0.9883641341546886,-0.27068171373086786,-0.28261260217242107,0.25205930778111085,0.1874673039239653,-1.1212147040324447,-1.5075300932852038,-0.9229891815437731,0.2932663991555471,249,True,0,0.7830353230914704,0.2169646769085296,0.7821342530562458,0.2807617956509597,8.422853869528793e-05,0.0590823334548819,0.0711344338264916,0.30612244897959184,0.08163265306122448,0.029880099627991305,0.23480113613195988,0.8979591836734694,0.008030577016870127,1.0,1.0,1.0,1.0,0.22448979591836735,0.12244897959183673,-0.37172961347608346,0.20524229942672229,0.05228421671470524,0.022502433634658474,6.166202839164026e-05
ZERO,0,3,CORE_VOL,2023_PLUS,0.8531083672999227,912,182,3.6386036960985626,0.2672567491059279,0.25375739871707703,0.17613017516402987,0.12143997134268616,1.440737786587409,2.089570640633718,1.271926529390532,0.21011964365110702,94,False,115,0.9169135499465682,0.08308645005343185,0.858032805621601,2.0383633016985563,0.0006115089905095668,0.03407871769138615,0.04140460761426707,0.15384615384615385,0.0,0.01622826528321436,0.17503708526608486,0.4065934065934066,0.00811644551115027,0.8571428571428571,0.8626373626373627,0.8461538461538461,0.8461538461538461,0.07692307692307693,0.038461538461538464,0.17639912887993361,0.15639371902332003,0.0239526222002204,0.01730578732500065,0.0007710172821138173
ZERO,0,3,MATCH_CORE_VOL,2023_PLUS,0.9111828604332404,912,182,3.6386036960985626,0.2854499832080715,0.26994051647056233,0.18645376126209068,0.12621601254905315,1.4477611749066173,2.1387184638371575,1.2789047251769805,0.22319878689053219,88,False,88,0.916913549945767,0.08308645005423299,0.9160422457002285,0.0804531811635995,2.4135954349079847e-05,0.03340495555349565,0.0431005254290452,0.14835164835164835,0.005494505494505495,0.016509396251412026,0.18398479426926037,0.3956043956043956,0.008880680721443724,0.7637362637362637,0.7637362637362637,0.7527472527472527,0.7527472527472527,0.07142857142857142,0.038461538461538464,0.17643875913603715,0.1564215952078316,0.027805363701178032,0.017796169606371745,3.085919369183454e-05
ZERO,0,3,CORE_VOL,2024_PLUS,0.831772391656839,662,132,2.642026009582478,0.20112530767888417,0.20066508352000723,0.18044242930398963,0.12847208357378323,1.1120726111592563,1.5619353087300292,0.9571942165142951,0.2101196436511069,94,False,115,0.9151754950130434,0.0848245049869566,0.8456997372646352,2.0645577042128918,0.0006193673112638674,0.03656421470213311,0.042778289494301,0.1590909090909091,0.0,0.01682446959531298,0.18034003672005303,0.4166666666666667,0.00888378255351568,0.8409090909090909,0.8484848484848485,0.8257575757575758,0.8257575757575758,0.07575757575757576,0.03787878787878788,0.16568571145074282,0.1560474780604166,0.024289017157834034,0.017328344232822722,0.0007399390540933914
ZERO,0,3,MATCH_CORE_VOL,2024_PLUS,0.9128830525650308,662,132,2.642026009582478,0.22073813300806158,0.21930277466920167,0.19318791169175023,0.13423123429253195,1.135178556198279,1.633768592124186,0.9906484319197911,0.2228218668658165,88,False,88,0.9151754950092799,0.08482450499072014,0.9140363222049736,0.08090378181900561,2.427113454570168e-05,0.03635900926174884,0.044799186166633025,0.1590909090909091,0.007575757575757576,0.01719815482410585,0.1909728667591279,0.4166666666666667,0.00977762482550321,0.7196969696969697,0.7196969696969697,0.7045454545454546,0.7045454545454546,0.07575757575757576,0.03787878787878788,0.16571777381432873,0.156117702899165,0.028763461228648403,0.017902329965162275,2.9460380613327564e-05
ZERO,0,3,CORE_VOL,EX_MAJOR_SHOCKS,0.8901993043752786,3982,793,15.824777549623546,0.20689407382339634,0.20203307234801735,0.16486353391552466,0.11717596456788021,1.225456397480465,1.7241852720655804,0.9846488896913104,0.21011964365110702,94,False,260,0.9399381771241386,0.06006182287586137,0.8861132384120517,1.6506167950189055,0.0004951850385056715,0.03307510535435432,0.04882364410822281,0.13114754098360656,0.015132408575031526,0.015067912737056061,0.16607734308667826,0.308953341740227,0.00914148052564167,0.617906683480454,0.6204287515762925,0.6279949558638083,0.6292559899117276,0.0617906683480454,0.04539722572509458,-0.05564604347741212,0.13843870751859308,0.01774173125366832,0.01575260115917327,0.0005969187342563798
ZERO,0,3,MATCH_CORE_VOL,EX_MAJOR_SHOCKS,0.938325535966482,3982,793,15.824777549623546,0.21807924557396283,0.2127324722852446,0.17353071479569196,0.12201997143145125,1.2259067366587362,1.7434233903648642,0.9549238443802804,0.22837344240313773,88,False,182,0.9399381771205612,0.06006182287943884,0.9395228229372633,0.11315719693587409,3.394715908076222e-05,0.03396642835838104,0.05027076309283605,0.13240857503152584,0.015132408575031526,0.015418804079306132,0.17461112076927557,0.3203026481715006,0.009808175482163147,0.5283732660781841,0.5283732660781841,0.5435056746532156,0.5435056746532156,0.07313997477931904,0.04539722572509458,-0.05564432858409649,0.13913960483636206,0.02217758378915099,0.016272987009028895,4.129349737058696e-05
ZERO,1,0,BUYHOLD,ALL,1.0,5085,1017,20.216290212183434,0.1637542797373257,0.17594878930756302,0.21858968941717624,0.15608299549522794,0.804927212151194,1.127277117851973,0.3132245895288925,0.52280148242391,761,False,761,1.0,0.0,1.0000000000000002,0.049557522123893805,0.0,0.04294169174343243,0.06728819087855528,0.1750245821042281,0.03933136676499508,0.019353470238408867,0.2205240957144458,0.4837758112094395,0.011620565383551355,0.6833824975417896,0.6833824975417896,0.7010816125860374,0.7010816125860374,0.10422812192723697,0.05703048180924287,-0.10255701507145619,0.16635233729605758,0.036424185282267624,0.01942224266053013,0.0
ZERO,1,0,BUYHOLD,GFC,1.0,755,150,2.9924709103353866,0.025218340736437188,0.06774886567588874,0.2925071856818413,0.21043921521532827,0.23161436365388596,0.32194030759222275,0.04823693425564759,0.5228014824239088,545,True,46,1.0,0.0,1.0,0.0,0.0,0.06780609557139194,0.08381601151899526,0.24666666666666667,0.08666666666666667,0.02673802419761459,0.29196822060478766,0.7266666666666667,0.012074941670513383,0.8466666666666667,0.8466666666666667,0.86,0.86,0.18,0.05333333333333334,-0.22041522085205628,0.21412546653531905,0.0630382780127665,0.025158422337642494,0.0
ZERO,1,0,BUYHOLD,2011,1.0,251,49,0.9883641341546886,0.02620089941577654,0.049478037570438324,0.21827885348449513,0.1602166266465213,0.22667352691566556,0.3088196188252014,0.1726588430260208,0.1517495365808046,110,True,55,1.0,0.0,0.9999999999999994,0.0,0.0,0.04379943962172417,0.06248421498297902,0.20408163265306123,0.04081632653061224,0.023458065952804988,0.22767483068914934,0.6530612244897959,0.01019606104569807,0.7959183673469388,0.7959183673469388,0.8163265306122449,0.8163265306122449,0.10204081632653061,0.061224489795918366,-0.05023568620230264,0.18899220528606098,0.043398905543669326,0.020947930231766228,0.0
ZERO,1,0,BUYHOLD,2015_2016,1.0,503,100,1.9931553730321698,0.08688541389129241,0.10159890232515266,0.19107510807991784,0.1410340588607215,0.5317223334117313,0.7203855802341113,0.5005900764226747,0.17356599338163958,72,False,182,1.0,0.0,1.0000000000000004,0.0,0.0,0.03343551502253972,0.05518378450903503,0.15,0.02,0.016435490079085322,0.20006399212858897,0.3,0.017941259185145046,0.49,0.49,0.5,0.5,0.05,0.06,-0.15034097931693302,0.14098155261864237,0.025109916212365708,0.017025165686387216,0.0
ZERO,1,0,BUYHOLD,2018Q4,1.0,62,11,0.24914442162902123,-0.5289552733768615,-0.7093384933401179,0.32342420700991975,0.25939958578426203,-2.193213983263664,-2.7345398073613807,-2.389026817307685,0.22141035401727638,62,True,0,1.0,0.0,0.9999999999999999,0.0,0.0,0.08291808185525062,0.08291808185525062,0.6363636363636364,0.18181818181818182,0.043814403049944745,0.3079114405526997,1.0,0.013161184501508423,1.0,1.0,1.0,1.0,0.5454545454545454,0.2727272727272727,-0.4159755648165387,0.2321416080844118,0.07477851698218631,0.026400136828217846,0.0
ZERO,1,0,BUYHOLD,COVID,1.0,92,18,0.3613963039014374,0.0913700893904369,0.17534673481457277,0.42145989130573325,0.31225864280546706,0.4160460780059701,0.5615432554217928,0.3314938400367196,0.27563133414580443,72,False,72,1.0,0.0,1.0,0.0,0.0,0.14969396814825775,0.14969396814825778,0.2777777777777778,0.1111111111111111,0.043115890228185696,0.5088996484691735,1.0,0.0323996329137509,1.0,1.0,1.0,1.0,0.1111111111111111,0.05555555555555555,-1.9207493988832154,0.26444933750330696,0.1264673618820103,0.03862502072695048,0.0
ZERO,1,0,BUYHOLD,2022,1.0,250,49,0.9883641341546886,-0.33769548373084374,-0.35839987569999465,0.322264532664297,0.23937477070898183,-1.1121294445186118,-1.4972332908705601,-0.9315640449314486,0.3625037758468811,249,True,0,1.0,0.0,0.9999999999999999,0.0,0.0,0.07774541022914916,0.08983686324367239,0.42857142857142855,0.1836734693877551,0.03844128359570039,0.30035302807501707,0.9591836734693877,0.011655130592491788,1.0,1.0,1.0,1.0,0.32653061224489793,0.10204081632653061,-0.3051549817991349,0.24507218461249694,0.08718247225087536,0.028795780830525138,0.0
ZERO,1,0,BUYHOLD,2023_PLUS,1.0,913,182,3.6413415468856947,0.31379703701624684,0.2951005843287713,0.20343099450119181,0.13763471936090613,1.45061761631924,2.1440853419765236,1.2982141366933644,0.24171438913422116,88,False,88,1.0,0.0,1.0000000000000002,0.0,0.0,0.035841208776553946,0.05472396454898546,0.13736263736263737,0.016483516483516484,0.0176012393632274,0.20081186145344354,0.5439560439560439,0.01006056267495163,0.8626373626373627,0.8626373626373627,0.8626373626373627,0.8626373626373627,0.07692307692307693,0.038461538461538464,0.05901262498279718,0.1711294080101921,0.034640956652339606,0.01930857099036,0.0
ZERO,1,0,BUYHOLD,2024_PLUS,1.0,663,132,2.64476386036961,0.24255613964165668,0.24066343184624286,0.2111975602429938,0.14663558467832608,1.1395180492111132,1.6412348501503595,1.0034824178670172,0.2417143891342205,88,False,88,1.0,0.0,1.0000000000000004,0.0,0.0,0.037775300616400886,0.06098387703153996,0.14393939393939395,0.022727272727272728,0.018238684720032254,0.20891049024789823,0.553030303030303,0.011136039371257728,0.8409090909090909,0.8409090909090909,0.8409090909090909,0.8409090909090909,0.09090909090909091,0.03787878787878788,0.032614000897103895,0.1718548194413385,0.03608273666156173,0.019544673614755495,0.0
ZERO,1,0,BUYHOLD,EX_MAJOR_SHOCKS,1.0,3982,794,15.824777549623546,0.23270788184626107,0.22670601215053113,0.18470013807289795,0.1298583132381832,1.2274274102656826,1.7457951400824994,0.9627390519851969,0.24171438913422116,88,False,182,1.0,0.0,1.0,0.06328478151682572,0.0,0.03701186485452679,0.05360946205723752,0.14357682619647355,0.020151133501259445,0.016273729084446145,0.1857216014964929,0.3954659949622166,0.010630324366203332,0.6246851385390428,0.6246851385390428,0.6448362720403022,0.6448362720403022,0.07556675062972293,0.05415617128463476,-0.02644625747247514,0.15027381418952762,0.02628870307738393,0.017334064574195448,0.0
ZERO,1,0,VOL,ALL,0.815217245134438,5085,1017,20.216290212183434,0.13349531280643678,0.1373058202094462,0.15292820206936772,0.11060714002717562,0.8978449909923399,1.2413829719827387,0.41092293588016193,0.324867027732344,601,False,601,0.8324188083622144,0.16758119163778562,0.651514195310206,3.1410925955309765,0.0,0.03338582236550158,0.04759160986999479,0.13176007866273354,0.01376597836774828,0.014536001052091217,0.15375294490498687,0.25073746312684364,0.0082458792424509,0.671583087512291,0.671583087512291,0.6971484759095379,0.6971484759095379,0.058997050147492625,0.05703048180924287,-0.10255701507145565,0.12525719087093973,0.010057106461319564,0.014452859461143209,0.0
ZERO,1,0,MATCH_VOL,ALL,0.8418527800059395,5085,1017,20.216290212183434,0.13785699563473794,0.14597413508786683,0.18171448211377839,0.12981777732854236,0.8033159129081789,1.1244541240175143,0.3025109798991706,0.45570906444680725,757,False,757,0.8324188083669314,0.16758119163306862,0.831291089951962,0.19337091409576157,0.0,0.035739186033199366,0.05600210597231355,0.14060963618485742,0.02654867256637168,0.016132558081291274,0.18319310246480097,0.3303834808259587,0.00958403382347856,0.49065880039331367,0.49065880039331367,0.4975417895771878,0.4975417895771878,0.0688298918387414,0.05703048180924287,-0.1025570150714558,0.13409695827627782,0.023341793465607413,0.01616459704880611,0.0
ZERO,1,0,VOL,GFC,2.155791582075941,755,150,2.9924709103353866,0.05436548667353408,0.06517591017503437,0.15674412285840728,0.11346054926674141,0.4158108705224639,0.5744367588227366,0.16734688975061182,0.3248670277323473,545,True,48,0.7098717643815364,0.29012823561846357,0.48341161260724014,3.007599767968856,0.0,0.03190566190809985,0.051746709823608045,0.17333333333333334,0.02,0.016131264799838913,0.1594564599696577,0.32,0.006173646222540518,0.8333333333333334,0.8333333333333334,0.86,0.86,0.05333333333333334,0.05333333333333334,-0.220415220852054,0.13585306179655784,0.010557787010151799,0.0152267632260058,0.0
ZERO,1,0,MATCH_VOL,GFC,0.9787725986683076,755,150,2.9924709103353866,0.024683020896705467,0.04585307704693302,0.20725015348236386,0.1493498702783654,0.22124508125314815,0.3070178565369348,0.06140615916298996,0.4019632758855588,545,True,46,0.7098717643846922,0.29012823561530776,0.7084917697442711,0.2852417710204426,0.0,0.04812312147691411,0.05948562691966592,0.18666666666666668,0.04666666666666667,0.01905851668634502,0.2067495684589858,0.44666666666666666,0.008460701410121922,0.5466666666666666,0.5466666666666666,0.5666666666666667,0.5666666666666667,0.08666666666666667,0.05333333333333334,-0.22041522085205456,0.15110512681716504,0.030547994216928977,0.017855353624470938,0.0
ZERO,1,0,VOL,2011,-0.28117598628522744,251,49,0.9883641341546886,-0.0073670637347910085,0.00383502593950427,0.14955182763217675,0.11256848324834534,0.02564345752387948,0.03406838067670812,-0.06266191152859793,0.11756844876059669,218,True,13,0.7929919124031604,0.20700808759683964,0.6516799488011821,3.372341034556903,0.0,0.03487339100938347,0.045337106146920964,0.12244897959183673,0.02040816326530612,0.017152106867862768,0.15969379704962272,0.30612244897959184,0.007287882126306074,0.7959183673469388,0.7959183673469388,0.8163265306122449,0.8163265306122449,0.08163265306122448,0.061224489795918366,-0.050235686202301906,0.13388303050020936,0.010223912725940431,0.015008250889095276,0.0
ZERO,1,0,MATCH_VOL,2011,0.9221904305461996,251,49,0.9883641341546886,0.02416221871293264,0.038640207986354466,0.17300587094690545,0.12709242887102176,0.22334622388747105,0.3040323355970167,0.19851078625895832,0.12171740976035883,110,True,55,0.7929919124080057,0.2070080875919943,0.7925817688883604,0.18383327190045914,0.0,0.0347445257627772,0.04956648842982533,0.14285714285714285,0.02040816326530612,0.018634486753820546,0.18024177419118834,0.3877551020408163,0.008001114584170297,0.46938775510204084,0.46938775510204084,0.5102040816326531,0.5102040816326531,0.061224489795918366,0.061224489795918366,-0.050235686202305126,0.14570211893033452,0.024273681983267688,0.0166172423186315,0.0
ZERO,1,0,VOL,2015_2016,0.6981534891345071,503,100,1.9931553730321698,0.060659354863101575,0.0728788137874752,0.16697938630995252,0.12435869350524427,0.4364539563715679,0.5860371457215563,0.34902728935204747,0.17379545013718778,265,False,265,0.9010227515931841,0.09897724840681588,0.8400372612204797,3.017861546541003,0.0,0.029616176427678775,0.047580687889773654,0.12,0.01,0.014124804302069275,0.1754392501516919,0.18,0.015533754686188901,0.49,0.49,0.5,0.5,0.04,0.06,-0.15034097931693202,0.11635126042306103,0.007885785859708958,0.013753041891110644,0.0
ZERO,1,0,MATCH_VOL,2015_2016,0.9131014124297724,503,100,1.9931553730321698,0.07933519414368446,0.09108374598735215,0.17171443381884108,0.12687056795913013,0.5304373311066303,0.7179265250605146,0.5062820802979474,0.1567015646633111,72,False,182,0.9010227515875635,0.09897724841243649,0.8986621283756963,0.08047316744357133,0.0,0.030126400174534607,0.049722242177030765,0.12,0.02,0.014816843072937607,0.17939589572035114,0.24,0.01600388882291237,0.34,0.34,0.35,0.35,0.03,0.06,-0.15034097931693208,0.12281353370666057,0.019738252494293507,0.015340184057583441,0.0
ZERO,1,0,VOL,2018Q4,,62,11,0.24914442162902123,-0.451843689974972,-0.5871407216693088,0.20542400544802167,0.17397160697177494,-2.858189433064446,-3.374922677839989,-2.7532275692772687,0.1641141818486085,62,True,0,0.6294912965728322,0.3705087034271678,0.6171365082679368,5.1434033519577635,0.0,0.04430880678207805,0.04430880678207805,0.5454545454545454,0.0,0.02804417910072019,0.19536577948651107,0.5454545454545454,0.009246187473019283,1.0,1.0,1.0,1.0,0.2727272727272727,0.2727272727272727,-0.415975564816525,0.14072286039323548,0.01333918207171565,0.01551560807831559,0.0
ZERO,1,0,MATCH_VOL,2018Q4,,62,11,0.24914442162902123,-0.3697578941851338,-0.44662030981827283,0.2033725511480228,0.16313737839452813,-2.1960697611213247,-2.7376945382693063,-2.574067294551817,0.1436473300320278,62,True,0,0.6294912965680666,0.37050870343193343,0.6287818583751323,0.452192878464536,0.0,0.05235715104736893,0.05235715104736893,0.5454545454545454,0.09090909090909091,0.027698223227433972,0.19317910256558637,0.6363636363636364,0.008134491452762255,0.8181818181818182,0.8181818181818182,0.8181818181818182,0.8181818181818182,0.18181818181818182,0.2727272727272727,-0.41597556481654474,0.15225219550410232,0.02147569236742459,0.01666989781552315,0.0
ZERO,1,0,VOL,COVID,-1.6346480226310043,92,18,0.3613963039014374,-0.1493579359496958,-0.1391112307285109,0.20500602717579464,0.1647396291803958,-0.6785714188257581,-0.8444308841813593,-0.8773159844660842,0.1702441749543545,91,True,0,0.5043217577493748,0.4956782422506252,0.4287275817391788,6.196482151785482,0.0,0.1292053142335131,0.1292053142335131,0.1111111111111111,0.05555555555555555,0.021829235646650885,0.2031555588705061,0.3888888888888889,0.014107884675123153,1.0,1.0,1.0,1.0,0.05555555555555555,0.05555555555555555,-1.92074939888322,0.13995053323766393,0.014225628394507223,0.01535693836047495,0.0
ZERO,1,0,MATCH_VOL,COVID,0.7060914728257296,92,18,0.3613963039014374,0.06451564098991217,0.08408128316430764,0.2112769630830696,0.15652849726493667,0.3979671135809003,0.537162782710381,0.44226762842101647,0.14587466240802172,66,False,66,0.5043217577557065,0.49567824224429347,0.5011971305081517,0.47245066622095505,0.0,0.07548254227747209,0.0754825422774721,0.1111111111111111,0.05555555555555555,0.021908562212711924,0.25371363573000705,0.5,0.015885652792539513,0.6666666666666666,0.6666666666666666,0.6666666666666666,0.6666666666666666,0.1111111111111111,0.05555555555555555,-1.9207493988832107,0.16296807995153229,0.04357688912415788,0.019476501264918986,0.0
ZERO,1,0,VOL,2022,,250,49,0.9883641341546886,-0.2556066877353279,-0.27715076001082495,0.183287280710367,0.14180224569097827,-1.5121112547290296,-1.9544878056078474,-0.9259496731555642,0.27604814294522106,249,True,0,0.5653342249758357,0.43466577502416426,0.5582973883372029,4.040565152076227,0.0,0.04985094132920098,0.05442620353164038,0.2857142857142857,0.04081632653061224,0.021867034394162387,0.16588557565726517,0.40816326530612246,0.006182238564188568,1.0,1.0,1.0,1.0,0.14285714285714285,0.10204081632653061,-0.3051549817991335,0.14104807909404715,0.015043117486992977,0.015598872820838295,0.0
ZERO,1,0,MATCH_VOL,2022,,250,49,0.9883641341546886,-0.19840867673137993,-0.20373914019034112,0.18196542215810113,0.13538016692568905,-1.1196585470690241,-1.5049408256541352,-0.9135549755099214,0.21718307277636317,249,True,0,0.5653342249795003,0.43466577502049975,0.5646082082303409,0.4456326976010512,0.0,0.044017583475603916,0.050863473681075834,0.2653061224489796,0.02040816326530612,0.02186562315688428,0.1696790030352817,0.3469387755102041,0.006536845834656979,0.7959183673469388,0.7959183673469388,0.7959183673469388,0.7959183673469388,0.14285714285714285,0.10204081632653061,-0.3051549817991385,0.14751476053568072,0.02029936702187909,0.016303479301439248,0.0
ZERO,1,0,VOL,2023_PLUS,0.6973363443849755,913,182,3.6413415468856947,0.2188220786717464,0.21081088335404308,0.15384451826205184,0.1082029448540317,1.3702853097109207,1.9482915519391073,1.2099302927414939,0.18085511205437566,143,False,143,0.8371194658415514,0.1628805341584486,0.726427389763712,3.902627569058183,0.0,0.031110855113471003,0.04307911547977892,0.10989010989010989,0.01098901098901099,0.014285421612852746,0.15405510970357644,0.27472527472527475,0.006993026310839983,0.8626373626373627,0.8626373626373627,0.8626373626373627,0.8626373626373627,0.04945054945054945,0.038461538461538464,0.05901262498279754,0.134143256392815,0.012943618124921353,0.015202128662207683,0.0
ZERO,1,0,MATCH_VOL,2023_PLUS,0.8280754903841826,913,182,3.6413415468856947,0.2598476353083321,0.24669604143124527,0.1700500214745727,0.11506975045575575,1.4507263174214495,2.1438826490381566,1.2659795010606778,0.20525422022285789,87,False,87,0.8371194658432712,0.16288053415672876,0.8358969906546524,0.1470355500985584,0.0,0.029992509171250403,0.04579390775727182,0.0989010989010989,0.01098901098901099,0.014749982940699449,0.16787913531757134,0.3076923076923077,0.008352256768345704,0.6263736263736264,0.6263736263736264,0.6043956043956044,0.6043956043956044,0.04945054945054945,0.038461538461538464,0.059012624982797614,0.13946710153442643,0.020865068159353385,0.01615772771846212,0.0
ZERO,1,0,VOL,2024_PLUS,0.6297196672453027,663,132,2.64476386036961,0.15274237154344922,0.1550896741405557,0.15578252294952713,0.11402830127848104,0.9955524612398534,1.3600980844377761,0.8445565613734254,0.18085511205437588,143,False,143,0.8317093958395323,0.1682906041604677,0.7046035777008252,4.019786062443066,0.0,0.031662421675737296,0.04599289900645214,0.12121212121212122,0.015151515151515152,0.014608166538281203,0.15695805441416097,0.2878787878787879,0.007621842626057603,0.8409090909090909,0.8409090909090909,0.8409090909090909,0.8409090909090909,0.05303030303030303,0.03787878787878788,0.03261400089710387,0.1330917444669913,0.012650592486313755,0.015117665862823862,0.0
ZERO,1,0,MATCH_VOL,2024_PLUS,0.8303481232599301,663,132,2.64476386036961,0.20140603533662316,0.1998627188721941,0.17532715302367763,0.12176084917399507,1.1399416201391406,1.641436637704392,0.9870227299057537,0.20405410051281647,87,False,87,0.8317093958436912,0.1682906041563088,0.8301407799484068,0.15524617753567813,0.0,0.031411286318454246,0.05070990808781084,0.11363636363636363,0.015151515151515152,0.01518630550354865,0.17345686414488223,0.32575757575757575,0.009175827282831507,0.6060606060606061,0.6060606060606061,0.5909090909090909,0.5909090909090909,0.06060606060606061,0.03787878787878788,0.032614000897104325,0.1394505761696694,0.021799711156095084,0.016251977585779388,0.0
ZERO,1,0,VOL,EX_MAJOR_SHOCKS,0.7939830136292689,3982,794,15.824777549623546,0.1847661053235782,0.18092287547447775,0.14853585996848723,0.10626517181468009,1.2180417275186046,1.7025604192312047,1.0216250081337301,0.18085511205437566,143,False,265,0.8799352047953365,0.12006479520466351,0.7752409916505812,3.0218258961649527,0.0,0.03201820520535159,0.043556080574627884,0.11460957178841309,0.010075566750629723,0.013621998888165388,0.15052652508739797,0.22418136020151133,0.008535451307546385,0.6120906801007556,0.6120906801007556,0.6397984886649875,0.6397984886649875,0.05415617128463476,0.05415617128463476,-0.02644625747247481,0.12187437988752152,0.009551533656510179,0.01421021596963347,0.0
ZERO,1,0,MATCH_VOL,EX_MAJOR_SHOCKS,0.8770790616960553,3982,794,15.824777549623546,0.20410321065899517,0.19928415517235784,0.16236122977835676,0.1141804952248312,1.2274122057612242,1.7453432373011715,0.9494748119072632,0.21496432353903272,88,False,182,0.8799352047981325,0.12006479520186752,0.879046595889872,0.15803767714146522,0.0,0.032562476910514726,0.04716479100107784,0.11964735516372796,0.013853904282115869,0.014329523746099858,0.16316655836177882,0.28337531486146095,0.009287217757562503,0.464735516372796,0.464735516372796,0.4836272040302267,0.4836272040302267,0.05667506297229219,0.05415617128463476,-0.026446257472475258,0.12756204127257922,0.018345776332091106,0.015250246905447944,0.0
ZERO,1,0,CORE_VOL,ALL,0.9124620698906967,5085,1017,20.216290212183434,0.14941956904258039,0.15628085800777444,0.18260005191162212,0.13117948876396787,0.855864258370605,1.1913513269515148,0.34913440969869636,0.42797147714981676,742,False,742,0.9162400946077657,0.08375990539223432,0.8255364974073758,1.588626802624048,0.0,0.037969131054021665,0.05595716965923494,0.15634218289085547,0.02359882005899705,0.016954631764857002,0.18374439165034231,0.40707964601769914,0.00971761200595093,0.6833824975417896,0.6833824975417896,0.7010816125860374,0.7010816125860374,0.08456243854473942,0.05703048180924287,-0.10255701507145577,0.1502034374203312,0.023283346563032735,0.01693755106083667,0.0
ZERO,1,0,MATCH_CORE_VOL,ALL,0.9215530980455237,5085,1017,20.216290212183434,0.15090826381014583,0.16094080889015974,0.2001446569226055,0.14294878489804858,0.8041224350665249,1.1258634272753218,0.30786936930779263,0.49016978905515984,758,False,758,0.916240094606442,0.08375990539355804,0.9156144229920478,0.12912109808658026,0.0,0.03934153853002842,0.061646871527120464,0.16224188790560473,0.03343166175024582,0.017744733006465483,0.20184341081261092,0.40707964601769914,0.010597497773562878,0.5958702064896755,0.5958702064896755,0.6076696165191741,0.6076696165191741,0.08849557522123894,0.05703048180924287,-0.10255701507145591,0.15086309857953425,0.029612882047355592,0.017793917215328862,0.0
ZERO,1,0,CORE_VOL,GFC,1.6587828365556154,755,150,2.9924709103353866,0.041831750780013305,0.06504100970611701,0.21945106335373865,0.15827187955556865,0.29638047185615946,0.41094482411375777,0.09774424935652823,0.42797147714981565,545,True,48,0.8549428873150787,0.14505711268492127,0.7412229858872091,1.5057217118448596,0.0,0.049544022307435376,0.06496847823992938,0.22666666666666666,0.04,0.021471150045484676,0.22062809264076602,0.6333333333333333,0.008849470187596029,0.8466666666666667,0.8466666666666667,0.86,0.86,0.12666666666666668,0.05333333333333334,-0.220415220852055,0.18478328807032368,0.037374748901139274,0.020192592781824146,0.0
ZERO,1,0,MATCH_CORE_VOL,GFC,1.0176435289919548,755,150,2.9924709103353866,0.025663281262349513,0.05656719011132014,0.249833057336549,0.1798870834077745,0.22641995704803278,0.31445943221555045,0.05516974653186652,0.46516946108364265,545,True,46,0.8549428873167697,0.1450571126832303,0.8540974455636916,0.17200254980567378,0.0,0.05796465961616859,0.07165088237484683,0.22666666666666666,0.06666666666666667,0.022906325661682117,0.24930006629703308,0.6333333333333333,0.010254842701347952,0.7333333333333333,0.7333333333333333,0.7533333333333333,0.7533333333333333,0.12666666666666668,0.05333333333333334,-0.22041522085205528,0.1850877973234408,0.046377779265908026,0.021506906937973445,0.0
ZERO,1,0,CORE_VOL,2011,0.3773589432994803,251,49,0.9883641341546886,0.009887143717033406,0.026259200135541727,0.18170073552754437,0.13495161858477378,0.1445189534280176,0.194582328177459,0.07480116092985761,0.1321790142576097,110,True,59,0.8965220422573793,0.1034779577426207,0.8256690126395638,1.6709448239254547,0.0,0.04243136629930011,0.052269517260187685,0.14285714285714285,0.02040816326530612,0.020313064361336158,0.1917011675835068,0.5306122448979592,0.008662670634364655,0.7959183673469388,0.7959183673469388,0.8163265306122449,0.8163265306122449,0.10204081632653061,0.061224489795918366,-0.05023568620230311,0.16685280069146685,0.026093046434526895,0.017978090560430753,0.0
ZERO,1,0,MATCH_CORE_VOL,2011,0.9696811862173705,251,49,0.9883641341546886,0.025406519225452208,0.04401956939930128,0.1956414822237565,0.14366108854888107,0.22500120577166657,0.3064126120993682,0.18568490279564387,0.13682598231162302,110,True,55,0.8965220422534546,0.10347795774654545,0.8962888706020428,0.10386328125593047,0.0,0.039274072888713873,0.05602833357754694,0.16326530612244897,0.02040816326530612,0.02104904200260243,0.20394221416961586,0.5306122448979592,0.009092880507546353,0.6326530612244898,0.6326530612244898,0.6938775510204082,0.6938775510204082,0.10204081632653061,0.061224489795918366,-0.050235686202304376,0.16832356796494663,0.03336493612652445,0.018783585952136757,0.0
ZERO,1,0,CORE_VOL,2015_2016,0.8514980509611961,503,100,1.9931553730321698,0.07398276058539233,0.08712637159240279,0.17729708955523213,0.13148934709229218,0.49141456191395017,0.6626116375134855,0.4259699265133419,0.1736807130751168,75,False,184,0.9505314076458884,0.04946859235411161,0.9200559362189017,1.5063927903723398,0.0,0.029616176427678664,0.051000302339918216,0.14,0.02,0.015283480533254583,0.18586022079133663,0.28,0.016460078764704743,0.49,0.49,0.5,0.5,0.04,0.06,-0.1503409793169306,0.13167487801425126,0.016934194804705142,0.01538910378874893,0.0
ZERO,1,0,MATCH_CORE_VOL,2015_2016,0.9569336842569593,503,100,1.9931553730321698,0.08314357922318524,0.09632808669049552,0.18138421702582266,0.13394919804608468,0.5310720429263248,0.7191389578708357,0.5034550068884409,0.16514599732962587,72,False,182,0.9505314076489706,0.049468592351029406,0.949278837658442,0.042435141306613806,0.0,0.03178165242041986,0.05245416011469226,0.13,0.02,0.015626721954738524,0.18970547904963417,0.25,0.016967675443161113,0.41,0.41,0.43,0.43,0.05,0.06,-0.15034097931693083,0.1320376466252331,0.022194225509586465,0.016183028671161642,0.0
ZERO,1,0,CORE_VOL,2018Q4,,62,11,0.24914442162902123,-0.4904103713381282,-0.6475960132226589,0.26255882390136087,0.21511228492109086,-2.466479715288298,-3.0105022289183303,-2.5434981879597816,0.19280940464577312,62,True,0,0.8145370479431149,0.18546295205688512,0.8083261173869315,2.543976474426881,0.0,0.0627489102623443,0.0627489102623443,0.6363636363636364,0.09090909090909091,0.03593602459894934,0.24992205652969784,0.9090909090909091,0.011072963964302986,1.0,1.0,1.0,1.0,0.45454545454545453,0.2727272727272727,-0.415975564816538,0.19541928482879428,0.04277605640516948,0.02095787245326672,0.0
ZERO,1,0,MATCH_CORE_VOL,2018Q4,,62,11,0.24914442162902123,-0.4540807462939653,-0.5778926216209692,0.2632957745192032,0.2111935645598117,-2.1948419896834355,-2.7363173817604913,-2.4797430882634615,0.18311604473992238,62,True,0,0.8145370479466895,0.18546295205331054,0.8140786815922765,0.29347438237426776,0.0,0.06764565041943249,0.06764565041943249,0.6363636363636364,0.09090909090909091,0.03576519741449073,0.25038018100550297,1.0,0.01062146228286815,0.9090909090909091,0.9090909090909091,0.9090909090909091,0.9090909090909091,0.45454545454545453,0.2727272727272727,-0.41597556481654013,0.19760579763769215,0.04741289530795165,0.021537575242326048,0.0
ZERO,1,0,CORE_VOL,COVID,-0.3554295614787137,92,18,0.3613963039014374,-0.03247563080431386,0.01361306080443666,0.3046878910119915,0.23164584277931374,0.04467870632870308,0.058766695922989914,-0.14521162541732954,0.22364346319367223,86,False,86,0.752308247693494,0.24769175230650597,0.7136368480509196,2.978407022660269,0.0,0.13944964119088532,0.13944964119088532,0.1111111111111111,0.1111111111111111,0.03253195806778147,0.3449879215160795,0.7777777777777778,0.022436305768416532,1.0,1.0,1.0,1.0,0.1111111111111111,0.05555555555555555,-1.9207493988832165,0.2262524908440669,0.07811279650603788,0.02699097954371272,0.0
ZERO,1,0,MATCH_CORE_VOL,COVID,0.907940553568931,92,18,0.3613963039014374,0.082958609540796,0.128697595547724,0.31609567348037526,0.234189260215848,0.4071476022771763,0.5495452499790373,0.3904687390720256,0.2124590299801017,71,False,71,0.7523082476881854,0.24769175231181462,0.749963591408722,0.35469061117262857,0.0,0.11261761301412576,0.11261761301412576,0.16666666666666666,0.1111111111111111,0.032559854668992534,0.3806044038280442,0.7222222222222222,0.024026367766822713,0.9444444444444444,0.9444444444444444,0.9444444444444444,0.9444444444444444,0.1111111111111111,0.05555555555555555,-1.9207493988832125,0.22432547830543703,0.08634926483937916,0.02905833608861366,0.0
ZERO,1,0,CORE_VOL,2022,,250,49,0.9883641341546886,-0.2960332705041788,-0.3179084026718937,0.25160902076407937,0.18962569251523498,-1.2635016093877642,-1.6765049000221959,-0.9273148358626133,0.3192370692838109,249,True,0,0.7825701012467571,0.21742989875324292,0.7788625766128626,2.0112177667836666,0.0,0.06379817577917501,0.07213153338765625,0.40816326530612246,0.10204081632653061,0.03017611010250349,0.23232134065846252,0.9183673469387755,0.008880602941312925,1.0,1.0,1.0,1.0,0.24489795918367346,0.10204081632653061,-0.3051549817991297,0.20558494278597605,0.04940564651503208,0.02219732682568172,0.0
ZERO,1,0,MATCH_CORE_VOL,2022,,250,49,0.9883641341546886,-0.2696872293415337,-0.28126307759481906,0.2520374081427307,0.18736351260083076,-1.1159576654412255,-1.5011624925821974,-0.9228958580683484,0.29221848487433677,249,True,0,0.7825701012398524,0.21742989876014762,0.7820691907905719,0.30927633082235634,0.0,0.060888720471647506,0.07035851554414595,0.3877551020408163,0.08163265306122448,0.030175868420713015,0.2349582450981538,0.8979591836734694,0.009083555694880927,1.0,1.0,1.0,1.0,0.24489795918367346,0.10204081632653061,-0.3051549817991342,0.20600934442878993,0.05195332991569999,0.022552305590578657,0.0
ZERO,1,0,CORE_VOL,2023_PLUS,0.8478816607263684,913,182,3.6413415468856947,0.26606275287634906,0.2528633708939928,0.17688255585367216,0.1222457590848409,1.4295551625971332,2.068483788615528,1.257547720748629,0.211572689041144,101,False,117,0.9186669695220017,0.08133303047799834,0.8631506641994816,1.9398036289473475,0.0,0.03182359815662461,0.048286439856967726,0.12637362637362637,0.01098901098901099,0.015948416794294314,0.17601762996733503,0.4010989010989011,0.008445086430661651,0.8626373626373627,0.8626373626373627,0.8626373626373627,0.8626373626373627,0.054945054945054944,0.038461538461538464,0.05901262498279749,0.15570936283675615,0.023719005102216084,0.017255349826283843,0.0
ZERO,1,0,MATCH_CORE_VOL,2023_PLUS,0.9137573005841763,913,182,3.6413415468856947,0.28673433347527855,0.27091231357608636,0.18674865692267023,0.12635921965222083,1.4506787788480162,2.1439853326232927,1.2820867527569693,0.22364659244679952,88,False,88,0.9186669695187243,0.08133303048127571,0.917991474693636,0.0805566517998704,0.0,0.032920253838288005,0.05026411958428623,0.12637362637362637,0.01098901098901099,0.0161782578240672,0.18435438220263864,0.41208791208791207,0.009203738952595714,0.7802197802197802,0.7802197802197802,0.7527472527472527,0.7527472527472527,0.06043956043956044,0.038461538461538464,0.0590126249827973,0.15589737711025908,0.027400313816919698,0.017734978254223144,0.0
ZERO,1,0,CORE_VOL,2024_PLUS,0.8144980839925118,663,132,2.64476386036961,0.1975615109987495,0.1977741570252064,0.1814414191159667,0.12959292296033256,1.0900165904169916,1.5261184986601746,0.9337760553789172,0.2115726890411438,101,False,117,0.9159733286584028,0.08402667134159725,0.8521954882095751,1.994511980776325,0.0,0.034144306947997194,0.053011478312391336,0.12878787878787878,0.015151515151515152,0.016429443466768716,0.18129456756820736,0.4318181818181818,0.009287177651976375,0.8409090909090909,0.8409090909090909,0.8409090909090909,0.8409090909090909,0.06060606060606061,0.03787878787878788,0.03261400089710431,0.15599396757028955,0.024298237726687506,0.017331169738789676,0.0
ZERO,1,0,MATCH_CORE_VOL,2024_PLUS,0.9153182143505344,663,132,2.64476386036961,0.22201605261656007,0.22027452422837207,0.19326855531681564,0.13420485854078143,1.139732864807143,1.6413304750918258,0.995321029260395,0.22305974262548856,88,False,88,0.9159733286539966,0.08402667134600339,0.9151033607421204,0.0853646418323669,0.0,0.03459752505026237,0.05585372396334489,0.12878787878787878,0.015151515151515152,0.016715519612229713,0.19119119788781222,0.44696969696969696,0.010152449137971259,0.7575757575757576,0.7575757575757576,0.7272727272727273,0.7272727272727273,0.07575757575757576,0.03787878787878788,0.03261400089710348,0.1562317675788928,0.028599353886322777,0.01790051499132536,0.0
ZERO,1,0,CORE_VOL,EX_MAJOR_SHOCKS,0.8977788373278653,3982,794,15.824777549623546,0.20892021160096652,0.20375385353650013,0.1651225097236967,0.1171650214847384,1.2339556483089202,1.7390331257101383,0.9874630442511336,0.211572689041144,101,False,184,0.9400081290081077,0.05999187099189229,0.8875926425749873,1.5370225025404007,0.0,0.034455019539399334,0.04793375807138683,0.12846347607052896,0.013853904282115869,0.014950921734341073,0.16674627426893937,0.3236775818639798,0.009470204778062966,0.6246851385390428,0.6246851385390428,0.6448362720403022,0.6448362720403022,0.0654911838790932,0.05415617128463476,-0.026446257472475095,0.13852039665346222,0.017797389037076422,0.015772140271914457,0.0
ZERO,1,0,MATCH_CORE_VOL,EX_MAJOR_SHOCKS,0.9385154275806732,3982,794,15.824777549623546,0.21839993723233647,0.21299656129296987,0.17353183049408352,0.12202149112603804,1.2274207025104358,1.7455659599583335,0.9561169867645603,0.22842386471072762,88,False,182,0.9400081290069053,0.059991870993094665,0.9395310036952962,0.1141185622959727,0.0,0.034788515717281476,0.05038907444149245,0.13224181360201512,0.017632241813602016,0.015302619252621566,0.1744414160785252,0.3236775818639798,0.009956574898343387,0.5566750629722922,0.5566750629722922,0.5680100755667506,0.5680100755667506,0.06801007556675064,0.05415617128463476,-0.02644625747247519,0.13918178573591072,0.022166848865921334,0.016292785577109743,0.0
ZERO,1,1,BUYHOLD,ALL,1.0,5085,1017,20.216290212183434,0.1637485235218888,0.17594390173950647,0.21859001162505418,0.1560834247856177,0.8049036661441866,1.1272427035809045,0.3132135792015884,0.5228014824239089,761,False,761,1.0,0.0,1.0000014689874916,0.04955256686720708,4.955256686720709e-06,0.04294169174343243,0.06728819087855525,0.1750245821042281,0.03933136676499508,0.019353564908044695,0.2205240957144458,0.4837758112094395,0.011620565383551355,0.6833824975417896,0.6833824975417896,0.7010816125860374,0.7010816125860374,0.10422812192723697,0.05703048180924287,-0.10255458797700036,0.16635233729605758,0.036425149286355,0.01942224266053013,5.7562154369139584e-06
ZERO,1,1,BUYHOLD,GFC,1.0,755,150,2.9924709103353866,0.025218340736439138,0.06774886567589064,0.29250718568184136,0.2104392152153282,0.23161436365389243,0.32194030759223186,0.04823693425565145,0.5228014824239074,545,True,46,1.0,0.0,1.0,0.0,0.0,0.06780609557139194,0.08381601151899519,0.24666666666666667,0.08666666666666667,0.026738024197614577,0.29196822060478766,0.7266666666666667,0.012074941670513383,0.8466666666666667,0.8466666666666667,0.86,0.86,0.18,0.05333333333333334,-0.22041522085205362,0.21412546653531905,0.0630382780127665,0.025158422337642494,-1.949829186997931e-15
ZERO,1,1,BUYHOLD,2011,1.0,251,49,0.9883641341546886,0.02620089941577707,0.04947803757043877,0.21827885348449508,0.16021662664652117,0.22667352691566764,0.3088196188252045,0.1726588430260244,0.15174953658080448,110,True,55,1.0,0.0,0.999999999999999,0.0,0.0,0.04379943962172417,0.06248421498297902,0.20408163265306123,0.04081632653061224,0.02345806595280496,0.22767483068914934,0.6530612244897959,0.01019606104569807,0.7959183673469388,0.7959183673469388,0.8163265306122449,0.8163265306122449,0.10204081632653061,0.061224489795918366,-0.050235686202303294,0.18899220528606098,0.043398905543669326,0.020947930231766228,-5.273559366969494e-16
ZERO,1,1,BUYHOLD,2015_2016,1.0,503,100,1.9931553730321698,0.08688541389129296,0.10159890232515316,0.19107510807991773,0.1410340588607214,0.5317223334117341,0.7203855802341154,0.500590076422681,0.17356599338163847,72,False,182,1.0,0.0,0.9999999999999994,0.0,0.0,0.03343551502253972,0.05518378450903501,0.15,0.02,0.01643549007908531,0.20006399212858897,0.3,0.017941259185145046,0.49,0.49,0.5,0.5,0.05,0.06,-0.15034097931693172,0.14098155261864237,0.025109916212365708,0.017025165686387216,-5.551115123125783e-16
ZERO,1,1,BUYHOLD,2018Q4,1.0,62,11,0.24914442162902123,-0.5289552733768618,-0.7093384933401183,0.32342420700991975,0.25939958578426203,-2.1932139832636652,-2.7345398073613825,-2.3890268173076845,0.2214103540172765,62,True,0,1.0,0.0,0.9999999999999993,0.0,0.0,0.08291808185525051,0.08291808185525051,0.6363636363636364,0.18181818181818182,0.043814403049944745,0.3079114405526997,1.0,0.013161184501508423,1.0,1.0,1.0,1.0,0.5454545454545454,0.2727272727272727,-0.41597556481653514,0.2321416080844118,0.07477851698218631,0.026400136828217846,2.220446049250313e-16
ZERO,1,1,BUYHOLD,COVID,1.0,92,18,0.3613963039014374,0.0913700893904356,0.17534673481457125,0.42145989130573275,0.3122586428054668,0.416046078005967,0.5615432554217885,0.33149384003671517,0.2756313341458042,72,False,72,1.0,0.0,0.9999999999999993,0.0,0.0,0.14969396814825775,0.14969396814825778,0.2777777777777778,0.1111111111111111,0.04311589022818566,0.5088996484691735,1.0,0.0323996329137509,1.0,1.0,1.0,1.0,0.1111111111111111,0.05555555555555555,-1.9207493988832154,0.26444933750330696,0.1264673618820103,0.03862502072695048,1.304512053934559e-15
ZERO,1,1,BUYHOLD,2022,1.0,250,49,0.9883641341546886,-0.337695483730845,-0.3583998756999967,0.322264532664297,0.23937477070898186,-1.1121294445186183,-1.4972332908705686,-0.9315640449314496,0.3625037758468821,249,True,0,1.0,0.0,0.9999999999999999,0.0,0.0,0.07774541022914916,0.08983686324367245,0.42857142857142855,0.1836734693877551,0.03844128359570039,0.30035302807501707,0.9591836734693877,0.011655130592491788,1.0,1.0,1.0,1.0,0.32653061224489793,0.10204081632653061,-0.305154981799134,0.24507218461249694,0.08718247225087536,0.028795780830525138,1.27675647831893e-15
ZERO,1,1,BUYHOLD,2023_PLUS,1.0,913,182,3.6413415468856947,0.31379703701624717,0.29510058432877156,0.20343099450119173,0.13763471936090613,1.450617616319242,2.144085341976526,1.298214136693368,0.24171438913422072,88,False,88,1.0,0.0,0.9999999999999999,0.0,0.0,0.035841208776553835,0.05472396454898541,0.13736263736263737,0.016483516483516484,0.017601239363227394,0.20081186145344354,0.5439560439560439,0.01006056267495163,0.8626373626373627,0.8626373626373627,0.8626373626373627,0.8626373626373627,0.07692307692307693,0.038461538461538464,0.059012624982796975,0.1711294080101921,0.034640956652339606,0.01930857099036,-3.3306690738754696e-16
ZERO,1,1,BUYHOLD,2024_PLUS,1.0,663,132,2.64476386036961,0.2425561396416565,0.24066343184624264,0.21119756024299371,0.14663558467832602,1.1395180492111125,1.6412348501503586,1.0034824178670152,0.24171438913422083,88,False,88,1.0,0.0,1.0,0.0,0.0,0.037775300616400775,0.060983877031539915,0.14393939393939395,0.022727272727272728,0.01823868472003224,0.20891049024789823,0.553030303030303,0.011136039371257728,0.8409090909090909,0.8409090909090909,0.8409090909090909,0.8409090909090909,0.09090909090909091,0.03787878787878788,0.03261400089710401,0.1718548194413385,0.03608273666156173,0.019544673614755495,1.6653345369377348e-16
ZERO,1,1,BUYHOLD,EX_MAJOR_SHOCKS,1.0,3982,794,15.824777549623546,0.2327000925275658,0.22669977074330658,0.18470063186148883,0.12985897214833267,1.227390336776508,1.7457382188760633,0.9627068266852354,0.24171438913422072,88,False,182,1.0,0.0,1.0000026644424702,0.06327845367145857,6.327845367145857e-06,0.0370118648545269,0.05361188722146038,0.14357682619647355,0.020151133501259445,0.016273850342657284,0.1857216014964929,0.3954659949622166,0.010630324366203332,0.6246851385390428,0.6246851385390428,0.6448362720403022,0.6448362720403022,0.07556675062972293,0.05415617128463476,-0.02644314871295224,0.15027381418952762,0.02628993782821121,0.017334064574195448,7.789318695272662e-06
ZERO,1,1,VOL,ALL,0.8130759819236899,5085,1017,20.216290212183434,0.13313999155111417,0.1369914752431387,0.15292758018256541,0.11061667054421913,0.8957931269140456,1.238434266455129,0.4094573897167887,0.32516201903989017,601,False,601,0.8324188083622144,0.16758119163778562,0.6515087794124397,3.1410640506794647,0.00031410640506794645,0.033394223085410846,0.04759959201366594,0.13274336283185842,0.01376597836774828,0.014538258125639344,0.15375294490498687,0.25073746312684364,0.0082458792424509,0.671583087512291,0.6755162241887905,0.6971484759095379,0.7010816125860374,0.058997050147492625,0.05703048180924287,-0.10253723575638668,0.1252938018351316,0.010058942157486706,0.014452859461143209,0.00035532125532261594
ZERO,1,1,MATCH_VOL,ALL,0.8417482557808439,5085,1017,20.216290212183434,0.13783503406123837,0.1459548291380634,0.18171469198802012,0.1298186611875257,0.8032087419089137,1.1242977535196477,0.3024532571323934,0.45572342439976965,757,False,757,0.8324188083669314,0.16758119163306862,0.8312920455523182,0.19336909304607866,1.9336909304607867e-05,0.03573957275739248,0.05600248541717285,0.14060963618485742,0.02654867256637168,0.016132744212407315,0.18319310246480097,0.3303834808259587,0.00958403382347856,0.49065880039331367,0.49065880039331367,0.4975417895771878,0.4975417895771878,0.0688298918387414,0.05703048180924287,-0.10255411705358983,0.13409997191953907,0.023341793465607413,0.01616459704880611,2.1961573499568177e-05
ZERO,1,1,VOL,GFC,2.1432038960780835,755,150,2.9924709103353866,0.054048046118961,0.06487484370021551,0.15674244580728805,0.11347021104668936,0.4138945476197171,0.5717345821584979,0.16621881694101048,0.32516201903989095,545,True,48,0.7098717643815364,0.29012823561846357,0.4834051901531045,3.007580875893137,0.0003007580875893136,0.03190689512720757,0.051752806068573194,0.17333333333333334,0.02,0.01613309634514974,0.1594564599696577,0.32,0.006173646222540519,0.8333333333333334,0.8333333333333334,0.86,0.86,0.05333333333333334,0.05333333333333334,-0.2203679674347572,0.13585306179655784,0.010557787010151799,0.0152267632260058,0.00031744055457307713
ZERO,1,1,MATCH_VOL,GFC,0.9776122276317248,755,150,2.9924709103353866,0.02465375826452614,0.0458245896738638,0.20725031297539268,0.1493511295391353,0.22110745704545526,0.30682452697390633,0.06132982182001165,0.40198646486988043,545,True,46,0.7098717643846921,0.2901282356153079,0.7084923180505028,0.2852419291199957,2.8524192911999563e-05,0.04812324423132741,0.05948665318831595,0.18666666666666668,0.04666666666666667,0.019058713553972737,0.2067495684589858,0.44666666666666666,0.008460701410121922,0.5466666666666666,0.5466666666666666,0.5666666666666667,0.5666666666666667,0.08666666666666667,0.05333333333333334,-0.2204125339069858,0.15110512681716504,0.030552498721433483,0.017855353624470938,2.926263217932837e-05
ZERO,1,1,VOL,2011,-0.29404924744119787,251,49,0.9883641341546886,-0.007704354755491767,0.003498674041670363,0.14955757747592138,0.11258410304144245,0.023393492330628624,0.031076092868835076,-0.06541237559631143,0.11778130186004454,218,True,13,0.7929919124031604,0.20700808759683964,0.651696703283633,3.3723340270266378,0.0003372334027026637,0.03487605001192873,0.04534744056775973,0.12244897959183673,0.02040816326530612,0.017155375420219676,0.15969379704962272,0.30612244897959184,0.007287882126306076,0.7959183673469388,0.7959183673469388,0.8163265306122449,0.8163265306122449,0.08163265306122448,0.061224489795918366,-0.05018456291961704,0.13388303050020936,0.010223912725940431,0.015008250889095276,0.0003372910207007588
ZERO,1,1,MATCH_VOL,2011,0.9214662788195681,251,49,0.9883641341546886,0.02414324528638189,0.038621840602676406,0.17300596099378185,0.12709320240238978,0.2232399414495582,0.3038859661462916,0.19835159091292542,0.1217194436165655,110,True,55,0.7929919124080057,0.2070080875919943,0.792582182120288,0.18383352285384988,1.838335228538499e-05,0.034744842495642914,0.04956704548570939,0.14285714285714285,0.02040816326530612,0.018634666046345432,0.18024177419118834,0.3877551020408163,0.008001114584170296,0.46938775510204084,0.46938775510204084,0.5102040816326531,0.5102040816326531,0.061224489795918366,0.061224489795918366,-0.05023465389930323,0.14571091176241782,0.024273681983267688,0.0166172423186315,1.89734265507481e-05
ZERO,1,1,VOL,2015_2016,0.6944646542132189,503,100,1.9931553730321698,0.060338848914189176,0.07257682314696091,0.1669785854593636,0.12436462706213854,0.4346474905587425,0.5835809173511858,0.3471488864768085,0.17381259530043214,265,False,265,0.9010227515931841,0.09897724840681588,0.8400405797816084,3.017822867045979,0.00030178228670459784,0.029616176427678775,0.047582088410223974,0.12,0.01,0.014126678970552671,0.1754392501516919,0.18,0.015533754686188898,0.49,0.49,0.5,0.5,0.04,0.06,-0.1503660594551041,0.11637734699631457,0.007891702723312738,0.013753041891110644,0.00032050594891239875
ZERO,1,1,MATCH_VOL,2015_2016,0.9130012999974145,503,100,1.9931553730321698,0.0793264958335639,0.09107570021798471,0.1717144555549625,0.12687081654849697,0.5303904084466151,0.7178617013406751,0.5062245302441498,0.15670219654370576,72,False,182,0.9010227515875634,0.0989772484124366,0.8986622422514925,0.08047369591887282,8.047369591887283e-06,0.030126554956825147,0.049722351746649074,0.12,0.02,0.014816897319532209,0.17939589572035114,0.24,0.016003888822912368,0.34,0.34,0.35,0.35,0.03,0.06,-0.15034116998900857,0.122819239078059,0.019738252494293507,0.015340184057583441,8.698310120569541e-06
ZERO,1,1,VOL,2018Q4,,62,11,0.24914442162902123,-0.4521220438768854,-0.5876542726914703,0.2054219449488038,0.17398130869010942,-2.860718083639643,-3.3776862417915448,-2.7531907741988855,0.16421747744975734,62,True,0,0.6294912965728322,0.3705087034271678,0.617130025319464,5.1435042437587395,0.000514350424375874,0.044310088203380116,0.044310088203380116,0.5454545454545454,0.0,0.02804850996939959,0.19536577948651113,0.5454545454545454,0.009246187473019285,1.0,1.0,1.0,1.0,0.2727272727272727,0.2727272727272727,-0.4160197194704853,0.14072286039323548,0.013361220639208766,0.01551560807831559,0.0002783539019134418
ZERO,1,1,MATCH_VOL,2018Q4,,62,11,0.24914442162902123,-0.3697860357099628,-0.4466657106290267,0.20337120311691387,0.1631380008784806,-2.1963075587070597,-2.7379623890435085,-2.5741237286152074,0.1436551132329973,62,True,0,0.6294912965680666,0.37050870343193343,0.6287777037750368,0.4521782364095596,4.5217823640955966e-05,0.05235811925020095,0.05235811925020095,0.5454545454545454,0.09090909090909091,0.027698647402927025,0.19317910256558637,0.6363636363636364,0.008134491452762254,0.8181818181818182,0.8181818181818182,0.8181818181818182,0.8181818181818182,0.18181818181818182,0.2727272727272727,-0.4159701203649446,0.15225219550410232,0.02147569236742459,0.01666989781552315,2.8141524829050635e-05
ZERO,1,1,VOL,COVID,-1.640473888454135,92,18,0.3613963039014374,-0.1498902458307298,-0.13973133497320844,0.2050012773454537,0.1647609940626067,-0.6816120210692299,-0.8480850444499786,-0.8801159088136066,0.17030739284417817,91,True,0,0.5043217577493748,0.4956782422506252,0.428719149063744,6.1964841621911635,0.0006196484162191162,0.1292172338527513,0.1292172338527513,0.1111111111111111,0.05555555555555555,0.02183374099574183,0.2031555588705061,0.3888888888888889,0.014107884675123155,1.0,1.0,1.0,1.0,0.05555555555555555,0.05555555555555555,-1.9201896321825056,0.13995053323766393,0.014238082004808849,0.01535693836047495,0.0005323098810340043
ZERO,1,1,MATCH_VOL,COVID,0.7055354401654995,92,18,0.3613963039014374,0.06446483623604202,0.08403395568392501,0.21127654344996377,0.15653089530927153,0.3977438967512577,0.5368522010807637,0.4418989928667248,0.14588138302339237,66,False,66,0.5043217577557065,0.49567824224429347,0.5011961493868909,0.4724530665969958,4.724530665969958e-05,0.07548263844823666,0.07548263844823666,0.1111111111111111,0.05555555555555555,0.02190892452027275,0.25371363573000705,0.5,0.01588565279253951,0.6666666666666666,0.6666666666666666,0.6666666666666666,0.6666666666666666,0.1111111111111111,0.05555555555555555,-1.9207458673385693,0.16296807995153229,0.04357688912415788,0.019476501264918986,5.080475387014838e-05
ZERO,1,1,VOL,2022,,250,49,0.9883641341546886,-0.2559085311940343,-0.27755405987776016,0.1832886681589942,0.1418184029997858,-1.514300161955431,-1.9571089083423072,-0.926330948862275,0.2762603705601574,249,True,0,0.5653342249758357,0.43466577502416426,0.5583017694263219,4.0405656210946015,0.00040405656210946013,0.049861102025423265,0.054430649766292465,0.2857142857142857,0.04081632653061224,0.021870230041774026,0.16588557565726517,0.40816326530612246,0.006182238564188567,1.0,1.0,1.0,1.0,0.14285714285714285,0.10204081632653061,-0.30513331872543437,0.1411287293070545,0.015043117486992977,0.015598872820838295,0.0003018434587063745
ZERO,1,1,MATCH_VOL,2022,,250,49,0.9883641341546886,-0.19844453071544843,-0.20378365873870968,0.1819654462809019,0.13538154372818906,-1.1199030524956195,-1.505254358362572,-0.9136023788014869,0.21721104861370732,249,True,0,0.5653342249795003,0.43466577502049975,0.5646082849216155,0.4456268460406004,4.4562684604060044e-05,0.04401813862508863,0.05086364509586818,0.2653061224489796,0.02040816326530612,0.02186599040835236,0.1696790030352817,0.3469387755102041,0.006536845834656979,0.7959183673469388,0.7959183673469388,0.7959183673469388,0.7959183673469388,0.14285714285714285,0.10204081632653061,-0.3051573159023721,0.14752287928360294,0.02029936702187909,0.016303479301439248,3.5853984068495715e-05
ZERO,1,1,VOL,2023_PLUS,0.6958284444235268,913,182,3.6413415468856947,0.2183489041317271,0.2104198541176035,0.1538414630498082,0.10821119375110837,1.367770755335818,1.944529459693242,1.2068944888135085,0.1809179726608784,143,False,143,0.8371194658415514,0.1628805341584486,0.7263939129888933,3.902593106634158,0.0003902593106634158,0.031110855113470892,0.04308647951313036,0.11538461538461539,0.01098901098901099,0.014288069447946486,0.15405510970357644,0.27472527472527475,0.006993026310839983,0.8626373626373627,0.8626373626373627,0.8626373626373627,0.8626373626373627,0.04945054945054945,0.038461538461538464,0.05901196838795095,0.13429731027248942,0.01294548054618445,0.015202128662207683,0.00047317454001929993
ZERO,1,1,MATCH_VOL,2023_PLUS,0.8280167541055492,913,182,3.6413415468856947,0.25982920403813187,0.24668126803026666,0.17004967336634422,0.11507006623079687,1.450642410225818,2.143748379665449,1.265873935078119,0.2052567770281939,87,False,87,0.8371194658432711,0.16288053415672887,0.8358952816521474,0.1470386447995846,1.470386447995846e-05,0.029992683732808167,0.04579428557566831,0.0989010989010989,0.01098901098901099,0.014750084569669204,0.16787913531757132,0.3076923076923077,0.008352256768345702,0.6263736263736264,0.6263736263736264,0.6043956043956044,0.6043956043956044,0.04945054945054945,0.038461538461538464,0.059012930075506544,0.13946805926590536,0.020865068159353385,0.01615772771846212,1.8431270200236494e-05
ZERO,1,1,VOL,2024_PLUS,0.627819628165276,663,132,2.64476386036961,0.15228150539902957,0.154686947863045,0.15577909449494617,0.11403712906138745,0.9929891322359906,1.3564612607861715,0.8417157408925501,0.1809179726608786,143,False,143,0.8317093958395323,0.1682906041604677,0.7045643685249442,4.019757068373976,0.00040197570683739764,0.03167309013826258,0.04600113303653982,0.12121212121212122,0.015151515151515152,0.014610989862766799,0.15695805441416097,0.2878787878787879,0.007621842626057603,0.8409090909090909,0.8409090909090909,0.8409090909090909,0.8409090909090909,0.05303030303030303,0.03787878787878788,0.032627795730321804,0.13326283900192906,0.012653160370176511,0.015117665862823862,0.00046086614441964713
ZERO,1,1,MATCH_VOL,2024_PLUS,0.8302716291641701,663,132,2.64476386036961,0.2013874812240501,0.199847116094953,0.17532674842569002,0.12176119974159531,1.1398552581932793,1.6413037693376347,0.9869190989933532,0.20405672707060096,87,False,87,0.8317093958436912,0.1682906041563088,0.8301388677078406,0.15524854214465658,1.552485421446566e-05,0.0314117497818277,0.05071029803032647,0.11363636363636363,0.015151515151515152,0.015186422702238345,0.17345686414488223,0.32575757575757575,0.009175827282831506,0.6060606060606061,0.6060606060606061,0.5909090909090909,0.5909090909090909,0.06060606060606061,0.03787878787878788,0.03261477059052512,0.13945316204611674,0.021799711156095084,0.016251977585779388,1.855411257306594e-05
ZERO,1,1,VOL,EX_MAJOR_SHOCKS,0.7924735509320499,3982,794,15.824777549623546,0.18440866862753663,0.18062041568835557,0.14853528753233314,0.10627373875054354,1.2160101393349925,1.6995771280083227,1.0192943570797213,0.1809179726608784,143,False,265,0.8799352047953365,0.12006479520466351,0.7752341476946787,3.021794468136052,0.00030217944681360523,0.032037240293774305,0.043563280960324385,0.11586901763224182,0.010075566750629723,0.01362424451661024,0.15052652508739794,0.22418136020151133,0.008535451307546385,0.6120906801007556,0.6171284634760705,0.6397984886649875,0.6448362720403022,0.05415617128463476,0.05415617128463476,-0.026445193560238455,0.12191604029302773,0.009553602596077624,0.01421021596963347,0.00035743669604157424
ZERO,1,1,MATCH_VOL,EX_MAJOR_SHOCKS,0.8770267651341839,3982,794,15.824777549623546,0.2040842093958763,0.19926839768524499,0.1623615759408675,0.11418136385923287,1.2273125370365896,1.7451919555883975,0.9493777705659145,0.21496628183554767,88,False,182,0.8799352047981325,0.12006479520186752,0.8790484608610821,0.15803464475176016,1.5803464475176017e-05,0.03256266171096567,0.04716719203378047,0.11964735516372796,0.013853904282115869,0.014329702558525323,0.16316655836177882,0.28337531486146095,0.009287217757562503,0.464735516372796,0.464735516372796,0.4836272040302267,0.4836272040302267,0.05667506297229219,0.05415617128463476,-0.026442903304877963,0.1275636354778881,0.018346049649331522,0.015250246905447944,1.900126311887851e-05
ZERO,1,1,CORE_VOL,ALL,0.9113811915067966,5085,1017,20.216290212183434,0.1492373244748577,0.1561218602904848,0.18259970264517028,0.1311847187345313,0.8549951507525864,1.1900918170691583,0.34860597876848515,0.42809743252845534,742,False,742,0.9162400946077657,0.08375990539223432,0.8255342160482637,1.5886167221308884,0.00015886167221308887,0.03796913105402189,0.05596102201240025,0.15634218289085547,0.02359882005899705,0.0169558000515572,0.18374439165034231,0.40707964601769914,0.009717612005950931,0.6833824975417896,0.6833824975417896,0.7010816125860374,0.7010816125860374,0.08456243854473942,0.05703048180924287,-0.10254534261568513,0.1502312044245904,0.02328783392333575,0.01693755106083667,0.0001822445677226725
ZERO,1,1,MATCH_CORE_VOL,ALL,0.9214949109836114,5085,1017,20.216290212183434,0.1508934311065007,0.16092794419859233,0.2001449185796606,0.14294946762070637,0.8040571069234548,1.1257680555032843,0.30783444743552085,0.4901772116913813,758,False,758,0.916240094606442,0.08375990539355804,0.9156156149513267,0.12911788989530384,1.2911788989530382e-05,0.03934175103266058,0.061647079506975865,0.16224188790560473,0.03343166175024582,0.017744878745771946,0.20184341081261092,0.40707964601769914,0.010597497773562876,0.5958702064896755,0.5958702064896755,0.6076696165191741,0.6076696165191741,0.08849557522123894,0.05703048180924287,-0.1025543522970386,0.1508647419806321,0.02961408779127849,0.017793917215328862,1.483270364513456e-05
ZERO,1,1,CORE_VOL,GFC,1.652555397758965,755,150,2.9924709103353866,0.04167470510652729,0.06489019103102767,0.21944996011167853,0.15827638443735076,0.29569470415034443,0.4099802460215574,0.09734864528475502,0.4280974325284589,545,True,48,0.8549428873150787,0.14505711268492127,0.7412190564968502,1.5057165983792993,0.00015057165983792993,0.04954922667682826,0.0649720149059833,0.22666666666666666,0.04,0.0214720662249917,0.22062809264076602,0.6333333333333333,0.00884947018759603,0.8466666666666667,0.8466666666666667,0.86,0.86,0.12666666666666668,0.05333333333333334,-0.2203900492601147,0.18481915988861686,0.03737958683050551,0.020192592781824146,0.0001570456734860115
ZERO,1,1,MATCH_CORE_VOL,GFC,1.0169431452086615,755,150,2.9924709103353866,0.02564561874545813,0.05655001689946693,0.2498331493332132,0.17988784199684912,0.22635113494904452,0.3143626399190305,0.05513028891736932,0.46518201244866386,545,True,46,0.8549428873167697,0.1450571126832303,0.8540977609961251,0.1720025636578184,1.7200256365781846e-05,0.057964732715384826,0.0716515009698239,0.22666666666666666,0.06666666666666667,0.02290644338840061,0.24930006629703308,0.6333333333333333,0.01025484270134795,0.7333333333333333,0.7333333333333333,0.7533333333333333,0.7533333333333333,0.12666666666666668,0.05333333333333334,-0.22041387697103934,0.1850877973234408,0.04638240889553766,0.021506906937973445,1.7662516891382013e-05
ZERO,1,1,CORE_VOL,2011,0.37086900032348535,251,49,0.9883641341546886,0.009717101373905433,0.02609252106455082,0.1817029748766868,0.1349594104334623,0.1435998562063091,0.19333606290029667,0.0734993993436595,0.13220654128711173,110,True,59,0.8965220422573792,0.10347795774262081,0.8256771985029878,1.6709484575500932,0.0001670948457550093,0.0424340018975754,0.052274851417431226,0.14285714285714285,0.02040816326530612,0.02031468495079143,0.19170116758350683,0.5306122448979592,0.008662670634364655,0.7959183673469388,0.7959183673469388,0.8163265306122449,0.8163265306122449,0.10204081632653061,0.061224489795918366,-0.05021541519511596,0.16689624315697965,0.026093046434526895,0.017978090560430753,0.00017004234312797267
ZERO,1,1,MATCH_CORE_VOL,2011,0.9692715517979588,251,49,0.9883641341546886,0.02539578643523247,0.04400919295864787,0.19564153017089037,0.1436615244649915,0.2249481126027097,0.3063394539529083,0.185604920317196,0.136827118547458,110,True,55,0.8965220422534547,0.10347795774654533,0.896289090465749,0.10386340660552397,1.0386340660552398e-05,0.039274250612773676,0.056028645904523035,0.16326530612244897,0.02040816326530612,0.021049142909402824,0.20394221416961586,0.5306122448979592,0.009092880507546352,0.6326530612244898,0.6326530612244898,0.6938775510204082,0.6938775510204082,0.10204081632653061,0.061224489795918366,-0.05023516795872614,0.16832356796494663,0.03336493612652445,0.018783585952136757,1.0732790219736277e-05
ZERO,1,1,CORE_VOL,2015_2016,0.8496334647971686,503,100,1.9931553730321698,0.07382075524479528,0.08697569243830798,0.17729709136992225,0.1314932346852043,0.4905646887169581,0.6614461393890597,0.4250161933999351,0.17368927676440515,75,False,184,0.9505314076458883,0.04946859235411172,0.9200577375132759,1.5063836946022746,0.00015063836946022747,0.029616176427678664,0.05100097652818856,0.14,0.02,0.015284418275024518,0.18586022079133663,0.28,0.016460078764704743,0.49,0.49,0.5,0.5,0.04,0.06,-0.15035125382923162,0.13172162802815013,0.01694022441578523,0.01538910378874893,0.0001620053405970434
ZERO,1,1,MATCH_CORE_VOL,2015_2016,0.9568807065507371,503,100,1.9931553730321698,0.08313897623325364,0.09632384402770378,0.1813842283037973,0.13394932895330294,0.5310486194332874,0.7191065814244126,0.5034261295630419,0.16514632703990884,72,False,182,0.9505314076489708,0.049468592351029184,0.949278896715416,0.042435428890335226,4.243542889033522e-06,0.03178173396199302,0.052454217782478565,0.13,0.02,0.01562675042204549,0.18970547904963417,0.25,0.016967675443161117,0.41,0.41,0.43,0.43,0.05,0.06,-0.15034107428412719,0.1320376466252331,0.022194225509586465,0.016183028671161642,4.602989931601353e-06
ZERO,1,1,CORE_VOL,2018Q4,,62,11,0.24914442162902123,-0.4905383783261151,-0.6478499465336435,0.2625580492808325,0.21511720569052478,-2.4674541432195904,-3.0116138058508595,-2.5435055721037836,0.19285917188708224,62,True,0,0.8145370479431149,0.18546295205688512,0.8083238134469494,2.544049941528373,0.00025440499415283727,0.06274986403100624,0.06274986403100624,0.6363636363636364,0.09090909090909091,0.03593819559777381,0.24992205652969784,0.9090909090909091,0.011072963964302986,1.0,1.0,1.0,1.0,0.45454545454545453,0.2727272727272727,-0.4159899745878354,0.1954632397634304,0.04279797277231246,0.02095787245326672,0.00012800698798687282
ZERO,1,1,MATCH_CORE_VOL,2018Q4,,62,11,0.24914442162902123,-0.4540965665696654,-0.5779221242688559,0.2632948828665894,0.21119396288016642,-2.194961474286179,-2.736451915516045,-2.479764394356329,0.18312085115954535,62,True,0,0.8145370479466895,0.18546295205331054,0.8140759292803964,0.2934619318288112,2.9346193182881126e-05,0.06764627047424232,0.06764627047424232,0.6363636363636364,0.09090909090909091,0.03576546792535813,0.25038018100550297,1.0,0.010621462282868154,0.9090909090909091,0.9090909090909091,0.9090909090909091,0.9090909090909091,0.45454545454545453,0.2727272727272727,-0.415972820360337,0.19760579763769215,0.047434811675094626,0.021537575242326048,1.5820275700129116e-05
ZERO,1,1,CORE_VOL,COVID,-0.3586151248222767,92,18,0.3613963039014374,-0.03276669601177364,0.013314648324392143,0.30468544935772574,0.23165644874537358,0.04369965271547856,0.05747583715671568,-0.14649377549290787,0.2236729574449391,86,False,86,0.7523082476934941,0.24769175230650586,0.7136314237255282,2.9784326612245047,0.0002978432661224505,0.13945553092757257,0.13945553092757257,0.1111111111111111,0.1111111111111111,0.03253406295377889,0.3449879215160795,0.7777777777777778,0.022436305768416532,1.0,1.0,1.0,1.0,0.1111111111111111,0.05555555555555555,-1.9204804181270623,0.22628940336325284,0.07811279650603788,0.02699097954371272,0.00029106520745978554
ZERO,1,1,MATCH_CORE_VOL,COVID,0.9075158789935648,92,18,0.3613963039014374,0.08291980698688176,0.12866202862198572,0.3160953036548115,0.23419103537120914,0.407035559004982,0.5493892130330583,0.3902773814231531,0.21246377815827622,71,False,71,0.7523082476881854,0.24769175231181462,0.7499627198774539,0.35469276728223537,3.5469276728223536e-05,0.11261768175064324,0.11261768175064324,0.16666666666666666,0.1111111111111111,0.032560121323978085,0.3806044038280441,0.7222222222222222,0.024026367766822702,0.9444444444444444,0.9444444444444444,0.9444444444444444,0.9444444444444444,0.1111111111111111,0.05555555555555555,-1.9207476497633555,0.22432547830543703,0.08634926483937916,0.02905833608861366,3.880255391423837e-05
ZERO,1,1,CORE_VOL,2022,,250,49,0.9883641341546886,-0.29617537006462213,-0.31810906489299107,0.25160962846369084,0.18963379672597805,-1.2642960717971752,-1.6774914091535094,-0.9274743883962512,0.31933536253950456,249,True,0,0.7825701012467571,0.21742989875324292,0.7788644412480127,2.0112246450356164,0.00020112246450356168,0.0638031468978083,0.07213369629993521,0.40816326530612246,0.10204081632653061,0.030177692945125976,0.23232134065846252,0.9183673469387755,0.008880602941312927,1.0,1.0,1.0,1.0,0.24489795918367346,0.10204081632653061,-0.305145006380576,0.2056295342656382,0.04941792799104048,0.02219732682568172,0.00014209956044330951
ZERO,1,1,MATCH_CORE_VOL,2022,,250,49,0.9883641341546886,-0.2697098999549878,-0.2812939620897929,0.2520374202836121,0.1873644635160417,-1.1160801510079696,-1.5013197103180091,-0.9229179324774042,0.29223605963641963,249,True,0,0.7825701012398523,0.21742989876014773,0.7820692291220119,0.30927044958709987,3.092704495871e-05,0.060889099434195404,0.07035863211221677,0.3877551020408163,0.08163265306122448,0.03017612164485037,0.2349582450981538,0.8979591836734694,0.009083555694880929,1.0,1.0,1.0,1.0,0.24489795918367346,0.10204081632653061,-0.30515615409360713,0.20601744733316696,0.05195332991569999,0.022552305590578657,2.2670613454067734e-05
ZERO,1,1,CORE_VOL,2023_PLUS,0.8471030315901722,913,182,3.6413415468856947,0.26581842136047645,0.2526687595204219,0.17687990725601438,0.1222497898602729,1.4284763229478146,2.066823671510709,1.2562147855384982,0.21160268484384126,101,False,117,0.9186669695220016,0.08133303047799845,0.8631337664542965,1.939794471677498,0.0001939794471677498,0.03182359815662461,0.048290375925342285,0.12637362637362637,0.01098901098901099,0.015949727414608334,0.17601762996733503,0.4010989010989011,0.008445086430661651,0.8626373626373627,0.8626373626373627,0.8626373626373627,0.8626373626373627,0.054945054945054944,0.038461538461538464,0.05901160036310874,0.1557410926713011,0.02372370165787873,0.017255349826283843,0.00024433151587260893
ZERO,1,1,MATCH_CORE_VOL,2023_PLUS,0.9137244337012211,913,182,3.6413415468856947,0.2867240199447916,0.2709042156757197,0.18674846370577572,0.12635939234496327,1.4506369171664637,2.1439183162273103,1.2820327721333973,0.22364796452719504,88,False,88,0.9186669695187243,0.08133303048127571,0.9179905255198363,0.08055849229969642,8.055849229969644e-06,0.032920349341062805,0.050264325803503755,0.12637362637362637,0.01098901098901099,0.01617831336886524,0.18435438220263864,0.41208791208791207,0.009203738952595714,0.7802197802197802,0.7802197802197802,0.7527472527472527,0.7582417582417582,0.06043956043956044,0.038461538461538464,0.059012780591473246,0.15590234649855608,0.027401225011860746,0.017734978254223144,1.03135304869717e-05
ZERO,1,1,CORE_VOL,2024_PLUS,0.8135185808787765,663,132,2.64476386036961,0.19732392650471475,0.19757401244398332,0.18143824111375595,0.1295972088725466,1.0889325824102911,1.5245236696284796,0.9325209018512026,0.21160268484384137,101,False,117,0.9159733286584028,0.08402667134159725,0.8521756930851372,1.994506839868859,0.00019945068398688595,0.03414706595172923,0.05301610128586287,0.12878787878787878,0.015151515151515152,0.016430838729362678,0.1812945675682074,0.4318181818181818,0.009287177651976376,0.8409090909090909,0.8409090909090909,0.8409090909090909,0.8409090909090909,0.06060606060606061,0.03787878787878788,0.03261902207707795,0.15602770668934896,0.02430471328070721,0.017331169738789676,0.0002375844940347427
ZERO,1,1,MATCH_CORE_VOL,2024_PLUS,0.9152754310655741,663,132,2.64476386036961,0.22200567526811874,0.2202659400736066,0.19326832939411512,0.13420505082644107,1.1396897813735307,1.6412641604559477,0.9952682009333196,0.2230611558371215,88,False,88,0.9159733286539966,0.08402667134600339,0.9151022920107879,0.0853660493520497,8.53660493520497e-06,0.03459777838232847,0.05585393725059821,0.12878787878787878,0.015151515151515152,0.016715583859045976,0.19119119788781222,0.44696969696969696,0.010152449137971259,0.7575757575757576,0.7575757575757576,0.7272727272727273,0.7272727272727273,0.07575757575757576,0.03787878787878788,0.032614389607976205,0.15623569436516946,0.028599353886322777,0.01790051499132536,1.0377348441337197e-05
ZERO,1,1,CORE_VOL,EX_MAJOR_SHOCKS,0.8970116104033105,3982,794,15.824777549623546,0.20873468473915113,0.20360001199851274,0.16512229389437563,0.11717002554374989,1.2330255787795092,1.7376458787447386,0.9864462962423816,0.21160268484384126,101,False,184,0.9400081290081077,0.05999187099189229,0.88759054804643,1.5370102960985441,0.00015370102960985443,0.03445519603597147,0.047939323002685254,0.12846347607052896,0.013853904282115869,0.014952099660552148,0.16674627426893937,0.3236775818639798,0.009470204778062966,0.6246851385390428,0.6246851385390428,0.6448362720403022,0.6448362720403022,0.0654911838790932,0.05415617128463476,-0.026443438390452823,0.13854559673247838,0.017801464809996847,0.015772140271914457,0.00018552686181538824
ZERO,1,1,MATCH_CORE_VOL,EX_MAJOR_SHOCKS,0.9384871803076956,3982,794,15.824777549623546,0.2183860536935351,0.21298521426941486,0.17353224684298943,0.12202226449777676,1.22735236905059,1.7454619052189073,0.956051899553157,0.22842489387407228,88,False,182,0.9400081290069053,0.059991870993094665,0.9395332485600836,0.11411402575021591,1.141140257502159e-05,0.034788614041293076,0.0503914962431374,0.13224181360201512,0.017632241813602016,0.015302771655441095,0.1744414160785252,0.3236775818639798,0.009956574898343387,0.5566750629722922,0.5566750629722922,0.5680100755667506,0.5680100755667506,0.06801007556675064,0.05415617128463476,-0.026443025844634403,0.1391820836180876,0.02216742428098948,0.016292785577109743,1.388353880138471e-05
ZERO,1,3,BUYHOLD,ALL,1.0,5085,1017,20.216290212183434,0.16373701290289952,0.17593412953505513,0.2185906624583592,0.1560842923655737,0.8048565641204826,1.1271738294010394,0.3131915620127006,0.5228014824239091,761,False,761,1.0,0.0,1.0000044060813469,0.04954265932609598,1.4862797797828791e-05,0.04294169174343243,0.06728819087855525,0.1750245821042281,0.03933136676499508,0.019353754190531633,0.2205240957144458,0.4837758112094395,0.011620565383551355,0.6833824975417896,0.6833824975417896,0.7010816125860374,0.7010816125860374,0.10422812192723697,0.05703048180924287,-0.10254976571293357,0.1663552293083197,0.036425149286355,0.01942224266053013,1.726683442618282e-05
ZERO,1,3,BUYHOLD,GFC,1.0,755,150,2.9924709103353866,0.02521834073643893,0.06774886567589034,0.2925071856818413,0.2104392152153282,0.23161436365389143,0.3219403075922304,0.04823693425565106,0.5228014824239073,545,True,46,1.0,0.0,1.0,0.0,0.0,0.06780609557139206,0.08381601151899523,0.24666666666666667,0.08666666666666667,0.026738024197614584,0.29196822060478766,0.7266666666666667,0.012074941670513383,0.8466666666666667,0.8466666666666667,0.86,0.86,0.18,0.05333333333333334,-0.22041522085205453,0.21412546653531905,0.0630382780127665,0.025158422337642494,-1.7416623698807143e-15
ZERO,1,3,BUYHOLD,2011,1.0,251,49,0.9883641341546886,0.026200899415776347,0.0494780375704381,0.21827885348449516,0.1602166266465213,0.2266735269156645,0.30881961882520004,0.17265884302601914,0.15174953658080492,110,True,55,1.0,0.0,0.9999999999999996,0.0,0.0,0.04379943962172406,0.062484214982979,0.20408163265306123,0.04081632653061224,0.023458065952804988,0.22767483068914934,0.6530612244897959,0.01019606104569807,0.7959183673469388,0.7959183673469388,0.8163265306122449,0.8163265306122449,0.10204081632653061,0.061224489795918366,-0.05023568620230326,0.18899220528606098,0.043398905543669326,0.020947930231766228,1.942890293094024e-16
ZERO,1,3,BUYHOLD,2015_2016,1.0,503,100,1.9931553730321698,0.08688541389129197,0.10159890232515222,0.19107510807991773,0.14103405886072143,0.5317223334117293,0.7203855802341085,0.5005900764226744,0.1735659933816388,72,False,182,1.0,0.0,0.9999999999999998,0.0,0.0,0.03343551502253983,0.05518378450903505,0.15,0.02,0.016435490079085305,0.20006399212858897,0.3,0.017941259185145046,0.49,0.49,0.5,0.5,0.05,0.06,-0.15034097931693133,0.14098155261864237,0.025109916212365708,0.017025165686387216,4.440892098500626e-16
ZERO,1,3,BUYHOLD,2018Q4,1.0,62,11,0.24914442162902123,-0.5289552733768622,-0.7093384933401192,0.3234242070099199,0.2593995857842622,-2.193213983263667,-2.7345398073613842,-2.3890268173076867,0.2214103540172765,62,True,0,1.0,0.0,0.9999999999999999,0.0,0.0,0.08291808185525062,0.08291808185525062,0.6363636363636364,0.18181818181818182,0.043814403049944765,0.3079114405526997,1.0,0.013161184501508423,1.0,1.0,1.0,1.0,0.5454545454545454,0.2727272727272727,-0.41597556481654147,0.2321416080844118,0.07477851698218631,0.026400136828217846,6.661338147750939e-16
ZERO,1,3,BUYHOLD,COVID,1.0,92,18,0.3613963039014374,0.09137008939043575,0.17534673481457153,0.42145989130573297,0.312258642805467,0.41604607800596743,0.561543255421789,0.3314938400367157,0.2756313341458042,72,False,72,1.0,0.0,1.0000000000000002,0.0,0.0,0.14969396814825786,0.14969396814825786,0.2777777777777778,0.1111111111111111,0.043115890228185676,0.5088996484691735,1.0,0.0323996329137509,1.0,1.0,1.0,1.0,0.1111111111111111,0.05555555555555555,-1.920749398883218,0.26444933750330696,0.1264673618820103,0.03862502072695048,1.1518563880486e-15
ZERO,1,3,BUYHOLD,2022,1.0,250,49,0.9883641341546886,-0.337695483730845,-0.3583998756999966,0.3222645326642971,0.23937477070898208,-1.1121294445186174,-1.4972332908705668,-0.9315640449314496,0.3625037758468821,249,True,0,1.0,0.0,1.0000000000000002,0.0,0.0,0.07774541022914905,0.08983686324367238,0.42857142857142855,0.1836734693877551,0.03844128359570039,0.30035302807501707,0.9591836734693877,0.011655130592491788,1.0,1.0,1.0,1.0,0.32653061224489793,0.10204081632653061,-0.30515498179913314,0.24507218461249694,0.08718247225087536,0.028795780830525138,1.27675647831893e-15
ZERO,1,3,BUYHOLD,2023_PLUS,1.0,913,182,3.6413415468856947,0.3137970370162479,0.295100584328772,0.20343099450119176,0.13763471936090615,1.450617616319244,2.1440853419765284,1.29821413669337,0.24171438913422094,88,False,88,1.0,0.0,1.0000000000000002,0.0,0.0,0.035841208776553835,0.0547239645489854,0.13736263736263737,0.016483516483516484,0.0176012393632274,0.20081186145344354,0.5439560439560439,0.01006056267495163,0.8626373626373627,0.8626373626373627,0.8626373626373627,0.8626373626373627,0.07692307692307693,0.038461538461538464,0.0590126249827979,0.1711294080101921,0.034640956652339606,0.01930857099036,-1.0547118733938987e-15
ZERO,1,3,BUYHOLD,2024_PLUS,1.0,663,132,2.64476386036961,0.2425561396416564,0.24066343184624256,0.21119756024299371,0.14663558467832608,1.1395180492111123,1.6412348501503575,1.0034824178670148,0.24171438913422083,88,False,88,1.0,0.0,1.0,0.0,0.0,0.037775300616400664,0.06098387703153991,0.14393939393939395,0.022727272727272728,0.018238684720032247,0.20891049024789823,0.553030303030303,0.011136039371257728,0.8409090909090909,0.8409090909090909,0.8409090909090909,0.8409090909090909,0.09090909090909091,0.03787878787878788,0.03261400089710404,0.1718548194413385,0.03608273666156173,0.019544673614755495,2.7755575615628914e-16
ZERO,1,3,BUYHOLD,EX_MAJOR_SHOCKS,1.0,3982,794,15.824777549623546,0.23268451637408763,0.22668729167257956,0.18470162913160396,0.12986030377663293,1.2273161462536961,1.7456242214133006,0.9626423863615371,0.24171438913422094,88,False,182,1.0,0.0,1.0000079917292248,0.06326580177629282,1.8979740532887844e-05,0.03701186485452701,0.05361673609524397,0.14357682619647355,0.020151133501259445,0.016274092786346468,0.1857216014964929,0.3954659949622166,0.010630324366203332,0.6246851385390428,0.6246851385390428,0.6448362720403022,0.6448362720403022,0.07556675062972293,0.05415617128463476,-0.02643697208504789,0.15027751844200948,0.02628993782821121,0.017334064574195448,2.3365472173436652e-05
ZERO,1,3,VOL,ALL,0.808795039847769,5085,1017,20.216290212183434,0.13242968387535528,0.13636280236914422,0.15292643613143447,0.11063580107741698,0.8916888787753189,1.232537759397836,0.4065357622936289,0.3257516217717279,602,False,602,0.8324188083622146,0.1675811916377854,0.6514979458749665,3.141007071824238,0.0009423021215472714,0.0334110194863092,0.04761555462662393,0.13274336283185842,0.01376597836774828,0.014542772067397125,0.15375294490498684,0.25073746312684364,0.0082458792424509,0.671583087512291,0.6755162241887905,0.6971484759095379,0.7010816125860374,0.058997050147492625,0.05703048180924287,-0.10249774690284422,0.1253374504206701,0.010088507970536523,0.014452859461143209,0.0010656289310815026
ZERO,1,3,MATCH_VOL,ALL,0.8415391839875711,5085,1017,20.216290212183434,0.13779111222686846,0.14591621831489318,0.18171511731234968,0.1298204365150822,0.8029943819372944,1.123984961319561,0.3023378279935882,0.4557521403831434,757,False,757,0.8324188083669314,0.16758119163306862,0.8312939564222429,0.19336545898303228,5.800963769490968e-05,0.0357403460127107,0.05600324425781185,0.14060963618485742,0.02654867256637168,0.016133116480779062,0.18319310246480097,0.3303834808259587,0.00958403382347856,0.49065880039331367,0.49065880039331367,0.4975417895771878,0.4975417895771878,0.0688298918387414,0.05703048180924287,-0.10254835292715078,0.13410883625100448,0.023342780348289616,0.01616459704880611,6.5883407869477e-05
ZERO,1,3,VOL,GFC,2.1180398742768687,755,150,2.9924709103353866,0.05341345124287834,0.06427272200497834,0.15673915969816024,0.1134895650836951,0.41006167270994215,0.5663315561882643,0.16396987051781606,0.325751621771725,545,True,48,0.7098717643815364,0.29012823561846357,0.4833923440221061,3.0075431894413014,0.0009022629568323903,0.03190936101190922,0.0517649966828159,0.17333333333333334,0.02,0.016136759250817246,0.1594564599696577,0.32,0.006173646222540517,0.8333333333333334,0.8333333333333334,0.86,0.86,0.05333333333333334,0.05333333333333334,-0.22027371194900772,0.1358637725861929,0.010557787010151799,0.0152267632260058,0.0009520354306557371
ZERO,1,3,MATCH_VOL,GFC,0.9752915776195539,755,150,2.9924709103353866,0.024595235321788984,0.04576761483874998,0.20725063236635693,0.1493536481769955,0.22083220840478096,0.306437876793688,0.06117718030824071,0.40203283639203535,545,True,46,0.7098717643846922,0.29012823561530776,0.7084934148455959,0.285242253939661,8.55726761818983e-05,0.048123489792437635,0.059488705344363894,0.18666666666666668,0.04666666666666667,0.01905910730074354,0.2067495684589858,0.44666666666666666,0.00846070141012192,0.5466666666666666,0.5466666666666666,0.5666666666666667,0.5666666666666667,0.08666666666666667,0.05333333333333334,-0.22040715965251242,0.15110512681716504,0.030557128351063115,0.017855353624470938,8.778557491648242e-05
ZERO,1,3,VOL,2011,-0.3197830413375482,251,49,0.9883641341546886,-0.00837860330095615,0.002825974577101566,0.14956916529978279,0.11261539662325758,0.018894098736443706,0.025094033869592032,-0.0708808460842671,0.11820687483040482,218,True,13,0.7929919124031602,0.20700808759683975,0.6517302128552434,3.372320118826734,0.0010116960356480202,0.03488136642209605,0.04536811292559618,0.12244897959183673,0.02040816326530612,0.017161912504817956,0.1596937970496227,0.30612244897959184,0.007287882126306074,0.7959183673469388,0.7959183673469388,0.8163265306122449,0.8163265306122449,0.08163265306122448,0.061224489795918366,-0.05008248916050309,0.1338918997584733,0.010223912725940431,0.015008250889095276,0.0010115395661651422
ZERO,1,3,MATCH_VOL,2011,0.9200180083059586,251,49,0.9883641341546886,0.02410529929632731,0.03858510571323866,0.17300614143721774,0.12709474959389253,0.2230273757492061,0.3035932313217512,0.19803322462681905,0.12172351049553531,110,True,55,0.7929919124080057,0.2070080875919943,0.7925830094142383,0.1838340317014847,5.5150209510445416e-05,0.03474547611216183,0.04956815963829866,0.14285714285714285,0.02040816326530612,0.01863502464698207,0.18024177419118834,0.3877551020408163,0.008001114584170296,0.46938775510204084,0.46938775510204084,0.5102040816326531,0.5102040816326531,0.061224489795918366,0.061224489795918366,-0.05023258963036226,0.14572865947087904,0.024273681983267688,0.0166172423186315,5.691941660532912e-05
ZERO,1,3,VOL,2015_2016,0.6870903178745811,503,100,1.9931553730321698,0.05969812664923234,0.07197286522131134,0.16697712254523914,0.12437660314149077,0.4310342885553781,0.578668844488662,0.3433948703906492,0.17384687948692767,265,False,265,0.9010227515931841,0.09897724840681588,0.8400472250247694,3.017745611292167,0.00090532368338765,0.029616176427678775,0.04758488896816171,0.12,0.01,0.014130428354559693,0.17543925015169193,0.18,0.015533754686188901,0.49,0.49,0.5,0.5,0.04,0.06,-0.15041611653286346,0.11644166046737105,0.007941975013634176,0.013753041891110644,0.0009612282138692363
ZERO,1,3,MATCH_VOL,2015_2016,0.9128010735083076,503,100,1.9931553730321698,0.07930909907218493,0.09105960836415604,0.1717144990824582,0.1268713137447381,0.5302965611566018,0.7177320520804702,0.5061094304549222,0.15670346035816218,72,False,182,0.9010227515875635,0.09897724841243649,0.8986624701049394,0.08047475678953112,2.414242703685933e-05,0.03012686443775059,0.049722570858301784,0.12,0.02,0.014817006216395236,0.17939589572035117,0.24,0.016003888822912374,0.34,0.34,0.35,0.35,0.03,0.06,-0.15034155149367245,0.122819239078059,0.019738252494293507,0.015340184057583441,2.6095071499532274e-05
ZERO,1,3,VOL,2018Q4,,62,11,0.24914442162902123,-0.45267837620654744,-0.5886814358749932,0.20541794847677614,0.1740008285823724,-2.865774097347426,-3.3832105322205983,-2.7531153833392255,0.16442404809692301,62,True,0,0.6294912965728321,0.3705087034271679,0.617117048366079,5.1437061429127295,0.0015431118428738183,0.04431265180475363,0.04431265180475363,0.5454545454545454,0.0,0.028057170673219837,0.19536577948651113,0.5454545454545454,0.009246187473019286,1.0,1.0,1.0,1.0,0.2727272727272727,0.2727272727272727,-0.4161078866529472,0.1407669375282217,0.013470814278605543,0.01551560807831559,0.0008346862315754544
ZERO,1,3,MATCH_VOL,2018Q4,,62,11,0.24914442162902123,-0.3698423096302468,-0.4467565033445358,0.20336850847084673,0.16313924636018282,-2.1967831042463453,-2.7384980212436183,-2.5742365395272886,0.14367067825793567,62,True,0,0.6294912965680665,0.37050870343193354,0.628769396757747,0.45214896311573693,0.0001356446889347211,0.052360055289121576,0.052360055289121576,0.5454545454545454,0.09090909090909091,0.02769949577400419,0.19317910256558637,0.6363636363636364,0.008134491452762254,0.8181818181818182,0.8181818181818182,0.8181818181818182,0.8181818181818182,0.18181818181818182,0.2727272727272727,-0.4159592348743525,0.15231794460553127,0.02147569236742459,0.01666989781552315,8.441544511300636e-05
ZERO,1,3,VOL,COVID,-1.6521150723402114,92,18,0.3613963039014374,-0.15095390184301136,-0.1409715444916031,0.20499195513929447,0.16480378325801745,-0.687693057982745,-0.8553902204471695,-0.8857038281737533,0.17043383695683645,91,True,0,0.5043217577493748,0.4956782422506252,0.42870228235405883,6.196488307434534,0.0018589464922303602,0.12924107926573258,0.12924107926573258,0.1111111111111111,0.05555555555555555,0.021842751089194187,0.2031555588705061,0.3888888888888889,0.014107884675123155,1.0,1.0,1.0,1.0,0.05555555555555555,0.05555555555555555,-1.9190706223011789,0.14002503011496023,0.014324413470133138,0.01535693836047495,0.0015959658933155652
ZERO,1,3,MATCH_VOL,COVID,0.7044234342844682,92,18,0.3613963039014374,0.0643632321592896,0.08393929928302513,0.2112757054084012,0.15653569147855517,0.3972974513125793,0.5362310568930186,0.44116186599215623,0.1458948225602844,66,False,66,0.5043217577557065,0.49567824224429347,0.5011941872187977,0.4724578745568507,0.0001417373623670552,0.07548283081886586,0.07548283081886586,0.1111111111111111,0.05555555555555555,0.021909649149052565,0.25371363573000705,0.5,0.015885652792539513,0.6666666666666666,0.6666666666666666,0.6666666666666666,0.6666666666666666,0.1111111111111111,0.05555555555555555,-1.9207388015292344,0.16296807995153229,0.043589229318639344,0.019476501264918986,0.0001524088306225635
ZERO,1,3,VOL,2022,,250,49,0.9883641341546886,-0.25651186252535824,-0.2783606597249289,0.18329151621831993,0.141850773565865,-1.518677271420306,-1.9623485493061397,-0.9270910413978642,0.2766846523924885,249,True,0,0.5653342249758357,0.43466577502416426,0.5583105350112261,4.0405666431449045,0.0012121699929434715,0.04988142732768819,0.05443954205158618,0.2857142857142857,0.04081632653061224,0.02187662116051739,0.16588557565726514,0.40816326530612246,0.006182238564188567,1.0,1.0,1.0,1.0,0.14285714285714285,0.10204081632653061,-0.3050899878953344,0.14120940752308975,0.015103449656970512,0.015598872820838295,0.0009051747900303275
ZERO,1,3,MATCH_VOL,2022,,250,49,0.9883641341546886,-0.19851623119354017,-0.20387269232611416,0.1819654954004645,0.13538429789051185,-1.1203920384874997,-1.505881372528078,-0.9136971377330524,0.21726699471344857,249,True,0,0.5653342249795003,0.43466577502049975,0.5646084383731336,0.4456151514902409,0.00013368454544707224,0.04401924873550278,0.05086398791441642,0.2653061224489796,0.02040816326530612,0.0218667248895857,0.1696790030352817,0.3469387755102041,0.006536845834656978,0.7959183673469388,0.7959183673469388,0.7959183673469388,0.7959183673469388,0.14285714285714285,0.10204081632653061,-0.30516198349796503,0.14753103251066046,0.02029936702187909,0.016303479301439248,0.00010755446216023645
ZERO,1,3,VOL,2023_PLUS,0.6928144119106616,913,182,3.6413415468856947,0.2174031096597199,0.2096378160727572,0.15383545492245476,0.10822774549776996,1.3627405735461389,1.937006218771108,1.2008323092741335,0.18104368776614066,143,False,143,0.8371194658415514,0.1628805341584486,0.726326948827897,3.9025243300245194,0.0011707572990073557,0.031110855113471003,0.04310120735116335,0.11538461538461539,0.01098901098901099,0.014293364783411928,0.15405510970357644,0.27472527472527475,0.006993026310839983,0.8626373626373627,0.8626373626373627,0.8626373626373627,0.8626373626373627,0.04945054945054945,0.038461538461538464,0.05901068835755674,0.1343819779647916,0.012994162300610805,0.015202128662207683,0.0014189690120265108
ZERO,1,3,MATCH_VOL,2023_PLUS,0.82789927661588,913,182,3.6413415468856947,0.25979233994995815,0.2466517193866831,0.17004897738063435,0.11507069788075268,1.4504745820057632,2.1434798252660925,1.2656628076992078,0.20526188995173456,87,False,87,0.8371194658432711,0.16288053415672887,0.8358918642295912,0.14704484037996143,4.411345211398842e-05,0.029993032768300676,0.045795041185249574,0.0989010989010989,0.01098901098901099,0.014750287842774112,0.16787913531757132,0.3076923076923077,0.008352256768345702,0.6263736263736264,0.6263736263736264,0.6043956043956044,0.6043956043956044,0.04945054945054945,0.038461538461538464,0.05901353940906542,0.13947404718919587,0.020866022397890118,0.01615772771846212,5.5295358373952386e-05
ZERO,1,3,VOL,2024_PLUS,0.6240218191444786,663,132,2.64476386036961,0.15136032350384862,0.1538815123094369,0.155772347974081,0.11405483520814524,0.9878615448169356,1.3491888531390155,0.836043086458582,0.18104368776614133,143,False,143,0.8317093958395323,0.1682906041604677,0.7044859354307506,4.019699230089135,0.0012059097690267405,0.031694432469989486,0.04601760121722331,0.12121212121212122,0.015151515151515152,0.014616636104509074,0.15695805441416097,0.2878787878787879,0.007621842626057602,0.8409090909090909,0.8409090909090909,0.8409090909090909,0.8409090909090909,0.05303030303030303,0.03787878787878788,0.032655409001257074,0.1333623760984781,0.012698805787331574,0.015117665862823862,0.0013820480396005974
ZERO,1,3,MATCH_VOL,2024_PLUS,0.8301186373953056,663,132,2.64476386036961,0.20135037213119727,0.1998159091516531,0.17532593955458672,0.12176190098164916,1.139682523072643,1.6410380220802196,0.9867118443135999,0.20406197948425908,87,False,87,0.8317093958436912,0.1682906041563088,0.8301350441694947,0.15525327780362638,4.657598334108792e-05,0.03141267693986183,0.050711077898673504,0.11363636363636363,0.015151515151515152,0.015186657119154968,0.17345686414488223,0.32575757575757575,0.009175827282831507,0.6060606060606061,0.6060606060606061,0.5909090909090909,0.5909090909090909,0.06060606060606061,0.03787878787878788,0.03261630877845636,0.13945965913507047,0.021799711156095084,0.016251977585779388,5.56632054258821e-05
ZERO,1,3,VOL,EX_MAJOR_SHOCKS,0.789455714627003,3982,794,15.824777549623546,0.18369412115674394,0.18001551489053366,0.14853424772331664,0.10629095054145352,1.211946185137444,1.693610923352572,1.014639744822404,0.18104368776614066,143,False,265,0.8799352047953365,0.12006479520466351,0.7752204568419416,3.0217317257743623,0.0009065195177323086,0.032075299052992334,0.043577680179649005,0.11586901763224182,0.010075566750629723,0.01362873557003212,0.15052652508739797,0.22418136020151133,0.008535451307546385,0.6120906801007556,0.6171284634760705,0.6397984886649875,0.6448362720403022,0.05415617128463476,0.05415617128463476,-0.026443090368790917,0.1219624362105662,0.009585535922265347,0.01421021596963347,0.0010719841668342667
ZERO,1,3,MATCH_VOL,EX_MAJOR_SHOCKS,0.8769221577563334,3982,794,15.824777549623546,0.20404620817525382,0.19923688450181046,0.16236227697588265,0.1141831134110845,1.2271131460628948,1.7448892270480796,0.9491837016898751,0.21497019787843075,88,False,182,0.8799352047981325,0.12006479520186752,0.8790521899028382,0.1580285873112664,4.7408576193379905e-05,0.0325630314094445,0.04717199296398959,0.11964735516372796,0.013853904282115869,0.014330060185064514,0.16316655836177882,0.28337531486146095,0.009287217757562503,0.464735516372796,0.464735516372796,0.4836272040302267,0.4836272040302267,0.05667506297229219,0.05415617128463476,-0.026436235917932278,0.1275720577110586,0.018346049649331522,0.015250246905447944,5.700248374135297e-05
ZERO,1,3,CORE_VOL,ALL,0.9092197321067176,5085,1017,20.216290212183434,0.14887292300752847,0.15580387082421446,0.18259903028599644,0.13119520110584942,0.8532568359217791,1.1875729410141347,0.34755031944655,0.4283492624739875,742,False,742,0.9162400946077657,0.08375990539223432,0.8255296516407736,1.5885966345770097,0.00047657899037310293,0.037969131054021776,0.0559687268688339,0.15634218289085547,0.02359882005899705,0.01695814222229308,0.18374439165034231,0.40707964601769914,0.00971761200595093,0.6833824975417896,0.6833824975417896,0.7010816125860374,0.7010816125860374,0.08456243854473942,0.05703048180924287,-0.10252204045994129,0.15029825911306455,0.02329782782930995,0.01693755106083667,0.0005466460350519176
ZERO,1,3,MATCH_CORE_VOL,ALL,0.9213785225806004,5085,1017,20.216290212183434,0.15086376704023427,0.16090221671365365,0.20014544787300995,0.14295084135474537,0.8039264366169563,1.1255772627064176,0.30776461081394535,0.4901920550294744,758,False,758,0.9162400946064417,0.08375990539355826,0.9156179983019574,0.1291114800147977,3.873344400443931e-05,0.03934217592114442,0.06164749543665329,0.16224188790560473,0.03343166175024582,0.01774517022211577,0.20184341081261092,0.40707964601769914,0.010597497773562878,0.5958702064896755,0.5958702064896755,0.6076696165191741,0.6076696165191741,0.08849557522123894,0.05703048180924287,-0.10254905865887007,0.15087090532443578,0.029614283391869126,0.017793917215328862,4.4496769911556155e-05
ZERO,1,3,CORE_VOL,GFC,1.6401033408608185,755,150,2.9924709103353866,0.04136068489279996,0.06458855667570826,0.21944776559114387,0.15828539992305693,0.2943231456548256,0.4080512587206715,0.09655831938151607,0.42834926247398564,545,True,48,0.8549428873150787,0.14505711268492127,0.7412111968166278,1.5057064381932765,0.0004517119314579829,0.04955963802535168,0.06497908728141068,0.22666666666666666,0.04,0.02147389849123305,0.22062809264076602,0.6333333333333333,0.00884947018759603,0.8466666666666667,0.8466666666666667,0.86,0.86,0.12666666666666668,0.05333333333333334,-0.2203397781023915,0.18489033273499972,0.037383526940828596,0.020192592781824146,0.00047106588721334414
ZERO,1,3,MATCH_CORE_VOL,GFC,1.015542412155644,755,150,2.9924709103353866,0.025610294582046132,0.0565156704722151,0.24983333347216619,0.1798893591454464,0.22621349075707498,0.3141690578069175,0.055051382348548526,0.4652071117832951,545,True,46,0.8549428873167697,0.1450571126832303,0.8540983919951673,0.17200259890391298,5.160077967117388e-05,0.05796487895132074,0.07165273788242657,0.22666666666666666,0.06666666666666667,0.022906678849827767,0.24930006629703302,0.6333333333333333,0.010254842701347949,0.7333333333333333,0.7333333333333333,0.7533333333333333,0.7533333333333333,0.12666666666666668,0.05333333333333334,-0.22041118892166642,0.1850966196172372,0.04638655483251942,0.021506906937973445,5.2986680303380995e-05
ZERO,1,3,CORE_VOL,2011,0.35789216844369903,251,49,0.9883641341546886,0.009377096707087444,0.025759160713795307,0.18170747128018014,0.13497500567066242,0.14176170375557368,0.19084393133234892,0.07089810350549501,0.1322616014173167,110,True,59,0.8965220422573793,0.1034779577426207,0.8256935686709228,1.6709557984690189,0.0005012867395407056,0.04243927186608443,0.05228552188120598,0.14285714285714285,0.02040816326530612,0.020317926148139365,0.1917011675835068,0.5306122448979592,0.008662670634364654,0.7959183673469388,0.7959183673469388,0.8163265306122449,0.8163265306122449,0.10204081632653061,0.061224489795918366,-0.050174888952063595,0.166966843294418,0.02610183926661018,0.017978090560430753,0.000510047009945962
ZERO,1,3,MATCH_CORE_VOL,2011,0.9684522923825633,251,49,0.9883641341546886,0.025374321101693565,0.04398844002276408,0.19564162622924994,0.14366239634132724,0.22484192587532,0.3061931385179739,0.18544496186056394,0.13682939049469844,110,True,55,0.8965220422534546,0.10347795774654545,0.8962895307264356,0.1038636623153083,3.115909869459249e-05,0.039274606156535774,0.056029270583966354,0.16326530612244897,0.02040816326530612,0.021049344732761207,0.20394221416961586,0.5306122448979592,0.009092880507546353,0.6326530612244898,0.6326530612244898,0.6938775510204082,0.6938775510204082,0.10204081632653061,0.061224489795918366,-0.0502341316480062,0.16832356796494663,0.03336493612652445,0.018783585952136757,3.2198123758642866e-05
ZERO,1,3,CORE_VOL,2015_2016,0.8459051292364543,503,100,1.9931553730321698,0.07349681726647615,0.08667433975238965,0.17729712836992892,0.13150103578909086,0.4888648820726774,0.6591152627223643,0.42310943481820723,0.17370640127194215,75,False,184,0.9505314076458883,0.04946859235411172,0.9200613468596748,1.5063655703733507,0.0004519096711120052,0.029616176427678775,0.051002324589689806,0.14,0.02,0.015286294011761025,0.18586022079133663,0.28,0.016460078764704743,0.49,0.49,0.5,0.5,0.04,0.06,-0.15037179030924616,0.1317768506143588,0.016952080745244767,0.01538910378874893,0.0004859433189161738
ZERO,1,3,MATCH_CORE_VOL,2015_2016,0.9567747496270498,503,100,1.9931553730321698,0.08312977012208346,0.09631535853074523,0.18138425088004578,0.13394959077111535,0.5310017714517075,0.7190418274238917,0.5033683743730328,0.1651469864900138,72,False,182,0.9505314076489708,0.049468592351029184,0.9492790148862025,0.04243600635830598,1.273080190749179e-05,0.031781896998648085,0.05245433310268912,0.13,0.02,0.01562680777964416,0.18970547904963417,0.25,0.016967675443161113,0.41,0.41,0.43,0.43,0.05,0.06,-0.15034126430533787,0.1320376466252331,0.022197211475546458,0.016183028671161642,1.3809101101783239e-05
ZERO,1,3,CORE_VOL,2018Q4,,62,11,0.24914442162902123,-0.49079432162675624,-0.6483578577402475,0.2625565223452144,0.21512706983393495,-2.4694029763533125,-3.0138366977281863,-2.5435199542311846,0.19295870701164042,62,True,0,0.8145370479431149,0.18546295205688512,0.808319198537381,2.544196974317014,0.0007632590922951041,0.06275177113536545,0.06275177113536545,0.6363636363636364,0.09090909090909091,0.03594253699267914,0.24992205652969784,0.9090909090909091,0.011072963964302985,1.0,1.0,1.0,1.0,0.45454545454545453,0.2727272727272727,-0.4160187759734085,0.19559451717295176,0.04282001133980557,0.02095787245326672,0.00038395028862803215
ZERO,1,3,MATCH_CORE_VOL,2018Q4,,62,11,0.24914442162902123,-0.4541282017591523,-0.5779811219628713,0.26329310039214643,0.2111947597329628,-2.195200410121007,-2.7367209427623944,-2.47980698800906,0.1831304629574232,62,True,0,0.8145370479466895,0.18546295205331054,0.8140704265059409,0.2934370424552398,8.803111273657195e-05,0.06764751028042726,0.06764751028042726,0.6363636363636364,0.09090909090909091,0.03576600896261908,0.25038018100550297,1.0,0.01062146228286815,0.9090909090909091,0.9090909090909091,0.9090909090909091,0.9090909090909091,0.45454545454545453,0.2727272727272727,-0.4159673335424568,0.19760579763769215,0.047434811675094626,0.021537575242326048,4.745546518702959e-05
ZERO,1,3,CORE_VOL,COVID,-0.36498364495845387,92,18,0.3613963039014374,-0.033348588265900994,0.01271780781647569,0.3046805946669754,0.23167767218573934,0.04174144346270762,0.05489440435278389,-0.14905598982658183,0.22373195672780533,86,False,86,0.7523082476934941,0.24769175230650586,0.7136205731905705,2.9784840478220627,0.0008935452143466187,0.13946731369387044,0.13946731369387044,0.1111111111111111,0.1111111111111111,0.03253827244515375,0.3449879215160795,0.7777777777777778,0.022436305768416532,1.0,1.0,1.0,1.0,0.1111111111111111,0.05555555555555555,-1.919942493459132,0.22642458953256034,0.07812507940578485,0.02699097954371272,0.0008729574615871372
ZERO,1,3,MATCH_CORE_VOL,COVID,0.9066665580791929,92,18,0.3613963039014374,0.08284220445901457,0.12859089348105257,0.3160945645297492,0.23419458549129127,0.4068114669176801,0.549077141178545,0.3898947071346339,0.21247327276594308,71,False,71,0.7523082476881856,0.2476917523118144,0.749960976954147,0.35469709154668966,0.00010640912746400691,0.11261781925471248,0.11261781925471248,0.16666666666666666,0.1111111111111111,0.03256065464773636,0.3806044038280442,0.7222222222222222,0.024026367766822706,0.9444444444444444,0.9444444444444444,0.9444444444444444,0.9444444444444444,0.1111111111111111,0.05555555555555555,-1.9207441498035176,0.22432547830543703,0.08634926483937916,0.02905833608861366,0.00011640508178142883
ZERO,1,3,CORE_VOL,2022,,250,49,0.9883641341546886,-0.2964594887468324,-0.3185103932925202,0.25161085776033676,0.18965001603345222,-1.2658849309114724,-1.679464098944966,-0.927793051155201,0.3195319132620241,249,True,0,0.7825701012467571,0.21742989875324292,0.7788681728870956,2.011238476942511,0.0006033715430827531,0.06381309158326876,0.07213802198066598,0.40816326530612246,0.10204081632653061,0.03018085857663221,0.23232134065846252,0.9183673469387755,0.008880602941312925,1.0,1.0,1.0,1.0,0.24489795918367346,0.10204081632653061,-0.30512505734300344,0.2057058750870436,0.04942197081260651,0.02219732682568172,0.00042621824265359765
ZERO,1,3,MATCH_CORE_VOL,2022,,250,49,0.9883641341546886,-0.26975523654980305,-0.28135572755334953,0.25203744488420937,0.18736636549345087,-1.1163251067023374,-1.5016341210033448,-0.922962069115529,0.2922712054768496,249,True,0,0.7825701012398523,0.21742989876014773,0.7820693058524428,0.3092586984978129,9.277760954934386e-05,0.0608898571812555,0.07035886523773134,0.3877551020408163,0.08163265306122448,0.030176628070920586,0.2349582450981538,0.8979591836734694,0.009083555694880927,1.0,1.0,1.0,1.0,0.24489795918367346,0.10204081632653061,-0.3051584985225288,0.20603351739072207,0.05195727352212807,0.022552305590578657,6.800720826932727e-05
ZERO,1,3,CORE_VOL,2023_PLUS,0.8455462284957223,913,182,3.6413415468856947,0.26532990116222094,0.2522795419899711,0.1768746309120814,0.1222578629541167,1.4263184080670734,2.0635036135438707,1.253550716373752,0.21166267762166202,101,False,117,0.9186669695220017,0.08133303047799834,0.8630999621736948,1.9397762499038784,0.0005819328749711634,0.0318235981566245,0.04829824817219206,0.12637362637362637,0.01098901098901099,0.015952348495053,0.17601762996733503,0.4010989010989011,0.008445086430661651,0.8626373626373627,0.8626373626373627,0.8626373626373627,0.8626373626373627,0.054945054945054944,0.038461538461538464,0.05900956266060695,0.1558153268417765,0.023744089012870416,0.017255349826283843,0.0007328517141281243
ZERO,1,3,MATCH_CORE_VOL,2023_PLUS,0.9136586961889431,913,182,3.6413415468856947,0.28670339170821857,0.2708880187808851,0.18674807737540322,0.12635973777106754,1.4505531868815054,2.143784274637123,1.2819248099114895,0.2236507082876522,88,False,88,0.9186669695187243,0.08133303048127571,0.9179886275291282,0.08056217737740629,2.4168653213221882e-05,0.03292054029399505,0.050264738225478674,0.12637362637362637,0.01098901098901099,0.016178424467503217,0.1843543822026387,0.41208791208791207,0.009203738952595714,0.7802197802197802,0.7802197802197802,0.7527472527472527,0.7582417582417582,0.06043956043956044,0.038461538461538464,0.05901309134856879,0.15590332521346426,0.027401225011860746,0.017734978254223144,3.094176705997764e-05
ZERO,1,3,CORE_VOL,2024_PLUS,0.8115601491721317,663,132,2.64476386036961,0.19684889687019907,0.19717372596019986,0.1814319068475632,0.1296057913506008,1.0867643370240425,1.5213342236136569,0.9300123152654162,0.2116626776216618,101,False,117,0.9159733286584028,0.08402667134159725,0.8521360909685947,1.994496652528965,0.0005983489957586894,0.03415258527582676,0.05302534768679137,0.12878787878787878,0.015151515151515152,0.016433629057066343,0.1812945675682074,0.4318181818181818,0.009287177651976375,0.8409090909090909,0.8409090909090909,0.8409090909090909,0.8409090909090909,0.06060606060606061,0.03787878787878788,0.03262907599740977,0.1561015082436931,0.024324221745830762,0.017331169738789676,0.0007126141285504206
ZERO,1,3,MATCH_CORE_VOL,2024_PLUS,0.9151898613092834,663,132,2.64476386036961,0.22198491979836268,0.22024877093976528,0.1932678777058312,0.13420543543976263,1.13960360901257,1.6411315250984952,0.9951625446574728,0.22306398184908394,88,False,88,0.9159733286539966,0.08402667134600339,0.9151001551278187,0.08536886868808369,2.5610660606425103e-05,0.03459828518571162,0.0558543638149621,0.12878787878787878,0.015151515151515152,0.016715712364411238,0.19119119788781222,0.44696969696969696,0.010152449137971259,0.7575757575757576,0.7575757575757576,0.7272727272727273,0.7272727272727273,0.07575757575757576,0.03787878787878788,0.03261516638694598,0.15623958505614774,0.02860193031401058,0.01790051499132536,3.1132818197388e-05
ZERO,1,3,CORE_VOL,EX_MAJOR_SHOCKS,0.8954773691021154,3982,794,15.824777549623546,0.20836371855346608,0.20329233615402775,0.16512189339414962,0.11718006230002903,1.2311652439011491,1.7348713779782432,0.9844140728764063,0.21166267762166202,101,False,184,0.9400081290081077,0.05999187099189229,0.8875863562125144,1.5369859564466948,0.00046109578693400837,0.0344555489232492,0.04795045170029098,0.12846347607052896,0.013853904282115869,0.014954462709561763,0.16674627426893937,0.3236775818639798,0.009470204778062966,0.6246851385390428,0.6246851385390428,0.6448362720403022,0.6448362720403022,0.0654911838790932,0.05415617128463476,-0.026437838807849945,0.13861000669689968,0.01781299326764813,0.015772140271914457,0.0005564930475004393
ZERO,1,3,MATCH_CORE_VOL,EX_MAJOR_SHOCKS,0.9384306775508265,3982,794,15.824777549623546,0.21835828835652143,0.21296252290479925,0.17353308873576453,0.12202382428356885,1.2272156535464724,1.7452536351417711,0.9559217357919277,0.2284269518943659,88,False,182,0.9400081290069053,0.059991870993094665,0.9395377370710123,0.11410495870693399,3.42314876120802e-05,0.03478881074478268,0.050396338555864575,0.13224181360201512,0.017632241813602016,0.01530307645422232,0.1744414160785252,0.3236775818639798,0.009956574898343387,0.5566750629722922,0.5579345088161209,0.5680100755667506,0.5692695214105793,0.06801007556675064,0.05415617128463476,-0.026436603507778655,0.1391864068398341,0.022167917600943977,0.016292785577109743,4.1648875815036845e-05
ZERO,2,0,BUYHOLD,ALL,1.0,5085,1017,20.216290212183434,0.16431828683994887,0.17642994379421786,0.2185687629464118,0.15605584868944067,0.8072056656946655,1.1305564339682181,0.3143034064825272,0.5228014824239064,761,False,761,1.0,0.0,1.0,0.049557522123893805,0.0,0.043970114711044395,0.06487499783361456,0.1710914454277286,0.035398230088495575,0.019395550782673646,0.2205113638485607,0.48475909537856443,0.011695530097286862,0.6912487708947886,0.6912487708947886,0.7079646017699115,0.7079646017699115,0.09537856440511308,0.051130776794493606,-0.016768274700644688,0.16707943355496865,0.03680728111829745,0.019518239036338165,0.0
ZERO,2,0,BUYHOLD,GFC,1.0,755,150,2.9924709103353866,0.025218340736437757,0.06774886567588925,0.2925071856818413,0.2104392152153282,0.2316143636538877,0.32194030759222525,0.048236934255648754,0.522801482423908,545,True,46,1.0,0.0,1.0,0.0,0.0,0.059115778573202715,0.10014778055536615,0.24666666666666667,0.06666666666666667,0.027330196007537638,0.2918710462768896,0.7133333333333334,0.012347339726251244,0.8333333333333334,0.8333333333333334,0.8666666666666667,0.8666666666666667,0.12666666666666668,0.05333333333333334,-0.105250647799569,0.21470901503386874,0.06335484058523953,0.025286748797256797,0.0
ZERO,2,0,BUYHOLD,2011,1.0,251,49,0.9883641341546886,0.026200899415776715,0.049478037570438546,0.21827885348449524,0.16021662664652125,0.22667352691566645,0.3088196188252029,0.1726588430260217,0.1517495365808048,110,True,55,1.0,0.0,0.9999999999999999,0.0,0.0,0.05197518304431992,0.05404868071514617,0.22448979591836735,0.061224489795918366,0.022898978412691024,0.22771534475468577,0.5714285714285714,0.010450002288977758,0.8163265306122449,0.8163265306122449,0.8367346938775511,0.8367346938775511,0.12244897959183673,0.04081632653061224,0.10347902308432348,0.18912171120053511,0.04290313879531104,0.02089576261053071,0.0
ZERO,2,0,BUYHOLD,2015_2016,1.0,503,100,1.9931553730321698,0.08688541389129263,0.10159890232515283,0.19107510807991773,0.14103405886072143,0.5317223334117325,0.7203855802341128,0.5005900764226782,0.1735659933816388,72,False,182,1.0,0.0,0.9999999999999998,0.0,0.0,0.03833684509840063,0.05515760767532592,0.15,0.03,0.016424315172719858,0.19986882387989005,0.28,0.018187735924045427,0.51,0.51,0.52,0.52,0.07,0.07,-0.1915224373581536,0.14080401549120608,0.024967887053500937,0.01690410283171744,0.0
ZERO,2,0,BUYHOLD,2018Q4,1.0,62,12,0.24914442162902123,-0.5289552733768632,-0.7093384933401214,0.3234242070099195,0.2593995857842619,-2.193213983263677,-2.734539807361396,-2.389026817307685,0.22141035401727704,62,True,0,1.0,0.0,0.9999999999999987,0.0,0.0,0.04710852074981298,0.04710852074981298,0.6666666666666666,0.0,0.04197157416825532,0.30316267881009623,1.0,0.014143163523682542,0.9166666666666666,0.9166666666666666,0.9166666666666666,0.9166666666666666,0.4166666666666667,0.08333333333333333,-0.23450234000806458,0.231178316946832,0.07847823379612098,0.02681751956247905,0.0
ZERO,2,0,BUYHOLD,COVID,1.0,92,17,0.3613963039014374,0.091370089390437,0.17534673481457277,0.421459891305733,0.312258642805467,0.4160460780059703,0.561543255421793,0.3314938400367201,0.2756313341458043,72,False,72,1.0,0.0,0.9999999999999999,0.0,0.0,0.09990714515177945,0.09990714515177945,0.17647058823529413,0.17647058823529413,0.04031444375716098,0.516777886314154,0.9411764705882353,0.03436356214971959,1.0,1.0,1.0,1.0,0.17647058823529413,0.058823529411764705,-0.08988924566902042,0.2690595422360169,0.1315328748935911,0.03962841345884243,0.0
ZERO,2,0,BUYHOLD,2022,1.0,250,50,0.9883641341546886,-0.337695483730845,-0.3583998756999967,0.32226453266429694,0.23937477070898194,-1.1121294445186183,-1.4972332908705681,-0.9315640449314507,0.36250377584688165,249,True,0,1.0,0.0,0.9999999999999996,0.0,0.0,0.07311428921612784,0.09029284215024558,0.42,0.18,0.038454065353929465,0.2988113304918428,1.0,0.010897375741798034,1.0,1.0,1.0,1.0,0.34,0.12,-0.41324214172720675,0.24549340957610555,0.08814750822574657,0.028986342466916608,0.0
ZERO,2,0,BUYHOLD,2023_PLUS,1.0,914,182,3.6440793976728267,0.31210148232812784,0.293688394977127,0.20333734301329395,0.13757504899913214,1.4443406736062545,2.1347504297743676,1.2911994335381591,0.2417143891342206,88,False,88,1.0,0.0,1.0000000000000002,0.0,0.0,0.032313752713521326,0.04242368437165074,0.14835164835164835,0.01098901098901099,0.017429276532841532,0.20046904777676422,0.5384615384615384,0.010355440709553273,0.8791208791208791,0.8791208791208791,0.8681318681318682,0.8681318681318682,0.07142857142857142,0.03296703296703297,0.198135832624874,0.17298486633316632,0.034812256567688424,0.01943294080798603,0.0
ZERO,2,0,BUYHOLD,2024_PLUS,1.0,664,132,2.647501711156742,0.24042094031904618,0.2388015283599164,0.21105986652058026,0.14654533927785865,1.131439777237948,1.6295402469752691,0.9946488547090335,0.2417143891342206,88,False,88,1.0,0.0,1.0000000000000004,0.0,0.0,0.032575047323825435,0.044772567572441344,0.1590909090909091,0.015151515151515152,0.01803385078878919,0.2088990736935231,0.5378787878787878,0.011498873965450468,0.8560606060606061,0.8560606060606061,0.8484848484848485,0.8484848484848485,0.08333333333333333,0.030303030303030304,0.21969350433609716,0.17378525659630387,0.0363223099267751,0.019678734535195936,0.0
ZERO,2,0,BUYHOLD,EX_MAJOR_SHOCKS,1.0,3982,794,15.824777549623546,0.23347114887945683,0.22732044473833624,0.1846678376630038,0.12981664298028506,1.230969331829012,1.7510886086682957,0.9658967747667416,0.2417143891342206,88,False,182,1.0,0.0,0.9999999999999998,0.06328478151682572,0.0,0.03508812525642391,0.049165182686116554,0.14105793450881612,0.0163727959697733,0.016222331206569914,0.18570093132026308,0.3979848866498741,0.01060962371445664,0.6385390428211587,0.6385390428211587,0.6536523929471033,0.6536523929471033,0.07178841309823678,0.04534005037783375,0.034124488878957304,0.15097813151705924,0.026582345972773747,0.017409781380880805,0.0
ZERO,2,0,VOL,ALL,0.8452189022195378,5085,1017,20.216290212183434,0.1388849220174567,0.14204152507394036,0.15283357973830183,0.10984835291626467,0.9293868881247118,1.2930692295606465,0.4640507616882932,0.29928821043665665,543,False,543,0.830593054967753,0.16940694503224696,0.6523264993033343,3.1782500670896976,0.0,0.03232066385208676,0.043426359672209994,0.12291052114060963,0.010816125860373648,0.014465146627547087,0.1538215813778766,0.23008849557522124,0.008411364657000125,0.6804326450344149,0.6804326450344149,0.704031465093412,0.704031465093412,0.05604719764011799,0.051130776794493606,-0.01676827470064405,0.12552217742458585,0.010114259088681812,0.014475397395847151,0.0
ZERO,2,0,MATCH_VOL,ALL,0.8396476958696945,5085,1017,20.216290212183434,0.1379694709344186,0.14600380408057478,0.18133260068083878,0.12954822044942396,0.8051712903933598,1.1270228458103377,0.3045029984601838,0.45309724906521476,756,False,756,0.8305930549635254,0.16940694503647458,0.8296199026356117,0.19106836746003522,0.0,0.03651234283999605,0.053871548396255374,0.14355948869223206,0.01966568338249754,0.016134051658318542,0.18280949967690646,0.33136676499508355,0.009627056799955153,0.4896755162241888,0.4896755162241888,0.4975417895771878,0.4975417895771878,0.06784660766961652,0.051130776794493606,-0.016768274700644497,0.13449989986609948,0.023522874475940227,0.016207750196038633,0.0
ZERO,2,0,VOL,GFC,2.7601625983837152,755,150,2.9924709103353866,0.06960672089401193,0.07953948200147955,0.15693609684493168,0.11248121610947841,0.5068271965504048,0.7071356867626988,0.23257421597882927,0.2992882104366551,543,False,543,0.708815791963413,0.29118420803658696,0.48470309144500695,3.1884407511161035,0.0,0.030380385816899835,0.04845059767104936,0.14666666666666667,0.02,0.016156115002130506,0.15948421344012642,0.32,0.00658597425561898,0.8266666666666667,0.8266666666666667,0.8666666666666667,0.8666666666666667,0.04666666666666667,0.05333333333333334,-0.10525064779956796,0.13624002266726118,0.01058949862937035,0.015247350216270921,0.0
ZERO,2,0,MATCH_VOL,GFC,1.039725250300524,755,150,2.9924709103353866,0.02622014563435665,0.04735590308910804,0.20729489999802872,0.14913611124134551,0.22844702445433232,0.3175347854717255,0.06579729754853347,0.39849882307120776,545,True,46,0.7088157919650239,0.29118420803497613,0.7086107523584299,0.29210963795522304,0.0,0.04188197066069077,0.07095206234591406,0.14666666666666667,0.04666666666666667,0.01946041325804752,0.2063756731452758,0.4266666666666667,0.00865457993555358,0.5533333333333333,0.5533333333333333,0.5933333333333334,0.5933333333333334,0.09333333333333334,0.05333333333333334,-0.10525064779956973,0.1511988686414369,0.03050392156568011,0.01791499489293771,0.0
ZERO,2,0,VOL,2011,-0.14457623183664525,251,49,0.9883641341546886,-0.0037880273082639576,0.007843623448962509,0.15244918409243574,0.11440337291259371,0.05145074075441835,0.06856112061446984,-0.034319439632362704,0.11037555825042977,218,True,13,0.7950397194222554,0.20496028057774462,0.6681949932870701,3.4249823132058053,0.0,0.032756927852350404,0.04085008975083417,0.14285714285714285,0.0,0.01698790050987111,0.1609256810388096,0.24489795918367346,0.006915232270750642,0.8163265306122449,0.8163265306122449,0.8367346938775511,0.8367346938775511,0.08163265306122448,0.04081632653061224,0.10347902308432333,0.13453648714539182,0.010382357364287829,0.015047000511670296,0.0
ZERO,2,0,MATCH_VOL,2011,0.9283092228660773,251,49,0.9883641341546886,0.024322536575051942,0.03887065547089867,0.17344008337142242,0.12739218132039057,0.22411575637712913,0.3051259117161924,0.19926739043548242,0.12205979373693332,110,True,55,0.7950397194161349,0.20496028058386506,0.7945720010745242,0.1922404655756086,0.0,0.0412972356269673,0.0429447473213668,0.16326530612244897,0.0,0.01823713933624583,0.18079422768515033,0.3877551020408163,0.008232226327815608,0.4897959183673469,0.4897959183673469,0.5306122448979592,0.5306122448979592,0.10204081632653061,0.04081632653061224,0.1034790230843237,0.14610809501652866,0.02403161730667621,0.01660287047755889,0.0
ZERO,2,0,VOL,2015_2016,0.5350934189692265,503,100,1.9931553730321698,0.0464918131776481,0.05938691741578409,0.16660169754950277,0.12477084424871986,0.35646045802227383,0.4759679055901988,0.266647324510675,0.17435694606336405,298,False,298,0.8996367800289055,0.10036321997109454,0.8391725287036501,3.215322390933758,0.0,0.030929898937429257,0.044578880007261554,0.14,0.01,0.014260810094908028,0.17642924105340443,0.15,0.016074308385182146,0.51,0.51,0.52,0.52,0.04,0.07,-0.19152243735815053,0.1159412389587555,0.007869475707422151,0.013730688757329954,0.0
ZERO,2,0,MATCH_VOL,2015_2016,0.9108825431175953,503,100,1.9931553730321698,0.07914240676512548,0.09086036568549867,0.17145399179386503,0.12669284896165164,0.5299402174009333,0.7171704356652441,0.5054812336342634,0.15656843716257185,72,False,182,0.8996367800330328,0.10036321996696718,0.8972996588004941,0.07961149261178582,0.0,0.03448386481914001,0.0496140848820773,0.11,0.02,0.014784470917214272,0.17893400549133673,0.23,0.016194432075359123,0.34,0.34,0.35,0.35,0.05,0.07,-0.1915224373581498,0.12253718327634217,0.019168307396092432,0.015205184345284195,0.0
ZERO,2,0,VOL,2018Q4,,62,12,0.24914442162902123,-0.429294167586813,-0.5497724954295903,0.18836317901458868,0.15904750162584405,-2.9186834619467246,-3.4566559663597776,-2.7378745328696796,0.15679833477864014,62,True,0,0.5977337307016262,0.40226626929837384,0.5679876777287153,5.494920005967224,0.0,0.039332125873710155,0.039332125873710155,0.3333333333333333,0.0,0.02583204080817515,0.18492433704452685,0.5,0.008968653870399971,0.9166666666666666,0.9166666666666666,0.9166666666666666,0.9166666666666666,0.08333333333333333,0.08333333333333333,-0.23450234000806938,0.13745953822215923,0.01266841759213447,0.015248575658680317,0.0
ZERO,2,0,MATCH_VOL,2018Q4,,62,12,0.24914442162902123,-0.3592790191561411,-0.4320026810726835,0.1929084995178207,0.15529854544944222,-2.2394175588555423,-2.7817561318584465,-2.6101474067453077,0.13764702262702466,62,True,0,0.5977337306981256,0.40226626930187437,0.5964210042137125,0.3621909015702828,0.0,0.02829041306119362,0.028290413061193617,0.25,0.0,0.02524537297886122,0.18054555004560308,0.5,0.008292548393526248,0.75,0.75,0.75,0.75,0.0,0.08333333333333333,-0.23450234000806727,0.14442059204457938,0.021022917589275023,0.01610491464438899,0.0
ZERO,2,0,VOL,COVID,-1.4220365505242,92,17,0.3613963039014374,-0.12993160673786486,-0.1136887622625294,0.21976714750317966,0.17156222992038983,-0.5173146375796888,-0.6626677813367459,-0.7864999901331613,0.16520229925987195,91,True,0,0.5038953346265119,0.4961046653734881,0.4609839559778548,5.715079698938233,0.0,0.0497350284608834,0.0497350284608834,0.17647058823529413,0.0,0.01951331734659989,0.20663612876566018,0.35294117647058826,0.014968049386486104,1.0,1.0,1.0,1.0,0.11764705882352941,0.058823529411764705,-0.08988924566901989,0.13997377872844755,0.014220799113470416,0.015342170333943361,0.0
ZERO,2,0,MATCH_VOL,COVID,0.6743181155737443,92,17,0.3613963039014374,0.06161250649756405,0.08139949222775687,0.21134972633102286,0.15710998386804417,0.38514122369984205,0.5181051529871193,0.4188422718011888,0.14710192988068205,71,False,71,0.5038953346213437,0.4961046653786563,0.5013893532045586,0.47432444544230656,0.0,0.05021919457845292,0.05021919457845292,0.17647058823529413,0.058823529411764705,0.02052331219046867,0.25918046125910166,0.47058823529411764,0.016992701291643465,0.7058823529411765,0.7058823529411765,0.7058823529411765,0.7058823529411765,0.11764705882352941,0.058823529411764705,-0.08988924566902437,0.16715352645898904,0.04517290119838782,0.01991956634634701,0.0
ZERO,2,0,VOL,2022,,250,50,0.9883641341546886,-0.2629992295919718,-0.2878157585901829,0.1792156725071676,0.139685394464319,-1.6059742686771543,-2.060457069931546,-0.9624315125159505,0.2732653972483191,249,True,0,0.5583736872889764,0.4416263127110236,0.5443984979112543,4.171698070326961,0.0,0.05139857349374333,0.055356611322886384,0.28,0.08,0.022144663135142253,0.16385235995791408,0.4,0.005827983695298679,1.0,1.0,1.0,1.0,0.18,0.12,-0.41324214172720325,0.14080492283408572,0.014981043920156844,0.015579575540190944,0.0
ZERO,2,0,MATCH_VOL,2022,,250,50,0.9883641341546886,-0.19580544025964264,-0.20091890390314954,0.17970421166801692,0.13371315959827873,-1.118053394732475,-1.5026112950047734,-0.9150448656334372,0.21398452427149228,249,True,0,0.5583736872855319,0.44162631271446806,0.5575822531253596,0.4421822121312427,0.0,0.04086605734045001,0.050467733521099636,0.3,0.02,0.021601921438716067,0.16658067443087474,0.42,0.0060078892049850304,0.78,0.78,0.74,0.74,0.12,0.12,-0.41324214172720786,0.14610933161580678,0.0204063244074244,0.016201450442079192,0.0
ZERO,2,0,VOL,2023_PLUS,0.747801165616364,914,182,3.6440793976728267,0.23338985227556905,0.22277730738444532,0.15447927130195332,0.10706111487247924,1.442117803294094,2.0808424015553726,1.3630378642124736,0.171227710105042,101,False,122,0.8326833074000093,0.1673166925999907,0.7361901670056272,4.055374319752218,0.0,0.026686759812525218,0.03607904492819201,0.1043956043956044,0.0,0.01403890409642509,0.15373931211939448,0.25274725274725274,0.007000844468099938,0.8791208791208791,0.8791208791208791,0.8681318681318682,0.8681318681318682,0.04395604395604396,0.03296703296703297,0.1981358326248731,0.1351437790817217,0.013088263449468722,0.015271636999136216,0.0
ZERO,2,0,MATCH_VOL,2023_PLUS,0.8219012186652072,914,182,3.6440793976728267,0.2565165886727059,0.24376429373903424,0.1689171600408552,0.11443854313218879,1.4430996452940372,2.130089103436596,1.253872453662151,0.20457949125806607,88,False,88,0.832683307405398,0.16731669259460202,0.8307099823447551,0.13930324431431515,0.0,0.026900210502816657,0.03531641929737614,0.13736263736263737,0.005494505494505495,0.014526134712571847,0.1666263288772678,0.29120879120879123,0.008554525753691727,0.6043956043956044,0.6043956043956044,0.6043956043956044,0.6043956043956044,0.03296703296703297,0.03296703296703297,0.1981358326248731,0.14003366067737336,0.020758550293771178,0.016177328676680005,0.0
ZERO,2,0,VOL,2024_PLUS,0.7265054791323179,664,132,2.647501711156742,0.17466713043993104,0.1740232154246375,0.15624943373835942,0.11220214087740803,1.1137526150401311,1.5509794560406396,1.020086820835127,0.171227710105042,101,False,122,0.8275427358150561,0.1724572641849439,0.7153195805410691,4.278777252725806,0.0,0.02837705132697277,0.036365548940386426,0.11363636363636363,0.0,0.01429019886861884,0.156828843398495,0.2727272727272727,0.007619422120498447,0.8560606060606061,0.8560606060606061,0.8484848484848485,0.8484848484848485,0.045454545454545456,0.030303030303030304,0.21969350433609683,0.1340434089163589,0.012802985647710763,0.015181984831996866,0.0
ZERO,2,0,MATCH_VOL,2024_PLUS,0.8230824480520772,664,132,2.647501711156742,0.19788625612078287,0.19661889883896272,0.1741272770231488,0.12111617828019482,1.1291677111152656,1.6233908766845087,0.9727216598652813,0.20343564278006254,88,False,88,0.8275427358217945,0.1724572641782055,0.8249968855704987,0.14418155318921963,0.0,0.02695261140240557,0.03704484611401753,0.14393939393939395,0.007575757575757576,0.014937971073124277,0.17246817042704643,0.3333333333333333,0.009430943453709636,0.5984848484848485,0.5984848484848485,0.5909090909090909,0.5909090909090909,0.03787878787878788,0.030303030303030304,0.21969350433609772,0.14003584883073766,0.021752720220796398,0.016282195373214476,0.0
ZERO,2,0,VOL,EX_MAJOR_SHOCKS,0.8084316578683823,3982,794,15.824777549623546,0.1887454679530552,0.18422734119565992,0.14819132495986187,0.10538067863866314,1.2431722386283983,1.7482079597091218,1.0825233649393105,0.1743569460633645,298,False,298,0.8782976270528341,0.1217023729471659,0.7748581447573971,3.0569963513362195,0.0,0.030620697922877915,0.039899967688744944,0.1070528967254408,0.003778337531486146,0.013516481131597714,0.1504271743520001,0.19899244332493704,0.008635918926495071,0.6259445843828715,0.6259445843828715,0.6486146095717884,0.6486146095717884,0.04785894206549118,0.04534005037783375,0.0341244888789577,0.1221887344441997,0.009620623760335357,0.014238219921683967,0.0
ZERO,2,0,MATCH_VOL,EX_MAJOR_SHOCKS,0.8744703631307063,3982,794,15.824777549623546,0.2041636003411618,0.1992762255693045,0.16200036819301034,0.11394872675090101,1.2300973620744058,1.748823626655651,0.9503543679737813,0.214828917739866,88,False,182,0.8782976270461572,0.12170237295384279,0.8772462914301342,0.15529505297076468,0.0,0.030811872637046656,0.04317333388521271,0.11964735516372796,0.007556675062972292,0.014257788414321954,0.16282236471945885,0.2795969773299748,0.009247097471006492,0.47103274559193953,0.47103274559193953,0.47732997481108314,0.47732997481108314,0.04785894206549118,0.04534005037783375,0.034124488878957464,0.1279972054240303,0.018506399845060032,0.0152880201671167,0.0
ZERO,2,0,CORE_VOL,ALL,0.9288400033983739,5085,1017,20.216290212183434,0.1526253981068331,0.1590790103598099,0.1826596628569953,0.13079851522199407,0.8709038868880057,1.2162141908860171,0.3674926848538651,0.4153154726536262,615,False,615,0.915348185150798,0.08465181484920203,0.8262073870483456,1.6094887072218569,0.0,0.038443444758481604,0.0529733957976238,0.1583087512291052,0.02261553588987217,0.016942549945585847,0.1838313340320432,0.4119960668633235,0.009848005489814368,0.6912487708947886,0.6912487708947886,0.7079646017699115,0.7079646017699115,0.0776794493608653,0.051130776794493606,-0.016768274700644348,0.15072270845224042,0.023531129155477733,0.01699681821609266,0.0
ZERO,2,0,MATCH_CORE_VOL,ALL,0.9204582372582695,5085,1017,20.216290212183434,0.15124812065399804,0.16119756474217806,0.1999488488695948,0.1428050237682905,0.8061940123861876,1.1287947754816423,0.30939123177470773,0.4888571656876617,758,False,758,0.9153481851450301,0.08465181485496986,0.9148052493718444,0.1279405135913506,0.0,0.040243150845792,0.05937610900257233,0.1553588987217306,0.024582104228121928,0.017767022136556933,0.20165129350024966,0.41002949852507375,0.010656842720284183,0.5939036381514258,0.5939036381514258,0.6037364798426745,0.6037364798426745,0.07571288102261553,0.051130776794493606,-0.01676827470064476,0.15145713299734087,0.029945344015811424,0.017863847819034412,0.0
ZERO,2,0,CORE_VOL,GFC,2.003826838422459,755,150,2.9924709103353866,0.05053318798815638,0.07343085350484109,0.2198494925447904,0.1578259951693634,0.3340051080167077,0.4652646316346194,0.12167422433187557,0.41531547265362734,545,True,48,0.8544472662424512,0.14555273375754885,0.7428440050873328,1.6138737435239647,0.0,0.052353099147898874,0.07147117267410909,0.21333333333333335,0.05333333333333334,0.021788757793189326,0.22057254775000928,0.6266666666666667,0.009233947028962472,0.8333333333333334,0.8333333333333334,0.8666666666666667,0.8666666666666667,0.1,0.05333333333333334,-0.10525064779956916,0.18523069303379733,0.03756641347500798,0.020267049506763862,0.0
ZERO,2,0,MATCH_CORE_VOL,GFC,1.0551453736577194,755,150,2.9924709103353866,0.026609015559376302,0.05749935699475255,0.2498926892319691,0.17977793792951485,0.23009619517671182,0.3198354462008358,0.05742907482601266,0.4633370055149082,545,True,46,0.8544472662370559,0.1455527337629441,0.854291329274227,0.17638901886161745,0.0,0.050499784037584594,0.08555146209614417,0.2,0.05333333333333334,0.023405099893114005,0.24907036842730815,0.6,0.010489174943447947,0.7533333333333333,0.7533333333333333,0.7733333333333333,0.7733333333333333,0.10666666666666667,0.05333333333333334,-0.10525064779956786,0.18557917792671955,0.046421827610974756,0.021601260849383033,0.0
ZERO,2,0,CORE_VOL,2011,0.4540576650489144,251,49,0.9883641341546886,0.011896719210909042,0.028544636290139258,0.18342077542468235,0.13592552475163378,0.15562379029337642,0.2100020312027242,0.09310917019053654,0.1277717241659856,110,True,59,0.8976720591571492,0.1023279408428508,0.8341480673483306,1.6963145586814588,0.0,0.040943958719138474,0.045132320786876734,0.1836734693877551,0.0,0.019953892616394363,0.1925082919071625,0.5102040816326531,0.008600178387050145,0.8163265306122449,0.8163265306122449,0.8367346938775511,0.8367346938775511,0.12244897959183673,0.04081632653061224,0.10347902308432382,0.16711080886052085,0.02647800373976565,0.017971381561100508,0.0
ZERO,2,0,MATCH_CORE_VOL,2011,0.9729725277839956,251,49,0.9883641341546886,0.025492755334782482,0.0441507604194458,0.19588556118492872,0.1438293676905084,0.22539058086963648,0.30696624151507973,0.1860562112615871,0.13701641650082164,110,True,55,0.8976720591515959,0.10232794084840413,0.8974073553599874,0.1084118608299545,0.0,0.046642710784910335,0.048503474836305016,0.20408163265306123,0.02040816326530612,0.020573578030546467,0.20427219934032326,0.46938775510204084,0.009337629102215576,0.6530612244897959,0.6530612244897959,0.6938775510204082,0.6938775510204082,0.10204081632653061,0.04081632653061224,0.10347902308432312,0.16864987069526052,0.03304142566741531,0.018751930344180642,0.0
ZERO,2,0,CORE_VOL,2015_2016,0.7682529406341007,503,100,1.9931553730321698,0.0667499747201965,0.08035522710803243,0.177164752505355,0.13183256177351932,0.4535621559689398,0.6095248854078861,0.38370541874715086,0.17396151177156693,264,False,264,0.9498810428667134,0.050118957133286623,0.9196465485477966,1.5953482548142954,0.0,0.03671154004611532,0.04958226246236537,0.15,0.01,0.015346622740678644,0.18654039118636084,0.24,0.01690280411427654,0.51,0.51,0.52,0.52,0.06,0.07,-0.19152243735814878,0.13120154120970265,0.01659354595843702,0.015317395794523696,0.0
ZERO,2,0,MATCH_CORE_VOL,2015_2016,0.9558445509152861,503,100,1.9931553730321698,0.08304894942201137,0.09621859456888951,0.18126236532570106,0.13386688780947792,0.5308249972132894,0.7187632142896291,0.5030539776475969,0.16508953931816328,72,False,182,0.9498810428689604,0.05011895713103964,0.9486412763406481,0.04198965445629401,0.0,0.03641263537700645,0.052389127258502685,0.13,0.02,0.015605660750887611,0.18938535664892228,0.24,0.017186833660146103,0.43,0.43,0.43,0.43,0.07,0.07,-0.19152243735815003,0.131575977241486,0.022018029257414754,0.016055649107454283,0.0
ZERO,2,0,CORE_VOL,2018Q4,,62,12,0.24914442162902123,-0.480841565499184,-0.6309810177302415,0.254154337845892,0.20785696938390527,-2.4826686928823567,-3.0356500414707743,-2.5386001045799813,0.18941209552133875,62,True,0,0.798435488987622,0.20156451101237804,0.783162237544641,2.714726633659456,0.0,0.039332125873710044,0.039332125873710044,0.5833333333333334,0.0,0.033911599022133816,0.24235760849976326,0.9166666666666666,0.01145906564942762,0.9166666666666666,0.9166666666666666,0.9166666666666666,0.9166666666666666,0.25,0.08333333333333333,-0.23450234000806502,0.1950106490921967,0.043939091575616616,0.021033047610579683,0.0
ZERO,2,0,MATCH_CORE_VOL,2018Q4,,62,12,0.24914442162902123,-0.4500182528856694,-0.5717818227573165,0.257952424701007,0.207282297956691,-2.2166173604302015,-2.7584691427764034,-2.495876401718314,0.18030470281935806,62,True,0,0.7984354889841864,0.20156451101581363,0.7975548039514454,0.24214361888028538,0.0,0.03770248251697683,0.03770248251697683,0.5833333333333334,0.0,0.033617579546995326,0.241604830723437,0.8333333333333334,0.01118317125532217,0.9166666666666666,0.9166666666666666,0.9166666666666666,0.9166666666666666,0.25,0.08333333333333333,-0.2345023400080687,0.19405900889937636,0.04813105559539099,0.021462933803903503,0.0
ZERO,2,0,CORE_VOL,COVID,-0.21365426665101,92,17,0.3613963039014374,-0.019521609442551047,0.02911576107443428,0.31235705215582876,0.23579390466881,0.09321307418379976,0.12347970196824859,-0.08807704386920517,0.22164242332588646,77,False,77,0.7529731399525292,0.24702686004747076,0.731178165820658,2.759041626393578,0.0,0.06729514379287116,0.06729514379287116,0.17647058823529413,0.17647058823529413,0.030027025019667017,0.35358151266106835,0.7647058823529411,0.02410117895408902,1.0,1.0,1.0,1.0,0.17647058823529413,0.058823529411764705,-0.08988924566902218,0.22981801958224896,0.08097931622713794,0.027485291896392892,0.0
ZERO,2,0,MATCH_CORE_VOL,COVID,0.883042424302354,92,17,0.3613963039014374,0.08068366524405429,0.12677530661226274,0.3165638794374889,0.23493862904355575,0.40047306356471646,0.539610310694201,0.3777608992020336,0.21358395062720126,72,False,72,0.7529731399513456,0.24702686004865437,0.7510819376273657,0.35416783745505054,0.0,0.07513932464857442,0.07513932464857442,0.17647058823529413,0.11764705882352941,0.030511453234254318,0.38819112581543325,0.7058823529411765,0.02563185626695562,0.9411764705882353,0.9411764705882353,0.9411764705882353,0.9411764705882353,0.17647058823529413,0.058823529411764705,-0.08988924566901753,0.2297893032712853,0.0899996721569451,0.029804196883698685,0.0
ZERO,2,0,CORE_VOL,2022,,250,50,0.9883641341546886,-0.29941319196244226,-0.32323849545864564,0.24943521039586086,0.18841380424308438,-1.2958815836210806,-1.7155775648031368,-0.9423865840430133,0.317718011941452,249,True,0,0.7791506544803388,0.22084934551966118,0.7719123227229114,2.067078835898833,0.0,0.06071937093353785,0.0706531551643276,0.42,0.1,0.030323275363341437,0.2302119009538973,0.9,0.008296250176866648,1.0,1.0,1.0,1.0,0.26,0.12,-0.41324214172720686,0.20553386484538297,0.05013889346890953,0.02228295900355378,0.0
ZERO,2,0,MATCH_CORE_VOL,2022,,250,50,0.9883641341546886,-0.26841365037557835,-0.27980909499693285,0.2509197972410103,0.18654317486778155,-1.1151335927797446,-1.4999696193401688,-0.9235922857722502,0.29061919908864076,249,True,0,0.7791506544753737,0.22084934552462632,0.778597777637829,0.3094656842607126,0.0,0.056998004637686006,0.07038995921052205,0.38,0.08,0.030052856267720026,0.23262351476624776,0.88,0.008434750831178943,0.98,0.98,0.98,0.98,0.28,0.12,-0.41324214172720647,0.20549670579574916,0.05283450951284783,0.022597001216479423,0.0
ZERO,2,0,CORE_VOL,2023_PLUS,0.8732640397119483,914,182,3.6440793976728267,0.2725470012579482,0.25800388335116525,0.1774354221041147,0.12155848016053115,1.4540720240165743,2.1224671697971473,1.317042891547826,0.2069385917550819,91,False,117,0.9163724667336002,0.08362753326639982,0.8674832109693716,2.02369361189288,0.0,0.029065735260158876,0.03874886369373781,0.13736263736263737,0.005494505494505495,0.01573649213568687,0.17570303167908916,0.43956043956043955,0.008577232995433833,0.8791208791208791,0.8791208791208791,0.8681318681318682,0.8681318681318682,0.04945054945054945,0.03296703296703297,0.19813583262487433,0.1571568875518642,0.023916524399979072,0.017352288903561126,0.0
ZERO,2,0,MATCH_CORE_VOL,2023_PLUS,0.9104653454851013,914,182,3.6440793976728267,0.28415758393429114,0.2686920429589426,0.18611143586503345,0.1260049307109163,1.443715920572425,2.132393085278406,1.2724586577794093,0.22331380449733407,88,False,88,0.9163724667369827,0.0836275332630173,0.9152802599386837,0.07657265159168293,0.0,0.029607695385349242,0.038870988929566495,0.14835164835164835,0.005494505494505495,0.015978917233413555,0.18353721326130926,0.42857142857142855,0.00945150944007715,0.7802197802197802,0.7802197802197802,0.7527472527472527,0.7527472527472527,0.038461538461538464,0.03296703296703297,0.19813583262487333,0.15724365045373037,0.02742058945472175,0.01780556399577875,0.0
ZERO,2,0,CORE_VOL,2024_PLUS,0.8632710106897834,664,132,2.647501711156742,0.2075484281402111,0.20611877006841106,0.18198325284864314,0.12851477506702869,1.1326249357672578,1.603852708460229,1.002946943728365,0.20693859175508178,91,False,117,0.9137885854574518,0.08621141454254821,0.8568551363163074,2.135435129571109,0.0,0.031218570188297212,0.03983840434601884,0.14393939393939395,0.007575757575757576,0.016164523075913283,0.18123789833589107,0.4621212121212121,0.009442295049658479,0.8560606060606061,0.8560606060606061,0.8484848484848485,0.8484848484848485,0.05303030303030303,0.030303030303030304,0.2196935043360977,0.15743375359340733,0.024509716534045933,0.017430359683596405,0.0
ZERO,2,0,MATCH_CORE_VOL,2024_PLUS,0.9113842042020919,664,132,2.647501711156742,0.21911584736619252,0.21765656146633006,0.19256655410876516,0.13382489811768242,1.130292653746058,1.626428000527436,0.9836865516538777,0.2227496624791625,88,False,88,0.9137885854547206,0.08621141454527936,0.9123741325330926,0.07954805493238451,0.0,0.029764221205830443,0.040909245408968474,0.1590909090909091,0.007575757575757576,0.016486984795410324,0.19066409210169338,0.45454545454545453,0.010460224964697232,0.7575757575757576,0.7575757575757576,0.7196969696969697,0.7196969696969697,0.045454545454545456,0.030303030303030304,0.21969350433609638,0.15768797636517673,0.0286507591640049,0.017980701668174996,0.0
ZERO,2,0,CORE_VOL,EX_MAJOR_SHOCKS,0.9048604357523957,3982,794,15.824777549623546,0.21125880551067777,0.20566246566411,0.16497949589172686,0.11666581028082271,1.246594096754197,1.762834074259341,1.0208767911241465,0.2069385917550819,91,False,264,0.9391859755159966,0.060814024484003415,0.8872468740118933,1.5542797126433123,0.0,0.032930781789981545,0.04392018252075506,0.1309823677581864,0.007556675062972292,0.014872468610879003,0.16664071365729463,0.33123425692695213,0.009505431808931165,0.6385390428211587,0.6385390428211587,0.6536523929471033,0.6536523929471033,0.05919395465994962,0.04534005037783375,0.034124488878957825,0.1390652464678315,0.01799902048039579,0.015824000651282387,0.0
ZERO,2,0,MATCH_CORE_VOL,EX_MAJOR_SHOCKS,0.9371669574619658,3982,794,15.824777549623546,0.2188014462505102,0.21329259438317763,0.17333350057780103,0.12188498152705654,1.2305330110577262,1.749949761741811,0.9581249462976689,0.22836420979955707,88,False,182,0.9391859755100304,0.06081402448996964,0.9386213686654742,0.11271086643299252,0.0,0.03295113107241521,0.046170844610538574,0.13476070528967254,0.012594458438287154,0.015241004292895247,0.17425756437445847,0.33123425692695213,0.009925958124779427,0.5554156171284634,0.5554156171284634,0.5768261964735516,0.5768261964735516,0.05793450881612091,0.04534005037783375,0.03412448887895717,0.13983542740717558,0.022442740814274498,0.016349462504226236,0.0
ZERO,2,1,BUYHOLD,ALL,1.0,5085,1017,20.216290212183434,0.16431252783479386,0.17642495099063973,0.218568606972182,0.15605584868944067,0.8071833985431126,1.1305244402709613,0.31429239081912697,0.5228014824239081,761,False,761,1.0,0.0,0.9999992811192698,0.04955256686720708,4.955256686720709e-06,0.043970114711044284,0.06487499783361454,0.1710914454277286,0.035398230088495575,0.019395550782673642,0.2205113638485607,0.48475909537856443,0.011695530097286862,0.6912487708947886,0.6912487708947886,0.7079646017699115,0.7079646017699115,0.09537856440511308,0.051130776794493606,-0.016768796580952178,0.1670813615631434,0.03680728111829745,0.019518239036338165,5.759005155009378e-06
ZERO,2,1,BUYHOLD,GFC,1.0,755,150,2.9924709103353866,0.025218340736438357,0.06774886567588986,0.2925071856818413,0.2104392152153282,0.23161436365388982,0.32194030759222814,0.04823693425564996,0.5228014824239073,545,True,46,1.0,0.0,1.0,0.0,0.0,0.059115778573202715,0.10014778055536615,0.24666666666666667,0.06666666666666667,0.02733019600753765,0.2918710462768896,0.7133333333333334,0.012347339726251244,0.8333333333333334,0.8333333333333334,0.8666666666666667,0.8666666666666667,0.12666666666666668,0.05333333333333334,-0.105250647799568,0.21470901503386874,0.06335484058523953,0.025286748797256797,-6.002143226879753e-16
ZERO,2,1,BUYHOLD,2011,1.0,251,49,0.9883641341546886,0.026200899415773467,0.04947803757043531,0.21827885348449502,0.16021662664652125,0.22667352691565187,0.3088196188251828,0.17265884302600043,0.1517495365808047,110,True,55,1.0,0.0,0.999999999999999,0.0,0.0,0.05197518304432003,0.05404868071514615,0.22448979591836735,0.061224489795918366,0.022898978412690996,0.22771534475468577,0.5714285714285714,0.010450002288977758,0.8163265306122449,0.8163265306122449,0.8367346938775511,0.8367346938775511,0.12244897959183673,0.04081632653061224,0.10347902308432347,0.18912171120053511,0.04290313879531104,0.02089576261053071,3.247402347028583e-15
ZERO,2,1,BUYHOLD,2015_2016,1.0,503,100,1.9931553730321698,0.08688541389129172,0.101598902325152,0.19107510807991773,0.1410340588607214,0.531722333411728,0.720385580234107,0.5005900764226736,0.17356599338163858,72,False,182,1.0,0.0,1.0,0.0,0.0,0.03833684509840052,0.05515760767532589,0.15,0.03,0.016424315172719854,0.19986882387989005,0.28,0.018187735924045427,0.51,0.51,0.52,0.52,0.07,0.07,-0.19152243735815258,0.14080401549120608,0.024967887053500937,0.01690410283171744,9.159339953157541e-16
ZERO,2,1,BUYHOLD,2018Q4,1.0,62,12,0.24914442162902123,-0.5289552733768629,-0.7093384933401207,0.3234242070099197,0.25939958578426203,-2.193213983263673,-2.734539807361392,-2.389026817307686,0.22141035401727682,62,True,0,1.0,0.0,0.9999999999999992,0.0,0.0,0.04710852074981309,0.04710852074981309,0.6666666666666666,0.0,0.04197157416825531,0.30316267881009623,1.0,0.014143163523682542,0.9166666666666666,0.9166666666666666,0.9166666666666666,0.9166666666666666,0.4166666666666667,0.08333333333333333,-0.23450234000806458,0.231178316946832,0.07847823379612098,0.02681751956247905,-3.3306690738754696e-16
ZERO,2,1,BUYHOLD,COVID,1.0,92,17,0.3613963039014374,0.09137008939044075,0.1753467348145761,0.421459891305733,0.31225864280546695,0.4160460780059782,0.5615432554218037,0.331493840036734,0.2756313341458041,72,False,72,1.0,0.0,1.0,0.0,0.0,0.09990714515177934,0.09990714515177934,0.17647058823529413,0.17647058823529413,0.04031444375716097,0.516777886314154,0.9411764705882353,0.03436356214971959,1.0,1.0,1.0,1.0,0.17647058823529413,0.058823529411764705,-0.08988924566902042,0.2690595422360169,0.1315328748935911,0.03962841345884243,-3.747002708109903e-15
ZERO,2,1,BUYHOLD,2022,1.0,250,50,0.9883641341546886,-0.3376954837308447,-0.35839987569999626,0.3222645326642969,0.23937477070898186,-1.1121294445186172,-1.4972332908705668,-0.931564044931449,0.362503775846882,249,True,0,1.0,0.0,0.9999999999999993,0.0,0.0,0.07311428921612784,0.09029284215024562,0.42,0.18,0.03845406535392946,0.2988113304918428,1.0,0.010897375741798034,1.0,1.0,1.0,1.0,0.34,0.12,-0.4132421417272074,0.24549340957610555,0.08814750822574657,0.028986342466916608,-3.3306690738754696e-16
ZERO,2,1,BUYHOLD,2023_PLUS,1.0,914,182,3.6440793976728267,0.3121014823281272,0.2936883949771265,0.2033373430132939,0.13757504899913217,1.4443406736062525,2.1347504297743636,1.2911994335381523,0.24171438913422139,88,False,88,1.0,0.0,0.9999999999999996,0.0,0.0,0.03231375271352144,0.04242368437165069,0.14835164835164835,0.01098901098901099,0.017429276532841525,0.20046904777676422,0.5384615384615384,0.010355440709553273,0.8791208791208791,0.8791208791208791,0.8681318681318682,0.8681318681318682,0.07142857142857142,0.03296703296703297,0.19813583262487414,0.17298486633316632,0.034812256567688424,0.01943294080798603,6.661338147750939e-16
ZERO,2,1,BUYHOLD,2024_PLUS,1.0,664,132,2.647501711156742,0.24042094031904557,0.23880152835991594,0.21105986652058015,0.14654533927785862,1.1314397772379465,1.6295402469752664,0.9946488547090282,0.24171438913422127,88,False,88,1.0,0.0,0.9999999999999999,0.0,0.0,0.032575047323825435,0.044772567572441295,0.1590909090909091,0.015151515151515152,0.018033850788789184,0.2088990736935231,0.5378787878787878,0.011498873965450468,0.8560606060606061,0.8560606060606061,0.8484848484848485,0.8484848484848485,0.08333333333333333,0.030303030303030304,0.2196935043360978,0.17378525659630387,0.0363223099267751,0.019678734535195936,6.106226635438361e-16
ZERO,2,1,BUYHOLD,EX_MAJOR_SHOCKS,1.0,3982,794,15.824777549623546,0.23346335473777768,0.2273140689457206,0.18466760888079417,0.12981664298028506,1.230936331083679,1.7510394948376706,0.965864529513541,0.24171438913422139,88,False,182,1.0,0.0,0.9999987516978373,0.06327845367145857,6.327845367145857e-06,0.03508812525642391,0.04916518268611654,0.14105793450881612,0.0163727959697733,0.01622233120656991,0.18570093132026308,0.3979848866498741,0.01060962371445664,0.6385390428211587,0.6385390428211587,0.6536523929471033,0.6536523929471033,0.07178841309823678,0.04534005037783375,0.03412382042521318,0.1509806010187138,0.026582345972773747,0.017409781380880805,7.79414167914605e-06
ZERO,2,1,VOL,ALL,0.843050073063911,5085,1017,20.216290212183434,0.13852368859643888,0.14172356482106993,0.15283366039937535,0.10985878119396217,0.9273059642144721,1.2900522223239361,0.46237208859575024,0.2995935351918474,543,False,543,0.830593054967753,0.16940694503224696,0.652323279348104,3.1782210689578956,0.0003178221068957896,0.03233065400094426,0.043432382246020765,0.12291052114060963,0.010816125860373648,0.014467412429251683,0.1538215813778766,0.23008849557522124,0.008411364657000125,0.6804326450344149,0.6843657817109144,0.704031465093412,0.7079646017699115,0.05604719764011799,0.051130776794493606,-0.016768954648856346,0.12555988590388997,0.010116705805655907,0.014475397395847151,0.0003612334210178203
ZERO,2,1,MATCH_VOL,ALL,0.8395450458544857,5085,1017,20.216290212183434,0.13794776871552847,0.1459846423776937,0.18133234000405193,0.129548688047157,0.8050667761439114,1.1268708666856886,0.3044457819505935,0.4531111182808737,756,False,756,0.8305930549635254,0.16940694503647458,0.8296187075786109,0.19106658411256386,1.9106658411256386e-05,0.03651268562628851,0.05387197815146002,0.14355948869223206,0.01966568338249754,0.016134155360288976,0.18280949967690646,0.33136676499508355,0.009627056799955153,0.4896755162241888,0.4896755162241888,0.4975417895771878,0.4975417895771878,0.06784660766961652,0.051130776794493606,-0.016769004269842232,0.13450632483195396,0.023522874475940227,0.016207750196038633,2.1702218890140568e-05
ZERO,2,1,VOL,GFC,2.746625262704344,755,150,2.9924709103353866,0.06926533175018766,0.07922051028591733,0.15693575619554562,0.11249106621080303,0.5047957980156333,0.7042382382389529,0.2311976849094308,0.2995935351918494,543,False,543,0.7088157919634128,0.2911842080365872,0.48470117901117216,3.1884214138095737,0.00031884214138095735,0.030381004978479176,0.04845607468722361,0.14666666666666667,0.02,0.016158378130771176,0.15948421344012642,0.32,0.006585974255618979,0.8266666666666667,0.8266666666666667,0.8666666666666667,0.8666666666666667,0.04666666666666667,0.05333333333333334,-0.10524768992603568,0.13624002266726118,0.010593040960224051,0.015247350216270921,0.00034138914382426944
ZERO,2,1,MATCH_VOL,GFC,1.0385351584151397,755,150,2.9924709103353866,0.02619013349168398,0.047326561850694705,0.20729425215941197,0.14913684313846068,0.2283061944925514,0.3173364867778251,0.06571831266766345,0.3985210883932322,545,True,46,0.7088157919650239,0.29118420803497613,0.7086085379012099,0.2921097737455802,2.9210977374558023e-05,0.041882639164919855,0.07095276516964678,0.14666666666666667,0.04666666666666667,0.01946058461109907,0.2063756731452758,0.4266666666666667,0.00865457993555358,0.5533333333333333,0.5533333333333333,0.5933333333333334,0.5933333333333334,0.09333333333333334,0.05333333333333334,-0.10525005896332473,0.1511988686414369,0.03050392156568011,0.01791499489293771,3.0012142672671688e-05
ZERO,2,1,VOL,2011,-0.1576975415840183,251,49,0.9883641341546886,-0.004131817425157617,0.0075011193322190185,0.15244888756965347,0.1144175161957893,0.049204159189366194,0.06555918692888972,-0.037357687486919165,0.11060153085236812,218,True,13,0.7950397194222554,0.20496028057774462,0.6681954442955496,3.424967468238142,0.0003424967468238143,0.03276015901601448,0.04085417481230613,0.14285714285714285,0.0,0.016989474558017133,0.16092568103880958,0.24489795918367346,0.00691523227075064,0.8163265306122449,0.8163265306122449,0.8367346938775511,0.8367346938775511,0.08163265306122448,0.04081632653061224,0.10345394534689821,0.13454535640365575,0.010382357364287829,0.015047000511670296,0.0003437901168936593
ZERO,2,1,MATCH_VOL,2011,0.9275518352286765,251,49,0.9883641341546886,0.024302692337742637,0.038851432294940716,0.17344008373520228,0.12739298375561167,0.2240049212283402,0.30497309309806714,0.19910248364976282,0.12206122139838804,110,True,55,0.7950397194161349,0.20496028058386506,0.7945720035064999,0.19224079783632983,1.9224079783632982e-05,0.041297570321167765,0.04294496943158685,0.16326530612244897,0.0,0.018237271288990258,0.18079422768515033,0.3877551020408163,0.008232226327815612,0.4897959183673469,0.4897959183673469,0.5306122448979592,0.5306122448979592,0.10204081632653061,0.04081632653061224,0.10347815908632234,0.14611657368842948,0.02403161730667621,0.01660287047755889,1.984423730930565e-05
ZERO,2,1,VOL,2015_2016,0.5312157565719641,503,100,1.9931553730321698,0.046154900875330765,0.05906459518743934,0.16659723797949205,0.12477689749331418,0.3545352606308523,0.47336162682362054,0.2646793615683453,0.17438042997324021,309,False,309,0.8996367800289055,0.10036321997109454,0.8391237658130374,3.2152822988687726,0.00032152822988687724,0.030937538187626346,0.04458293100044479,0.14,0.01,0.014262939200083327,0.17642924105340443,0.15,0.016074308385182146,0.51,0.51,0.52,0.52,0.04,0.07,-0.19153726405270904,0.11594717459880419,0.007878117547877645,0.013730688757329954,0.0003369123023173326
ZERO,2,1,MATCH_VOL,2015_2016,0.9107835202774219,503,100,1.9931553730321698,0.07913380312467148,0.09085237986078375,0.17145385794645687,0.126693033479911,0.5298940539976413,0.7171063583001956,0.5054247467568606,0.15656891284498098,72,False,182,0.8996367800330327,0.10036321996696729,0.8972989604852684,0.07961206237144507,7.961206237144506e-06,0.03448388930095736,0.04961422408391012,0.11,0.02,0.01478453107988936,0.17893400549133673,0.23,0.01619443207535912,0.34,0.34,0.35,0.35,0.05,0.07,-0.19152179739587477,0.12254002741741156,0.019168307396092432,0.015205184345284195,8.603640453991312e-06
ZERO,2,1,VOL,2018Q4,,62,12,0.24914442162902123,-0.4296037728313598,-0.5503186027711395,0.1883746927653335,0.15907343990504785,-2.921404115873968,-3.4595253808532016,-2.7380412324462284,0.15690186390931082,62,True,0,0.5977337307016262,0.40226626929837384,0.5680346762537097,5.4950274490560815,0.0005495027449056081,0.039332125873710155,0.039332125873710155,0.3333333333333333,0.0,0.025838364633855904,0.18492433704452685,0.5,0.008968653870399971,0.9166666666666666,0.9166666666666666,0.9166666666666666,0.9166666666666666,0.08333333333333333,0.08333333333333333,-0.234561426466085,0.13745953822215923,0.01266841759213447,0.015248575658680317,0.0003096052445468178
ZERO,2,1,MATCH_VOL,2018Q4,,62,12,0.24914442162902123,-0.3593019344576911,-0.432038610277737,0.19290963648120904,0.15530100168198854,-2.239590609149383,-2.7819434877981464,-2.6101869988984014,0.13765371393288306,62,True,0,0.5977337306981256,0.40226626930187437,0.5964245093900186,0.3621797920287404,3.621797920287404e-05,0.028291165687301167,0.028291165687301164,0.25,0.0,0.02524581199814684,0.18054555004560308,0.5,0.008292548393526248,0.75,0.75,0.75,0.75,0.0,0.08333333333333333,-0.23449234013333467,0.1444407940647814,0.021022917589275023,0.01610491464438899,2.2915301550019418e-05
ZERO,2,1,VOL,COVID,-1.4275326472978345,92,17,0.3613963039014374,-0.13043378559137567,-0.11426098488327842,0.2197624372816764,0.1715736559233477,-0.5199295489102468,-0.665958793431118,-0.7892441933954897,0.1652641687868781,91,True,0,0.5038953346265119,0.4961046653734881,0.46096131904915755,5.7150674693779075,0.0005715067469377909,0.04974635657011195,0.04974635657011195,0.17647058823529413,0.0,0.019515803352755816,0.20663612876566018,0.35294117647058826,0.014968049386486102,1.0,1.0,1.0,1.0,0.11764705882352941,0.058823529411764705,-0.08985782486570498,0.13997377872844755,0.014246933457565471,0.015342170333943361,0.0005021788535108096
ZERO,2,1,MATCH_VOL,COVID,0.6737614005672504,92,17,0.3613963039014374,0.06156163939765823,0.0813517368912955,0.2113482213174115,0.1571104109082685,0.38491801059029546,0.5177997843745318,0.41847847779122993,0.1471082568513118,71,False,71,0.5038953346213437,0.4961046653786563,0.5013858047720856,0.4743265352789233,4.743265352789233e-05,0.05022101240431409,0.05022101240431409,0.17647058823529413,0.058823529411764705,0.020523459558649346,0.25918046125910166,0.47058823529411764,0.016992701291643465,0.7058823529411765,0.7058823529411765,0.7058823529411765,0.7058823529411765,0.11764705882352941,0.058823529411764705,-0.0898752440862204,0.16715352645898904,0.0451860873740013,0.01991956634634701,5.086709990582278e-05
ZERO,2,1,VOL,2022,,250,50,0.9883641341546886,-0.26330777045590986,-0.288232655445404,0.17921428702206402,0.13969863183033143,-1.6083129321599128,-2.0632460867295537,-0.962816236984577,0.27347666184001806,249,True,0,0.5583736872889764,0.4416263127110236,0.544395885394601,4.171672504727431,0.00041716725047274305,0.051412712605929944,0.05536994391003673,0.28,0.08,0.022147921400136862,0.16385235995791408,0.4,0.00582798369529868,1.0,1.0,1.0,1.0,0.18,0.12,-0.4130613420252671,0.1409117762121882,0.014981043920156844,0.015579575540190944,0.000308540863938056
ZERO,2,1,MATCH_VOL,2022,,250,50,0.9883641341546886,-0.19584113221092084,-0.2009631381412996,0.17970388425796915,0.1337146855925238,-1.1183015824678129,-1.5029249573506513,-0.9150875979011197,0.21401353560042735,249,True,0,0.558373687285532,0.44162631271446795,0.5575812408842392,0.4421768591243198,4.421768591243198e-05,0.04086726773834892,0.05046808989076788,0.3,0.02,0.021602228988170734,0.16658067443087474,0.42,0.0060078892049850304,0.78,0.78,0.74,0.74,0.12,0.12,-0.41324342744729387,0.14612126838716766,0.0204063244074244,0.016201450442079192,3.569195127819946e-05
ZERO,2,1,VOL,2023_PLUS,0.7462063679427908,914,182,3.6440793976728267,0.2328921135576329,0.222371728859605,0.15448103166856522,0.10707649922351317,1.4394759437954647,2.076755688430033,1.3596373093443916,0.17128988146841306,101,False,122,0.8326833074000093,0.1673166925999907,0.7361981834287874,4.055341223954117,0.00040553412239541177,0.026700801820815023,0.03608590321484633,0.1043956043956044,0.0,0.014041996054396886,0.15373931211939448,0.25274725274725274,0.007000844468099938,0.8791208791208791,0.8791208791208791,0.8681318681318682,0.8681318681318682,0.04395604395604396,0.03296703296703297,0.19809519449043025,0.1353010558654539,0.013089246014828972,0.015271636999136216,0.0004977387179361525
ZERO,2,1,MATCH_VOL,2023_PLUS,0.8218453975656543,914,182,3.6440793976728267,0.25649916682478974,0.24375036992716448,0.16891727075430749,0.1144390605537363,1.443016269672642,2.1299578024123016,1.2537719108925351,0.20458200139624527,88,False,88,0.832683307405398,0.16731669259460202,0.8307105267671767,0.1393064041336512,1.3930640413365122e-05,0.02690035709267724,0.03531676704887242,0.13736263736263737,0.005494505494505495,0.0145262508753426,0.16662632887726783,0.29120879120879123,0.00855452575369173,0.6043956043956044,0.6043956043956044,0.6043956043956044,0.6043956043956044,0.03296703296703297,0.03296703296703297,0.19813476693339274,0.1400365304749741,0.020758550293771178,0.016177328676680005,1.742184791614365e-05
ZERO,2,1,VOL,2024_PLUS,0.724425293877404,664,132,2.647501711156742,0.1741670103449064,0.17359542520106658,0.1562515729589358,0.11221857344881847,1.1109995369242707,1.5469402244739936,1.0167968408397972,0.17128988146841373,101,False,122,0.8275427358150561,0.1724572641849439,0.7153295069068427,4.278750670940821,0.00042787506709408206,0.028381490206448423,0.03637378269982173,0.11363636363636363,0.0,0.014293690850846337,0.156828843398495,0.2727272727272727,0.007619422120498447,0.8560606060606061,0.8560606060606061,0.8484848484848485,0.8484848484848485,0.045454545454545456,0.030303030303030304,0.2196500857314321,0.13422752085264378,0.012804340396919588,0.015181984831996866,0.0005001200950246476
ZERO,2,1,MATCH_VOL,2024_PLUS,0.8230109509169858,664,132,2.647501711156742,0.1978690667123336,0.19660448917613566,0.17412738126066024,0.12111671510016636,1.1290842815916946,1.623264708042479,0.9726248598787736,0.20343821639207915,88,False,88,0.8275427358217945,0.1724572641782055,0.8249973794453705,0.14418400262113656,1.4418400262113657e-05,0.026952646290772098,0.037045253584874926,0.14393939393939395,0.007575757575757576,0.014938098406913425,0.1724681704270464,0.3333333333333333,0.009430943453709635,0.5984848484848485,0.5984848484848485,0.5909090909090909,0.5909090909090909,0.03787878787878788,0.030303030303030304,0.21969244109104086,0.14003718329569728,0.021752720220796398,0.016282195373214476,1.718940844927519e-05
ZERO,2,1,VOL,EX_MAJOR_SHOCKS,0.8069046095255894,3982,794,15.824777549623546,0.18838265709322066,0.18392149601562502,0.14819163954983494,0.10539103524335129,1.2411057504615475,1.7451341624166075,1.0802970099461782,0.17438042997324055,309,False,309,0.8782976270528341,0.1217023729471659,0.7748560721207545,3.056964687784542,0.0003056964687784543,0.03064828871765113,0.03990551222216384,0.1070528967254408,0.003778337531486146,0.013518664408585627,0.1504271743520001,0.19899244332493704,0.008635918926495071,0.6259445843828715,0.6309823677581864,0.6486146095717884,0.6536523929471033,0.04785894206549118,0.04534005037783375,0.034110072766614104,0.12223004896104268,0.009622528895958759,0.014238219921683967,0.0003628108598345281
ZERO,2,1,MATCH_VOL,EX_MAJOR_SHOCKS,0.8744195769706494,3982,794,15.824777549623546,0.2041449278879562,0.19926065242220198,0.16200016377074364,0.11394906952700283,1.2300027838501937,1.7486816983177087,0.9502590273537136,0.214830821924902,88,False,182,0.8782976270461572,0.12170237295384279,0.8772451779681216,0.1552920711441238,1.5529207114412382e-05,0.030812142582058333,0.04317355111110392,0.11964735516372796,0.007556675062972292,0.014257862719241066,0.16282236471945882,0.2795969773299748,0.009247097471006492,0.47103274559193953,0.47103274559193953,0.47732997481108314,0.47732997481108314,0.04785894206549118,0.04534005037783375,0.034123486851414885,0.12800144395032367,0.018506399845060032,0.0152880201671167,1.867245320558153e-05
ZERO,2,1,CORE_VOL,ALL,0.9277457263154281,5085,1017,20.216290212183434,0.15244024547881482,0.15891792802730664,0.1826593494172413,0.13080386976231498,0.8700235084287796,1.214932924508105,0.3669310936496701,0.41544651875253225,615,False,615,0.915348185150798,0.08465181484920203,0.8262052606848003,1.6094786990892347,0.00016094786990892348,0.038448535827889097,0.05297740440662757,0.1583087512291052,0.02261553588987217,0.016943673923071258,0.1838313340320432,0.4119960668633235,0.009848005489814366,0.6912487708947886,0.6912487708947886,0.7079646017699115,0.7079646017699115,0.0776794493608653,0.051130776794493606,-0.01676710087398691,0.150755889419891,0.023537346965012838,0.01699681821609266,0.00018515262801827026
ZERO,2,1,MATCH_CORE_VOL,ALL,0.9204010261430431,5085,1017,20.216290212183434,0.1512334192273016,0.16118472165775366,0.1999486318541781,0.1428052807748254,0.8061306554740778,1.128702809750494,0.30935662523847274,0.4888643296736276,758,False,758,0.9153481851450301,0.08465181485496986,0.9148042524335319,0.12793732937214947,1.2793732937214946e-05,0.040243338522681915,0.059376344308112464,0.1553588987217306,0.024582104228121928,0.01776707904882355,0.20165129350024963,0.41002949852507375,0.010656842720284183,0.5939036381514258,0.5939036381514258,0.6037364798426745,0.6037364798426745,0.07571288102261553,0.051130776794493606,-0.01676889978988689,0.15145985779198162,0.0299463080198988,0.017863847819034412,1.4701426696434039e-05
ZERO,2,1,CORE_VOL,GFC,1.9970963887306175,755,150,2.9924709103353866,0.050363457214519264,0.0732693645903497,0.21984913350959417,0.15783059961897783,0.3332711092407023,0.46422787955713796,0.12122729386623887,0.41544651875253324,545,True,48,0.8544472662424512,0.14555273375754885,0.7428425813005416,1.6138682467624803,0.00016138682467624804,0.052354848711269275,0.07147454177685593,0.21333333333333335,0.05333333333333334,0.02178988397335755,0.22057254775000928,0.6266666666666667,0.00923394702896247,0.8333333333333334,0.8333333333333334,0.8666666666666667,0.8666666666666667,0.1,0.05333333333333334,-0.10524737263746656,0.18527084282232448,0.037571333524208474,0.020267049506763862,0.00016973077363711953
ZERO,2,1,MATCH_CORE_VOL,GFC,1.054426466448516,755,150,2.9924709103353866,0.026590885912417362,0.05748162106131555,0.24989228311185158,0.17977837778843467,0.23002559481033205,0.31973600923777723,0.05738845486545871,0.4633490477267064,545,True,46,0.8544472662370559,0.1455527337629441,0.8542899410466508,0.17638899222573626,1.763889922257362e-05,0.050500185370386586,0.08555188098384733,0.2,0.05333333333333334,0.02340520252497088,0.24907036842730815,0.6,0.010489174943447947,0.7533333333333333,0.7533333333333333,0.7733333333333333,0.7733333333333333,0.10666666666666667,0.05333333333333334,-0.1052503438375125,0.18558647011869026,0.046421827610974756,0.021601260849383033,1.8129646958939954e-05
ZERO,2,1,CORE_VOL,2011,0.44745608728057384,251,49,0.9883641341546886,0.011723751935813868,0.028375010551120367,0.1834206914676993,0.1359329647070347,0.15469907088490753,0.20874267409877162,0.09173814270653957,0.12779582832101677,110,True,59,0.8976720591571492,0.1023279408428508,0.8341480192771579,1.6963157905834105,0.00016963157905834102,0.04094687205575609,0.04513406548564931,0.1836734693877551,0.0,0.019954662692640703,0.1925082919071625,0.5102040816326531,0.008600178387050145,0.8163265306122449,0.8163265306122449,0.8367346938775511,0.8367346938775511,0.12244897959183673,0.04081632653061224,0.10347003247350609,0.16713744455484078,0.026486632984275296,0.017971381561100508,0.00017296727509517364
ZERO,2,1,MATCH_CORE_VOL,2011,0.9725449178334256,251,49,0.9883641341546886,0.025481551569475253,0.044139919918892295,0.19588556045637942,0.14382981978986578,0.22533524071939723,0.30688990630302093,0.18597336298669914,0.1370172112836272,110,True,55,0.8976720591515958,0.10232794084840424,0.8974073522392773,0.10841203666938919,1.0841203666938918e-05,0.046642898922445775,0.048503599660035784,0.20408163265306123,0.02040816326530612,0.020573652282296188,0.20427219934032323,0.46938775510204084,0.009337629102215576,0.6530612244897959,0.6530612244897959,0.6938775510204082,0.6938775510204082,0.10204081632653061,0.04081632653061224,0.10347859312600688,0.1686584999397701,0.03304142566741531,0.018751930344180642,1.1203765307228608e-05
ZERO,2,1,CORE_VOL,2015_2016,0.7662915542754901,503,100,1.9931553730321698,0.06657955885462719,0.08019502730492442,0.17716114059058244,0.13183598626774032,0.4526671426791855,0.6082939080234103,0.38269996038223225,0.173973257766029,264,False,264,0.9498810428667134,0.050118957133286623,0.9196218036185463,1.5953390931796434,0.00015953390931796436,0.036725248958812795,0.049586989146362656,0.15,0.01,0.015347674429387543,0.18654039118636084,0.24,0.01690280411427654,0.51,0.51,0.52,0.52,0.06,0.07,-0.19152627496154925,0.1312339472981005,0.01659949928344745,0.015317395794523696,0.00017041586556931776
ZERO,2,1,MATCH_CORE_VOL,2015_2016,0.9557921339181104,503,100,1.9931553730321698,0.08304439514951593,0.09621438181996923,0.18126229440413583,0.13386698497733027,0.5308019637302678,0.7187312229095373,0.503025634203321,0.1650897876825691,72,False,182,0.9498810428689604,0.05011895713103964,0.948640905751748,0.04198996551948993,4.198996551948993e-06,0.03641264826324342,0.05238920055427319,0.13,0.02,0.015605692334401065,0.18938535664892228,0.24,0.017186833660146103,0.43,0.43,0.43,0.43,0.07,0.07,-0.19152211839720135,0.131575977241486,0.022018029257414754,0.016055649107454283,4.554272495432832e-06
ZERO,2,1,CORE_VOL,2018Q4,,62,12,0.24914442162902123,-0.4809807281059159,-0.631250046268658,0.2541611206428213,0.20787136108039356,-2.483660933946576,-3.0367340791333164,-2.5386739338131483,0.1894614041211159,62,True,0,0.798435488987622,0.20156451101237804,0.7831851462896289,2.7148064953267164,0.0002714806495326717,0.039332125873710044,0.039332125873710044,0.5833333333333334,0.0,0.03391471350439671,0.24235760849976326,0.9166666666666666,0.01145906564942762,0.9166666666666666,0.9166666666666666,0.9166666666666666,0.9166666666666666,0.25,0.08333333333333333,-0.23452331478929658,0.19505094111561314,0.043939091575616616,0.021033047610579683,0.00013916260673191294
ZERO,2,1,MATCH_CORE_VOL,2018Q4,,62,12,0.24914442162902123,-0.4500314032647272,-0.5718057810616689,0.257953162463863,0.20728391491110792,-2.2167038992661077,-2.7585632069274806,-2.4958905274411918,0.18030895118068468,62,True,0,0.7984354889841863,0.20156451101581374,0.7975570818001418,0.24213360705181153,2.421336070518115e-05,0.03770298222429769,0.03770298222429769,0.5833333333333334,0.0,0.03361786900094704,0.241604830723437,0.8333333333333334,0.01118317125532217,0.9166666666666666,0.9166666666666666,0.9166666666666666,0.9166666666666666,0.25,0.08333333333333333,-0.23449738191758965,0.19405900889937636,0.04813105559539099,0.021462933803903503,1.3150379057802475e-05
ZERO,2,1,CORE_VOL,COVID,-0.21664474679024967,92,17,0.3613963039014374,-0.019794849880194514,0.028838690065934654,0.31235314319678986,0.23579900939030435,0.09232719661721348,0.12230199838625977,-0.08929856511461885,0.22167041379429675,77,False,77,0.7529731399525292,0.24702686004747076,0.7311673170864869,2.7590599130361024,0.00027590599130361033,0.06729556580507634,0.06729556580507634,0.17647058823529413,0.17647058823529413,0.030028232449359392,0.35358151266106835,0.7647058823529411,0.02410117895408902,1.0,1.0,1.0,1.0,0.17647058823529413,0.058823529411764705,-0.08986504782813204,0.22983108567052346,0.08101839873971459,0.027485291896392892,0.0002732404376434676
ZERO,2,1,MATCH_CORE_VOL,COVID,0.8826192667850346,92,17,0.3613963039014374,0.08064500130387388,0.1267395265939035,0.31656273787378314,0.23493894359117806,0.4003614810926859,0.5394572932721,0.37757202771475323,0.21358838945770442,72,False,72,0.7529731399513456,0.24702686004865437,0.7510792378962193,0.3541697344365226,3.541697344365226e-05,0.07514067051756035,0.07514067051756035,0.17647058823529413,0.11764705882352941,0.03051156112649235,0.3881911258154332,0.7058823529411765,0.02563185626695562,0.9411764705882353,0.9411764705882353,0.9411764705882353,0.9411764705882353,0.17647058823529413,0.058823529411764705,-0.08988213537187743,0.2297893032712853,0.0899996721569451,0.029804196883698685,3.866394018041397e-05
ZERO,2,1,CORE_VOL,2022,,250,50,0.9883641341546886,-0.29955853581342845,-0.3234449890292935,0.24943483349407505,0.18842060641790295,-1.2967113874934248,-1.7166115489083844,-0.9425545672955853,0.317815589895165,249,True,0,0.7791506544803387,0.2208493455196613,0.7719115220865317,2.067072862981515,0.00020670728629815146,0.06073061710764183,0.07065889490223576,0.42,0.1,0.03032489712358678,0.2302119009538973,0.9,0.008296250176866648,1.0,1.0,1.0,1.0,0.26,0.12,-0.4131581471734061,0.2055655142842133,0.05015858916784908,0.02228295900355378,0.0001453438509861904
ZERO,2,1,MATCH_CORE_VOL,2022,,250,50,0.9883641341546886,-0.26843637445655316,-0.2798400597561644,0.250919547475495,0.1865442310654559,-1.115258107914027,-1.5001271181523284,-0.923612173083899,0.29063754493431626,249,True,0,0.7791506544753738,0.2208493455246262,0.7785970040216433,0.30946018437781453,3.094601843778145e-05,0.05699884359761065,0.07039020449382039,0.38,0.08,0.03005306787104981,0.23262351476624776,0.88,0.00843475083117894,0.98,0.98,0.98,0.98,0.28,0.12,-0.4132427991661906,0.2055007002035782,0.052838389994027485,0.022597001216479423,2.2724080974811933e-05
ZERO,2,1,CORE_VOL,2023_PLUS,0.8724428625279418,914,182,3.6440793976728267,0.2722907106415651,0.2578014839137714,0.1774362452032545,0.12156646060000739,1.4529245905674906,2.1206629085140585,1.315616951760477,0.20696807705100073,91,False,117,0.9163724667336002,0.08362753326639982,0.867487091098745,2.0236856627426185,0.00020236856627426185,0.0290755170988799,0.038752507122349615,0.13736263736263737,0.005494505494505495,0.01573803038029708,0.17570303167908916,0.43956043956043955,0.008577232995433833,0.8791208791208791,0.8791208791208791,0.8681318681318682,0.8681318681318682,0.04945054945054945,0.03296703296703297,0.19811863160441417,0.1571991939874538,0.023921423387850402,0.017352288903561126,0.00025629061638304806
ZERO,2,1,MATCH_CORE_VOL,2023_PLUS,0.9104339864172714,914,182,3.6440793976728267,0.2841477967227364,0.26868438965534025,0.1861114962832336,0.1260052148222469,1.4436743297493198,2.132327539255959,1.272407126057999,0.22331515668498725,88,False,88,0.9163724667369827,0.0836275332630173,0.9152805570571967,0.07657454640712902,7.6574546407129e-06,0.029607775739643127,0.03887117994968888,0.14835164835164835,0.005494505494505495,0.01597898095140248,0.18353721326130926,0.42857142857142855,0.009451509440077152,0.7802197802197802,0.7802197802197802,0.7527472527472527,0.7527472527472527,0.038461538461538464,0.03296703296703297,0.1981353011082844,0.15724365045373037,0.02742058945472175,0.01780556399577875,9.787211554757036e-06
ZERO,2,1,CORE_VOL,2024_PLUS,0.8622036652983327,664,132,2.647501711156742,0.20729181595755278,0.20590527518606344,0.1819842885038853,0.12852339925258693,1.131445340028172,1.602083950342754,1.0015641972963398,0.20696807705100095,91,False,117,0.9137885854574516,0.08621141454254844,0.8568599610220389,2.1354319479294444,0.00021354319479294443,0.031222586343989223,0.0398426659179073,0.14393939393939395,0.007575757575757576,0.016166259621900905,0.18123789833589107,0.4621212121212121,0.009442295049658477,0.8560606060606061,0.8560606060606061,0.8484848484848485,0.8484848484848485,0.05303030303030303,0.030303030303030304,0.21967533266793327,0.15748359154396285,0.02451360011043661,0.017430359683596405,0.0002566121826583223
ZERO,2,1,MATCH_CORE_VOL,2024_PLUS,0.9113440584203728,664,132,2.647501711156742,0.21910619547960122,0.21764861186141626,0.19256661111671497,0.1338251939066691,1.1302510367672154,1.62636500279018,0.9836370816136463,0.22275105277666007,88,False,88,0.9137885854547206,0.08621141454527936,0.9123744026394897,0.07954952842518603,7.954952842518603e-06,0.02976424041539194,0.04090946994361659,0.1590909090909091,0.007575757575757576,0.016487054864464338,0.1906640921016934,0.45454545454545453,0.010460224964697232,0.7575757575757576,0.7575757575757576,0.7196969696969697,0.7196969696969697,0.045454545454545456,0.030303030303030304,0.21969297406370383,0.15768923270971663,0.0286507591640049,0.017980701668174996,9.651886591299785e-06
ZERO,2,1,CORE_VOL,EX_MAJOR_SHOCKS,0.9040854956134299,3982,794,15.824777549623546,0.21107083277567773,0.20550690234024602,0.16497930256502508,0.11667136723004579,1.2456526312398937,1.7614167659065785,1.0198231330316028,0.20696807705100073,91,False,264,0.9391859755159966,0.060814024484003415,0.887244999958481,1.5542678059564907,0.0001554267805956491,0.032930781789981545,0.043923476254530594,0.1309823677581864,0.007556675062972292,0.014873551276162598,0.16664071365729463,0.33123425692695213,0.009505431808931165,0.6385390428211587,0.6385390428211587,0.6536523929471033,0.6536523929471033,0.05919395465994962,0.04534005037783375,0.0341190817648361,0.13909705707713477,0.018003978058804295,0.015824000651282387,0.00018797273500004152
ZERO,2,1,MATCH_CORE_VOL,EX_MAJOR_SHOCKS,0.9371394911032165,3982,794,15.824777549623546,0.2187877294502107,0.21328127746455128,0.1733332834250964,0.12188516443916693,1.2304692627409775,1.7498542865813689,0.9580606766738617,0.22836521190890013,88,False,182,0.9391859755100304,0.06081402448996964,0.9386201847608009,0.11270636115478617,1.1270636115478621e-05,0.032951274794000174,0.04617096041597671,0.13476070528967254,0.012594458438287154,0.015241043882446646,0.17425756437445847,0.33123425692695213,0.009925958124779427,0.5554156171284634,0.5554156171284634,0.5768261964735516,0.5768261964735516,0.05793450881612091,0.04534005037783375,0.03412365372344525,0.13983891409819998,0.022443364272131422,0.016349462504226236,1.371680029951805e-05
ZERO,2,3,BUYHOLD,ALL,1.0,5085,1017,20.216290212183434,0.16430101163724678,0.17641496837826795,0.218568302017696,0.1560558486894407,0.8071388520188294,1.1304604720669136,0.3142703629597306,0.522801482423908,761,False,761,1.0,0.0,0.9999978437890075,0.04954265932609598,1.4862797797828791e-05,0.043970114711044506,0.06487499783361456,0.1710914454277286,0.035398230088495575,0.019395550782673642,0.2205113638485607,0.48475909537856443,0.011695530097286862,0.6912487708947886,0.6912487708947886,0.7079646017699115,0.7079646017699115,0.09537856440511308,0.051130776794493606,-0.016769833709179255,0.16708328957131816,0.03680728111829745,0.019518239036338165,1.7275202702088377e-05
ZERO,2,3,BUYHOLD,GFC,1.0,755,150,2.9924709103353866,0.025218340736438395,0.06774886567588989,0.29250718568184125,0.2104392152153281,0.23161436365388996,0.32194030759222847,0.04823693425565005,0.5228014824239071,545,True,46,1.0,0.0,0.9999999999999997,0.0,0.0,0.059115778573202604,0.10014778055536615,0.24666666666666667,0.06666666666666667,0.027330196007537638,0.2918710462768896,0.7133333333333334,0.012347339726251244,0.8333333333333334,0.8333333333333334,0.8666666666666667,0.8666666666666667,0.12666666666666668,0.05333333333333334,-0.1052506477995681,0.21470901503386874,0.06335484058523953,0.025286748797256797,-6.38378239159465e-16
ZERO,2,3,BUYHOLD,2011,1.0,251,49,0.9883641341546886,0.02620089941577722,0.049478037570439,0.21827885348449516,0.16021662664652123,0.2266735269156686,0.3088196188252058,0.17265884302602516,0.1517495365808047,110,True,55,1.0,0.0,0.9999999999999996,0.0,0.0,0.05197518304432014,0.05404868071514617,0.22448979591836735,0.061224489795918366,0.022898978412690996,0.22771534475468577,0.5714285714285714,0.010450002288977758,0.8163265306122449,0.8163265306122449,0.8367346938775511,0.8367346938775511,0.12244897959183673,0.04081632653061224,0.10347902308432169,0.18912171120053511,0.04290313879531104,0.02089576261053071,-5.065392549852277e-16
ZERO,2,3,BUYHOLD,2015_2016,1.0,503,100,1.9931553730321698,0.08688541389129291,0.1015989023251531,0.1910751080799178,0.14103405886072143,0.5317223334117337,0.7203855802341148,0.500590076422682,0.17356599338163803,72,False,182,1.0,0.0,1.0000000000000004,0.0,0.0,0.03833684509840041,0.05515760767532585,0.15,0.03,0.016424315172719868,0.19986882387989005,0.28,0.018187735924045427,0.51,0.51,0.52,0.52,0.07,0.07,-0.19152243735815347,0.14080401549120608,0.024967887053500937,0.01690410283171744,-2.7755575615628914e-16
ZERO,2,3,BUYHOLD,2018Q4,1.0,62,12,0.24914442162902123,-0.5289552733768625,-0.7093384933401202,0.3234242070099195,0.2593995857842619,-2.193213983263673,-2.734539807361391,-2.389026817307683,0.22141035401727693,62,True,0,1.0,0.0,0.9999999999999988,0.0,0.0,0.04710852074981309,0.04710852074981309,0.6666666666666666,0.0,0.04197157416825534,0.30316267881009623,1.0,0.014143163523682542,0.9166666666666666,0.9166666666666666,0.9166666666666666,0.9166666666666666,0.4166666666666667,0.08333333333333333,-0.23450234000806933,0.231178316946832,0.07847823379612098,0.02681751956247905,-6.661338147750939e-16
ZERO,2,3,BUYHOLD,COVID,1.0,92,17,0.3613963039014374,0.09137008939043718,0.17534673481457308,0.4214598913057332,0.3122586428054671,0.4160460780059709,0.5615432554217937,0.3314938400367205,0.27563133414580454,72,False,72,1.0,0.0,1.0,0.0,0.0,0.09990714515177934,0.09990714515177934,0.17647058823529413,0.17647058823529413,0.04031444375716097,0.516777886314154,0.9411764705882353,0.03436356214971959,1.0,1.0,1.0,1.0,0.17647058823529413,0.058823529411764705,-0.08988924566902042,0.2690595422360169,0.1315328748935911,0.03962841345884243,-1.8041124150158794e-16
ZERO,2,3,BUYHOLD,2022,1.0,250,50,0.9883641341546886,-0.3376954837308444,-0.3583998756999958,0.322264532664297,0.23937477070898197,-1.1121294445186154,-1.4972332908705641,-0.9315640449314485,0.36250377584688187,249,True,0,1.0,0.0,1.0000000000000002,0.0,0.0,0.07311428921612773,0.09029284215024555,0.42,0.18,0.03845406535392947,0.2988113304918428,1.0,0.010897375741798034,1.0,1.0,1.0,1.0,0.34,0.12,-0.4132421417272053,0.24549340957610555,0.08814750822574657,0.028986342466916608,-6.106226635438361e-16
ZERO,2,3,BUYHOLD,2023_PLUS,1.0,914,182,3.6440793976728267,0.3121014823281276,0.29368839497712684,0.20333734301329393,0.13757504899913217,1.4443406736062538,2.134750429774366,1.2911994335381547,0.24171438913422127,88,False,88,1.0,0.0,0.9999999999999999,0.0,0.0,0.03231375271352144,0.04242368437165072,0.14835164835164835,0.01098901098901099,0.017429276532841518,0.20046904777676422,0.5384615384615384,0.010355440709553273,0.8791208791208791,0.8791208791208791,0.8681318681318682,0.8681318681318682,0.07142857142857142,0.03296703296703297,0.19813583262487366,0.17298486633316632,0.034812256567688424,0.01943294080798603,2.220446049250313e-16
ZERO,2,3,BUYHOLD,2024_PLUS,1.0,664,132,2.647501711156742,0.240420940319046,0.23880152835991625,0.2110598665205802,0.14654533927785865,1.1314397772379476,1.6295402469752682,0.994648854709031,0.24171438913422105,88,False,88,1.0,0.0,1.0000000000000002,0.0,0.0,0.032575047323825435,0.04477256757244131,0.1590909090909091,0.015151515151515152,0.018033850788789177,0.2088990736935231,0.5378787878787878,0.011498873965450468,0.8560606060606061,0.8560606060606061,0.8484848484848485,0.8484848484848485,0.08333333333333333,0.030303030303030304,0.2196935043360975,0.17378525659630387,0.0363223099267751,0.019678734535195936,1.6653345369377348e-16
ZERO,2,3,BUYHOLD,EX_MAJOR_SHOCKS,1.0,3982,794,15.824777549623546,0.23344776893987026,0.22730132118481894,0.18466716188273524,0.12981664298028506,1.230870279628582,1.7509412966358917,0.9658000492897398,0.24171438913422127,88,False,182,1.0,0.0,0.9999962558422691,0.06326580177629282,1.8979740532887844e-05,0.0350881252564238,0.04916518268611656,0.14105793450881612,0.0163727959697733,0.016222331206569907,0.18570093132026308,0.3979848866498741,0.01060962371445664,0.6385390428211587,0.6385390428211587,0.6536523929471033,0.6536523929471033,0.07178841309823678,0.04534005037783375,0.03412249201286181,0.15098307052036838,0.026582345972773747,0.017409781380880805,2.3379939586565257e-05
ZERO,2,3,VOL,ALL,0.8387140425988133,5085,1017,20.216290212183434,0.13780156567334992,0.14108766181765653,0.15283392725569808,0.10987969671047282,0.9231436000568806,1.2840193961348023,0.4590267365975636,0.3002037892057753,546,False,546,0.830593054967753,0.16940694503224696,0.6523168419725888,3.1781631831502155,0.0009534489549450645,0.03235062995252547,0.04344442624994333,0.12291052114060963,0.010816125860373648,0.014471963395584316,0.1538215813778766,0.23008849557522124,0.008411364657000125,0.6804326450344149,0.6843657817109144,0.704031465093412,0.7079646017699115,0.05604719764011799,0.051130776794493606,-0.0167703020211626,0.125596727547481,0.010147006062708838,0.014475397395847151,0.0010833563441067784
ZERO,2,3,MATCH_VOL,ALL,0.8393397226575658,5085,1017,20.216290212183434,0.1379043655399642,0.14594632006527178,0.18133182462936448,0.12954962329538458,0.804857726235208,1.1265669197084525,0.30433136454961673,0.4531388532498133,756,False,756,0.8305930549635254,0.16940694503647458,0.8296163181190819,0.1910630253223725,5.731890759671173e-05,0.03651337136970445,0.05387283764613234,0.14355948869223206,0.01966568338249754,0.016134362912092828,0.18280949967690643,0.33136676499508355,0.009627056799955153,0.4896755162241888,0.4896755162241888,0.4975417895771878,0.4975417895771878,0.06784660766961652,0.051130776794493606,-0.01677045676189466,0.13451033022086772,0.023524741288683832,0.016207750196038633,6.510539445439556e-05
ZERO,2,3,VOL,GFC,2.7195635368549107,755,150,2.9924709103353866,0.06858287992680068,0.07858257854740944,0.15693514401355013,0.11251081935665357,0.5007328284646327,0.698444638451229,0.22845441127923366,0.30020378920577584,545,True,48,0.7088157919634128,0.2911842080365872,0.48469735667547853,3.1883828379835664,0.0009565148513950699,0.03038224296188541,0.048467026131567496,0.14666666666666667,0.02,0.016162904493836693,0.15948421344012642,0.32,0.006585974255618979,0.8266666666666667,0.8266666666666667,0.8666666666666667,0.8666666666666667,0.04666666666666667,0.05333333333333334,-0.1052417792152939,0.13624002266726118,0.010593040960224051,0.015247350216270921,0.0010238409672112536
ZERO,2,3,MATCH_VOL,GFC,1.036155071436925,755,150,2.9924709103353866,0.026130111647285043,0.04726787933878459,0.2072929571882559,0.1491383070671239,0.22802453098229297,0.31693989470800654,0.06556037643448315,0.3985656133838372,545,True,46,0.7088157919650239,0.29118420803497613,0.7086041098447629,0.2921100541235093,8.763301623705276e-05,0.041883975889268066,0.07095417063508067,0.14666666666666667,0.04666666666666667,0.01946092731905668,0.2063756731452758,0.4266666666666667,0.008654579935553582,0.5533333333333333,0.5533333333333333,0.5933333333333334,0.5933333333333334,0.09333333333333334,0.05333333333333334,-0.10524888230237098,0.1512087267443903,0.03050392156568011,0.01791499489293771,9.003398707160826e-05
ZERO,2,3,VOL,2011,-0.1839269493546214,251,49,0.9883641341546886,-0.004819051499891186,0.0068161204642365044,0.15244841070500004,0.11444587852769675,0.04471099720039881,0.05955758784783982,-0.04339403188984419,0.11105332438627402,218,True,13,0.7950397194222554,0.20496028057774462,0.6681963591495891,3.4249378822866148,0.0010274813646859843,0.032766620138418245,0.040862345383884995,0.14285714285714285,0.0,0.016992622564292716,0.1609256810388096,0.24489795918367346,0.006915232270750642,0.8163265306122449,0.8163265306122449,0.8367346938775511,0.8367346938775511,0.08163265306122448,0.04081632653061224,0.10340386675705265,0.13454535640365575,0.010382357364287829,0.015047000511670296,0.0010310241916272286
ZERO,2,3,MATCH_VOL,2011,0.9260370947002168,251,49,0.9883641341546886,0.024263004773518945,0.03881298573405071,0.17344008459236554,0.12739458866183825,0.22378324956005685,0.3046674599113279,0.19877269022402455,0.1220640760366708,110,True,55,0.7950397194161349,0.20496028058386506,0.7945720081855554,0.19224146963974154,5.767244089192246e-05,0.04129823955004719,0.0429454135461646,0.16326530612244897,0.0,0.01823753519290585,0.18079422768515033,0.3877551020408163,0.00823222632781561,0.4897959183673469,0.4897959183673469,0.5306122448979592,0.5306122448979592,0.10204081632653061,0.04081632653061224,0.10347643056470254,0.14611657368842948,0.024040095978577043,0.01660287047755889,5.953180153299778e-05
ZERO,2,3,VOL,2015_2016,0.5234641686984669,503,100,1.9931553730321698,0.045481400954627875,0.05841997499092689,0.16658846171190367,0.12478907000496073,0.35068440149209,0.4681497745644272,0.26074688977120974,0.1744273958340794,320,False,320,0.8996367800289055,0.10036321997109454,0.8390262424344949,3.2152022265128575,0.0009645606679538573,0.030952813988835537,0.04459103282469516,0.14,0.01,0.014267197262019447,0.17642924105340443,0.15,0.016074308385182146,0.51,0.51,0.52,0.52,0.04,0.07,-0.19156681994273939,0.11601173002593866,0.00791968200068425,0.013730688757329954,0.0010104122230202225
ZERO,2,3,MATCH_VOL,2015_2016,0.9105854726158993,503,100,1.9931553730321698,0.07911659567163097,0.09083640787609404,0.1714535903339726,0.12669340253136283,0.5298017247650212,0.7169782013993,0.5053117729332319,0.156569864209526,72,False,182,0.8996367800330328,0.10036321996696718,0.8972975641029534,0.07961320575566978,2.3883961726700933e-05,0.03448393825138274,0.04961450243611929,0.11,0.02,0.014784651805368096,0.1789340054913367,0.23,0.016194432075359116,0.34,0.34,0.35,0.35,0.05,0.07,-0.19152051682187604,0.12254002741741156,0.019168307396092432,0.015205184345284195,2.581109349450439e-05
ZERO,2,3,VOL,2018Q4,,62,12,0.24914442162902123,-0.4302225328230975,-0.551410882281651,0.18839785757863126,0.15912540234715467,-2.9268426370056235,-3.4652599405761118,-2.7383714802887553,0.1571089006440176,62,True,0,0.5977337307016262,0.40226626929837384,0.5681286683845853,5.495242442454183,0.0016485727327362545,0.039332125873710044,0.039332125873710044,0.3333333333333333,0.0,0.025851012447503208,0.18492433704452682,0.5,0.00896865387039997,0.9166666666666666,0.9166666666666666,0.9166666666666666,0.9166666666666666,0.08333333333333333,0.08333333333333333,-0.23467947111354714,0.1375201442827653,0.012769315676156951,0.015248575658680317,0.000928365236284534
ZERO,2,3,MATCH_VOL,2018Q4,,62,12,0.24914442162902123,-0.3593477584503308,-0.4321104619927434,0.19291191105668187,0.15530591438999516,-2.2399366613800202,-2.782318134437899,-2.610266146276304,0.13766709535077915,62,True,0,0.5977337306981256,0.40226626930187437,0.5964315204400775,0.36215758078202537,0.00010864727423460759,0.02829267066837793,0.02829267066837793,0.25,0.0,0.02524669000210895,0.18054555004560308,0.5,0.00829254839352625,0.75,0.75,0.75,0.75,0.0,0.08333333333333333,-0.2344723366670253,0.1444407940647814,0.021022917589275023,0.01610491464438899,6.873929418971247e-05
ZERO,2,3,VOL,COVID,-1.4385156690810235,92,17,0.3613963039014374,-0.13143730527347766,-0.11540542402033098,0.21975319262707074,0.1715966140303358,-0.5251592599893565,-0.6725390513820335,-0.7947213331797888,0.1653879162241424,91,True,0,0.5038953346265119,0.4961046653734881,0.46091603317375707,5.71504311530207,0.0017145129345906209,0.04976901864454564,0.04976901864454564,0.17647058823529413,0.0,0.01952077441257606,0.2066361287656602,0.35294117647058826,0.014968049386486102,1.0,1.0,1.0,1.0,0.11764705882352941,0.058823529411764705,-0.08979488795632798,0.14007879211909158,0.014312450317649347,0.015342170333943361,0.0015056985356128039
ZERO,2,3,MATCH_VOL,COVID,0.6726480331040836,92,17,0.3613963039014374,0.061459910913021866,0.08125622501889158,0.21134521253450173,0.15711126527047167,0.3844715668949759,0.5171890435673508,0.4177510281987252,0.14712090878154638,71,False,71,0.5038953346213437,0.4961046653786563,0.5013787085587005,0.4743307221430178,0.00014229921664290533,0.0502246475078717,0.0502246475078717,0.17647058823529413,0.058823529411764705,0.020523754339463022,0.2591804612591017,0.47058823529411764,0.01699270129164347,0.7058823529411765,0.7058823529411765,0.7058823529411765,0.7058823529411765,0.11764705882352941,0.058823529411764705,-0.0898472515324447,0.16716665671108988,0.0451860873740013,0.01991956634634701,0.00015259558454218392
ZERO,2,3,VOL,2022,,250,50,0.9883641341546886,-0.2639244660874976,-0.28906643429648615,0.17921159806198617,0.13972514934862348,-1.6129895465610609,-2.06882179510323,-0.963583095442647,0.2738990205782481,249,True,0,0.5583736872889764,0.4416263127110236,0.5443906540112214,4.171621467331976,0.0012514864401995925,0.051440994589720734,0.05539660508016473,0.28,0.08,0.022154437571759306,0.16385235995791408,0.4,0.005827983695298679,1.0,1.0,1.0,1.0,0.18,0.12,-0.41270028220431015,0.1409955040925461,0.015044141907742599,0.015579575540190944,0.000925236495525783
ZERO,2,3,MATCH_VOL,2022,,250,50,0.9883641341546886,-0.19591250891758918,-0.20105160336954658,0.17970323056404888,0.13371773797475087,-1.1187979355657094,-1.50355223184758,-0.915173018801848,0.2140715524743938,249,True,0,0.5583736872855319,0.44162631271446806,0.5575792171398698,0.44216616139852366,0.00013264984841955706,0.04086968812829517,0.050468802574054575,0.3,0.02,0.02160284410175076,0.1665806744308747,0.42,0.0060078892049850304,0.78,0.78,0.74,0.74,0.12,0.12,-0.4132459970856214,0.14612521393855846,0.0204063244074244,0.016201450442079192,0.0001070686579465463
ZERO,2,3,VOL,2023_PLUS,0.743018704490533,914,182,3.6440793976728267,0.23189723906902035,0.2215605919301239,0.15448466760283788,0.10710734567579847,1.43419146617016,2.0685844703944225,1.3528471417385084,0.1714142211004085,101,False,122,0.8326833074000094,0.1673166925999906,0.7362142256531902,4.055275184704561,0.0012165825554113683,0.02672889302794168,0.03609961818490121,0.1043956043956044,0.0,0.01404828879961124,0.15373931211939448,0.25274725274725274,0.007000844468099939,0.8791208791208791,0.8791208791208791,0.8681318681318682,0.8681318681318682,0.04395604395604396,0.03296703296703297,0.19801400568716668,0.13537351884595564,0.01314285283097286,0.015271636999136216,0.0014926132065486986
ZERO,2,3,MATCH_VOL,2023_PLUS,0.8217337500104925,914,182,3.6440793976728267,0.2564643214573258,0.24372252039869563,0.16891749224691124,0.11444009544669592,1.4428495069204548,2.1296951863537816,1.2535708293310706,0.20458702089787784,88,False,88,0.832683307405398,0.16731669259460202,0.8307116154649397,0.13931272956512503,4.179381886953751e-05,0.026900650345635935,0.03531746244422151,0.13736263736263737,0.005494505494505495,0.014526483216101392,0.16662632887726783,0.29120879120879123,0.00855452575369173,0.6043956043956044,0.6043956043956044,0.6043956043956044,0.6043956043956044,0.03296703296703297,0.03296703296703297,0.19813263523649324,0.14004242705757006,0.020758550293771178,0.016177328676680005,5.2267215380097376e-05
ZERO,2,3,VOL,2024_PLUS,0.7202675513157896,664,132,2.647501711156742,0.17316740196863886,0.17273986115007714,0.15625598003389163,0.11225152727679581,1.1054928017001986,1.5388642394515128,1.0102277445650418,0.17141422110040827,101,False,122,0.8275427358150561,0.1724572641849439,0.7153493741573791,4.2786976613414405,0.001283609298402432,0.028390365302870757,0.03639024850477927,0.11363636363636363,0.0,0.0143006749230047,0.156828843398495,0.2727272727272727,0.007619422120498447,0.8560606060606061,0.8560606060606061,0.8484848484848485,0.8484848484848485,0.045454545454545456,0.030303030303030304,0.21956334712584685,0.13429030324470662,0.012866836710530101,0.015181984831996866,0.0014997284712921777
ZERO,2,3,MATCH_VOL,2024_PLUS,0.8228679523311777,664,132,2.647501711156742,0.19783468685786967,0.19657566836927415,0.1741275897861147,0.12111778875427906,1.128917414010801,1.623012361694303,0.9724312659287464,0.20344336282618636,88,False,88,0.8275427358217945,0.1724572641782055,0.8249983669699837,0.14418890740769993,4.3256672222309976e-05,0.026952716050189673,0.037046068414756175,0.14393939393939395,0.007575757575757576,0.014938353092211221,0.17246817042704643,0.3333333333333333,0.009430943453709638,0.5984848484848485,0.5984848484848485,0.5909090909090909,0.5909090909090909,0.03787878787878788,0.030303030303030304,0.21969031422269056,0.14004229462699083,0.021753993885486336,0.016282195373214476,5.1569262913192526e-05
ZERO,2,3,VOL,EX_MAJOR_SHOCKS,0.8038516282365145,3982,794,15.824777549623546,0.18765736917049633,0.18330982482861158,0.1481923814780793,0.10541180864901933,1.2369719887100057,1.7389875686410294,1.0758480241773605,0.17442739583407907,320,False,320,0.878297627052834,0.12170237294716602,0.7748519328535276,3.056901474619362,0.0009170704423858085,0.03070348215276364,0.03991660067438136,0.1070528967254408,0.003778337531486146,0.013523055801299574,0.1504271743520001,0.19899244332493704,0.008635918926495071,0.6259445843828715,0.6309823677581864,0.6486146095717884,0.6536523929471033,0.04785894206549118,0.04534005037783375,0.034081290325749455,0.12226919628383114,0.009655429939263613,0.014238219921683967,0.0010880987825588606
ZERO,2,3,MATCH_VOL,EX_MAJOR_SHOCKS,0.8743179905056103,3982,794,15.824777549623546,0.2041075842275254,0.19922950793616837,0.16199976424603588,0.11394975511240302,1.2298135670962465,1.7483978595622534,0.9500683597111352,0.2148346296782092,88,False,182,0.8782976270461571,0.1217023729538429,0.8772429517162202,0.15528611467526218,4.658583440257864e-05,0.030812682614346554,0.0431739855460952,0.11964735516372796,0.007556675062972292,0.014258011524141453,0.1628223647194588,0.2795969773299748,0.009247097471006492,0.47103274559193953,0.47103274559193953,0.47732997481108314,0.47732997481108314,0.04785894206549118,0.04534005037783375,0.0341214913963771,0.12800526690117142,0.018507149680071618,0.0152880201671167,5.601611363639791e-05
ZERO,2,3,CORE_VOL,ALL,0.9255574794670482,5085,1017,20.216290212183434,0.1520700302048563,0.1585957694191133,0.18265875054647118,0.1308145913824342,0.8682626424665273,1.2123706365099693,0.36580926697464133,0.4157085233584258,615,False,615,0.915348185150798,0.08465181484920203,0.8262010092337344,1.6094587566025969,0.0004828376269807789,0.038458715332409965,0.05298542145343418,0.1583087512291052,0.02261553588987217,0.016945921841466843,0.1838313340320432,0.4119960668633235,0.009848005489814366,0.6912487708947886,0.6912487708947886,0.7079646017699115,0.7079646017699115,0.0776794493608653,0.051130776794493606,-0.016764752331086638,0.1508120782962838,0.02355051540916033,0.01699681821609266,0.0005553679019767999
ZERO,2,3,MATCH_CORE_VOL,ALL,0.920286589744588,5085,1017,20.216290212183434,0.1512040176912277,0.161159037423453,0.1999482042901761,0.14280579479839153,0.8060039248443058,1.1285188927450176,0.30928741898237283,0.48887865593991475,758,False,758,0.9153481851450301,0.08465181485496986,0.9148022591386682,0.12793096736336318,3.837929020900895e-05,0.040243713979550955,0.05937681490922783,0.1553588987217306,0.024582104228121928,0.017767193030792564,0.20165129350024966,0.41002949852507375,0.010656842720284184,0.5939036381514258,0.5939036381514258,0.6037364798426745,0.6037364798426745,0.07571288102261553,0.051130776794493606,-0.016770143332808938,0.15146197688304533,0.0299463080198988,0.017863847819034412,4.410296277032599e-05
ZERO,2,3,CORE_VOL,GFC,1.983638762589132,755,150,2.9924709103353866,0.05002407821297976,0.07294639018540866,0.21984842837638316,0.15783981839196998,0.33180310054581585,0.4621545496476558,0.12033450218640102,0.41570852335842357,545,True,48,0.8544472662424512,0.14555273375754885,0.7428397360187569,1.6138573229904276,0.00048415719689712825,0.05235834711182474,0.0714812797865978,0.21333333333333335,0.05333333333333334,0.021792136427618947,0.22057254775000928,0.6266666666666667,0.009233947028962472,0.8333333333333334,0.8333333333333334,0.8666666666666667,0.8666666666666667,0.1,0.05333333333333334,-0.10524083022555208,0.1853171816049596,0.0375789633269608,0.020267049506763862,0.0005091097751766249
ZERO,2,3,MATCH_CORE_VOL,GFC,1.0529886891288651,755,150,2.9924709103353866,0.026554627554067324,0.05744614925229508,0.2498914712014145,0.17977925751941384,0.22988439331726146,0.31953713706984044,0.057307223665239174,0.46337312917454343,545,True,46,0.8544472662370559,0.1455527337629441,0.8542871652399354,0.17638894667713445,5.291668400314034e-05,0.05050098783033907,0.08555271862774352,0.2,0.05333333333333334,0.023405407789819244,0.24907036842730815,0.6,0.010489174943447949,0.7533333333333333,0.7533333333333333,0.7733333333333333,0.7733333333333333,0.10666666666666667,0.05333333333333334,-0.10524973651608155,0.18558647011869026,0.046421827610974756,0.021601260849383033,5.4388005308977916e-05
ZERO,2,3,CORE_VOL,2011,0.43425610780265117,251,49,0.9883641341546886,0.011377900601224173,0.028035758626648824,0.18342054855941034,0.135947861364704,0.15284960625645483,0.20622434472461454,0.08899828373803222,0.12784404511344505,110,True,59,0.8976720591571492,0.1023279408428508,0.8341479303893584,1.6963183277842324,0.0005088954983352697,0.04095270037788734,0.045137554551119216,0.1836734693877551,0.0,0.01995620280242505,0.1925082919071625,0.5102040816326531,0.008600178387050145,0.8163265306122449,0.8163265306122449,0.8367346938775511,0.8367346938775511,0.12244897959183673,0.04081632653061224,0.10345206229214363,0.1672254397329477,0.026513594310463514,0.017971381561100508,0.0005188186096848693
ZERO,2,3,MATCH_CORE_VOL,2011,0.9716897073000736,251,49,0.9883641341546886,0.025459144284315238,0.04411823880535125,0.19588555902153523,0.1438307239744335,0.225224559818118,0.3067372365670178,0.18580767169365367,0.13701880042009484,110,True,55,0.897672059151596,0.10232794084840402,0.8974073458806314,0.10841239358676026,3.252371807602807e-05,0.046643275096242665,0.048503849240305034,0.20408163265306123,0.02040816326530612,0.020573800784666203,0.20427219934032326,0.46938775510204084,0.009337629102215578,0.6530612244897959,0.6530612244897959,0.6938775510204082,0.6938775510204082,0.10204081632653061,0.04081632653061224,0.10347773288672724,0.1686584999397701,0.03304142566741531,0.018751930344180642,3.361105046724433e-05
ZERO,2,3,CORE_VOL,2015_2016,0.7623697135332991,503,100,1.9931553730321698,0.0662388080985271,0.07987463315803231,0.17715394990257283,0.13184285068184887,0.4508769530792849,0.6058321156205768,0.3806899173303838,0.17399674927834086,264,False,264,0.9498810428667134,0.050118957133286623,0.9195723104135798,1.5953208421036944,0.0004785962526311083,0.03675267384089187,0.04959644385865174,0.15,0.01,0.01534977775344173,0.18654039118636084,0.24,0.01690280411427654,0.51,0.51,0.52,0.52,0.06,0.07,-0.19153394191054754,0.13127760590756604,0.016614624897099254,0.015317395794523696,0.0005111666216694039
ZERO,2,3,MATCH_CORE_VOL,2015_2016,0.9556872982234391,503,100,1.9931553730321698,0.08303528645679499,0.09620595613939532,0.1812621525967898,0.13386717931603292,0.5307558955972542,0.7186672389075504,0.5029689466760617,0.16509028441128404,72,False,182,0.9498810428689604,0.05011895713103964,0.9486401647130233,0.041990589918760056,1.2597176975628017e-05,0.036412674028376335,0.052389347117163074,0.13,0.02,0.015605755922492795,0.18938535664892225,0.24,0.017186833660146103,0.43,0.43,0.43,0.43,0.07,0.07,-0.1915214801269798,0.131575977241486,0.022018029257414754,0.016055649107454283,1.3662965216376666e-05
ZERO,2,3,CORE_VOL,2018Q4,,62,12,0.24914442162902123,-0.4812589698138028,-0.6317881513899768,0.2541747106943963,0.2079001608873507,-2.4856452070465784,-3.0389016953782297,-2.53882103777602,0.18956002122756177,62,True,0,0.798435488987622,0.20156451101237804,0.7832309618161277,2.7149663179126584,0.0008144898953737975,0.039332125873710155,0.039332125873710155,0.5833333333333334,0.0,0.033920942626727735,0.24235760849976326,0.9166666666666666,0.01145906564942762,0.9166666666666666,0.9166666666666666,0.9166666666666666,0.9166666666666666,0.25,0.08333333333333333,-0.23456525115487212,0.1950913451560172,0.04395929359581863,0.021033047610579683,0.0004174043146187856
ZERO,2,3,MATCH_CORE_VOL,2018Q4,,62,12,0.24914442162902123,-0.45005769984322347,-0.5718536916295764,0.2579546383280455,0.20728714887238442,-2.216876949125993,-2.758751300987,-2.495918767062588,0.18031744693874396,62,True,0,0.7984354889841863,0.20156451101581374,0.7975616381076375,0.24211359269936797,7.26340778098104e-05,0.03770398139903741,0.03770398139903741,0.5833333333333334,0.0,0.03361844787744908,0.24160483072343694,0.8333333333333334,0.01118317125532217,0.9166666666666666,0.9166666666666666,0.9166666666666666,0.9166666666666666,0.25,0.08333333333333333,-0.2344874625316092,0.19405900889937636,0.04813105559539099,0.021462933803903503,3.944695755409011e-05
ZERO,2,3,CORE_VOL,COVID,-0.22262344011899046,92,17,0.3613963039014374,-0.020341123624078798,0.028284535865810933,0.3123453529791868,0.23580923657700228,0.09055532792798002,0.1199466834988661,-0.09173974400066429,0.22172640490398043,77,False,77,0.7529731399525292,0.24702686004747076,0.7311456107781068,2.759096584263324,0.0008277289752789969,0.06729640965896622,0.06729640965896622,0.17647058823529413,0.17647058823529413,0.030030646714907152,0.35358151266106835,0.7647058823529411,0.024101178954089017,1.0,1.0,1.0,1.0,0.17647058823529413,0.058823529411764705,-0.08981664177547145,0.22987016818310008,0.08105741841973214,0.027485291896392892,0.0008195141815277515
ZERO,2,3,MATCH_CORE_VOL,COVID,0.8817729819701411,92,17,0.3613963039014374,0.08056767618468415,0.12666796551282522,0.31656045542876543,0.2349395728826658,0.40013830957268415,0.5391512547615216,0.3771943248506786,0.21359726506112942,72,False,72,0.7529731399513456,0.24702686004865437,0.751073839186321,0.35417354041965726,0.00010625206212589719,0.07514336164833946,0.07514336164833946,0.17647058823529413,0.11764705882352941,0.030511776959666365,0.38819112581543325,0.7058823529411765,0.025631856266955622,0.9411764705882353,0.9411764705882353,0.9411764705882353,0.9411764705882353,0.17647058823529413,0.058823529411764705,-0.08986792041190693,0.2297893032712853,0.0899996721569451,0.029804196883698685,0.00011598905937014459
ZERO,2,3,CORE_VOL,2022,,250,50,0.9883641341546886,-0.2998491335406823,-0.32385797295003604,0.24943409335550157,0.18843421805103855,-1.2983709187198527,-1.7186792096450187,-0.9428900448812677,0.3180107109715433,249,True,0,0.7791506544803389,0.22084934551966107,0.771909916973421,2.0670609967274043,0.0006201182990182213,0.06075310271016943,0.07067037459997157,0.42,0.1,0.030328140484165846,0.2302119009538973,0.9,0.008296250176866648,1.0,1.0,1.0,1.0,0.26,0.12,-0.4129903025439941,0.20566480926474334,0.05019012001278706,0.02228295900355378,0.0004359415782400622
ZERO,2,3,MATCH_CORE_VOL,2022,,250,50,0.9883641341546886,-0.268481818146109,-0.2799019859248997,0.25091904849651175,0.1865463435380957,-1.1155071231221843,-1.50044209184802,-0.9236519370036236,0.29067423278197024,249,True,0,0.7791506544753737,0.22084934552462632,0.7785954575269448,0.3094491958956242,9.283475876868727e-05,0.05700052112513354,0.07039069500557,0.38,0.08,0.030053491090856123,0.2326235147662477,0.88,0.008434750831178941,0.98,0.98,0.98,0.98,0.28,0.12,-0.413244112991467,0.20551250512169353,0.052842270475207155,0.022597001216479423,6.816777053064715e-05
ZERO,2,3,CORE_VOL,2023_PLUS,0.8708010038695801,914,182,3.6440793976728267,0.2717782841205176,0.25739668999178594,0.17743791711521664,0.12158243949826507,1.4506295732983006,2.11705482349249,1.3127670202819626,0.20702705043743685,91,False,117,0.9163724667336002,0.08362753326639982,0.8674948569964043,2.0236698606686394,0.0006071009582005917,0.02909508605561073,0.03875979361482379,0.13736263736263737,0.005494505494505495,0.01574110691565721,0.17570303167908916,0.43956043956043955,0.008577232995433833,0.8791208791208791,0.8791208791208791,0.8681318681318682,0.8681318681318682,0.04945054945054945,0.03296703296703297,0.19808424611299297,0.1572665437188935,0.023934044591194706,0.017352288903561126,0.0007687171374305968
ZERO,2,3,MATCH_CORE_VOL,2023_PLUS,0.9103712643152215,914,182,3.6440793976728267,0.2841282210617123,0.26866908190534194,0.18611161712764487,0.12600578304927165,1.443591141981615,2.132196438954592,1.2723040615364063,0.22331786060527492,88,False,88,0.9163724667369828,0.0836275332630172,0.9152811512048353,0.07657833989549033,2.2973501968647097e-05,0.029607936492418108,0.03887156192468917,0.14835164835164835,0.005494505494505495,0.015979108396502073,0.18353721326130926,0.42857142857142855,0.009451509440077149,0.7802197802197802,0.7802197802197802,0.7527472527472527,0.7527472527472527,0.038461538461538464,0.03296703296703297,0.19813423788625445,0.15724761618546895,0.02742058945472175,0.01780556399577875,2.9362872578819754e-05
ZERO,2,3,CORE_VOL,2024_PLUS,0.8600696372174607,664,132,2.647501711156742,0.20677875091968267,0.20547828764367712,0.1819863884952983,0.1285406683335274,1.1290860230955446,1.5985469058750958,0.9988006421516932,0.20702705043743663,91,False,117,0.9137885854574516,0.08621141454254844,0.8568696191104203,2.135425684153384,0.0006406277052460152,0.031230620538823195,0.03985118858676605,0.14393939393939395,0.007575757575757576,0.01616973282371896,0.18123789833589107,0.4621212121212121,0.009442295049658479,0.8560606060606061,0.8560606060606061,0.8484848484848485,0.8484848484848485,0.05303030303030303,0.030303030303030304,0.21963900768864045,0.15756074780360477,0.02452525466053883,0.017430359683596405,0.0007696772205284252
ZERO,2,3,MATCH_CORE_VOL,2024_PLUS,0.9112637633126404,664,132,2.647501711156742,0.21908689085429758,0.21763271175969265,0.19256672513054185,0.1338257854671604,1.1301677982639964,1.626239001698949,0.983538141620929,0.22275383290497452,88,False,88,0.9137885854547206,0.08621141454527936,0.9123749427148807,0.07955247939582065,2.386574381874619e-05,0.02976427882398691,0.04090991894463434,0.1590909090909091,0.007575757575757576,0.016487195013268507,0.1906640921016934,0.45454545454545453,0.010460224964697234,0.7575757575757576,0.7575757575757576,0.7196969696969697,0.7196969696969697,0.045454545454545456,0.030303030303030304,0.21969191329537374,0.15769191331837426,0.028652108604257084,0.017980701668174996,2.895651189493975e-05
ZERO,2,3,CORE_VOL,EX_MAJOR_SHOCKS,0.9025358326295612,3982,794,15.824777549623546,0.21069497651565922,0.20519578293087148,0.16497894971335808,0.11668249493526098,1.2437694826363481,1.7585824081386021,1.017717134405732,0.20702705043743685,91,False,264,0.9391859755159966,0.060814024484003415,0.8872412548470895,1.5542440662557127,0.00046627321987671375,0.032930781789981656,0.04393006377327862,0.1309823677581864,0.007556675062972292,0.014875716573409924,0.16664071365729463,0.33123425692695213,0.009505431808931165,0.6385390428211587,0.6385390428211587,0.6536523929471033,0.6536523929471033,0.05919395465994962,0.04534005037783375,0.034108279466339646,0.1391523677901479,0.018016582543033455,0.015824000651282387,0.000563828995018556
ZERO,2,3,MATCH_CORE_VOL,EX_MAJOR_SHOCKS,0.9370845502343782,3982,794,15.824777549623546,0.21876029756023738,0.21325864635357739,0.1733328590510526,0.12188553027224236,1.2303417108625967,1.7496633593605813,0.9579321480550905,0.228367215782862,88,False,182,0.9391859755100304,0.06081402448996964,0.9386178176663535,0.11269735656141178,3.380920696842352e-05,0.03295156231817453,0.04617119201716184,0.13476070528967254,0.012594458438287154,0.015241123265298289,0.17425756437445847,0.33123425692695213,0.009925958124779425,0.5554156171284634,0.5554156171284634,0.5768261964735516,0.5768261964735516,0.05793450881612091,0.04534005037783375,0.034121991959219465,0.13984331052640164,0.02244412203016232,0.016349462504226236,4.1148690272829747e-05
ZERO,3,0,BUYHOLD,ALL,1.0,5090,1018,20.23545516769336,0.16235365854320283,0.1747279215639791,0.21855208827002523,0.15607605048810785,0.7994795334469623,1.1195050170576453,0.31054552062566576,0.5228014824239096,761,False,761,1.0,0.0,1.0000000000000002,0.049508840864440073,0.0,0.043008558632415705,0.06387021449200031,0.17485265225933203,0.029469548133595286,0.019427570013234283,0.22046415539907074,0.481335952848723,0.011686946016852296,0.6836935166994106,0.6836935166994106,0.6954813359528488,0.6954813359528488,0.09724950884086445,0.0481335952848723,0.006791367781862917,0.1669021262375251,0.03662854560392011,0.019498743471696035,0.0
ZERO,3,0,BUYHOLD,GFC,1.0,755,150,2.9924709103353866,0.02521834073643802,0.06774886567588956,0.2925071856818414,0.21043921521532827,0.23161436365388868,0.32194030759222664,0.048236934255649275,0.5228014824239078,545,True,46,1.0,0.0,1.0000000000000002,0.0,0.0,0.058024978648103964,0.08746764813043678,0.24,0.06,0.0273794434796362,0.291854250946526,0.7266666666666667,0.012507415028221768,0.84,0.84,0.8533333333333334,0.8533333333333334,0.18,0.06666666666666667,-0.08648893098144901,0.214813331528408,0.06336803414905176,0.025302097861160663,0.0
ZERO,3,0,BUYHOLD,2011,1.0,251,50,0.9883641341546886,0.02620089941577687,0.049478037570438664,0.21827885348449513,0.1602166266465212,0.2266735269156671,0.30881961882520376,0.1726588430260226,0.15174953658080492,110,True,55,1.0,0.0,0.9999999999999991,0.0,0.0,0.0544311055405281,0.09186196407497704,0.26,0.06,0.023351917399284047,0.22601847598550745,0.58,0.009201074443766642,0.8,0.8,0.84,0.84,0.1,0.1,-0.3325576057167048,0.19020345174612033,0.04350036276240961,0.02103509900433111,0.0
ZERO,3,0,BUYHOLD,2015_2016,1.0,503,99,1.9931553730321698,0.08688541389129335,0.10159890232515349,0.19107510807991776,0.1410340588607214,0.5317223334117358,0.7203855802341177,0.5005900764226836,0.17356599338163836,72,False,182,1.0,0.0,1.0000000000000002,0.0,0.0,0.03917638509595334,0.047297370800291304,0.15151515151515152,0.020202020202020204,0.01662942906125447,0.20059290216728204,0.29292929292929293,0.018453043321473035,0.5151515151515151,0.5151515151515151,0.5252525252525253,0.5252525252525253,0.08080808080808081,0.06060606060606061,0.058066145659440696,0.1412661462870191,0.024360545674862098,0.016870017251524084,0.0
ZERO,3,0,BUYHOLD,2018Q4,1.0,62,12,0.24914442162902123,-0.5289552733768623,-0.7093384933401198,0.32342420700991975,0.2593995857842622,-2.1932139832636697,-2.7345398073613865,-2.389026817307681,0.22141035401727704,62,True,0,1.0,0.0,0.9999999999999996,0.0,0.0,0.07211244148559337,0.07211244148559337,0.4166666666666667,0.16666666666666666,0.044822280797876035,0.30806220245986066,1.0,0.01495739796800578,0.9166666666666666,0.9166666666666666,0.9166666666666666,0.9166666666666666,0.3333333333333333,0.16666666666666666,-0.12475323632661983,0.22809450820687313,0.07560739805059857,0.026457156812153076,0.0
ZERO,3,0,BUYHOLD,COVID,1.0,92,17,0.3613963039014374,0.0913700893904374,0.17534673481457308,0.421459891305733,0.312258642805467,0.41604607800597104,0.561543255421794,0.3314938400367213,0.27563133414580454,72,False,72,1.0,0.0,1.0,0.0,0.0,0.12749257400915537,0.12749257400915537,0.17647058823529413,0.11764705882352941,0.04108136218039685,0.5169913660870569,1.0,0.033150962054664654,1.0,1.0,1.0,1.0,0.11764705882352941,0.0,0.2885749378282169,0.2737564570274546,0.13735490555050237,0.04125776560633893,0.0
ZERO,3,0,BUYHOLD,2022,1.0,250,49,0.9883641341546886,-0.33769548373084424,-0.3583998756999955,0.3222645326642971,0.23937477070898197,-1.112129444518614,-1.4972332908705628,-0.9315640449314483,0.36250377584688176,249,True,0,1.0,0.0,1.0,0.0,0.0,0.09182792831173303,0.09793698625752993,0.42857142857142855,0.12244897959183673,0.03826331837686986,0.30049973816485015,1.0,0.010305702016642798,1.0,1.0,1.0,1.0,0.30612244897959184,0.08163265306122448,-0.18793435675014875,0.24611123737283494,0.08844651394155308,0.02900034888789693,0.0
ZERO,3,0,BUYHOLD,2023_PLUS,1.0,915,183,3.646817248459959,0.3161415260232809,0.2966797675982315,0.2033059997781741,0.1374998508251624,1.4592769909492929,2.157673377954962,1.3079135551493057,0.2417143891342204,88,False,88,1.0,0.0,1.0,0.0,0.0,0.03636443089533714,0.050673275735748605,0.15300546448087432,0.01639344262295082,0.017456968488705284,0.20084065011916072,0.5191256830601093,0.00986490832266735,0.8907103825136612,0.8907103825136612,0.8743169398907104,0.8743169398907104,0.07103825136612021,0.03825136612021858,0.0526451598297575,0.17270682280627195,0.034569256289540114,0.019365489341865726,0.0
ZERO,3,0,BUYHOLD,2024_PLUS,1.0,665,133,2.650239561943874,0.2457518086329463,0.2430000137958979,0.2110111275194075,0.14643511335833054,1.1515981012591303,1.6594381512941538,1.0167032650111854,0.2417143891342206,88,False,88,1.0,0.0,1.0000000000000004,0.0,0.0,0.037740854986377026,0.05458303078755781,0.17293233082706766,0.022556390977443608,0.018141839556994152,0.20843567011668357,0.518796992481203,0.010844324181893846,0.8571428571428571,0.8571428571428571,0.8421052631578947,0.8421052631578947,0.07518796992481203,0.045112781954887216,-0.022790050367634658,0.1729525793554997,0.03590909266770697,0.019556896013855792,0.0
ZERO,3,0,BUYHOLD,EX_MAJOR_SHOCKS,1.0,3987,796,15.84394250513347,0.2307276766776742,0.22508373903062703,0.18469146607113524,0.12988386263333268,1.2187013499797248,1.7329615432368792,0.9545467173224618,0.2417143891342204,88,False,182,1.0,0.0,1.0,0.06320541760722347,0.0,0.03681251820370823,0.05076545788245239,0.14698492462311558,0.016331658291457288,0.01629953382878167,0.185751038681762,0.3907035175879397,0.010662640657987629,0.6293969849246231,0.6293969849246231,0.6419597989949749,0.6419597989949749,0.0678391959798995,0.04271356783919598,0.036579313680815184,0.1507855363547102,0.026288134996540792,0.017364969107543288,0.0
ZERO,3,0,VOL,ALL,0.8687220617420471,5090,1018,20.23545516769336,0.1410402049810155,0.14382047766879702,0.1520970243060796,0.10927486478872055,0.9455837701293427,1.3161350320301866,0.4463701934493745,0.3159713776834243,601,False,601,0.8312863192036946,0.16871368079630544,0.6466674421481922,3.1791541848469222,0.0,0.032114200816411365,0.04321913423002821,0.12966601178781925,0.009823182711198428,0.014456667290072044,0.15357099199971327,0.23968565815324164,0.008369685302555793,0.6719056974459725,0.6719056974459725,0.6905697445972495,0.6905697445972495,0.054027504911591355,0.0481335952848723,0.006791367781863065,0.12555329493272044,0.010078500235201246,0.014473082327643811,0.0
ZERO,3,0,MATCH_VOL,ALL,0.8400003751248253,5090,1018,20.23545516769336,0.13637713407917817,0.14460647716970884,0.18139116484236,0.12962559986470099,0.7972079417174519,1.1155703604893201,0.2999809018022498,0.4546193883005234,757,False,757,0.8312863192010846,0.16871368079891536,0.8299547317824533,0.19059031272627808,0.0,0.03574555449606609,0.05308423033452861,0.14047151277013753,0.01669941060903733,0.016171347285979194,0.1827948240298762,0.3369351669941061,0.009620568096000742,0.4862475442043222,0.4862475442043222,0.49410609037328096,0.49410609037328096,0.07367387033398821,0.0481335952848723,0.0067913677818621015,0.1344993937589188,0.023454831349547445,0.01620592318215936,0.0
ZERO,3,0,VOL,GFC,2.3666116628099036,755,150,2.9924709103353866,0.05968201930356832,0.07035274834683375,0.15774565451168235,0.11323286920163411,0.4459885032308358,0.6213103036500506,0.1888842582550759,0.31597137768342576,545,True,48,0.7093024343979022,0.2906975656020978,0.48460318991116863,3.273029293152088,0.0,0.035631352540887895,0.045061752952907264,0.16666666666666666,0.006666666666666667,0.016483449942594895,0.15981220173365637,0.3333333333333333,0.006516951316485488,0.8266666666666667,0.8266666666666667,0.8533333333333334,0.8533333333333334,0.08666666666666667,0.06666666666666667,-0.0864889309814473,0.13638373479777358,0.010624890803304832,0.015256336000306406,0.0
ZERO,3,0,MATCH_VOL,GFC,0.990886515767597,755,150,2.9924709103353866,0.024988513785769127,0.046069979021172415,0.2068573524691875,0.1490825765801298,0.222713761300966,0.30902322778416996,0.062348272115229246,0.4007891949208551,545,True,46,0.7093024343922749,0.2906975656077251,0.7071356169484229,0.28231594058892634,0.0,0.041155931444234795,0.06203901516062584,0.18666666666666668,0.02666666666666667,0.019486884192010372,0.20604106886020873,0.4066666666666667,0.008716161907343907,0.5466666666666666,0.5466666666666666,0.5866666666666667,0.5866666666666667,0.09333333333333334,0.06666666666666667,-0.08648893098144868,0.1513503217921776,0.03086938973955761,0.01794626089023604,0.0
ZERO,3,0,VOL,2011,-0.32206165447747337,251,50,0.9883641341546886,-0.008438305014642964,0.0029118925538586366,0.1504929681670436,0.11394633883196013,0.01934902732881516,0.025554946158936147,-0.07113957063770061,0.11861619263373879,218,True,13,0.7887334034014082,0.21126659659859182,0.656076479798115,3.141273773841424,0.0,0.035251075731606685,0.06086885699448361,0.14,0.02,0.0171652090025573,0.15681282805610122,0.3,0.006334822065099068,0.8,0.8,0.84,0.84,0.08,0.1,-0.3325576057167079,0.13460393440262386,0.010364202736871258,0.015060498621039975,0.0
ZERO,3,0,MATCH_VOL,2011,0.9946416411264529,251,50,0.9883641341546886,0.02606050559389743,0.040288962834015334,0.1719202436543415,0.12607327260282253,0.2343468225592985,0.3195678354518525,0.216670409187202,0.12027717901885393,110,True,55,0.7887334034026569,0.21126659659734315,0.7876050858612568,0.2205416219784305,0.0,0.04291630290491921,0.07242873053069118,0.16,0.04,0.018445016134875935,0.17795911486014435,0.38,0.007182481298173959,0.5,0.5,0.54,0.54,0.08,0.1,-0.3325576057167085,0.14587407254922735,0.02390684145997846,0.01658516158251963,0.0
ZERO,3,0,VOL,2015_2016,0.7899595834313414,503,99,1.9931553730321698,0.06863596536382578,0.08058729345855373,0.1683603507765615,0.12434661664982462,0.47865957208360005,0.6480859361497343,0.40187250247101686,0.17079039979545707,75,False,170,0.9025577632613803,0.09744223673861974,0.8536670888202877,2.9207936467840248,0.0,0.03280342744604414,0.03990157692031985,0.1414141414141414,0.010101010101010102,0.014438242731381319,0.1785262616641248,0.1717171717171717,0.016297444710796066,0.5151515151515151,0.5151515151515151,0.5252525252525253,0.5252525252525253,0.050505050505050504,0.06060606060606061,0.05806614565944197,0.11712836778657297,0.00808284061374413,0.013826697429571147,0.0
ZERO,3,0,MATCH_VOL,2015_2016,0.9123511153238315,503,99,1.9931553730321698,0.07927000426909421,0.09108683204357007,0.17207591902773042,0.1271627409708309,0.5293409592593327,0.7163012636261429,0.5041397627959818,0.15723815124095586,72,False,182,0.9025577632594122,0.09744223674058783,0.9005570914923253,0.07667133167061022,0.0,0.03536025262230491,0.04269018123476354,0.13131313131313133,0.010101010101010102,0.015018181374324159,0.18024740947431028,0.2727272727272727,0.0165102797027201,0.36363636363636365,0.36363636363636365,0.37373737373737376,0.37373737373737376,0.0707070707070707,0.06060606060606061,0.058066145659440356,0.12363513892871261,0.018736546333265845,0.015226725750614335,0.0
ZERO,3,0,VOL,2018Q4,,62,12,0.24914442162902123,-0.4417990853817153,-0.5709871963905747,0.194507089628553,0.16475383009761294,-2.9355598167705845,-3.465699073898784,-2.7656197229324504,0.1597468667576848,62,True,0,0.6207877524016843,0.37921224759831573,0.5881706045839251,4.565514083679906,0.0,0.03688088269962109,0.03688088269962109,0.4166666666666667,0.0,0.028127139738486257,0.19224583832778813,0.6666666666666666,0.009401761234190122,0.9166666666666666,0.9166666666666666,0.9166666666666666,0.9166666666666666,0.3333333333333333,0.16666666666666666,-0.12475323632661818,0.13814792230654918,0.012767371082222886,0.015304358839311819,0.0
ZERO,3,0,MATCH_VOL,2018Q4,,62,12,0.24914442162902123,-0.3681587790363413,-0.4446029283670988,0.20064035868137778,0.16130284280848298,-2.2159197246708477,-2.756324195073126,-2.596421318434123,0.14179469888899787,62,True,0,0.620787752398358,0.37921224760164196,0.6203357657379562,0.3846075522024743,0.0,0.04475084607492108,0.04475084607492108,0.3333333333333333,0.0,0.027983523598027315,0.19059459564754125,0.5833333333333334,0.00914711614743198,0.75,0.75,0.75,0.75,0.16666666666666666,0.16666666666666666,-0.12475323632661357,0.14720999354472714,0.02216205177752339,0.01641852817196945,0.0
ZERO,3,0,VOL,COVID,-0.04117070733987171,92,17,0.3613963039014374,-0.003761771209911615,0.014017485766788036,0.18887522158169506,0.14293908644235026,0.07421558873314141,0.09806614912458898,-0.029375338763678826,0.12805881968458732,77,False,77,0.48685022370568987,0.5131497762943101,0.39295845154017567,5.4528139833702705,0.0,0.03231198532957924,0.03231198532957924,0.11764705882352941,0.0,0.016606321068153504,0.17665650678115194,0.35294117647058826,0.010333362902592132,1.0,1.0,1.0,1.0,0.058823529411764705,0.0,0.2885749378282172,0.14001788766321174,0.014283150886728475,0.01532269487668697,0.0
ZERO,3,0,MATCH_VOL,COVID,0.6351725522520288,92,17,0.3613963039014374,0.05803577287762015,0.07635170203699819,0.2030999912680843,0.1509423249043493,0.3759315869995131,0.5058336161535972,0.4068329669669602,0.1426525812553764,71,False,71,0.48685022369926634,0.5131497763007337,0.48179921720420676,0.4252676993770631,0.0,0.06221904812167511,0.06221904812167511,0.11764705882352941,0.058823529411764705,0.020138096656433794,0.24760593065901626,0.4117647058823529,0.01547302757946426,0.7058823529411765,0.7058823529411765,0.6470588235294118,0.6470588235294118,0.11764705882352941,0.0,0.2885749378282165,0.1686693706312988,0.04656675587830279,0.02013465430127136,0.0
ZERO,3,0,VOL,2022,,250,49,0.9883641341546886,-0.22132526924161877,-0.2330184668199114,0.17966028774932638,0.13569806642547924,-1.2969948436520027,-1.717183398098581,-0.9221616921705295,0.24000700866317326,249,True,0,0.5561539498516692,0.4438460501483308,0.5470609194995814,3.9927324632380112,0.0,0.047316310247420446,0.05093803171067181,0.2857142857142857,0.02040816326530612,0.02142194263200662,0.16421384097672398,0.3877551020408163,0.005623580979929126,1.0,1.0,1.0,1.0,0.10204081632653061,0.08163265306122448,-0.18793435675014622,0.14095213790432565,0.015037511988990688,0.015592904950305913,0.0
ZERO,3,0,MATCH_VOL,2022,,250,49,0.9883641341546886,-0.19535874089470914,-0.20050980296783935,0.17891764136480942,0.13290071385908336,-1.1206821274767642,-1.5087187807015312,-0.9148991600423059,0.21353035331858383,249,True,0,0.5561539498448074,0.44384605015519263,0.5551502074775198,0.45401006457695137,0.0,0.05112793044366937,0.05452933016455512,0.2653061224489796,0.061224489795918366,0.021405588449385282,0.16681599042156187,0.46938775510204084,0.005671064717131939,0.7755102040816326,0.7755102040816326,0.7346938775510204,0.7346938775510204,0.08163265306122448,0.08163265306122448,-0.18793435675014863,0.14560448500046172,0.019820217782464022,0.01614680683799208,0.0
ZERO,3,0,VOL,2023_PLUS,0.7329528981572934,915,183,3.646817248459959,0.2317168477266331,0.22100904937034999,0.1522702202477422,0.10633465231726097,1.451426608635427,2.0784292284225985,1.306544378928696,0.17735092007868103,151,False,151,0.8340449253565542,0.16595507464344583,0.7189023709287297,4.034282129582395,0.0,0.02961420892695943,0.04419463204786199,0.1092896174863388,0.01639344262295082,0.014011955506121939,0.15226156265787077,0.24043715846994534,0.0067491286384796486,0.8907103825136612,0.8907103825136612,0.8743169398907104,0.8743169398907104,0.04918032786885246,0.03825136612021858,0.05264515982975637,0.13501054655134107,0.013054738667368778,0.015263068925023117,0.0
ZERO,3,0,MATCH_VOL,2023_PLUS,0.8231954795056815,915,183,3.646817248459959,0.2602462751063926,0.2467336552289928,0.16932656903292131,0.11462872581830778,1.457146723270709,2.1524591978809733,1.2701515862710888,0.2048938708728646,88,False,88,0.8340449253601067,0.16595507463989334,0.8328582324352217,0.14246702308355697,0.0,0.030319134448963836,0.04224924801995421,0.11475409836065574,0.01092896174863388,0.014575560983724997,0.16730895449763683,0.3005464480874317,0.008179962470401909,0.644808743169399,0.644808743169399,0.6065573770491803,0.6065573770491803,0.04918032786885246,0.03825136612021858,0.05264515982975674,0.14007536730487627,0.0205145664032351,0.01614613127635368,0.0
ZERO,3,0,VOL,2024_PLUS,0.6803083932737023,665,133,2.650239561943874,0.16718701807518604,0.16706299024278626,0.15319021248354261,0.11127135280956198,1.0905591651995,1.5014016278629254,0.9426904467200667,0.17735092007868036,151,False,151,0.8271350163725313,0.17286498362746872,0.6920857214661144,4.124718417759194,0.0,0.03163814261138309,0.04755910437227989,0.12030075187969924,0.022556390977443608,0.01438886822631197,0.1540549482077287,0.2556390977443609,0.007258248832756704,0.8571428571428571,0.8571428571428571,0.8421052631578947,0.8421052631578947,0.05263157894736842,0.045112781954887216,-0.02279005036763574,0.13342458239233823,0.012675905583670103,0.015138976971978402,0.0
ZERO,3,0,MATCH_VOL,2024_PLUS,0.8224970865498705,665,133,2.650239561943874,0.20213014661495965,0.20010473178149446,0.1742306717040266,0.12106095604218368,1.1485046222023485,1.6529254214031481,0.994026246115909,0.2033448788749489,88,False,88,0.8271350163699657,0.17286498363003433,0.8256851787163525,0.14619843789852024,0.0,0.031207528126616535,0.04513415154885977,0.12781954887218044,0.015037593984962405,0.015023957605634537,0.17213960741800818,0.3157894736842105,0.00891051416461674,0.6015037593984962,0.6015037593984962,0.5864661654135338,0.5864661654135338,0.05263157894736842,0.045112781954887216,-0.02279005036763494,0.13926249465109727,0.021268831903169232,0.016171397882798897,0.0
ZERO,3,0,VOL,EX_MAJOR_SHOCKS,0.8064380803992998,3987,796,15.84394250513347,0.18606758467493387,0.18194559689677134,0.1480692945316682,0.10578418515457345,1.2287868154721158,1.7199697348985548,1.0491492493660914,0.17735092007868103,151,False,235,0.8795720001913879,0.12042799980861207,0.7724623635305552,3.0573138551091916,0.0,0.028791664029187203,0.041350461125735934,0.11306532663316583,0.010050251256281407,0.013575894801552892,0.15085723709560797,0.20979899497487436,0.008720203744451056,0.6168341708542714,0.6168341708542714,0.635678391959799,0.635678391959799,0.04396984924623116,0.04271356783919598,0.03657931368081488,0.12228151288078871,0.009580279854476615,0.01423948874219427,0.0
ZERO,3,0,MATCH_VOL,EX_MAJOR_SHOCKS,0.8762294853628565,3987,796,15.84394250513347,0.202170393394246,0.19765740422837907,0.1623068468225282,0.11419464927930018,1.217800777341848,1.7308814859174668,0.9397648841500732,0.21512869527689327,88,False,182,0.8795720001888072,0.12042799981119279,0.8787951168875208,0.155571376725728,0.0,0.03237250008432491,0.044642552853527216,0.12814070351758794,0.010050251256281407,0.014347285436146443,0.16313965763140023,0.28391959798994976,0.009318571932960412,0.4623115577889447,0.4623115577889447,0.48115577889447236,0.48115577889447236,0.05402010050251256,0.04271356783919598,0.03657931368081447,0.1280827436310104,0.018323646235911026,0.01527055173969641,0.0
ZERO,3,0,CORE_VOL,ALL,0.9401581736950025,5090,1018,20.23545516769336,0.1526381191086796,0.15896904009542265,0.1820262815216732,0.13030408430636614,0.8733301519236649,1.2199850905798204,0.3601870099796828,0.4237746361738296,742,False,742,0.9156398346273571,0.0843601653726429,0.8227793323094237,1.6090158746284882,0.0,0.038565014274380194,0.05211930949301609,0.15913555992141454,0.0206286836935167,0.016950549050956852,0.18339662592878142,0.4066797642436149,0.009779943651420778,0.6836935166994106,0.6836935166994106,0.6954813359528488,0.6954813359528488,0.07956777996070727,0.0481335952848723,0.006791367781862793,0.15065467362986776,0.023460201004777602,0.016985912899669924,0.0
ZERO,3,0,MATCH_CORE_VOL,ALL,0.9205557417750261,5090,1018,20.23545516769336,0.1494555925701274,0.15963176767438017,0.19995430951204385,0.1428434290658682,0.7983412213717007,1.1175296526994638,0.3052522290282474,0.48961343557067716,758,False,758,0.9156398346285834,0.08436016537141655,0.9149009942897098,0.1276589226498392,0.0,0.03937666088733893,0.05847663481001994,0.16306483300589392,0.022593320235756387,0.0178004927841676,0.20160137569362427,0.4194499017681729,0.010648260052855674,0.5854616895874263,0.5854616895874263,0.600196463654224,0.600196463654224,0.08840864440078586,0.0481335952848723,0.006791367781862534,0.1513265531148775,0.02978435404934786,0.017852153939320825,0.0
ZERO,3,0,CORE_VOL,GFC,1.7783986055364045,755,150,2.9924709103353866,0.04484826199962328,0.06795922684672794,0.21961117832625837,0.15792204884396066,0.30945249401542974,0.43033399923703475,0.10583045366883788,0.42377463617383127,545,True,48,0.8545650370966243,0.14543496290337565,0.7412694331198969,1.6346248898890976,0.0,0.04359768886261339,0.06269452367812317,0.22666666666666666,0.03333333333333333,0.021959509216325137,0.22032917476871705,0.66,0.009253118554813347,0.84,0.84,0.8533333333333334,0.8533333333333334,0.14666666666666667,0.06666666666666667,-0.08648893098144879,0.1851624992392721,0.037813045726397605,0.02027921693073353,0.0
ZERO,3,0,MATCH_CORE_VOL,GFC,1.025021837215164,755,150,2.9924709103353866,0.02584934995318171,0.056686294207090454,0.24958260090804002,0.1797182004318977,0.22712438287305456,0.31541765981888475,0.05564758615272032,0.46451880019090586,545,True,46,0.8545650370991056,0.14543496290089442,0.8532370597108094,0.17036806150944217,0.0,0.04958597765058481,0.07474658235805771,0.22666666666666666,0.04666666666666667,0.02343767401017715,0.2488075141612169,0.6533333333333333,0.01059214114469205,0.7466666666666667,0.7466666666666667,0.78,0.78,0.17333333333333334,0.06666666666666667,-0.08648893098144969,0.185583033833599,0.04643986599640335,0.021622226983747724,0.0
ZERO,3,0,CORE_VOL,2011,0.3836264668755839,251,50,0.9883641341546886,0.010051358471837031,0.026513825416819195,0.18219275173171434,0.13550360348751833,0.1455262361691633,0.19566878469960003,0.07675420187755212,0.13095515588673845,110,True,59,0.8944475012540805,0.10555249874591954,0.8279192284663411,1.570992902420281,0.0,0.04478226610112768,0.07635364562774245,0.22,0.04,0.020266338510077187,0.18936480196801023,0.54,0.007686528750449204,0.8,0.8,0.84,0.84,0.1,0.1,-0.3325576057167078,0.1677303224375918,0.02651902230996551,0.01804779881268554,0.0
ZERO,3,0,MATCH_CORE_VOL,2011,1.0115632942649175,251,50,0.9883641341546886,0.026503868125727005,0.0449738039360038,0.19509941623912505,0.1431367161654602,0.2305173680319029,0.3142017306308461,0.19478511861710218,0.13606721249494858,110,True,55,0.8944475012505142,0.1055524987494858,0.8938046044192695,0.12512428623752117,0.0,0.048677294721861886,0.08215140689503922,0.22,0.04,0.02090217017591898,0.20198486065131138,0.46,0.008187289979038741,0.6,0.6,0.7,0.7,0.1,0.1,-0.33255760571670806,0.16922995276357164,0.03373397480738081,0.018811517854895914,0.0
ZERO,3,0,CORE_VOL,2015_2016,0.8970173407292503,503,99,1.9931553730321698,0.07793772291692823,0.09097330446144523,0.17831299019364125,0.13160228150123016,0.5101888783461689,0.6912745236912542,0.45265584117089824,0.17217876326377324,74,False,184,0.9512858130340581,0.048714186965941875,0.9268021792834275,1.4531408517620228,0.0,0.036733820211056756,0.042321790955429525,0.1414141414141414,0.010101010101010102,0.015536603268120465,0.18809669141604848,0.24242424242424243,0.017139551774870903,0.5151515151515151,0.5151515151515151,0.5252525252525253,0.5252525252525253,0.0707070707070707,0.06060606060606061,0.058066145659441,0.13194523872044353,0.01646266818497147,0.015348357340547614,0.0
ZERO,3,0,MATCH_CORE_VOL,2015_2016,0.9564712608673364,503,99,1.9931553730321698,0.08310340137558574,0.09632458111171219,0.18156502233295108,0.13409577815799836,0.5305238854600183,0.7183267246357133,0.5023817276349357,0.16541883751786102,72,False,182,0.9512858130309507,0.04871418696904928,0.950225930183546,0.04039717217934697,0.0,0.03726865093667742,0.044994176932386984,0.15151515151515152,0.010101010101010102,0.015824172222153876,0.1903963884490575,0.2727272727272727,0.017477267850237593,0.43434343434343436,0.43434343434343436,0.4444444444444444,0.4444444444444444,0.08080808080808081,0.06060606060606061,0.05806614565944073,0.13262937860373705,0.021376678914492752,0.016048514499305347,0.0
ZERO,3,0,CORE_VOL,2018Q4,,62,12,0.24914442162902123,-0.48641905052457995,-0.6410061602027354,0.25760700800987024,0.2111231236943023,-2.4883102565989788,-3.036172205991449,-2.550016911144849,0.19075130380456906,62,True,0,0.8105879512505823,0.18941204874941775,0.7940101543627847,2.2548938040916386,0.0,0.05449666209260706,0.05449666209260706,0.4166666666666667,0.08333333333333333,0.03650734026865432,0.24863064083972342,0.8333333333333334,0.01204100570616938,0.9166666666666666,0.9166666666666666,0.9166666666666666,0.9166666666666666,0.3333333333333333,0.16666666666666666,-0.12475323632660586,0.1936802899344545,0.0427436582925969,0.020880757825732444,0.0
ZERO,3,0,MATCH_CORE_VOL,2018Q4,,62,12,0.24914442162902123,-0.4538392485382813,-0.5777621705273746,0.26207134710540075,0.21044175171109447,-2.2045987739934354,-2.745473109920492,-2.489488837909265,0.18230218253134522,62,True,0,0.8105879512574912,0.18941204874250883,0.8102933465413108,0.25215452995681314,0.0,0.058444562414576406,0.0584445624145764,0.4166666666666667,0.08333333333333333,0.03643582556367623,0.24928517169948844,0.9166666666666666,0.012033446976422677,0.9166666666666666,0.9166666666666666,0.9166666666666666,0.9166666666666666,0.25,0.16666666666666666,-0.124753236326619,0.19392602343908885,0.047596171601954985,0.021442582178125686,0.0
ZERO,3,0,CORE_VOL,COVID,0.5430462475447871,92,17,0.3613963039014374,0.0496181841813088,0.09158587847577408,0.2960856860053407,0.22037515666273888,0.30932220909227637,0.41559075833550824,0.24333266987588434,0.20391090192129702,75,False,75,0.7427815383471167,0.2572184616528833,0.6941197658043357,2.6046232203500135,0.0,0.07990227966936747,0.07990227966936747,0.17647058823529413,0.11764705882352941,0.028881284635715168,0.33748983074750827,0.8235294117647058,0.021078528788679888,1.0,1.0,1.0,1.0,0.11764705882352941,0.0,0.2885749378282168,0.23316841560506404,0.08508544875760735,0.02829023024151295,0.0
ZERO,3,0,MATCH_CORE_VOL,COVID,0.859819772597898,92,17,0.3613963039014374,0.0785618094819355,0.12321003651618873,0.31142476378809336,0.2311012861548832,0.39563339478046794,0.5331430151955703,0.37212769448429994,0.2111151914957784,72,False,72,0.7427815383479531,0.25721846165204687,0.7388806945499244,0.3264586335666886,0.0,0.09482044714500892,0.09482044714500892,0.17647058823529413,0.11764705882352941,0.030621315074786572,0.38080329549286585,0.7058823529411765,0.024100097742279745,1.0,1.0,0.9411764705882353,0.9411764705882353,0.11764705882352941,0.0,0.28857493782821686,0.23348285642261168,0.09368523667671202,0.030684765864999294,0.0
ZERO,3,0,CORE_VOL,2022,,250,49,0.9883641341546886,-0.2798593871040619,-0.2957954912792613,0.24974253443745814,0.18641978754031222,-1.1844017357537309,-1.5867172427460106,-0.9258714518497965,0.302265920981721,249,True,0,0.7779550261574459,0.22204497384255406,0.7730705223781354,2.003331513416693,0.0,0.0680473966505094,0.07246930059322852,0.3469387755102041,0.08163265306122448,0.029863121477606194,0.23133886430838002,0.8775510204081632,0.007904166735976268,1.0,1.0,1.0,1.0,0.22448979591836735,0.08163265306122448,-0.18793435675015072,0.20627995484994802,0.050043692713030156,0.022296626919101423,0.0
ZERO,3,0,MATCH_CORE_VOL,2022,,250,49,0.9883641341546886,-0.26822046574130504,-0.2796590314095832,0.2504862118430526,0.18606030792084102,-1.116464772060226,-1.5030558346090859,-0.9235163286323406,0.2904339180862343,249,True,0,0.7779550261596034,0.22204497384039656,0.7772554094226394,0.3185001306817792,0.0,0.07148097550946397,0.07623640699352172,0.3469387755102041,0.061224489795918366,0.02985524885775168,0.23355075809693054,0.8775510204081632,0.007972180754872084,0.9795918367346939,0.9795918367346939,0.9795918367346939,0.9795918367346939,0.20408163265306123,0.08163265306122448,-0.1879343567501499,0.20591791668805198,0.052434971424259444,0.022574539867483912,0.0
ZERO,3,0,CORE_VOL,2023_PLUS,0.8655689105910283,915,183,3.646817248459959,0.27364227627255644,0.25853120255698475,0.17595622098235553,0.12095152193990436,1.4692927656300918,2.13747787882684,1.3100037244253568,0.20888663991592216,94,False,119,0.9170685119737131,0.08293148802628691,0.8589928789138861,2.014344237171731,0.0,0.030806621483420615,0.04739817195036714,0.14207650273224043,0.01639344262295082,0.015738292255712615,0.17499706163126766,0.3879781420765027,0.008179789887925077,0.8907103825136612,0.8907103825136612,0.8743169398907104,0.8743169398907104,0.04918032786885246,0.03825136612021858,0.05264515982975704,0.15682968999527924,0.023756279510059625,0.017314279133444424,0.0
ZERO,3,0,MATCH_CORE_VOL,2023_PLUS,0.9111343065365842,915,183,3.646817248459959,0.2880473900806395,0.27168369140604737,0.18631281032828054,0.12606780006142967,1.4582126206316386,2.1550601444116793,1.288962395693792,0.22347229914771582,88,False,88,0.917068511966996,0.08293148803300399,0.9164136713520146,0.07826725873418576,0.0,0.03334300083469521,0.046462959368641366,0.14754098360655737,0.01092896174863388,0.016017851385877125,0.18407329481527437,0.43169398907103823,0.009020365724600311,0.7650273224043715,0.7650273224043715,0.7486338797814208,0.7486338797814208,0.060109289617486336,0.03825136612021858,0.05264515982975655,0.15706954474393164,0.027155800693573418,0.017756459028564348,0.0
ZERO,3,0,CORE_VOL,2024_PLUS,0.8393612891675917,665,133,2.650239561943874,0.2062745549094171,0.20460349687632098,0.1799141955098262,0.12771838767963697,1.1372282009017256,1.6019893501125237,0.9874952031036728,0.20888663991592193,94,False,119,0.9136172433684431,0.08638275663155692,0.8454535684338346,2.0593337387491464,0.0,0.037740854986376915,0.05091046988584007,0.16541353383458646,0.022556390977443608,0.016270085414163773,0.179411875078733,0.40601503759398494,0.008900367011472345,0.8571428571428571,0.8571428571428571,0.8421052631578947,0.8421052631578947,0.05263157894736842,0.045112781954887216,-0.02279005036763506,0.15658539149089118,0.024212702623397964,0.017347936492917097,0.0
ZERO,3,0,MATCH_CORE_VOL,2024_PLUS,0.911122277839362,665,133,2.650239561943874,0.223909947664793,0.22151604715030984,0.19261426523203243,0.13375186615764648,1.1500500592905771,1.656171637180899,1.0053760802057188,0.22271262672071612,88,False,88,0.913617243367259,0.08638275663274098,0.912813161763577,0.080698186785699,0.0,0.034475656558544454,0.04986070993981326,0.16541353383458646,0.015037593984962405,0.016584756004654828,0.1902832051680989,0.43609022556390975,0.009874685004963569,0.7293233082706767,0.7293233082706767,0.7218045112781954,0.7218045112781954,0.06766917293233082,0.045112781954887216,-0.022790050367636504,0.1568873603541759,0.028131192802777424,0.017864906096277656,0.0
ZERO,3,0,CORE_VOL,EX_MAJOR_SHOCKS,0.903966922405464,3987,796,15.84394250513347,0.20857018780008008,0.20340920047730446,0.16485488760998443,0.11684989982858306,1.23386818204949,1.74077342621348,0.9984850533477418,0.20888663991592216,94,False,184,0.9398207080799921,0.06017929192000793,0.8860957961183938,1.5562072192949938,0.0,0.0324154413932769,0.04540179191006852,0.13442211055276382,0.01256281407035176,0.014941135323242169,0.16686216538356644,0.31909547738693467,0.00956323362977172,0.6293969849246231,0.6293969849246231,0.6419597989949749,0.6419597989949749,0.056532663316582916,0.04271356783919598,0.03657931368081502,0.13901908767958698,0.01782886069553519,0.015802228924868777,0.0
ZERO,3,0,MATCH_CORE_VOL,EX_MAJOR_SHOCKS,0.9380640977368695,3987,796,15.84394250513347,0.2164373498455666,0.21136677895117562,0.17350013638728395,0.12204199731166421,1.2182513705889337,1.731918385532471,0.9471582354573513,0.22851234539607435,88,False,182,0.9398207080872314,0.06017929191276861,0.9394039738107501,0.1127829569903615,0.0,0.03459358701560544,0.04770549178205276,0.14321608040201006,0.01256281407035176,0.01532434158969085,0.17444248549944816,0.3391959798994975,0.0099886745903877,0.5515075376884422,0.5515075376884422,0.5527638190954773,0.5527638190954773,0.059045226130653265,0.04271356783919598,0.036579313680814636,0.1397379176573249,0.02219257131594567,0.016318268870413422,0.0
ZERO,3,1,BUYHOLD,ALL,1.0,5090,1018,20.23545516769336,0.16234791470070797,0.17472302073084423,0.21855232945162023,0.1560763663748,0.7994562271161778,1.1194713510389291,0.3105345339649774,0.5228014824239092,761,False,761,1.0,0.0,1.0000010984651757,0.04950389047539254,4.950389047539254e-06,0.043008558632415594,0.0638702144920003,0.17485265225933203,0.029469548133595286,0.019427664081177867,0.22046415539907074,0.481335952848723,0.011686946016852296,0.6836935166994106,0.6836935166994106,0.6954813359528488,0.6954813359528488,0.09724950884086445,0.0481335952848723,0.006793840482210591,0.16690405235178218,0.03662854560392011,0.019498743471696035,5.743842494854157e-06
ZERO,3,1,BUYHOLD,GFC,1.0,755,150,2.9924709103353866,0.025218340736438687,0.06774886567589018,0.29250718568184136,0.21043921521532827,0.23161436365389085,0.3219403075922296,0.04823693425565056,0.5228014824239077,545,True,46,1.0,0.0,1.0000000000000002,0.0,0.0,0.058024978648103964,0.08746764813043677,0.24,0.06,0.027379443479636195,0.291854250946526,0.7266666666666667,0.012507415028221768,0.84,0.84,0.8533333333333334,0.8533333333333334,0.18,0.06666666666666667,-0.08648893098144829,0.214813331528408,0.06336803414905176,0.025302097861160663,-6.661338147750939e-16
ZERO,3,1,BUYHOLD,2011,1.0,251,50,0.9883641341546886,0.02620089941577761,0.04947803757043933,0.2182788534844951,0.1602166266465212,0.2266735269156702,0.3088196188252079,0.17265884302602796,0.15174953658080448,110,True,55,1.0,0.0,0.9999999999999993,0.0,0.0,0.05443110554052799,0.09186196407497715,0.26,0.06,0.02335191739928404,0.22601847598550745,0.58,0.009201074443766642,0.8,0.8,0.84,0.84,0.1,0.1,-0.3325576057167073,0.19020345174612033,0.04350036276240961,0.02103509900433111,-7.389922007661198e-16
ZERO,3,1,BUYHOLD,2015_2016,1.0,503,99,1.9931553730321698,0.08688541389129206,0.10159890232515233,0.1910751080799178,0.14103405886072146,0.5317223334117297,0.7203855802341091,0.5005900764226743,0.17356599338163903,72,False,182,1.0,0.0,1.0000000000000004,0.0,0.0,0.03917638509595334,0.047297370800291276,0.15151515151515152,0.020202020202020204,0.01662942906125449,0.20059290216728204,0.29292929292929293,0.018453043321473035,0.5151515151515151,0.5151515151515151,0.5252525252525253,0.5252525252525253,0.08080808080808081,0.06060606060606061,0.058066145659441196,0.1412661462870191,0.024360545674862098,0.016870017251524084,1.2906342661267445e-15
ZERO,3,1,BUYHOLD,2018Q4,1.0,62,12,0.24914442162902123,-0.5289552733768624,-0.7093384933401198,0.3234242070099199,0.25939958578426214,-2.193213983263669,-2.734539807361387,-2.3890268173076827,0.22141035401727693,62,True,0,1.0,0.0,0.9999999999999998,0.0,0.0,0.07211244148559348,0.07211244148559348,0.4166666666666667,0.16666666666666666,0.04482228079787607,0.30806220245986066,1.0,0.01495739796800578,0.9166666666666666,0.9166666666666666,0.9166666666666666,0.9166666666666666,0.3333333333333333,0.16666666666666666,-0.12475323632662644,0.22809450820687313,0.07560739805059857,0.026457156812153076,1.1102230246251565e-16
ZERO,3,1,BUYHOLD,COVID,1.0,92,17,0.3613963039014374,0.09137008939043845,0.17534673481457397,0.4214598913057329,0.31225864280546695,0.41604607800597326,0.561543255421797,0.3314938400367252,0.27563133414580443,72,False,72,1.0,0.0,0.9999999999999999,0.0,0.0,0.12749257400915537,0.12749257400915537,0.17647058823529413,0.11764705882352941,0.04108136218039683,0.5169913660870569,1.0,0.033150962054664654,1.0,1.0,1.0,1.0,0.11764705882352941,0.0,0.2885749378282169,0.2737564570274546,0.13735490555050237,0.04125776560633893,-1.0408340855860843e-15
ZERO,3,1,BUYHOLD,2022,1.0,250,49,0.9883641341546886,-0.3376954837308434,-0.3583998756999942,0.3222645326642971,0.2393747707089819,-1.11212944451861,-1.4972332908705581,-0.9315640449314463,0.36250377584688165,249,True,0,1.0,0.0,1.0000000000000002,0.0,0.0,0.09182792831173303,0.09793698625752989,0.42857142857142855,0.12244897959183673,0.038263318376869845,0.30049973816485015,1.0,0.010305702016642798,1.0,1.0,1.0,1.0,0.30612244897959184,0.08163265306122448,-0.1879343567501483,0.24611123737283494,0.08844651394155308,0.02900034888789693,-8.326672684688674e-16
ZERO,3,1,BUYHOLD,2023_PLUS,1.0,915,183,3.646817248459959,0.3161415260232805,0.29667976759823117,0.203305999778174,0.13749985082516236,1.4592769909492918,2.15767337795496,1.3079135551492997,0.24171438913422116,88,False,88,1.0,0.0,0.9999999999999999,0.0,0.0,0.03636443089533692,0.05067327573574863,0.15300546448087432,0.01639344262295082,0.017456968488705288,0.20084065011916072,0.5191256830601093,0.00986490832266735,0.8907103825136612,0.8907103825136612,0.8743169398907104,0.8743169398907104,0.07103825136612021,0.03825136612021858,0.052645159829756226,0.17270682280627195,0.034569256289540114,0.019365489341865726,3.885780586188048e-16
ZERO,3,1,BUYHOLD,2024_PLUS,1.0,665,133,2.650239561943874,0.24575180863294663,0.24300001379589806,0.2110111275194074,0.14643511335833048,1.1515981012591316,1.6594381512941556,1.016703265011184,0.24171438913422127,88,False,88,1.0,0.0,0.9999999999999999,0.0,0.0,0.03774085498637714,0.054583030787557836,0.17293233082706766,0.022556390977443608,0.01814183955699414,0.20843567011668357,0.518796992481203,0.010844324181893846,0.8571428571428571,0.8571428571428571,0.8421052631578947,0.8421052631578947,0.07518796992481203,0.045112781954887216,-0.022790050367635768,0.1729525793554997,0.03590909266770697,0.019556896013855792,-3.3306690738754696e-16
ZERO,3,1,BUYHOLD,EX_MAJOR_SHOCKS,1.0,3987,796,15.84394250513347,0.23071990927848973,0.22507748238636893,0.18469183721592985,0.12988434723351933,1.218665024828481,1.7329069066475091,0.9545145827060121,0.24171438913422116,88,False,182,1.0,0.0,1.0000020004632004,0.06319909769745373,6.319909769745373e-06,0.03681251820370823,0.0507654578824524,0.14698492462311558,0.016331658291457288,0.016299654131754753,0.185751038681762,0.3907035175879397,0.010662640657987629,0.6293969849246231,0.6293969849246231,0.6419597989949749,0.6419597989949749,0.0678391959798995,0.04271356783919598,0.03658247600362148,0.15078799965158673,0.026288134996540792,0.017364969107543288,7.767399184455126e-06
ZERO,3,1,VOL,ALL,0.8665228163663163,5090,1018,20.23545516769336,0.14067817227765597,0.14350222410325375,0.15209576206005554,0.10928511467048739,0.9434991623671368,1.3130994512467373,0.44478741984510495,0.31628181464000593,601,False,601,0.8312863192036947,0.16871368079630533,0.6466605430757638,3.1791251144516277,0.0003179125114451628,0.03211988543181876,0.04322714221365472,0.12966601178781925,0.009823182711198428,0.01445898904874133,0.15357099199971327,0.23968565815324164,0.008369685302555793,0.6719056974459725,0.6768172888015717,0.6905697445972495,0.6954813359528488,0.054027504911591355,0.0481335952848723,0.006796403941702067,0.12558624412924785,0.010080618973638999,0.014473082327643811,0.00036203270335952165
ZERO,3,1,MATCH_VOL,ALL,0.8398969333465363,5090,1018,20.23545516769336,0.13635551569232968,0.1445874339909039,0.18139129252381417,0.1296263658805142,0.7971023965878713,1.1154168599016374,0.29992426136967976,0.4546331632847167,757,False,757,0.8312863192010846,0.16871368079891536,0.8299553120350475,0.19058849404042452,1.9058849404042453e-05,0.035745810376138554,0.05308461239954933,0.14047151277013753,0.01669941060903733,0.01617153985987424,0.1827948240298762,0.3369351669941061,0.009620568096000743,0.4862475442043222,0.4862475442043222,0.49410609037328096,0.49410609037328096,0.07367387033398821,0.0481335952848723,0.006793552278127131,0.13450207933340086,0.023456222626342105,0.01620592318215936,2.1618386848498705e-05
ZERO,3,1,VOL,GFC,2.3528441869239796,755,150,2.9924709103353866,0.05933482640559795,0.07002496267651112,0.1577429490930639,0.11324258918714411,0.44391817877830064,0.6183624304173073,0.18760113183596597,0.31628181464000404,545,True,48,0.7093024343979022,0.2906975656020978,0.48459538779203337,3.273009347850356,0.00032730093478503566,0.0356315277901148,0.04506837301447516,0.16666666666666666,0.006666666666666667,0.01648609654569311,0.15981220173365637,0.3333333333333333,0.006516951316485489,0.8266666666666667,0.8266666666666667,0.8533333333333334,0.8533333333333334,0.08666666666666667,0.06666666666666667,-0.08649405300016202,0.13638373479777358,0.010624890803304832,0.015256336000306406,0.00034719289797036784
ZERO,3,1,MATCH_VOL,GFC,0.9897377043737522,755,150,2.9924709103353866,0.024959542668597904,0.04604170354018937,0.2068571271933934,0.14908347008170933,0.22257731297382075,0.30883171363636047,0.06227254680806955,0.4008113357805295,545,True,46,0.709302434392275,0.290697565607725,0.7071348525220482,0.2823161252363844,2.8231612523638443e-05,0.041156102372114534,0.062039836475645906,0.18666666666666668,0.02666666666666667,0.019487122511158153,0.20604106886020873,0.4066666666666667,0.008716161907343905,0.5466666666666666,0.5466666666666666,0.5866666666666667,0.5866666666666667,0.09333333333333334,0.06666666666666667,-0.08648812335557836,0.1513503217921776,0.03086938973955761,0.01794626089023604,2.8971117171223276e-05
ZERO,3,1,VOL,2011,-0.3340400480962913,251,50,0.9883641341546886,-0.008752149701012443,0.0025977103101452893,0.15049248286270595,0.11395546632650898,0.017261395790214826,0.02279583765382736,-0.07365813590436424,0.11882122176396104,218,True,13,0.7887334034014083,0.2112665965985917,0.6560790388999607,3.1412634496946494,0.00031412634496946496,0.03525494189729084,0.06087765785246837,0.14,0.02,0.017167468943498517,0.15681282805610122,0.3,0.006334822065099067,0.8,0.8,0.84,0.84,0.08,0.1,-0.33239579102958916,0.13460393440262386,0.010364202736871258,0.015060498621039975,0.00031384468636947924
ZERO,3,1,MATCH_VOL,2011,0.9937712806114274,251,50,0.9883641341546886,0.026037701365588514,0.04026684305917547,0.17191986432737652,0.12607381795732828,0.23421867633921448,0.3193910021254725,0.21647660850124165,0.12027951447437413,110,True,55,0.7887334034026567,0.21126659659734326,0.7876033466810386,0.22054177018803708,2.2054177018803708e-05,0.042916665960754496,0.0724289793062404,0.16,0.04,0.018445193190996727,0.17795911486014435,0.38,0.007182481298173959,0.5,0.5,0.54,0.54,0.08,0.1,-0.3325579037841689,0.14587407254922735,0.02390684145997846,0.01658516158251963,2.280422830891471e-05
ZERO,3,1,VOL,2015_2016,0.7863625315077211,503,99,1.9931553730321698,0.06832343401865254,0.08029528394803623,0.16836112587302937,0.12435574498066282,0.47692294484055325,0.6456901847238505,0.3999454646220274,0.17083187599894978,75,False,170,0.9025577632613804,0.09744223673861963,0.8536665622054989,2.9207587996995668,0.00029207587996995675,0.03280342744604414,0.03990717734094784,0.1414141414141414,0.010101010101010102,0.014440123852411042,0.17852626166412477,0.1717171717171717,0.016297444710796062,0.5151515151515151,0.5151515151515151,0.5252525252525253,0.5252525252525253,0.050505050505050504,0.06060606060606061,0.05807609000203783,0.11713734654456197,0.008088731585893584,0.013826697429571147,0.000312531345173242
ZERO,3,1,MATCH_VOL,2015_2016,0.9122557382380357,503,99,1.9931553730321698,0.07926171739151792,0.09107914717594422,0.1720758263013742,0.12716292280008762,0.5292965847301985,0.716239806151117,0.5040855257901311,0.15723862982829906,72,False,182,0.9025577632594122,0.09744223674058783,0.9005566078381995,0.07667188482117947,7.667188482117947e-06,0.035360278482698404,0.04269028228703036,0.13131313131313133,0.010101010101010102,0.015018230364110749,0.18024740947431028,0.2727272727272727,0.0165102797027201,0.36363636363636365,0.36363636363636365,0.37373737373737376,0.37373737373737376,0.0707070707070707,0.06060606060606061,0.058065893164867925,0.12363811682084144,0.018736546333265845,0.015226725750614335,8.286877576285656e-06
ZERO,3,1,VOL,2018Q4,,62,12,0.24914442162902123,-0.44205070097464433,-0.571447534914716,0.19448162276446707,0.1647566929235426,-2.9383112234043063,-3.4684329041485635,-2.7656450389098453,0.15983638346766682,62,True,0,0.6207877524016843,0.37921224759831573,0.5880801080310912,4.565632821206825,0.0004565632821206825,0.036886947412655746,0.036886947412655746,0.4166666666666667,0.0,0.02812917416723354,0.19224583832778813,0.6666666666666666,0.009401761234190125,0.9166666666666666,0.9166666666666666,0.9166666666666666,0.9166666666666666,0.3333333333333333,0.16666666666666666,-0.1247943364631554,0.13814792230654918,0.012767371082222886,0.015304358839311819,0.000251615592929022
ZERO,3,1,MATCH_VOL,2018Q4,,62,12,0.24914442162902123,-0.368182775429771,-0.4446416591519733,0.2006386112723709,0.16130323765674573,-2.216132061183196,-2.7565575596081553,-2.596442910546678,0.1418027617453952,62,True,0,0.620787752398358,0.37921224760164196,0.6203303750739348,0.38459715103260983,3.845971510326099e-05,0.044751358212966164,0.044751358212966164,0.3333333333333333,0.0,0.027983780874525577,0.19059459564754122,0.5833333333333334,0.00914711614743198,0.75,0.75,0.75,0.75,0.16666666666666666,0.16666666666666666,-0.12475308596456273,0.14720999354472714,0.02216205177752339,0.01641852817196945,2.3996393429703833e-05
ZERO,3,1,VOL,COVID,-0.04717511840876323,92,17,0.3613963039014374,-0.004310394786013214,0.01347425763376243,0.18888614225476508,0.14296174939645942,0.07133534240743122,0.09425078869450469,-0.03364143441106933,0.12812755643364981,77,False,77,0.48685022370568987,0.5131497762943101,0.3929848748034748,5.452837152166887,0.0005452837152166886,0.032322988872689584,0.032322988872689584,0.11764705882352941,0.0,0.01661213554777768,0.17665650678115194,0.35294117647058826,0.010333362902592133,1.0,1.0,1.0,1.0,0.058823529411764705,0.0,0.2885092138678143,0.14001788766321174,0.014296337062341962,0.01532269487668697,0.000548623576101599
ZERO,3,1,MATCH_VOL,COVID,0.6346750959617208,92,17,0.3613963039014374,0.05799032025190753,0.07630941714577957,0.20310123760142637,0.15094440789860455,0.3757210839627284,0.5055465002521967,0.4064969384006612,0.14265868884539967,71,False,71,0.48685022369926634,0.5131497763007337,0.4818021549791785,0.4252692941823526,4.252692941823526e-05,0.06222083921392241,0.06222083921392241,0.11764705882352941,0.058823529411764705,0.02013853159294063,0.2476059306590162,0.4117647058823529,0.01547302757946426,0.7058823529411765,0.7058823529411765,0.6470588235294118,0.6470588235294118,0.11764705882352941,0.0,0.2885709888263972,0.1686693706312988,0.04656675587830279,0.02013465430127136,4.5452625712621986e-05
ZERO,3,1,VOL,2022,,250,49,0.9883641341546886,-0.22163727543257586,-0.23341841489408593,0.1796540468047367,0.135711246220409,-1.2992661119834663,-1.7199636831496665,-0.9226045255739327,0.24022998943637308,249,True,0,0.5561539498516692,0.4438460501483308,0.5470433569103237,3.9927192301443184,0.00039927192301443174,0.04731923869219279,0.05094534759384436,0.2857142857142857,0.02040816326530612,0.021425110248840914,0.16421384097672398,0.3877551020408163,0.005623580979929127,1.0,1.0,1.0,1.0,0.10204081632653061,0.08163265306122448,-0.18789902456234142,0.141028626060164,0.015041639018973561,0.015592904950305913,0.00031200619095708704
ZERO,3,1,MATCH_VOL,2022,,250,49,0.9883641341546886,-0.19539540787203938,-0.2005553182368736,0.1789167303518072,0.13290233830374912,-1.1209422273843148,-1.5090428114101586,-0.9149525821866115,0.2135579610093794,249,True,0,0.5561539498448074,0.44384605015519263,0.5551473912117085,0.4540042651564274,4.540042651564274e-05,0.05112835895732515,0.05452992728931085,0.2653061224489796,0.061224489795918366,0.02140593533136341,0.16681599042156187,0.46938775510204084,0.00567106471713194,0.7755102040816326,0.7755102040816326,0.7346938775510204,0.7346938775510204,0.08163265306122448,0.08163265306122448,-0.18793540966667927,0.14561653085169052,0.01982431251827167,0.01614680683799208,3.666697733023527e-05
ZERO,3,1,VOL,2023_PLUS,0.7313882575325529,915,183,3.646817248459959,0.23122219985184933,0.22060521506151823,0.15226954765055892,0.10634923926356643,1.4487809182160427,2.074346902611969,1.3028433378119817,0.17747506023262016,151,False,151,0.8340449253565543,0.16595507464344572,0.7189021820516459,4.034247076637426,0.00040342470766374265,0.02961420892695954,0.04420383079239574,0.1092896174863388,0.01639344262295082,0.014014566901589361,0.15226156265787077,0.24043715846994534,0.0067491286384796486,0.8907103825136612,0.8907103825136612,0.8743169398907104,0.8743169398907104,0.04918032786885246,0.03825136612021858,0.052659518385948324,0.13514968069590755,0.013054738667368778,0.015263068925023117,0.0004946478747837602
ZERO,3,1,MATCH_VOL,2023_PLUS,0.8231389335978642,915,183,3.646817248459959,0.2602283985968045,0.24671940614752147,0.16932662352658934,0.11462926486711848,1.457062102869955,2.1523247700622146,1.2700470094579561,0.20489666654769534,88,False,88,0.8340449253601067,0.16595507463989334,0.832858501133794,0.14247010179723013,1.4247010179723012e-05,0.030319268535711652,0.04224946238383853,0.11475409836065574,0.01092896174863388,0.014575666721906756,0.16730895449763683,0.3005464480874317,0.008179962470401909,0.644808743169399,0.644808743169399,0.6065573770491803,0.6065573770491803,0.04918032786885246,0.03825136612021858,0.05264468306985116,0.1400791761642537,0.020515522066207173,0.01614613127635368,1.7876509588066192e-05
ZERO,3,1,VOL,2024_PLUS,0.6783581644760145,665,133,2.650239561943874,0.16670774582090644,0.16665031439605232,0.15319036988656506,0.1112858970236071,1.087864168742814,1.4974971569012088,0.9393305493312697,0.17747506023261927,151,False,151,0.8271350163725314,0.1728649836274686,0.6920918422241272,4.124690918726576,0.00041246909187265765,0.031659161298179805,0.047568857357387535,0.12030075187969924,0.022556390977443608,0.014391440377726942,0.1540549482077287,0.2556390977443609,0.007258248832756704,0.8571428571428571,0.8571428571428571,0.8421052631578947,0.8421052631578947,0.05263157894736842,0.045112781954887216,-0.022753764156079236,0.1335848758940893,0.012675905583670103,0.015138976971978402,0.0004792722542796002
ZERO,3,1,MATCH_VOL,2024_PLUS,0.822425877104937,665,133,2.650239561943874,0.20211264676507576,0.20009010992836182,0.1742307111517523,0.12106150224160457,1.1484204398045899,1.6527971834434902,0.993926052340208,0.20334777047970487,88,False,88,0.8271350163699657,0.17286498363003433,0.8256853666198093,0.1462008581662608,1.4620085816626085e-05,0.031207737309691952,0.045134370795240894,0.12781954887218044,0.015037593984962405,0.015024051355924653,0.17213960741800818,0.3157894736842105,0.00891051416461674,0.6015037593984962,0.6015037593984962,0.5864661654135338,0.5864661654135338,0.05263157894736842,0.045112781954887216,-0.022790115262389946,0.1392637545031402,0.021268831903169232,0.016171397882798897,1.749984988388964e-05
ZERO,3,1,VOL,EX_MAJOR_SHOCKS,0.8048960234471016,3987,796,15.84394250513347,0.18570553750833244,0.18163952615850743,0.14806827215069115,0.1057939654637473,1.226728208009683,1.716917646127466,1.0463754020701523,0.17747506023262016,151,False,238,0.8795720001913878,0.12042799980861219,0.7724535646176096,3.057281351335691,0.0003057281351335691,0.028792728893069608,0.04135822563628795,0.11306532663316583,0.010050251256281407,0.013578011312605252,0.15085723709560797,0.20979899497487436,0.008720203744451054,0.6168341708542714,0.6231155778894473,0.635678391959799,0.6419597989949749,0.04396984924623116,0.04271356783919598,0.03658478170329956,0.12231844503850223,0.00958245383220908,0.01423948874219427,0.0003620471666014313
ZERO,3,1,MATCH_VOL,EX_MAJOR_SHOCKS,0.87617803980121,3987,796,15.84394250513347,0.20215171785474015,0.1976418836370526,0.16230713479913636,0.11419538940975194,1.2177029918102174,1.7307343550261984,0.9396688231512118,0.2151308129781484,88,False,182,0.8795720001888072,0.12042799981119279,0.8787966676039531,0.15556833256547753,1.5556833256547754e-05,0.032372514792814666,0.04464273840706623,0.12814070351758794,0.010050251256281407,0.014347464513232572,0.16313965763140023,0.28391959798994976,0.00931857193296041,0.4623115577889447,0.4623115577889447,0.48115577889447236,0.48115577889447236,0.05402010050251256,0.04271356783919598,0.03658215037352534,0.1280850384694582,0.018324877884349295,0.01527055173969641,1.8675539505852434e-05
ZERO,3,1,CORE_VOL,ALL,0.9390512505906369,5090,1018,20.23545516769336,0.15245301233048186,0.15880795127849903,0.1820256529109526,0.13030952832319412,0.8724481892460964,1.2186979211882576,0.35963846350642004,0.42390630536035634,742,False,742,0.9156398346273571,0.0843601653726429,0.8227761452058877,1.6090055744651004,0.00016090055744651002,0.03856867945125497,0.05212248545781965,0.15913555992141454,0.0206286836935167,0.016951746808662814,0.18339662592878142,0.4066797642436149,0.009779943651420778,0.6836935166994106,0.6836935166994106,0.6954813359528488,0.6954813359528488,0.07956777996070727,0.0481335952848723,0.006796856756841307,0.15067554246779608,0.02346455125809653,0.016985912899669924,0.00018510677819774668
ZERO,3,1,MATCH_CORE_VOL,ALL,0.9204980926435704,5090,1018,20.23545516769336,0.14944094582666276,0.1596190323214989,0.19995448897893475,0.14284399514071527,0.7982768135718864,1.1174360683783633,0.305217873963112,0.48962055821384787,758,False,758,0.9156398346285832,0.08436016537141677,0.9149018105860971,0.12765572046329288,1.2765572046329286e-05,0.03937680153169365,0.058476844511290274,0.16306483300589392,0.022593320235756387,0.017800641746859868,0.20160137569362427,0.4194499017681729,0.010648260052855674,0.5854616895874263,0.5854616895874263,0.600196463654224,0.600196463654224,0.08840864440078586,0.0481335952848723,0.006793696408064089,0.15132828490753902,0.029786277446017365,0.017852153939320825,1.464674346463024e-05
ZERO,3,1,CORE_VOL,GFC,1.771618512424648,755,150,2.9924709103353866,0.04467727930130741,0.06779548126323337,0.2196099252963624,0.1579268454370353,0.3087086395195652,0.4292840845115412,0.1053942315468218,0.4239063053603589,545,True,48,0.8545650370966243,0.14543496290337565,0.7412655227646378,1.63461944146243,0.00016346194414624298,0.043601781977577136,0.06269684012545608,0.22666666666666666,0.03333333333333333,0.02196081408478142,0.22032917476871702,0.66,0.009253118554813346,0.84,0.84,0.8533333333333334,0.8533333333333334,0.14666666666666667,0.06666666666666667,-0.0864897365311741,0.18518721738251315,0.03781724652454926,0.02027921693073353,0.00017098269831587048
ZERO,3,1,MATCH_CORE_VOL,GFC,1.0243279829872813,755,150,2.9924709103353866,0.025831852100842233,0.056669225217453156,0.2495824594882653,0.17971873713783212,0.22705612138627712,0.31532174173910255,0.05560848246452307,0.4645307865993711,545,True,46,0.8545650370991057,0.1454349629008943,0.8532365780337859,0.1703680900461513,1.7036809004615127e-05,0.04958607964253714,0.07474707670675754,0.22666666666666666,0.04666666666666667,0.023437816924895754,0.2488075141612169,0.6533333333333333,0.01059214114469205,0.7466666666666667,0.7466666666666667,0.78,0.78,0.17333333333333334,0.06666666666666667,-0.08648852841950422,0.18559554368387482,0.046443712890036744,0.021622226983747724,1.749785233947851e-05
ZERO,3,1,CORE_VOL,2011,0.37752372084980607,251,50,0.9883641341546886,0.009891461037055873,0.02635674700730179,0.18219287761552694,0.13550826839438027,0.14466398111852208,0.1945028692315195,0.07551899506229576,0.13097977573584485,110,True,108,0.8944475012540805,0.10555249874591954,0.8279207913924553,1.5709943226579406,0.00015709943226579405,0.0447857252980608,0.0763582513706389,0.22,0.04,0.020267461054344356,0.18936480196801023,0.54,0.007686528750449205,0.8,0.8,0.84,0.84,0.1,0.1,-0.3324855441438326,0.16774828833345581,0.02651902230996551,0.01804779881268554,0.00015989743478115812
ZERO,3,1,MATCH_CORE_VOL,2011,1.0110692797604908,251,50,0.9883641341546886,0.02649092450138733,0.04496124949122637,0.1950992006615626,0.143137026055556,0.2304532737128963,0.3141133411125608,0.19468811449685539,0.13606852462385532,110,True,55,0.8944475012505142,0.1055524987494858,0.8938036164161045,0.1251243240808071,1.2512432408080714e-05,0.048677499742084906,0.08215154682510883,0.22,0.04,0.020902270768829265,0.20198486065131138,0.46,0.008187289979038741,0.6,0.6,0.7,0.7,0.1,0.1,-0.33255775429606865,0.16922995276357164,0.03373397480738081,0.018811517854895914,1.294362433967508e-05
ZERO,3,1,CORE_VOL,2015_2016,0.8952120406864743,503,99,1.9931553730321698,0.07778086867551251,0.09082798867414112,0.17831314760018124,0.1316073254989116,0.5093734808484127,0.6901438679786276,0.45169050784216924,0.17219947580277883,74,False,184,0.9512858130340581,0.048714186965941875,0.9268019383242458,1.4531325868278382,0.00014531325868278388,0.036734890094878514,0.0423247073636148,0.1414141414141414,0.010101010101010102,0.01553753841954327,0.18809669141604848,0.24242424242424243,0.017139551774870906,0.5151515151515151,0.5151515151515151,0.5252525252525253,0.5252525252525253,0.0707070707070707,0.06060606060606061,0.0580743184483155,0.13196565712896097,0.016471605251597903,0.015348357340547614,0.0001568542414157187
ZERO,3,1,MATCH_CORE_VOL,2015_2016,0.9564208292732552,503,99,1.9931553730321698,0.08309901960565956,0.09632053153072566,0.18156497329896537,0.13409587385284114,0.5305017249782205,0.7182960128693392,0.5023544801389429,0.1654190873000192,72,False,182,0.9512858130309507,0.04871418696904928,0.9502256739969133,0.04039747408073226,4.0397474080732265e-06,0.037268664537344454,0.04499423004713723,0.15151515151515152,0.010101010101010102,0.015824198005935177,0.1903963884490575,0.2727272727272727,0.01747726785023759,0.43434343434343436,0.43434343434343436,0.4444444444444444,0.4444444444444444,0.08080808080808081,0.06060606060606061,0.05806601934615633,0.13262937860373705,0.021376678914492752,0.016048514499305347,4.381769926176116e-06
ZERO,3,1,CORE_VOL,2018Q4,,62,12,0.24914442162902123,-0.4865334028617899,-0.6412345543730654,0.25759301979829935,0.21112456774878666,-2.4893320279996924,-3.037233237280367,-2.5500477399084103,0.19079384093384255,62,True,0,0.8105879512505824,0.18941204874941764,0.7939649109847413,2.2549793031495966,0.00022549793031495966,0.0544997374616909,0.0544997374616909,0.4166666666666667,0.08333333333333333,0.03650831915793452,0.24863064083972336,0.8333333333333334,0.012041005706169379,0.9166666666666666,0.9166666666666666,0.9166666666666666,0.9166666666666666,0.3333333333333333,0.16666666666666666,-0.12476777258373657,0.1937205819578709,0.0427436582925969,0.020880757825732444,0.0001143523372099664
ZERO,3,1,MATCH_CORE_VOL,2018Q4,,62,12,0.24914442162902123,-0.4538528475212267,-0.5777876167377006,0.26207019831756534,0.21044201073984548,-2.20470553480317,-2.7455906484945083,-2.4894946520890757,0.18230721931472038,62,True,0,0.8105879512574912,0.18941204874250883,0.8102897986909564,0.25214549999486563,2.5214549999486563e-05,0.058444890323685494,0.058444890323685494,0.4166666666666667,0.08333333333333333,0.03643599311517153,0.24928517169948844,0.9166666666666666,0.012033446976422679,0.9166666666666666,0.9166666666666666,0.9166666666666666,0.9166666666666666,0.25,0.16666666666666666,-0.1247531760325666,0.19392602343908885,0.047596171601954985,0.021442582178125686,1.35989829453953e-05
ZERO,3,1,CORE_VOL,COVID,0.5400240246742456,92,17,0.3613963039014374,0.04934204340747016,0.09132693035248193,0.2960910013928791,0.22038598161567616,0.30844210030990266,0.41439536980960956,0.2419439761824421,0.20393995414154442,75,False,75,0.7427815383471167,0.2572184616528833,0.6941319498116323,2.604655692637209,0.00026046556926372083,0.07990681589157123,0.07990681589157123,0.17647058823529413,0.11764705882352941,0.028884049553856934,0.33748983074750827,0.8235294117647058,0.021078528788679888,1.0,1.0,1.0,1.0,0.11764705882352941,0.0,0.288553980306747,0.23319454994915909,0.08509839692608892,0.02829023024151295,0.0002761407738386401
ZERO,3,1,MATCH_CORE_VOL,COVID,0.8594304875069807,92,17,0.3613963039014374,0.07852624046838091,0.12317767576122501,0.31142571526182056,0.2311028715266411,0.39552827439977967,0.5329993303308017,0.37195147109043447,0.21111958567651,72,False,72,0.7427815383479531,0.25721846165204687,0.7388829444472669,0.3264600866402912,3.264600866402912e-05,0.0948217921773693,0.0948217921773693,0.17647058823529413,0.11764705882352941,0.03062164008235005,0.38080329549286585,0.7058823529411765,0.02410009774227975,1.0,1.0,0.9411764705882353,0.9411764705882353,0.11764705882352941,0.0,0.2885729585979818,0.23348285642261168,0.09368523667671202,0.030684765864999294,3.556901355458719e-05
ZERO,3,1,CORE_VOL,2022,,250,49,0.9883641341546886,-0.2800041810134913,-0.2959963668406362,0.2497391298201313,0.186426182480779,-1.185222223901479,-1.5877403211383903,-0.9260371031685138,0.3023682097136642,249,True,0,0.7779550261574459,0.22204497384255406,0.7730603367295141,2.0033309930945395,0.0002003330993094539,0.06805135282898345,0.0724709609167163,0.3469387755102041,0.08163265306122448,0.029864684738242043,0.23133886430838002,0.8775510204081632,0.00790416673597627,1.0,1.0,1.0,1.0,0.22448979591836735,0.08163265306122448,-0.1879156462556203,0.2062961614084519,0.05004765238770327,0.022296626919101423,0.00014479390942939707
ZERO,3,1,MATCH_CORE_VOL,2022,,250,49,0.9883641341546886,-0.2682438593649289,-0.2796909975866899,0.2504855389547186,0.18606143334410347,-1.116595388116401,-1.5032185475505135,-0.9235413212661315,0.29045138878808285,249,True,0,0.7779550261596034,0.22204497384039656,0.7772533254194914,0.3184941720515958,3.1849417205159586e-05,0.07148126741128447,0.07623681460028095,0.3469387755102041,0.061224489795918366,0.029855489159296915,0.23355075809693054,0.8775510204081632,0.007972180754872084,0.9795918367346939,0.9795918367346939,0.9795918367346939,0.9795918367346939,0.20408163265306123,0.08163265306122448,-0.18793489273742015,0.20591791668805198,0.052434971424259444,0.022574539867483912,2.339362362385744e-05
ZERO,3,1,CORE_VOL,2023_PLUS,0.8647610017669021,915,183,3.646817248459959,0.2733868627440092,0.25832955909136657,0.175955990759762,0.1209592067631822,1.4681487000011932,2.135675042885594,1.3085261329858449,0.20892732353780707,94,False,119,0.9170685119737131,0.08293148802628691,0.8589923673260711,2.014335080712959,0.0002014335080712959,0.030808650009934158,0.047402780988642,0.14207650273224043,0.01639344262295082,0.015739589317140954,0.17499706163126766,0.3879781420765027,0.008179789887925077,0.8907103825136612,0.8907103825136612,0.8743169398907104,0.8743169398907104,0.04918032786885246,0.03825136612021858,0.05265489472829339,0.1568701932362956,0.023760184969611433,0.017314279133444424,0.00025541352854724364
ZERO,3,1,MATCH_CORE_VOL,2023_PLUS,0.9111025564031952,915,183,3.646817248459959,0.2880373525450181,0.27167586332294325,0.18631283982460445,0.1260680961241171,1.4581703739726142,2.1549929893085067,1.2889087794488976,0.2234738075631505,88,False,88,0.917068511966996,0.08293148803300399,0.9164138166186114,0.07826910067912504,7.826910067912505e-06,0.03334307436546524,0.04646307658398314,0.14754098360655737,0.01092896174863388,0.016017909364539173,0.18407329481527437,0.43169398907103823,0.009020365724600313,0.7650273224043715,0.7650273224043715,0.7486338797814208,0.7486338797814208,0.060109289617486336,0.03825136612021858,0.05264492132708576,0.15707149185149055,0.027155800693573418,0.017756459028564348,1.0037535621398863e-05
ZERO,3,1,CORE_VOL,2024_PLUS,0.8383548939115861,665,133,2.650239561943874,0.2060272314550544,0.20439749512984917,0.17991453997040488,0.12772619027938792,1.1360810258218799,1.6002786482768385,0.9861191344739162,0.2089273235378073,94,False,119,0.9136172433684431,0.08638275663155692,0.8454562412177296,2.0593296939356818,0.00020593296939356816,0.03774085498637714,0.050915871331665155,0.16541353383458646,0.022556390977443608,0.016271362337494197,0.179411875078733,0.40601503759398494,0.008900367011472345,0.8571428571428571,0.8571428571428571,0.8421052631578947,0.8421052631578947,0.05263157894736842,0.045112781954887216,-0.022769241083855963,0.1566269429451956,0.024215277204633578,0.017347936492917097,0.00024732345436270786
ZERO,3,1,MATCH_CORE_VOL,2024_PLUS,0.9110822595395461,665,133,2.650239561943874,0.22390011309523516,0.22150797623291146,0.19261428666705288,0.1337521676633831,1.15000802934106,1.6561075614892855,1.0053248532166041,0.22271419270980097,88,False,88,0.9136172433672592,0.08638275663274075,0.9128132636123402,0.08069964202464923,8.069964202464924e-06,0.034475771512595954,0.04986083024981057,0.16541353383458646,0.015037593984962405,0.016584807639228854,0.1902832051680989,0.43609022556390975,0.009874685004963569,0.7293233082706767,0.7293233082706767,0.7218045112781954,0.7218045112781954,0.06766917293233082,0.045112781954887216,-0.02279008348543696,0.1568873603541759,0.028131192802777424,0.017864906096277656,9.834569557831685e-06
ZERO,3,1,CORE_VOL,EX_MAJOR_SHOCKS,0.9031833970699641,3987,796,15.84394250513347,0.20838239143382029,0.20325339640196038,0.16485439009380237,0.11685531177410181,1.232926804595916,1.7393594977939775,0.9973917623853149,0.20892732353780707,94,False,184,0.9398207080799921,0.06017929192000793,0.8860922724706262,1.5561946528327153,0.00015561946528327154,0.03241544139327668,0.045407425119461074,0.13442211055276382,0.01256281407035176,0.014942248806924744,0.16686216538356644,0.31909547738693467,0.009563233629771722,0.6293969849246231,0.6293969849246231,0.6419597989949749,0.6419597989949749,0.056532663316582916,0.04271356783919598,0.03658517339247935,0.13903956299404502,0.01783311232271202,0.015802228924868777,0.00018779636625979035
ZERO,3,1,MATCH_CORE_VOL,EX_MAJOR_SHOCKS,0.9380363010980185,3987,796,15.84394250513347,0.2164236502892649,0.21135554973652643,0.17350046430758234,0.12204262021063829,1.2181843465377387,1.7318175353146248,0.9470936598107602,0.22851346120563065,88,False,182,0.9398207080872316,0.060179291912768385,0.939405740371894,0.11277841843862706,1.1277841843862706e-05,0.034593594853211784,0.047705590613102145,0.14321608040201006,0.01256281407035176,0.015324493693694548,0.17444248549944816,0.3391959798994975,0.009988674590387702,0.5515075376884422,0.5515075376884422,0.5527638190954773,0.5527638190954773,0.059045226130653265,0.04271356783919598,0.03658231341722903,0.13973881349344106,0.02219257131594567,0.016318268870413422,1.3699556301677296e-05
ZERO,3,3,BUYHOLD,ALL,1.0,5090,1018,20.23545516769336,0.16233642882362695,0.17471322200419248,0.21855281832521636,0.15607700727692914,0.7994096042459238,1.1194039727722156,0.3105125641017171,0.5228014824239096,761,False,761,1.0,0.0,1.000003294736646,0.049493992666640084,1.4848197799992024e-05,0.043008558632415705,0.06387021449200028,0.17485265225933203,0.029469548133595286,0.019427852160641194,0.22046415539907074,0.481335952848723,0.011686946016852296,0.6836935166994106,0.6836935166994106,0.6954813359528488,0.6954813359528488,0.09724950884086445,0.0481335952848723,0.006798751524479137,0.16690405235178218,0.03662950866104865,0.019498743471696035,1.72297195758786e-05
ZERO,3,3,BUYHOLD,GFC,1.0,755,150,2.9924709103353866,0.025218340736437552,0.06774886567588909,0.29250718568184136,0.2104392152153282,0.2316143636538871,0.3219403075922245,0.04823693425564832,0.5228014824239084,545,True,46,1.0,0.0,1.0000000000000002,0.0,0.0,0.058024978648103964,0.08746764813043677,0.24,0.06,0.027379443479636195,0.291854250946526,0.7266666666666667,0.012507415028221768,0.84,0.84,0.8533333333333334,0.8533333333333334,0.18,0.06666666666666667,-0.08648893098144814,0.214813331528408,0.06336803414905176,0.025302097861160663,4.683753385137379e-16
ZERO,3,3,BUYHOLD,2011,1.0,251,50,0.9883641341546886,0.02620089941577814,0.049478037570439885,0.2182788534844952,0.16021662664652114,0.22667352691567264,0.30881961882521153,0.17265884302603146,0.15174953658080448,110,True,55,1.0,0.0,0.9999999999999997,0.0,0.0,0.0544311055405281,0.09186196407497713,0.26,0.06,0.02335191739928403,0.22601847598550745,0.58,0.009201074443766642,0.8,0.8,0.84,0.84,0.1,0.1,-0.33255760571670606,0.19020345174612033,0.04350036276240961,0.02103509900433111,-1.2698175844150228e-15
ZERO,3,3,BUYHOLD,2015_2016,1.0,503,99,1.9931553730321698,0.08688541389129276,0.10159890232515294,0.19107510807991762,0.1410340588607214,0.5317223334117334,0.7203855802341137,0.5005900764226796,0.17356599338163858,72,False,182,1.0,0.0,0.9999999999999991,0.0,0.0,0.039176385095953226,0.047297370800291276,0.15151515151515152,0.020202020202020204,0.016629429061254485,0.20059290216728204,0.29292929292929293,0.018453043321473035,0.5151515151515151,0.5151515151515151,0.5252525252525253,0.5252525252525253,0.08080808080808081,0.06060606060606061,0.0580661456594385,0.1412661462870191,0.024360545674862098,0.016870017251524084,5.967448757360216e-16
ZERO,3,3,BUYHOLD,2018Q4,1.0,62,12,0.24914442162902123,-0.5289552733768628,-0.7093384933401207,0.3234242070099195,0.2593995857842619,-2.193213983263674,-2.7345398073613927,-2.3890268173076854,0.22141035401727682,62,True,0,1.0,0.0,0.9999999999999988,0.0,0.0,0.07211244148559315,0.07211244148559315,0.4166666666666667,0.16666666666666666,0.044822280797876035,0.30806220245986066,1.0,0.01495739796800578,0.9166666666666666,0.9166666666666666,0.9166666666666666,0.9166666666666666,0.3333333333333333,0.16666666666666666,-0.12475323632661589,0.22809450820687313,0.07560739805059857,0.026457156812153076,4.440892098500626e-16
ZERO,3,3,BUYHOLD,COVID,1.0,92,17,0.3613963039014374,0.09137008939043893,0.1753467348145743,0.4214598913057329,0.31225864280546695,0.41604607800597404,0.561543255421798,0.33149384003672694,0.27563133414580443,72,False,72,1.0,0.0,0.9999999999999996,0.0,0.0,0.12749257400915526,0.12749257400915526,0.17647058823529413,0.11764705882352941,0.04108136218039683,0.5169913660870569,1.0,0.033150962054664654,1.0,1.0,1.0,1.0,0.11764705882352941,0.0,0.2885749378282169,0.2737564570274546,0.13735490555050237,0.04125776560633893,-1.5265566588595902e-15
ZERO,3,3,BUYHOLD,2022,1.0,250,49,0.9883641341546886,-0.33769548373084346,-0.3583998756999942,0.322264532664297,0.23937477070898186,-1.1121294445186105,-1.4972332908705581,-0.9315640449314473,0.3625037758468813,249,True,0,1.0,0.0,1.0,0.0,0.0,0.09182792831173303,0.09793698625752993,0.42857142857142855,0.12244897959183673,0.03826331837686985,0.30049973816485015,1.0,0.010305702016642798,1.0,1.0,1.0,1.0,0.30612244897959184,0.08163265306122448,-0.18793435675014877,0.24611123737283494,0.08844651394155308,0.02900034888789693,-7.771561172376096e-16
ZERO,3,3,BUYHOLD,2023_PLUS,1.0,915,183,3.646817248459959,0.3161415260232802,0.29667976759823095,0.203305999778174,0.13749985082516236,1.4592769909492909,2.1576733779549584,1.307913555149301,0.24171438913422072,88,False,88,1.0,0.0,1.0000000000000002,0.0,0.0,0.03636443089533703,0.050673275735748584,0.15300546448087432,0.01639344262295082,0.017456968488705288,0.20084065011916072,0.5191256830601093,0.00986490832266735,0.8907103825136612,0.8907103825136612,0.8743169398907104,0.8743169398907104,0.07103825136612021,0.03825136612021858,0.052645159829757524,0.17270682280627195,0.034569256289540114,0.019365489341865726,6.661338147750939e-16
ZERO,3,3,BUYHOLD,2024_PLUS,1.0,665,133,2.650239561943874,0.24575180863294574,0.2430000137958973,0.2110111275194074,0.14643511335833048,1.151598101259128,1.6594381512941505,1.0167032650111836,0.2417143891342205,88,False,88,1.0,0.0,1.0,0.0,0.0,0.037740854986377026,0.054583030787557794,0.17293233082706766,0.022556390977443608,0.018141839556994145,0.20843567011668357,0.518796992481203,0.010844324181893846,0.8571428571428571,0.8571428571428571,0.8421052631578947,0.8421052631578947,0.07518796992481203,0.045112781954887216,-0.022790050367634686,0.1729525793554997,0.03590909266770697,0.019556896013855792,5.551115123125783e-16
ZERO,3,3,BUYHOLD,EX_MAJOR_SHOCKS,1.0,3987,796,15.84394250513347,0.23070437695686488,0.22506497285071395,0.18469258933569113,0.12988533043571235,1.2185923304244943,1.732797476787507,0.9544503237196933,0.24171438913422072,88,False,182,1.0,0.0,1.000006000189683,0.06318646166872285,1.8955938500616858e-05,0.036812518203708344,0.05076545788245239,0.14698492462311558,0.016331658291457288,0.016299894665540767,0.185751038681762,0.3907035175879397,0.010662640657987629,0.6293969849246231,0.6293969849246231,0.6419597989949749,0.6419597989949749,0.0678391959798995,0.04271356783919598,0.03658875670843218,0.15078799965158673,0.02628936664497906,0.017364969107543288,2.3299720809305535e-05
ZERO,3,3,VOL,ALL,0.8621259742722815,5090,1018,20.23545516769336,0.13995445185945227,0.14286573441230013,0.15209334190171075,0.10930568545807531,0.9393293133411856,1.3070293078862483,0.44163284587253804,0.3169022711228441,602,False,602,0.8312863192036947,0.16871368079630533,0.6466467451323457,3.179067087648511,0.0009537201262945532,0.03213125223808211,0.04324315581316357,0.12966601178781925,0.009823182711198428,0.014463632464050477,0.15357099199971327,0.23968565815324164,0.008369685302555795,0.6719056974459725,0.6777996070726916,0.6905697445972495,0.6954813359528488,0.054027504911591355,0.0481335952848723,0.00680642966705291,0.12562543577500784,0.010110706702902043,0.014473082327643811,0.0010857531215632266
ZERO,3,3,MATCH_VOL,ALL,0.8396900263548903,5090,1018,20.23545516769336,0.1363122801972701,0.14454934871169223,0.1813915534979544,0.12962790561644918,0.7968912880682856,1.1151098062125102,0.2998109959682913,0.4546607096815315,757,False,757,0.8312863192010846,0.16871368079891536,0.829956472283446,0.19058486456767534,5.7175459370302594e-05,0.035746322008714304,0.05308537648496837,0.14047151277013753,0.01669941060903733,0.016171925075405432,0.1827948240298762,0.3369351669941061,0.009620568096000743,0.4862475442043222,0.4862475442043222,0.49410609037328096,0.49410609037328096,0.07367387033398821,0.0481335952848723,0.006797886981970563,0.13451199671246977,0.023457601422923947,0.01620592318215936,6.485388190807795e-05
ZERO,3,3,VOL,GFC,2.325322753757869,755,150,2.9924709103353866,0.058640781526457214,0.06936940326068732,0.1577376078310991,0.11326207164248027,0.4397771984406285,0.6124680773953768,0.18504374020003786,0.3169022711228424,545,True,48,0.7093024343979022,0.2906975656020978,0.48457978174685207,3.2729695573434494,0.0009818908672030347,0.03563187836822257,0.045081610001621794,0.16666666666666666,0.006666666666666667,0.01649138967580891,0.15981220173365637,0.3333333333333333,0.006516951316485488,0.8266666666666667,0.8333333333333334,0.8533333333333334,0.8533333333333334,0.08666666666666667,0.06666666666666667,-0.08650430319514843,0.13638373479777358,0.010624890803304832,0.015256336000306406,0.001041237777111105
ZERO,3,3,MATCH_VOL,GFC,0.9874401708406286,755,150,2.9924709103353866,0.024901602685105082,0.04598515247765855,0.20685667709196134,0.14908525724694008,0.2223044144580121,0.3084486912176045,0.06212112780737922,0.40085561167398964,545,True,46,0.709302434392275,0.290697565607725,0.7071333239160292,0.2823165030529348,8.469495091588046e-05,0.04115644430063092,0.06204147885016158,0.18666666666666668,0.02666666666666667,0.019487599148562698,0.20604106886020873,0.4066666666666667,0.008716161907343905,0.5466666666666666,0.5466666666666666,0.5866666666666667,0.5866666666666667,0.09333333333333334,0.06666666666666667,-0.08648650761105094,0.15135508710073134,0.03086938973955761,0.01794626089023604,8.691110066404509e-05
ZERO,3,3,VOL,2011,-0.3579857592742661,251,50,0.9883641341546886,-0.009379548871026013,0.0019693526144749477,0.15049160151999924,0.11397379747195058,0.01308612968819549,0.01727899445448954,-0.07866692681371625,0.11923115915328486,218,True,13,0.7887334034014083,0.2112665965985917,0.6560841745433074,3.141242915815102,0.0009423728747445305,0.035262676375202084,0.060895263580265244,0.14,0.02,0.017171989296870326,0.15681282805610122,0.3,0.006334822065099067,0.8,0.8,0.84,0.84,0.08,0.1,-0.33207242359173295,0.13460393440262386,0.010364202736871258,0.015060498621039975,0.0009412438563830491
ZERO,3,3,MATCH_VOL,2011,0.9920306118941328,251,50,0.9883641341546886,0.025992094279611015,0.04022260340540716,0.17191910588021836,0.12607490877020877,0.2339623813157309,0.3190373389737616,0.21608904234714083,0.12028418469204682,110,True,55,0.7887334034026567,0.21126659659734326,0.7875998679941458,0.22054207483333138,6.616262244999942e-05,0.04291739190071442,0.07242947673967795,0.16,0.04,0.0184455472663749,0.17795911486014435,0.38,0.007182481298173958,0.5,0.5,0.54,0.54,0.08,0.1,-0.33255850066928133,0.14588268952466896,0.02390684145997846,0.01658516158251963,6.841131428641373e-05
ZERO,3,3,VOL,2015_2016,0.7791715757484781,503,99,1.9931553730321698,0.06769864485123728,0.07971128594954967,0.16836279887550012,0.12437404399536985,0.47344951783852246,0.6408996876592445,0.39609580979400594,0.17091482206399689,75,False,170,0.9025577632613804,0.09744223673861963,0.8536655131680284,2.9206892100139483,0.0008762067630041845,0.03280342744604403,0.039918375336145465,0.1414141414141414,0.010101010101010102,0.014443886013601744,0.1785262616641248,0.1717171717171717,0.01629744471079607,0.5151515151515151,0.5151515151515151,0.5252525252525253,0.5252525252525253,0.050505050505050504,0.06060606060606061,0.05809597961823016,0.11718770495218107,0.008136243177169504,0.013826697429571147,0.0009373205125885048
ZERO,3,3,MATCH_VOL,2015_2016,0.912064982049705,503,99,1.9931553730321698,0.07924514346114311,0.09106377711572848,0.17207564092718033,0.12716328646437086,0.5292078333984833,0.7161168891403503,0.5039770519151603,0.1572395869216745,72,False,182,0.9025577632594122,0.09744223674058783,0.9005556407864687,0.0766729948701426,2.300189846104278e-05,0.03536033018948326,0.04269048437470195,0.13131313131313133,0.010101010101010102,0.015018328347023427,0.18024740947431026,0.2727272727272727,0.0165102797027201,0.36363636363636365,0.36363636363636365,0.37373737373737376,0.37373737373737376,0.0707070707070707,0.06060606060606061,0.05806538828206462,0.12364673461070665,0.018736546333265845,0.015226725750614335,2.4860807951096464e-05
ZERO,3,3,VOL,2018Q4,,62,12,0.24914442162902123,-0.4425536448900638,-0.5723682834863884,0.19443079646095154,0.16476244299225837,-2.9438149403525165,-3.473900198926293,-2.7656939637791496,0.1600154068692914,62,True,0,0.6207877524016843,0.37921224759831573,0.5878991052588424,4.565870389534492,0.0013697611168603475,0.03689907870003706,0.03689907870003706,0.4166666666666667,0.0,0.028133243900857096,0.19224583832778813,0.6666666666666666,0.00940176123419012,0.9166666666666666,0.9166666666666666,0.9166666666666666,0.9166666666666666,0.3333333333333333,0.16666666666666666,-0.12487643312455278,0.1381883263469532,0.012848067146043344,0.015304358839311819,0.0007545595083485179
ZERO,3,3,MATCH_VOL,2018Q4,,62,12,0.24914442162902123,-0.3682307616642348,-0.4447191144340346,0.2006351172343546,0.16130402762868584,-2.21655670534772,-2.757024241562999,-2.596486069417506,0.14181888591716707,62,True,0,0.620787752398358,0.37921224760164196,0.6203195947115759,0.3845763575788369,0.00011537290727365106,0.04475238267978232,0.04475238267978232,0.3333333333333333,0.0,0.02798429536352673,0.19059459564754122,0.5833333333333334,0.009147116147431978,0.75,0.75,0.75,0.75,0.16666666666666666,0.16666666666666666,-0.12475278282273879,0.14723019556492914,0.02218225379772541,0.01641852817196945,7.198262789348542e-05
ZERO,3,3,VOL,COVID,-0.05917457058976515,92,17,0.3613963039014374,-0.005406785804427681,0.012387787943774129,0.1889081546550356,0.1430072651035405,0.06557571835051493,0.08662348681939404,-0.042153231123058986,0.12826503829904556,77,False,77,0.48685022370568987,0.5131497762943101,0.393037728000504,5.452883587229429,0.001635865076168829,0.032344997632293815,0.032344997632293815,0.11764705882352941,0.0,0.01662376543821565,0.1766565067811519,0.35294117647058826,0.010333362902592132,1.0,1.0,1.0,1.0,0.058823529411764705,0.0,0.28837793766084485,0.14009700471689268,0.014374685502381766,0.01532269487668697,0.0016450145945160655
ZERO,3,3,MATCH_VOL,COVID,0.6336802338919841,92,17,0.3613963039014374,0.057899419615664846,0.07622484636890244,0.20310373096046572,0.15094857490458052,0.3753000794640235,0.5049722822298033,0.4058250052603293,0.14267090215035771,71,False,71,0.48685022369926634,0.5131497763007337,0.48180803011418044,0.42527248987004257,0.00012758174696101275,0.062224420874039565,0.062224420874039565,0.11764705882352941,0.058823529411764705,0.02013940147112437,0.24760593065901626,0.4117647058823529,0.015473027579464262,0.7058823529411765,0.7058823529411765,0.6470588235294118,0.6470588235294118,0.11764705882352941,0.0,0.28856309086174764,0.16868243671957328,0.04656675587830279,0.02013465430127136,0.00013635326195530345
ZERO,3,3,VOL,2022,,250,49,0.9883641341546886,-0.2222609190841784,-0.23421830298567548,0.17964164448114267,0.13573765223587933,-1.3038084997616564,-1.7255219839714075,-0.9234869191594042,0.24067576321112316,249,True,0,0.5561539498516692,0.4438460501483308,0.5470082351288229,3.992692847240621,0.0011978078541721863,0.0473250947484678,0.050959976123540474,0.2857142857142857,0.02040816326530612,0.02143144541932864,0.16421384097672398,0.3877551020408163,0.005623580979929127,1.0,1.0,1.0,1.0,0.10204081632653061,0.08163265306122448,-0.1878284314397663,0.14113000716253962,0.015093952739848341,0.015592904950305913,0.000935649842559616
ZERO,3,3,MATCH_VOL,2022,,250,49,0.9883641341546886,-0.19546873415011012,-0.20064634523872185,0.17891490954567021,0.1329055877427554,-1.1214624077346915,-1.5096908162136995,-0.9150593711838216,0.21361317123852874,249,True,0,0.5561539498448074,0.44384605015519263,0.5551417597913707,0.4539926747596344,0.0001361978024278903,0.05112921612781318,0.05453112156188812,0.2653061224489796,0.061224489795918366,0.02140662906703879,0.16681599042156187,0.46938775510204084,0.005671064717131941,0.7755102040816326,0.7755102040816326,0.7346938775510204,0.7346938775510204,0.08163265306122448,0.08163265306122448,-0.18793751471717252,0.1456326868278331,0.019828272192944797,0.01614680683799208,0.00010999325540098082
ZERO,3,3,VOL,2023_PLUS,0.7282608681151307,915,183,3.646817248459959,0.23023350218895625,0.2197975673467265,0.15226831533598803,0.10637848282632806,1.4434885344448163,2.0661844529740545,1.2954603962561926,0.17772330428187388,151,False,151,0.8340449253565542,0.16595507464344583,0.7189018016521962,4.034177128280108,0.0012102531384840319,0.02961420892695954,0.044222227385316115,0.1092896174863388,0.01639344262295082,0.014019789387013114,0.15226156265787077,0.24043715846994534,0.0067491286384796486,0.8907103825136612,0.8907103825136612,0.8743169398907104,0.8743169398907104,0.04918032786885246,0.03825136612021858,0.05268814676883926,0.13523769785460402,0.013103922849358438,0.015263068925023117,0.0014833455376768445
ZERO,3,3,MATCH_VOL,2023_PLUS,0.8230258367749305,915,183,3.646817248459959,0.26019264399461367,0.24669090612680053,0.16932673257273836,0.11463034298816634,1.4568928507542571,2.1520559015710807,1.2698378634300762,0.20490225680606444,88,False,88,0.8340449253601067,0.16595507463989334,0.8328590383424989,0.1424762651672676,4.274287955018028e-05,0.030319536642147038,0.042249891170543605,0.11475409836065574,0.01092896174863388,0.014575878213456862,0.16730895449763683,0.3005464480874317,0.008179962470401907,0.644808743169399,0.644808743169399,0.6065573770491803,0.6065573770491803,0.04918032786885246,0.03825136612021858,0.05264372991869846,0.14008018716904078,0.020516481083559635,0.01614613127635368,5.3631111778917884e-05
ZERO,3,3,VOL,2024_PLUS,0.6744600887687004,665,133,2.650239561943874,0.16574978666564527,0.1658249792164699,0.15319080736866877,0.11131506115580524,1.082473433392095,1.4896904111148837,0.9326283198221558,0.17772330428187333,151,False,151,0.8271350163725313,0.17286498362746872,0.692104087336167,4.124636076940591,0.0012373908230821774,0.031701207405025245,0.04758836075383513,0.12030075187969924,0.022556390977443608,0.01439658441163363,0.1540549482077287,0.2556390977443609,0.007258248832756704,0.8571428571428571,0.8571428571428571,0.8421052631578947,0.8421052631578947,0.05263157894736842,0.045112781954887216,-0.02268134219981026,0.1336565377338083,0.012727919339826869,0.015138976971978402,0.0014372314095407734
ZERO,3,3,MATCH_VOL,2024_PLUS,0.8222834541427835,665,133,2.650239561943874,0.20207764606453493,0.2000608647544965,0.17423079008365322,0.12106259460887167,1.1482520664599036,1.652540699303959,0.9937256738897876,0.2033535525690232,88,False,88,0.8271350163699657,0.17286498363003433,0.8256857421093792,0.14620570469989602,4.386171140996881e-05,0.031208155779651747,0.04513480937072881,0.12781954887218044,0.015037593984962405,0.015024238868739137,0.17213960741800818,0.3157894736842105,0.00891051416461674,0.6015037593984962,0.6015037593984962,0.5864661654135338,0.5864661654135338,0.05263157894736842,0.045112781954887216,-0.02279024445253304,0.13927160541602326,0.021268831903169232,0.016171397882798897,5.2500550424716685e-05
ZERO,3,3,VOL,EX_MAJOR_SHOCKS,0.8018130360017367,3987,796,15.84394250513347,0.18498177690667295,0.18102740416770371,0.14806633881578582,0.10581360142121254,1.22261011932581,1.710814127260326,1.040841422874329,0.17772330428187388,151,False,238,0.8795720001913879,0.12042799980861207,0.7724359664144543,3.057216462562563,0.0009171649387687686,0.02879485824538852,0.04137375268229672,0.11306532663316583,0.010050251256281407,0.013582244221032306,0.15085723709560797,0.20979899497487436,0.008720203744451057,0.6168341708542714,0.6231155778894473,0.635678391959799,0.6419597989949749,0.04396984924623116,0.04271356783919598,0.03659566196357294,0.12236035492100131,0.009615784089008525,0.01423948874219427,0.0010858077682609213
ZERO,3,3,MATCH_VOL,EX_MAJOR_SHOCKS,0.8760751344673497,3987,796,15.84394250513347,0.20211436806469155,0.19761084425535336,0.16230771951652495,0.11419688207813038,1.2175073671417957,1.730439926723686,0.9394767166088341,0.21513504751267298,88,False,182,0.8795720001888072,0.12042799981119279,0.878799768224725,0.1555622514628407,4.666867543885222e-05,0.03237254420203606,0.044643109495116184,0.12814070351758794,0.010050251256281407,0.014347822754639283,0.16313965763140023,0.28391959798994976,0.009318571932960412,0.4623115577889447,0.4623115577889447,0.48115577889447236,0.48115577889447236,0.05402010050251256,0.04271356783919598,0.036587779795604146,0.1280929601170878,0.018325350457832047,0.01527055173969641,5.6025329554454384e-05
ZERO,3,3,CORE_VOL,ALL,0.936837714019119,5090,1018,20.23545516769336,0.1520828888811541,0.15848577979861747,0.1820244232371693,0.13032043952124475,0.8706841476548338,1.2161237360834807,0.358542679688445,0.42416955496987485,742,False,742,0.9156398346273571,0.0843601653726429,0.8227697706836165,1.6089850490860418,0.0004826955147258124,0.038576011842811786,0.05212883694083516,0.15913555992141454,0.0206286836935167,0.016954142275193748,0.18339662592878142,0.4066797642436149,0.009779943651420778,0.6836935166994106,0.6836935166994106,0.6954813359528488,0.6954813359528488,0.07956777996070727,0.0481335952848723,0.006807790635378506,0.15073452101178592,0.02347765731970814,0.016985912899669924,0.0005552302275255161
ZERO,3,3,MATCH_CORE_VOL,ALL,0.92038278006029,5090,1018,20.23545516769336,0.14941165366574916,0.15959356351676648,0.19995485395441445,0.14284513568947851,0.7981479837101154,1.117248849577183,0.30514917063998875,0.48963480173447105,758,False,758,0.9156398346285834,0.08436016537141655,0.9149034427486757,0.1276493225100822,3.8294796753024664e-05,0.03937708274316354,0.05847726388645508,0.16306483300589392,0.023575638506876228,0.01780093973947197,0.20160137569362427,0.4194499017681729,0.010648260052855674,0.5854616895874263,0.5854616895874263,0.600196463654224,0.600196463654224,0.08840864440078586,0.0481335952848723,0.0067983193331524775,0.15133690873732114,0.02978663465948509,0.017852153939320825,4.3938904378232335e-05
ZERO,3,3,CORE_VOL,GFC,1.7580616632390103,755,150,2.9924709103353866,0.04433539805922949,0.06746799324363933,0.21960743120724402,0.15793644580281216,0.30722090264773255,0.42718444688742024,0.10452282003685594,0.42416955496987474,545,True,48,0.8545650370966243,0.14543496290337565,0.7412577001528009,1.6346086151757284,0.0004903825845527185,0.04360997000500977,0.06270147223083093,0.22666666666666666,0.03333333333333333,0.021963423805771057,0.22032917476871705,0.66,0.009253118554813347,0.84,0.84,0.8533333333333334,0.8533333333333334,0.14666666666666667,0.06666666666666667,-0.08649135521429759,0.18525193215027705,0.037834031453818376,0.02027921693073353,0.0005128639403937929
ZERO,3,3,MATCH_CORE_VOL,GFC,1.022940307950178,755,150,2.9924709103353866,0.025796857238923946,0.05663508723024245,0.24958217681853534,0.17971981056433584,0.2269195979944527,0.3151299072283871,0.05553028332395478,0.46455475633771237,545,True,46,0.8545650370991056,0.14543496290089442,0.8532356148677146,0.17036815458452295,5.111044637535689e-05,0.049586283678750176,0.07474806521804946,0.22666666666666666,0.04666666666666667,0.02343810275333051,0.2488075141612169,0.6533333333333333,0.01059214114469205,0.7466666666666667,0.7466666666666667,0.78,0.78,0.17333333333333334,0.06666666666666667,-0.08648772297215239,0.1856012514464319,0.046443712890036744,0.021622226983747724,5.249271425776525e-05
ZERO,3,3,CORE_VOL,2011,0.36532095827701677,251,50,0.9883641341546886,0.0095717376822918,0.026042589745483694,0.18219314919688884,0.1355176152318457,0.14293945661667284,0.19217125169248012,0.07305051398754103,0.13102902580431242,110,True,108,0.8944475012540805,0.10555249874591954,0.8279239277094828,1.5709972366167282,0.0004712991709850184,0.04479264198475097,0.07636746456682227,0.22,0.04,0.02026970644706523,0.18936480196801023,0.54,0.007686528750449205,0.8,0.8,0.84,0.84,0.1,0.1,-0.33234144654635217,0.16782739720838902,0.02651902230996551,0.01804779881268554,0.0004796207895452313
ZERO,3,3,MATCH_CORE_VOL,2011,1.0100812677886917,251,50,0.9883641341546886,0.026465037699093173,0.04493614056803246,0.1950987695408319,0.1431376458288455,0.23032508443692593,0.3139365630042855,0.19449411578240908,0.136071148438758,110,True,55,0.8944475012505143,0.10555249874948569,0.8938016402040587,0.1251244057715327,3.753732173145981e-05,0.048677909672552144,0.08215182661018552,0.22,0.04,0.020902471930597636,0.2019848606513114,0.46,0.008187289979038741,0.6,0.6,0.7,0.7,0.1,0.1,-0.3325580519130408,0.16924726681911667,0.03373397480738081,0.018811517854895914,3.883042663383254e-05
ZERO,3,3,CORE_VOL,2015_2016,0.8916022235483013,503,99,1.9931553730321698,0.07746722821939109,0.0905373621073467,0.17831349152329937,0.1316174235898822,0.5077426353659651,0.6878828018200666,0.44976093688103774,0.17224089925773445,74,False,184,0.9512858130340581,0.048714186965941875,0.9268014579800671,1.453116123377949,0.0004359348370133846,0.036737030497511314,0.04233053881035412,0.1414141414141414,0.010101010101010102,0.01553940870366335,0.18809669141604848,0.24242424242424243,0.017139551774870903,0.5151515151515151,0.5151515151515151,0.5252525252525253,0.5252525252525253,0.0707070707070707,0.06060606060606061,0.0580906461517354,0.1320247177883829,0.016480362139149496,0.015348357340547614,0.000470494697537141
ZERO,3,3,MATCH_CORE_VOL,2015_2016,0.9563199644077721,503,99,1.9931553730321698,0.08309025592007564,0.09631243219168135,0.18156487526611334,0.13409606524190004,0.5304574029008615,0.7182345881509675,0.5022999846483494,0.16541958681970803,72,False,182,0.9512858130309508,0.04871418696904917,0.9502251617667774,0.04039808007708196,1.2119424023124586e-05,0.03726869173091807,0.04499433626727185,0.15151515151515152,0.010101010101010102,0.015824249575336447,0.1903963884490575,0.2727272727272727,0.017477267850237593,0.43434343434343436,0.43434343434343436,0.4444444444444444,0.4444444444444444,0.08080808080808081,0.06060606060606061,0.05806576677215985,0.13262937860373705,0.021376678914492752,0.016048514499305347,1.314545551009405e-05
ZERO,3,3,CORE_VOL,2018Q4,,62,12,0.24914442162902123,-0.4867620602538564,-0.6416913945463355,0.25756506087827147,0.2111274610841215,-2.491375935688758,-3.0393554265811984,-2.5501090590494853,0.19087891889427255,62,True,0,0.8105879512505824,0.18941204874941764,0.7938744152005086,2.255150384769923,0.0006765451154309767,0.0545058895946412,0.0545058895946412,0.4166666666666667,0.08333333333333333,0.03651027744366326,0.24863064083972342,0.8333333333333334,0.012041005706169384,0.9166666666666666,0.9166666666666666,0.9166666666666666,0.9166666666666666,0.3333333333333333,0.16666666666666666,-0.12479683504050942,0.19380127802169134,0.0427436582925969,0.020880757825732444,0.00034300972927642226
ZERO,3,3,MATCH_CORE_VOL,2018Q4,,62,12,0.24914442162902123,-0.45388004157841333,-0.5778385036873152,0.26206790116896317,0.21044252886783935,-2.2049190347610144,-2.7458256978569446,-2.489506274290603,0.18231729169180289,62,True,0,0.8105879512574912,0.18941204874250883,0.8102827038301262,0.2521274500072538,7.563823500217615e-05,0.05844554630139798,0.05844554630139798,0.4166666666666667,0.08333333333333333,0.036436328163281156,0.24928517169948838,0.9166666666666666,0.012033446976422677,0.9166666666666666,0.9166666666666666,0.9166666666666666,0.9166666666666666,0.25,0.16666666666666666,-0.12475305392728635,0.19392602343908885,0.047596171601954985,0.021442582178125686,4.0793040132047764e-05
ZERO,3,3,CORE_VOL,COVID,0.5339816366358009,92,17,0.3613963039014374,0.04878994987226601,0.09080901529966977,0.29610166060953547,0.220407663630137,0.30668188456875345,0.412004799670011,0.23916868418779624,0.20399806955477473,75,False,75,0.7427815383471167,0.2572184616528833,0.6941563234512359,2.6047207296011834,0.000781416218880355,0.07991589004206756,0.07991589004206756,0.17647058823529413,0.11764705882352941,0.028889580150431495,0.3374898307475082,0.8235294117647058,0.021078528788679888,1.0,1.0,1.0,1.0,0.11764705882352941,0.0,0.2885120842436678,0.2333510005817931,0.08513759735845847,0.02829023024151295,0.0008282343090427885
ZERO,3,3,MATCH_CORE_VOL,COVID,0.8586519439406229,92,17,0.3613963039014374,0.07845510487312887,0.12311295330980657,0.31142761833291965,0.23110604258556594,0.39531803238528906,0.5327119617143916,0.3715990613634904,0.21112837202886725,72,False,72,0.7427815383479534,0.25721846165204665,0.7388874437341982,0.32646300362230285,9.793890108669084e-05,0.09482448164201696,0.09482448164201696,0.17647058823529413,0.11764705882352941,0.030622290103108723,0.3808032954928659,0.7058823529411765,0.024100097742279752,1.0,1.0,0.9411764705882353,0.9411764705882353,0.11764705882352941,0.0,0.2885689999663273,0.2335091169268134,0.09368523667671202,0.030684765864999294,0.00010670460880662924
ZERO,3,3,CORE_VOL,2022,,250,49,0.9883641341546886,-0.2802936841974368,-0.2963981174577159,0.24973233583121104,0.18643898093516556,-1.1868631928307645,-1.5897861915518021,-0.9263679143863446,0.3025727465778132,249,True,0,0.7779550261574459,0.22204497384255406,0.7730399683708007,2.0033300276642465,0.0006009990082992739,0.0680592669453145,0.072474281856869,0.3469387755102041,0.08163265306122448,0.02986781126789214,0.23133886430838002,0.8775510204081632,0.007904166735976268,1.0,1.0,1.0,1.0,0.22448979591836735,0.08163265306122448,-0.18787825529532243,0.2063488594412002,0.05008345516410158,0.022296626919101423,0.0004342970933748913
ZERO,3,3,MATCH_CORE_VOL,2022,,250,49,0.9883641341546886,-0.2682906418101824,-0.27975492628690046,0.25048419384676246,0.18606368438462104,-1.1168566047646296,-1.503543946322195,-0.9235912918349611,0.2904863267789709,249,True,0,0.7779550261596034,0.22204497384039656,0.7772491585369451,0.3184822663699269,9.554467991097807e-05,0.07148185135129093,0.07623762983475851,0.3469387755102041,0.061224489795918366,0.02985596973352305,0.23355075809693054,0.8775510204081632,0.007972180754872086,0.9795918367346939,0.9795918367346939,0.9795918367346939,0.9795918367346939,0.20408163265306123,0.08163265306122448,-0.187935964390426,0.20592984628759772,0.05245111264466308,0.022574539867483912,7.017606887738115e-05
ZERO,3,3,CORE_VOL,2023_PLUS,0.8631456729504293,915,183,3.646817248459959,0.2728761902269399,0.257926277589355,0.17595555444409824,0.12097459191144226,1.4658603895979831,2.132069829821507,1.3055734136870216,0.20900869102130404,94,False,119,0.9170685119737131,0.08293148802628691,0.8589913430394103,2.01431686526615,0.0006042950595798448,0.030812708094319463,0.047411998762712335,0.14207650273224043,0.01639344262295082,0.015742183313873035,0.17499706163126766,0.3879781420765027,0.008179789887925077,0.8907103825136612,0.8907103825136612,0.8743169398907104,0.8743169398907104,0.04918032786885246,0.03825136612021858,0.052674328877978696,0.15693832079441775,0.023772887795033122,0.017314279133444424,0.0007660860456165652
ZERO,3,3,MATCH_CORE_VOL,2023_PLUS,0.9110390523676165,915,183,3.646817248459959,0.2880172762823014,0.2716602060445274,0.18631289882070728,0.12606868824011944,1.4580858746980883,2.154858671386379,1.28880154750281,0.2234768237517758,88,False,88,0.9170685119669961,0.08293148803300388,0.9164141070377535,0.0782727885174587,2.3481836555237603e-05,0.03334322138656298,0.046463311050029606,0.14754098360655737,0.01092896174863388,0.01601802533095121,0.18407329481527437,0.43169398907103823,0.009020365724600311,0.7650273224043715,0.7650273224043715,0.7486338797814208,0.7486338797814208,0.060109289617486336,0.03825136612021858,0.05264444451113126,0.15707631237485156,0.027155800693573418,0.017756459028564348,3.0113798338116116e-05
ZERO,3,3,CORE_VOL,2024_PLUS,0.836342708955097,665,133,2.650239561943874,0.20553273336269243,0.20398549413591519,0.17991525523472357,0.1277418125286982,1.133786536721351,1.596857677982988,0.9833693152106436,0.2090086910213037,94,False,119,0.9136172433684433,0.0863827566315567,0.8454615897598136,2.0593217024999744,0.0006177965107499921,0.03774085498637714,0.05092667329616557,0.16541353383458646,0.022556390977443608,0.016273916096641344,0.179411875078733,0.40601503759398494,0.008900367011472345,0.8571428571428571,0.8571428571428571,0.8421052631578947,0.8421052631578947,0.05263157894736842,0.045112781954887216,-0.022727677740301308,0.15668946769790382,0.024225654655532,0.017347936492917097,0.0007418215467246692
ZERO,3,3,MATCH_CORE_VOL,2024_PLUS,0.9110022195375679,665,133,2.650239561943874,0.2238804431199852,0.2214918335145271,0.1926143295248292,0.13375277063389185,1.1499239649559685,1.6559794048737475,1.0052224006444193,0.22271732402348166,88,False,88,0.913617243367259,0.08638275663274098,0.9128134671166424,0.08070255654317837,2.42107669629535e-05,0.03447600148372165,0.04986107091990738,0.16541353383458646,0.015037593984962405,0.01658491091575476,0.19028320516809893,0.43609022556390975,0.009874685004963569,0.7293233082706767,0.7293233082706767,0.7218045112781954,0.7218045112781954,0.06766917293233082,0.045112781954887216,-0.022790149400324304,0.1568873603541759,0.028131192802777424,0.017864906096277656,2.950454480779574e-05
ZERO,3,3,CORE_VOL,EX_MAJOR_SHOCKS,0.9016165668858123,3987,796,15.84394250513347,0.20800688831737882,0.2029417957513059,0.164853428183743,0.11686616452253404,1.231043830796835,1.7365316691998975,0.9952068849432528,0.20900869102130404,94,False,184,0.9398207080799921,0.06017929192000793,0.8860852242011612,1.5561695952182715,0.00046685087856548137,0.0324154413932769,0.045418690042689724,0.13442211055276382,0.01256281407035176,0.01494447570771234,0.16686216538356644,0.31909547738693467,0.00956323362977172,0.6293969849246231,0.6293969849246231,0.6419597989949749,0.6419597989949749,0.056532663316582916,0.04271356783919598,0.0365968400289867,0.1390954817982067,0.017843392937124405,0.015802228924868777,0.0005632994827012572
ZERO,3,3,MATCH_CORE_VOL,EX_MAJOR_SHOCKS,0.9379806996429535,3987,796,15.84394250513347,0.2163962529086918,0.21133309399856393,0.17350112943614646,0.12204387920684684,1.2180502495019248,1.731615672756392,0.946964520002063,0.22851569233894886,88,False,182,0.9398207080872316,0.060179291912768385,0.9394092725009978,0.11276934730997507,3.383080419299252e-05,0.03459361052400667,0.04770578826428728,0.14321608040201006,0.01256281407035176,0.01532479798748009,0.17444248549944819,0.3391959798994975,0.009988674590387702,0.5515075376884422,0.5515075376884422,0.5527638190954773,0.5527638190954773,0.059045226130653265,0.04271356783919598,0.036588268932515704,0.13974396101740066,0.02219257131594567,0.016318268870413422,4.1096936874790435e-05
ZERO,4,0,BUYHOLD,ALL,1.0,5090,1018,20.229979466119097,0.1632041363669489,0.17541757948517392,0.2185402830037713,0.15606015584039754,0.8026784676678889,1.124038218086705,0.3121722907331324,0.5228014824239082,761,False,761,1.0,0.0,0.9999999999999999,0.049508840864440073,0.0,0.04299611856905328,0.06569531393308345,0.16208251473477406,0.04027504911591356,0.019461750098929555,0.22045350852502907,0.48526522593320237,0.011730129510218937,0.668958742632613,0.668958742632613,0.6856581532416502,0.6856581532416502,0.09921414538310412,0.05009823182711198,-0.02319242377008932,0.16706688947240464,0.036997787356738865,0.019522492037270384,0.0
ZERO,4,0,BUYHOLD,GFC,1.0,755,150,2.9924709103353866,0.025218340736438506,0.06774886567589007,0.29250718568184136,0.21043921521532824,0.2316143636538905,0.3219403075922291,0.048236934255650184,0.522801482423908,545,True,46,1.0,0.0,1.0000000000000002,0.0,0.0,0.06839840732485192,0.08566239517743547,0.22,0.10666666666666667,0.02732062862395639,0.2918204313219182,0.7466666666666667,0.011334271960732173,0.84,0.84,0.84,0.84,0.16666666666666666,0.05333333333333334,-0.16400743308369237,0.21413023719497626,0.06313065835300717,0.02521136617160621,0.0
ZERO,4,0,BUYHOLD,2011,1.0,251,50,0.9883641341546886,0.026200899415777575,0.04947803757043933,0.21827885348449527,0.1602166266465213,0.22667352691567003,0.30881961882520775,0.1726588430260275,0.1517495365808047,110,True,55,1.0,0.0,1.0000000000000002,0.0,0.0,0.06238071994209271,0.08041046569158813,0.2,0.08,0.023067988719025743,0.22590706479014647,0.6,0.010565117554216177,0.8,0.8,0.82,0.82,0.12,0.06,-0.2469593782360361,0.19246165225716858,0.04509078370741367,0.02128994688334986,0.0
ZERO,4,0,BUYHOLD,2015_2016,1.0,503,100,1.9931553730321698,0.08688541389129283,0.10159890232515305,0.19107510807991776,0.1410340588607214,0.5317223334117335,0.7203855802341146,0.5005900764226806,0.17356599338163836,72,False,182,1.0,0.0,1.0,0.0,0.0,0.036034920469832143,0.04585999287210736,0.15,0.01,0.016204593491940682,0.20023138045224673,0.31,0.018107190520700277,0.46,0.46,0.47,0.47,0.08,0.05,-0.03205939425832864,0.1385179746130629,0.023554235102901708,0.016592773233320555,0.0
ZERO,4,0,BUYHOLD,2018Q4,1.0,62,12,0.24914442162902123,-0.5289552733768622,-0.7093384933401192,0.3234242070099196,0.2593995857842618,-2.1932139832636692,-2.7345398073613882,-2.3890268173076854,0.2214103540172766,62,True,0,1.0,0.0,0.9999999999999992,0.0,0.0,0.06225095165657246,0.06225095165657246,0.5,0.08333333333333333,0.04343602434573963,0.3102559086648662,1.0,0.01372011179101486,0.9166666666666666,0.9166666666666666,0.9166666666666666,0.9166666666666666,0.25,0.16666666666666666,-0.3291615339847391,0.2313155100903057,0.07820290360316899,0.02681721404124106,0.0
ZERO,4,0,BUYHOLD,COVID,1.0,92,18,0.3613963039014374,0.09137008939043982,0.1753467348145752,0.421459891305733,0.31225864280546695,0.41604607800597604,0.5615432554218008,0.3314938400367303,0.2756313341458043,72,False,72,1.0,0.0,1.0000000000000004,0.0,0.0,0.13915245925033415,0.13915245925033415,0.16666666666666666,0.16666666666666666,0.04081988679002712,0.5086831148453145,1.0,0.034666447167825194,1.0,1.0,1.0,1.0,0.16666666666666666,0.1111111111111111,-0.9498550654654482,0.26746562762164755,0.1307734628521604,0.03961509113980573,0.0
ZERO,4,0,BUYHOLD,2022,1.0,250,49,0.9883641341546886,-0.33769548373084396,-0.358399875699995,0.322264532664297,0.2393747707089819,-1.112129444518613,-1.4972332908705612,-0.9315640449314487,0.3625037758468813,249,True,0,1.0,0.0,0.9999999999999999,0.0,0.0,0.05513929116362193,0.07116700996074637,0.40816326530612246,0.061224489795918366,0.03841011298026183,0.30039024884931015,1.0,0.011671602510451965,1.0,1.0,1.0,1.0,0.24489795918367346,0.061224489795918366,0.08315362100363007,0.24746751642864884,0.0901590127400804,0.029377500440032275,0.0
ZERO,4,0,BUYHOLD,2023_PLUS,1.0,916,183,3.649555099247091,0.31728151351584194,0.29743416809579554,0.20319996361830903,0.13742477582593998,1.4637510893185794,2.1643416647993727,1.31262981344342,0.2417143891342204,88,False,88,1.0,0.0,0.9999999999999997,0.0,0.0,0.04146142131511488,0.060495134199147406,0.15846994535519127,0.03825136612021858,0.017885016826778472,0.20057303281021954,0.546448087431694,0.010328265417498504,0.8579234972677595,0.8579234972677595,0.8579234972677595,0.8579234972677595,0.08196721311475409,0.04371584699453552,-0.003189501449311561,0.17472460768341455,0.036284950319208,0.019626420083729803,0.0
ZERO,4,0,BUYHOLD,2024_PLUS,1.0,666,133,2.652977412731006,0.24730714664645914,0.24411819789435277,0.21086024865263106,0.14632513578866072,1.157725078359888,1.6683271577272674,1.0231378757891518,0.24171438913422083,88,False,88,1.0,0.0,0.9999999999999996,0.0,0.0,0.0529379846799245,0.06645709367749475,0.17293233082706766,0.05263157894736842,0.01864178741605988,0.2083551423467103,0.5488721804511278,0.011559589010772234,0.8421052631578947,0.8421052631578947,0.8421052631578947,0.8421052631578947,0.09022556390977443,0.05263157894736842,-0.09009341127493783,0.17529411757494295,0.03756677058931581,0.0198338039754445,0.0
ZERO,4,0,BUYHOLD,EX_MAJOR_SHOCKS,1.0,3987,795,15.838466803559205,0.23190232507016414,0.22596419020165318,0.18467267571470947,0.12985947766590883,1.2235929832452999,1.7400669882793938,0.9594063717133209,0.2417143891342204,88,False,182,1.0,0.0,1.0000000000000002,0.06320541760722347,0.0,0.0381475496184962,0.05367124524687608,0.1371069182389937,0.02389937106918239,0.01638905291860199,0.18570397091837829,0.39245283018867927,0.010766260187918777,0.6088050314465409,0.6088050314465409,0.630188679245283,0.630188679245283,0.07672955974842767,0.04779874213836478,0.015572424055672747,0.15105891244507139,0.026729621425975576,0.017399945584927523,0.0
ZERO,4,0,VOL,ALL,0.8655846668012132,5090,1018,20.229979466119097,0.1412669979977652,0.14397766464643072,0.15206570360950342,0.10921151021628678,0.9468122083343503,1.3183378231954825,0.5011654224326223,0.2818769844736394,539,False,539,0.8288741251067495,0.17112587489325048,0.6472514613214397,3.2502695978410303,0.0,0.03210859702999147,0.04492675168043933,0.1237721021611002,0.011787819253438114,0.014489748737757551,0.15290014995522155,0.2357563850687623,0.008247232480093142,0.6581532416502947,0.6581532416502947,0.6807465618860511,0.6807465618860511,0.054027504911591355,0.05009823182711198,-0.023192423770089718,0.1251724597217121,0.01005199946347397,0.01444820334460684,0.0
ZERO,4,0,MATCH_VOL,ALL,0.8378732310900872,5090,1018,20.229979466119097,0.13674437706504267,0.14479577636860955,0.1808426466207245,0.12922163844898965,0.8006727344147152,1.1205226779860697,0.3013662826246526,0.4537480964164655,757,False,757,0.8288741251092533,0.1711258748907467,0.8274892575599095,0.1906312472631999,0.0,0.03563394023918043,0.054446377221841064,0.13359528487229863,0.0275049115913556,0.01615266806452087,0.18225171926467376,0.33398821218074654,0.009641605041129157,0.48722986247544203,0.48722986247544203,0.49901768172888017,0.49901768172888017,0.07170923379174853,0.05009823182711198,-0.02319242377008932,0.1342216167523026,0.023516024672928782,0.01617967709012396,0.0
ZERO,4,0,VOL,GFC,3.3380379037137806,755,150,2.9924709103353866,0.08417977724700103,0.09302856862549987,0.15677473693296876,0.11107651156505052,0.5933900476916478,0.8375179172873005,0.2986401227620417,0.28187698447363685,539,False,539,0.7091935902846807,0.29080640971531935,0.48191972104875014,3.0542300069057897,0.0,0.03904012814533209,0.05003757309649808,0.14666666666666667,0.02666666666666667,0.016215242326474737,0.1581908950590627,0.34,0.005922786798095905,0.8266666666666667,0.8266666666666667,0.84,0.84,0.06,0.05333333333333334,-0.16400743308369198,0.13583349023209393,0.010576413691899052,0.015225102575030736,0.0
ZERO,4,0,MATCH_VOL,GFC,0.9997202482085684,755,150,2.9924709103353866,0.025211285860440556,0.046192236975487536,0.20640206860260082,0.1487204092447065,0.22379735478535548,0.3105978339494899,0.06286437467124337,0.40104249811257864,545,True,46,0.7091935902877858,0.29080640971221416,0.7055805147304947,0.28516288193989203,0.0,0.04852082137953695,0.06076763974352746,0.16666666666666666,0.04,0.0194292671372267,0.2056992077299647,0.4266666666666667,0.007903043256758311,0.5666666666666667,0.5666666666666667,0.58,0.58,0.12,0.05333333333333334,-0.1640074330836939,0.15086575717093328,0.03084112486965924,0.017884571331270437,0.0
ZERO,4,0,VOL,2011,-0.6947811438996654,251,50,0.9883641341546886,-0.018203890867294018,-0.007044958582592392,0.14960207043068385,0.11351472203184046,-0.047091317401630355,-0.06206206962843381,-0.15025741741787718,0.1211513626423355,218,True,13,0.7791495338392218,0.2208504661607782,0.6534582811082889,3.70177468320732,0.0,0.033589107229810566,0.052309051948421795,0.18,0.02,0.016901504870570336,0.15644003631897518,0.34,0.007079221306865538,0.8,0.8,0.82,0.82,0.06,0.06,-0.2469593782360383,0.1346186214935464,0.010371115751166964,0.015070261133023677,0.0
ZERO,4,0,MATCH_VOL,2011,0.9779447407806479,251,50,0.9883641341546886,0.025623031787382428,0.03950465435498295,0.1698036027465405,0.12459009326178647,0.23264909410638404,0.31707701086615675,0.2156671398354049,0.11880823294145637,110,True,55,0.7791495338366473,0.2208504661633527,0.7779056267373529,0.21101811915081417,0.0,0.04861134841548842,0.06266136664684248,0.14,0.02,0.01800073070282212,0.17570446960153388,0.36,0.008166912787344032,0.5,0.5,0.54,0.54,0.08,0.06,-0.24695937823603845,0.14589918948294733,0.023751685785981202,0.01659059123803759,0.0
ZERO,4,0,VOL,2015_2016,0.7097717534224772,503,100,1.9931553730321698,0.06166881256446057,0.07383505434758723,0.16713686066737016,0.12382054460716221,0.44176403728517516,0.5963069745964948,0.36629898628030116,0.1683564925764497,74,False,190,0.9044023338089144,0.09559766619108556,0.849126283905429,3.218336900151729,0.0,0.031744661766861526,0.04412533571528652,0.12,0.01,0.01431537413920291,0.17569140395137314,0.18,0.015479375134515045,0.46,0.46,0.47,0.47,0.05,0.05,-0.03205939425832839,0.11501301726403851,0.0077063997774800795,0.013667291079998374,0.0
ZERO,4,0,MATCH_VOL,2015_2016,0.9131339427551155,503,100,1.9931553730321698,0.0793380205544663,0.09123816349702965,0.17257987390082732,0.12754275447324026,0.5286720950408127,0.7153535602539642,0.5027546206991056,0.15780664620077045,72,False,182,0.9044023338105276,0.09559766618947241,0.9031985123884648,0.06969527766821032,0.0,0.032590149326383155,0.04147599040936099,0.11,0.01,0.014663137281994951,0.18053534035077434,0.22,0.016277755761508104,0.3,0.3,0.33,0.33,0.06,0.05,-0.0320593942583301,0.12153190783159888,0.01834571197472991,0.015006581126367284,0.0
ZERO,4,0,VOL,2018Q4,,62,12,0.24914442162902123,-0.41950609237379916,-0.5316623687039775,0.1932965473080553,0.16096576302167673,-2.750501114004231,-3.3029531170077475,-2.770755765753989,0.15140493346934947,62,True,0,0.6169468967254053,0.38305310327459474,0.5822435363039585,4.583497262947058,0.0,0.04299611856905328,0.04299611856905328,0.25,0.0,0.026919548615518596,0.18653557254995873,0.5833333333333334,0.008423231812417388,0.9166666666666666,0.9166666666666666,0.9166666666666666,0.9166666666666666,0.16666666666666666,0.16666666666666666,-0.3291615339847418,0.13792570008432695,0.012767371082222886,0.015291607835918411,0.0
ZERO,4,0,MATCH_VOL,2018Q4,,62,12,0.24914442162902123,-0.36921487307254863,-0.44652545640268987,0.1994647885984504,0.16064175979044673,-2.2386179512696147,-2.779634990211583,-2.5962384707720934,0.14221146371147797,62,True,0,0.6169468967238518,0.38305310327614817,0.6167059447723854,0.3202232337527865,0.0,0.038592811925110326,0.038592811925110326,0.25,0.0,0.026982066997218206,0.1908880875101808,0.6666666666666666,0.008335601928781371,0.8333333333333334,0.8333333333333334,0.8333333333333334,0.8333333333333334,0.08333333333333333,0.16666666666666666,-0.32916153398474596,0.15129736621680223,0.02286203995772011,0.016625475921375404,0.0
ZERO,4,0,VOL,COVID,-0.8549576141191122,92,18,0.3613963039014374,-0.07811755362710043,-0.06273920784388495,0.1887573874355777,0.14838854945666782,-0.33238014520251635,-0.42280356586547774,-0.5397654200445294,0.14472500594916937,91,True,0,0.48271687796962665,0.5172831220303733,0.3953292089063905,4.76320560597114,0.0,0.0822427681336092,0.0822427681336092,0.16666666666666666,0.05555555555555555,0.018862534226087746,0.1901226665192524,0.3333333333333333,0.011888041776035035,1.0,1.0,1.0,1.0,0.1111111111111111,0.1111111111111111,-0.94985506546545,0.1394746637116116,0.014087415798610519,0.015296275880069718,0.0
ZERO,4,0,MATCH_VOL,COVID,0.6980065663588898,92,18,0.3613963039014374,0.06377692236332573,0.08157066802102539,0.20241969522026404,0.15011484407293152,0.4029779213542627,0.5433884205441751,0.45376127758469037,0.14055170750312063,66,False,66,0.48271687797182844,0.5172831220281715,0.4801793905133196,0.5077037180378888,0.0,0.06722651079577646,0.06722651079577646,0.16666666666666666,0.05555555555555555,0.019860380875297876,0.24137735767115065,0.3888888888888889,0.01596743395374431,0.6111111111111112,0.6111111111111112,0.5555555555555556,0.5555555555555556,0.16666666666666666,0.1111111111111111,-0.9498550654654514,0.16041503885267977,0.04192434086705944,0.019138607873216088,0.0
ZERO,4,0,VOL,2022,,250,49,0.9883641341546886,-0.2520312843251981,-0.273082723824512,0.17945474198703704,0.13826213829711897,-1.521735902884295,-1.9751084945443977,-0.944005487659685,0.26698074070524436,249,True,0,0.5541371467306571,0.44586285326934294,0.5449709060765259,4.449926091395568,0.0,0.03805183058356232,0.04381517427199639,0.20408163265306123,0.0,0.02180546774007866,0.16436043576393813,0.3877551020408163,0.006311361596653473,1.0,1.0,1.0,1.0,0.10204081632653061,0.061224489795918366,0.08315362100363044,0.14095213790432565,0.015037511988990688,0.015587308791311486,0.0
ZERO,4,0,MATCH_VOL,2022,,250,49,0.9883641341546886,-0.1983746919958698,-0.2043940886165139,0.17806946193940848,0.13285982070268335,-1.147833471221825,-1.5384191212624885,-0.9205217513125942,0.21550244925011552,249,True,0,0.5541371467318296,0.44586285326817043,0.5524968165540333,0.3591126317868597,0.0,0.030599771204994797,0.039494418157829975,0.14285714285714285,0.0,0.021458706959970996,0.16619786259203198,0.40816326530612246,0.0063828511214960755,0.7346938775510204,0.7346938775510204,0.6938775510204082,0.6938775510204082,0.04081632653061224,0.061224489795918366,0.08315362100362994,0.1470598886317732,0.020830636014868523,0.016303161920817336,0.0
ZERO,4,0,VOL,2023_PLUS,0.707147750464185,916,183,3.649555099247091,0.22436490854659952,0.21486762133767628,0.15189985878499232,0.10645582180145949,1.4145347010612572,2.01837360983794,1.2035505200655323,0.18641918623771858,162,False,162,0.8238392154983885,0.17616078450161154,0.7196373545909369,4.135486721059579,0.0,0.03361568390238534,0.046311844014918634,0.13114754098360656,0.01092896174863388,0.014222669286636793,0.1513384629400741,0.22950819672131148,0.006941736579949331,0.8579234972677595,0.8579234972677595,0.8579234972677595,0.8579234972677595,0.0546448087431694,0.04371584699453552,-0.0031895014493129197,0.13477880715099017,0.013136065234821115,0.01524879011502431,0.0
ZERO,4,0,MATCH_VOL,2023_PLUS,0.8154276700609883,916,183,3.649555099247091,0.25872012531964694,0.2451021045353487,0.1673501052551678,0.11311818279752713,1.4646068143287283,2.1667790135389877,1.2780084790485433,0.2024400694995857,87,False,87,0.8238392154977219,0.17616078450227812,0.8235653605947532,0.16123685708422175,0.0,0.03414731882603661,0.04982334346963363,0.12021857923497267,0.01639344262295082,0.014750148755368087,0.16516001112229012,0.2896174863387978,0.00849317596877863,0.6557377049180327,0.6557377049180327,0.6284153005464481,0.6284153005464481,0.07103825136612021,0.04371584699453552,-0.0031895014493133517,0.1401496501150193,0.020721050293832848,0.016164173893588395,0.0
ZERO,4,0,VOL,2024_PLUS,0.6512178796831708,666,133,2.652977412731006,0.1610508356696021,0.16167991416310304,0.1530667897595951,0.11154561186276168,1.0562703667924023,1.449451138983605,0.8639177056820354,0.1864191862377188,162,False,162,0.817423521489577,0.18257647851042302,0.6956990935282465,4.536038296390553,0.0,0.034866039506191604,0.04972746230891047,0.13533834586466165,0.015037593984962405,0.014603394063078912,0.15412335818327805,0.24812030075187969,0.0076276444227350556,0.8421052631578947,0.8421052631578947,0.8421052631578947,0.8421052631578947,0.06766917293233082,0.05263157894736842,-0.0900934112749398,0.13354017815996005,0.012827894431349417,0.015151481777888446,0.0
ZERO,4,0,MATCH_VOL,2024_PLUS,0.8175307443897313,666,133,2.652977412731006,0.2021811956907802,0.19972165634393377,0.17229024782339397,0.11948156985603901,1.1592162578386813,1.6715687330236324,1.0059464025803178,0.20098605171425865,87,False,87,0.8174235214875976,0.18257647851240244,0.8170722816394566,0.17176290550672066,0.0,0.04325983238834685,0.05430737023495579,0.12781954887218044,0.015037593984962405,0.015256072066502913,0.17021979480456037,0.3233082706766917,0.009431390412001967,0.631578947368421,0.631578947368421,0.6240601503759399,0.6240601503759399,0.08270676691729323,0.05263157894736842,-0.09009341127493724,0.1396689599176731,0.021514501572602852,0.01620777671814984,0.0
ZERO,4,0,VOL,EX_MAJOR_SHOCKS,0.8033978258042097,3987,795,15.838466803559205,0.18630982376031094,0.1821097600275273,0.14821195742269266,0.10575217745399389,1.2287116585887865,1.722042651147791,0.999413351814184,0.18641918623771858,162,False,240,0.8767208519249101,0.12327914807508988,0.7747939345181007,3.1816430966951694,0.0,0.03092417997736019,0.042846282109770095,0.11446540880503145,0.00880503144654088,0.013658352741742461,0.1501923389739819,0.2050314465408805,0.00862749385496451,0.5974842767295597,0.5974842767295597,0.6238993710691824,0.6238993710691824,0.04905660377358491,0.04779874213836478,0.015572424055672189,0.1218978873047449,0.009552629179286613,0.01421304720047652,0.0
ZERO,4,0,MATCH_VOL,EX_MAJOR_SHOCKS,0.8737044450563627,3987,795,15.838466803559205,0.202614092232708,0.1978806872054328,0.16180045522304828,0.11380530394255102,1.2229921537158008,1.7387650693795702,0.9451121884089906,0.21438099594693638,87,False,182,0.8767208519279492,0.12327914807205076,0.8761427854099916,0.15754188380101855,0.0,0.033439066708728316,0.047046700721259924,0.11446540880503145,0.016352201257861635,0.014378988204346707,0.1626112957988929,0.26540880503144654,0.009395320852680791,0.4729559748427673,0.4729559748427673,0.48050314465408805,0.48050314465408805,0.05660377358490566,0.04779874213836478,0.015572424055672027,0.12796376229667505,0.018460945593099666,0.015252301837508414,0.0
ZERO,4,0,CORE_VOL,ALL,0.9387949846103407,5090,1018,20.229979466119097,0.15321522468895374,0.15943114132240824,0.18202539034357515,0.1302749122021058,0.8758730912290863,1.2238054021872613,0.37423866285575297,0.4094051200370209,613,False,613,0.9144108290019238,0.08558917099807617,0.8229059590432688,1.6455055604323545,0.0,0.03997706074104157,0.05367367045410937,0.14931237721021612,0.023575638506876228,0.016982619423969916,0.18309168137125018,0.4017681728880157,0.009751131532371496,0.668958742632613,0.668958742632613,0.6856581532416502,0.6856581532416502,0.08055009823182711,0.05009823182711198,-0.02319242377008956,0.15059783700594206,0.02355706641892609,0.016985347690938613,0.0
ZERO,4,0,MATCH_CORE_VOL,ALL,0.9194947494435552,5090,1018,20.229979466119097,0.1500653464768795,0.16006799625132068,0.1996682020554598,0.14262917052225277,0.8016699434537915,1.122266894389231,0.30675731908668025,0.48919891112516734,758,False,758,0.9144108289985078,0.08558917100149221,0.9136411285435319,0.12782626612554765,0.0,0.03931377460411556,0.06006892832346933,0.14931237721021612,0.0343811394891945,0.01780781694927159,0.20131882860708072,0.4017681728880157,0.010680749041506581,0.5962671905697446,0.5962671905697446,0.6031434184675835,0.6031434184675835,0.08153241650294696,0.05009823182711198,-0.02319242377008952,0.15131932294776507,0.029958511734281486,0.017850514818709747,0.0
ZERO,4,0,CORE_VOL,GFC,2.2576237323834665,755,150,2.9924709103353866,0.056933524537916315,0.07927831235369705,0.2188839641067452,0.15651660049053084,0.36219333233125584,0.5065169579791208,0.13906402668527498,0.4094051200370197,545,True,48,0.8543687847477685,0.14563121525223155,0.7386739923744232,1.5434981008747948,0.0,0.055411925901303505,0.06251222851095498,0.2,0.05333333333333334,0.0217814865999208,0.21925685404789436,0.66,0.008367541791750569,0.84,0.84,0.84,0.84,0.13333333333333333,0.05333333333333334,-0.16400743308369226,0.18455526310518222,0.03764365603144055,0.02021823437331847,0.0
ZERO,4,0,MATCH_CORE_VOL,GFC,1.030171436131528,755,150,2.9924709103353866,0.02597921429331107,0.05673387704319195,0.24926918863297903,0.17947464206542324,0.22760084130063196,0.3161108242941137,0.05591678078454339,0.4646049706154094,545,True,46,0.8543687847525521,0.14563121524744793,0.852165919404722,0.1721421120233809,0.0,0.058446247472999535,0.07319827673606,0.2,0.07333333333333333,0.02337444800025672,0.24854522516382505,0.66,0.009598518585554825,0.7533333333333333,0.7533333333333333,0.78,0.78,0.15333333333333332,0.05333333333333334,-0.1640074330836938,0.18503875039168416,0.04622284017011169,0.021543041775809273,0.0
ZERO,4,0,CORE_VOL,2011,0.19159981507134125,251,50,0.9883641341546886,0.005020087482765796,0.021483998118344016,0.18178633237103334,0.13542395302424548,0.11818269194459734,0.1586425269575291,0.03843355142091673,0.1306173199501337,110,True,108,0.8895893048997509,0.11041069510024915,0.8263486057699913,1.8209319375648148,0.0,0.046806593027332144,0.06590008506574277,0.2,0.04,0.019989659280845482,0.18915263233855437,0.5,0.008727660229353472,0.8,0.8,0.82,0.82,0.12,0.06,-0.2469593782360368,0.16920337445110373,0.0270960249159135,0.01818010400818677,0.0
ZERO,4,0,MATCH_CORE_VOL,2011,1.0033733226303392,251,50,0.9883641341546886,0.02628928350271206,0.04455729741255889,0.19402356382636451,0.14238757046330516,0.22964889693725082,0.31292968387322684,0.19426624701473205,0.13532604817716187,110,True,55,0.8895893049038492,0.11041069509615076,0.8888750558144937,0.12050523291444258,0.0,0.05549777088301289,0.07153815482877919,0.18,0.08,0.02053670953892425,0.20078504159886643,0.52,0.009361247294844884,0.68,0.68,0.72,0.72,0.08,0.06,-0.2469593782360346,0.17097040883011605,0.03412322149852722,0.018940861781340194,0.0
ZERO,4,0,CORE_VOL,2015_2016,0.8563615234227789,503,100,1.9931553730321698,0.0744053254031662,0.0875955474070226,0.17779162558937325,0.13141422692912802,0.49268657686573436,0.6665606110840882,0.4352154208299521,0.17096206118173818,74,False,186,0.9522000278383571,0.04779997216164289,0.9245311144566717,1.6062253638458415,0.0,0.03174466176686164,0.04456363842339992,0.13,0.01,0.015262162748184548,0.18665308771689684,0.24,0.01661759539452417,0.46,0.46,0.47,0.47,0.05,0.05,-0.03205939425832937,0.12937790166689372,0.01567614697306653,0.015130032156659465,0.0
ZERO,4,0,MATCH_CORE_VOL,2015_2016,0.9568198321822173,503,100,1.9931553730321698,0.0831336871385493,0.09639978503775176,0.18182035842997754,0.13428800280475517,0.5301924705801146,0.7178585057811153,0.50168856977656,0.1657077560598501,72,False,182,0.9522000278314835,0.0477999721685165,0.9515633022484988,0.036689894959379764,0.0,0.03431251489115461,0.04366796617880133,0.13,0.01,0.01543405336968303,0.19036645973765473,0.27,0.017189499128555788,0.41,0.41,0.42,0.42,0.06,0.05,-0.03205939425832902,0.130116529360991,0.02086218948187708,0.015799667967368043,0.0
ZERO,4,0,CORE_VOL,2018Q4,,62,12,0.24914442162902123,-0.4765008376018212,-0.6219595713857713,0.2565804962434027,0.2089206300537584,-2.4240329272563073,-2.9770136689025484,-2.550023577908227,0.1868613458047681,62,True,0,0.8079947453137072,0.19200525468629281,0.7904305355969184,2.2411909437817363,0.0,0.048564892916634794,0.048564892916634794,0.4166666666666667,0.0,0.035188138190528025,0.24653680412282653,0.8333333333333334,0.010931301753437964,0.9166666666666666,0.9166666666666666,0.9166666666666666,0.9166666666666666,0.25,0.16666666666666666,-0.3291615339847385,0.1955301562915189,0.043646375053435195,0.021054410938579737,0.0
ZERO,4,0,MATCH_CORE_VOL,2018Q4,,62,12,0.24914442162902123,-0.4544026200844999,-0.5790100105066526,0.2612752353700068,0.20999148159182346,-2.216092197512265,-2.757302373017772,-2.4892618387657066,0.18254512763904907,62,True,0,0.8079947453157292,0.19200525468427077,0.8078333790328074,0.21017319478948146,0.0,0.05042191575124988,0.05042191575124988,0.4166666666666667,0.08333333333333333,0.03521712788854436,0.2503385678669299,1.0,0.011000260221814277,0.8333333333333334,0.8333333333333334,0.8333333333333334,0.8333333333333334,0.25,0.16666666666666666,-0.3291615339847419,0.19730751431079022,0.04956491936357491,0.021721359611181584,0.0
ZERO,4,0,CORE_VOL,COVID,0.12894978331383664,92,18,0.3613963039014374,0.011782153228263098,0.05554783089743261,0.29705778465623944,0.22304315157231586,0.18699335202312084,0.2490452206483582,0.05572556687390499,0.21143173392786807,77,False,77,0.7412031359223749,0.25879686407762514,0.6969720266212032,2.2796763436895784,0.0,0.08733585161037172,0.08733585161037172,0.16666666666666666,0.1111111111111111,0.029908241035642033,0.33909022493974766,0.9444444444444444,0.022285104440457854,1.0,1.0,1.0,1.0,0.16666666666666666,0.1111111111111111,-0.9498550654654486,0.2287190235165384,0.0805276629211906,0.027455683509937726,0.0
ZERO,4,0,MATCH_CORE_VOL,COVID,0.9116465214216717,92,18,0.3613963039014374,0.08329722415478165,0.1275914878099051,0.31157470331430326,0.230958011707719,0.40950528541848996,0.5524445195318625,0.39663083243352837,0.2100119742172124,71,False,71,0.741203135917431,0.25879686408256897,0.739234648399071,0.391593359063956,0.0,0.10319175186009999,0.10319175186009999,0.16666666666666666,0.1111111111111111,0.030376804541187734,0.3737354823173094,0.8888888888888888,0.025090438561386152,0.9444444444444444,0.9444444444444444,0.9444444444444444,0.9444444444444444,0.16666666666666666,0.1111111111111111,-0.9498550654654496,0.2266386522860294,0.08766799736631059,0.0293774948487248,0.0
ZERO,4,0,CORE_VOL,2022,,250,49,0.9883641341546886,-0.2950686754510368,-0.3170881518493922,0.24945359985800264,0.1878800190892275,-1.2711307915776298,-1.68771619987329,-0.935522021674494,0.31540537647942524,249,True,0,0.7770101797254324,0.2229898202745676,0.77193557273554,2.1958167477947,0.0,0.04659556087359218,0.05749109211637131,0.32653061224489793,0.04081632653061224,0.030139714024888423,0.23127985302544563,0.8979591836734694,0.008925633365048606,1.0,1.0,1.0,1.0,0.14285714285714285,0.061224489795918366,0.08315362100363143,0.2073912217013511,0.05121089732701385,0.022482404615671883,0.0
ZERO,4,0,MATCH_CORE_VOL,2022,,250,49,0.9883641341546886,-0.270286586756333,-0.2825793644650213,0.250031686940108,0.18614397278952782,-1.1301742108099668,-1.5180688379555138,-0.9261793792492944,0.29182963129173867,249,True,0,0.7770101797257605,0.22298982027423953,0.7758370876592559,0.2521080035069477,0.0,0.04287659419915557,0.05533983012946933,0.3469387755102041,0.02040816326530612,0.02996718341930409,0.23321742981246643,0.8979591836734694,0.009007933328302051,1.0,1.0,1.0,1.0,0.14285714285714285,0.061224489795918366,0.0831536210036307,0.20725426192881602,0.05384499372674615,0.02284409426329013,0.0
ZERO,4,0,CORE_VOL,2023_PLUS,0.8535658993933314,916,183,3.649555099247091,0.27082068044502705,0.256221814448443,0.17595512923007448,0.12119133802045158,1.45617701268267,2.114192471455381,1.2701396052194003,0.21322119185335242,98,False,116,0.9119816266039817,0.08801837339601826,0.8600426333365868,2.0650064229856246,0.0,0.036008863148113024,0.05252220580163227,0.15300546448087432,0.02185792349726776,0.01605799083048299,0.17451958962084513,0.41530054644808745,0.008536011351266465,0.8579234972677595,0.8579234972677595,0.8579234972677595,0.8579234972677595,0.08196721311475409,0.04371584699453552,-0.003189501449312187,0.1580614038996802,0.02459229850741755,0.017437605099377057,0.0
ZERO,4,0,MATCH_CORE_VOL,2023_PLUS,0.907397473028647,916,183,3.649555099247091,0.2879004436029795,0.2712897201056584,0.1852838097492964,0.1252740538821814,1.4641847038483005,2.1655698981434957,1.295320504229321,0.222261936457396,88,False,88,0.9119816265968954,0.08801837340310459,0.911827685158264,0.08915857165690143,0.0,0.037806481935343195,0.05516232019384358,0.14754098360655737,0.03278688524590164,0.01631954127304457,0.182873798228058,0.3989071038251366,0.009410347559911414,0.7978142076502732,0.7978142076502732,0.7868852459016393,0.7868852459016393,0.08196721311475409,0.04371584699453552,-0.003189501449311755,0.15840035380767906,0.02808304007075576,0.01789629667327598,0.0
ZERO,4,0,CORE_VOL,2024_PLUS,0.8265558824270399,666,133,2.652977412731006,0.2044131768268774,0.20300998108739807,0.18015267310751346,0.12809465643240153,1.1268774289363088,1.584843480137917,0.9586907147928667,0.21322119185335242,98,False,116,0.9087914608125354,0.09120853918746463,0.8481242060716476,2.2641140569907856,0.0,0.04148516666522817,0.05740469998891448,0.16541353383458646,0.03007518796992481,0.01662772360624326,0.1795983776525625,0.42857142857142855,0.009479991084989113,0.8421052631578947,0.8421052631578947,0.8421052631578947,0.8421052631578947,0.09022556390977443,0.05263157894736842,-0.09009341127493836,0.15809074395781927,0.025123036688517824,0.01749264287666647,0.0
ZERO,4,0,MATCH_CORE_VOL,2024_PLUS,0.9089755837744888,666,133,2.652977412731006,0.2247961579945683,0.22194861581309053,0.19158676707747108,0.13290691118110348,1.1584757089373618,1.6699554134596943,1.0146438521030805,0.22155178640133388,88,False,88,0.9087914608156634,0.09120853918433658,0.9085930717405143,0.0953958280984424,0.0,0.04810254132988845,0.06038679248207672,0.15789473684210525,0.03759398496240601,0.016951419462828052,0.18929759683239714,0.42857142857142855,0.010495197931477962,0.7819548872180451,0.7819548872180451,0.7669172932330827,0.7669172932330827,0.09022556390977443,0.05263157894736842,-0.09009341127493802,0.15854280820568234,0.02913142106411923,0.01802215141407768,0.0
ZERO,4,0,CORE_VOL,EX_MAJOR_SHOCKS,0.9027272836886252,3987,795,15.838466803559205,0.20934455599166585,0.20400991005662766,0.16500907966495992,0.11690296175995529,1.236355662796595,1.7451218257030554,0.9818187121646295,0.21322119185335242,98,False,186,0.9383775587575384,0.061622441242461634,0.8873746398568885,1.6179049933720866,0.0,0.03459824368703712,0.04767810825770946,0.12955974842767295,0.01509433962264151,0.015026457665865512,0.1665640946300173,0.30943396226415093,0.00959067507766514,0.6088050314465409,0.6088050314465409,0.630188679245283,0.630188679245283,0.06540880503144654,0.04779874213836478,0.015572424055672336,0.13900356204277306,0.017936669201340336,0.01580649639270202,0.0
ZERO,4,0,MATCH_CORE_VOL,EX_MAJOR_SHOCKS,0.936795954069369,3987,795,15.838466803559205,0.21724515986500936,0.21191780766004997,0.17323550930438272,0.1218328287130369,1.2232931257049655,1.7394146544787021,0.9522653523341328,0.22813510890899447,88,False,182,0.9383775587520274,0.06162244124797256,0.9380667037420953,0.11394834546019829,0.0,0.03579379633425539,0.05035965980999973,0.12452830188679245,0.021383647798742137,0.015384669070580514,0.17415301482068146,0.31949685534591193,0.010079262057561508,0.5446540880503145,0.5446540880503145,0.5559748427672956,0.5559748427672956,0.06540880503144654,0.04779874213836478,0.015572424055672862,0.1397968432200125,0.022408885874639108,0.016326346376702692,0.0
ZERO,4,1,BUYHOLD,ALL,1.0,5090,1018,20.229979466119097,0.16319838676593032,0.1754127179422986,0.21854069890953906,0.15606071645854905,0.8026546946063694,1.1240030285833629,0.3121612930577004,0.5228014824239098,761,False,761,1.0,0.0,1.000001898112116,0.04950389047539254,4.950389047539254e-06,0.04299611856905339,0.06569531393308345,0.16208251473477406,0.04027504911591356,0.01946184494429087,0.22045350852502907,0.48526522593320237,0.011730129510218937,0.668958742632613,0.668958742632613,0.6856581532416502,0.6856581532416502,0.09921414538310412,0.05009823182711198,-0.023192066761478485,0.16706881558666173,0.036997787356738865,0.019522492037270384,5.749601018567585e-06
ZERO,4,1,BUYHOLD,GFC,1.0,755,150,2.9924709103353866,0.02521834073643866,0.06774886567589018,0.29250718568184136,0.21043921521532824,0.23161436365389085,0.32194030759222964,0.048236934255650475,0.522801482423908,545,True,46,1.0,0.0,1.0,0.0,0.0,0.06839840732485192,0.08566239517743547,0.22,0.10666666666666667,0.027320628623956386,0.2918204313219182,0.7466666666666667,0.011334271960732173,0.84,0.84,0.84,0.84,0.16666666666666666,0.05333333333333334,-0.16400743308369356,0.21413023719497626,0.06313065835300717,0.02521136617160621,-1.5265566588595902e-16
ZERO,4,1,BUYHOLD,2011,1.0,251,50,0.9883641341546886,0.026200899415775043,0.04947803757043688,0.2182788534844951,0.16021662664652125,0.22667352691565895,0.30881961882519254,0.17265884302601067,0.1517495365808048,110,True,55,1.0,0.0,0.9999999999999994,0.0,0.0,0.06238071994209282,0.0804104656915882,0.2,0.08,0.023067988719025746,0.22590706479014647,0.6,0.010565117554216177,0.8,0.8,0.82,0.82,0.12,0.06,-0.24695937823603742,0.19246165225716858,0.04509078370741367,0.02128994688334986,2.5326962749261384e-15
ZERO,4,1,BUYHOLD,2015_2016,1.0,503,100,1.9931553730321698,0.08688541389129333,0.10159890232515344,0.19107510807991768,0.14103405886072135,0.5317223334117358,0.7203855802341176,0.5005900764226828,0.17356599338163858,72,False,182,1.0,0.0,0.9999999999999991,0.0,0.0,0.036034920469832254,0.0458599928721074,0.15,0.01,0.01620459349194069,0.20023138045224673,0.31,0.018107190520700277,0.46,0.46,0.47,0.47,0.08,0.05,-0.03205939425832845,0.1385179746130629,0.023554235102901708,0.016592773233320555,-4.996003610813204e-16
ZERO,4,1,BUYHOLD,2018Q4,1.0,62,12,0.24914442162902123,-0.5289552733768623,-0.7093384933401198,0.32342420700991975,0.25939958578426203,-2.1932139832636697,-2.7345398073613882,-2.38902681730768,0.22141035401727716,62,True,0,1.0,0.0,0.9999999999999996,0.0,0.0,0.06225095165657246,0.06225095165657246,0.5,0.08333333333333333,0.04343602434573967,0.3102559086648662,1.0,0.01372011179101486,0.9166666666666666,0.9166666666666666,0.9166666666666666,0.9166666666666666,0.25,0.16666666666666666,-0.32916153398474385,0.2313155100903057,0.07820290360316899,0.02681721404124106,1.1102230246251565e-16
ZERO,4,1,BUYHOLD,COVID,1.0,92,18,0.3613963039014374,0.09137008939043839,0.1753467348145743,0.42145989130573325,0.31225864280546717,0.4160460780059737,0.5615432554217976,0.331493840036725,0.27563133414580443,72,False,72,1.0,0.0,1.0000000000000002,0.0,0.0,0.13915245925033404,0.13915245925033404,0.16666666666666666,0.16666666666666666,0.04081988679002715,0.5086831148453145,1.0,0.034666447167825194,1.0,1.0,1.0,1.0,0.16666666666666666,0.1111111111111111,-0.9498550654654451,0.26746562762164755,0.1307734628521604,0.03961509113980573,1.429412144204889e-15
ZERO,4,1,BUYHOLD,2022,1.0,250,49,0.9883641341546886,-0.33769548373084496,-0.3583998756999966,0.3222645326642971,0.23937477070898208,-1.1121294445186174,-1.4972332908705668,-0.9315640449314492,0.3625037758468822,249,True,0,1.0,0.0,0.9999999999999999,0.0,0.0,0.05513929116362204,0.0711670099607465,0.40816326530612246,0.061224489795918366,0.03841011298026186,0.30039024884931015,1.0,0.011671602510451965,1.0,1.0,1.0,1.0,0.24489795918367346,0.061224489795918366,0.08315362100362796,0.24746751642864884,0.0901590127400804,0.029377500440032275,9.992007221626409e-16
ZERO,4,1,BUYHOLD,2023_PLUS,1.0,916,183,3.649555099247091,0.3172815135158418,0.29743416809579537,0.20319996361830914,0.13742477582594004,1.4637510893185777,2.1643416647993705,1.3126298134434187,0.2417143891342205,88,False,88,1.0,0.0,1.0000000000000002,0.0,0.0,0.04146142131511499,0.06049513419914743,0.15846994535519127,0.03825136612021858,0.017885016826778493,0.20057303281021954,0.546448087431694,0.010328265417498504,0.8579234972677595,0.8579234972677595,0.8579234972677595,0.8579234972677595,0.08196721311475409,0.04371584699453552,-0.0031895014493119687,0.17472460768341455,0.036284950319208,0.019626420083729803,1.6653345369377348e-16
ZERO,4,1,BUYHOLD,2024_PLUS,1.0,666,133,2.652977412731006,0.24730714664645914,0.2441181978943528,0.2108602486526311,0.14632513578866074,1.157725078359888,1.6683271577272671,1.0231378757891536,0.2417143891342204,88,False,88,1.0,0.0,0.9999999999999997,0.0,0.0,0.0529379846799245,0.06645709367749478,0.17293233082706766,0.05263157894736842,0.01864178741605989,0.2083551423467103,0.5488721804511278,0.011559589010772234,0.8421052631578947,0.8421052631578947,0.8421052631578947,0.8421052631578947,0.09022556390977443,0.05263157894736842,-0.09009341127493838,0.17529411757494295,0.03756677058931581,0.0198338039754445,0.0
ZERO,4,1,BUYHOLD,EX_MAJOR_SHOCKS,1.0,3987,795,15.838466803559205,0.23189454756959663,0.22595798371727013,0.18467331083206318,0.1298603377807237,1.2235551672258158,1.7400076696151259,0.9593741953062999,0.2417143891342205,88,False,182,1.0,0.0,1.000003430222504,0.06319909769745373,6.319909769745373e-06,0.03814754961849631,0.053671245246876095,0.1371069182389937,0.02389937106918239,0.016389174368385412,0.18570397091837829,0.39245283018867927,0.010766260187918777,0.6088050314465409,0.6088050314465409,0.630188679245283,0.630188679245283,0.07672955974842767,0.04779874213836478,0.015572881206321859,0.15106137884043458,0.026729621425975576,0.017399945584927523,7.77750056751847e-06
ZERO,4,1,VOL,ALL,0.8633461227686183,5090,1018,20.229979466119097,0.14089669445645933,0.14365274276056125,0.15206738707780176,0.10922328427609415,0.944665029899308,1.3152208680837363,0.4993180544869817,0.2821782492948747,539,False,539,0.8288741251067495,0.17112587489325048,0.6472576420458385,3.2502391061940377,0.0003250239106194038,0.03212439193186756,0.04493509142009667,0.1237721021611002,0.011787819253438114,0.01449231939934887,0.15290014995522155,0.2357563850687623,0.008247232480093142,0.6581532416502947,0.6630648330058939,0.6807465618860511,0.6856581532416502,0.054027504911591355,0.05009823182711198,-0.023187351701473687,0.1252089010389685,0.010054778909783362,0.01444820334460684,0.0003703035413058775
ZERO,4,1,MATCH_VOL,ALL,0.8377701759092996,5090,1018,20.229979466119097,0.13672274118900735,0.1447767631213484,0.18084295882197712,0.12922261636992172,0.8005662153751173,1.1203670625805957,0.30130954149250627,0.45376173788511676,757,False,757,0.8288741251092531,0.17112587489074693,0.8274906808108375,0.19062946834790362,1.9062946834790363e-05,0.03563410419941959,0.05444679844126838,0.13359528487229863,0.0275049115913556,0.01615285512995215,0.18225171926467376,0.33398821218074654,0.009641605041129157,0.48722986247544203,0.48722986247544203,0.49901768172888017,0.49901768172888017,0.07170923379174853,0.05009823182711198,-0.023191775814961686,0.13422302935286148,0.023516024672928782,0.01617967709012396,2.163587603531969e-05
ZERO,4,1,VOL,GFC,3.3248936275423624,755,150,2.9924709103353866,0.08384830041177686,0.09272332749005045,0.15677642709427458,0.11108791988932538,0.5914366669058799,0.8346841635204693,0.29714657533421496,0.28217824929487634,539,False,539,0.7091935902846807,0.29080640971531935,0.4819261766658744,3.054213620727825,0.0003054213620727825,0.03905252085135913,0.050042232583090256,0.14666666666666667,0.02666666666666667,0.016217887540509093,0.1581908950590627,0.34,0.005922786798095904,0.8266666666666667,0.8266666666666667,0.84,0.84,0.06,0.05333333333333334,-0.16400519010759898,0.1358370744614846,0.010576413691899052,0.015225102575030736,0.0003314768352241648
ZERO,4,1,MATCH_VOL,GFC,0.998559600019258,755,150,2.9924709103353866,0.02518201623892755,0.04616370731403788,0.20640199056231212,0.14872135298890082,0.22365921563194033,0.310404029994826,0.06278800293172512,0.4010641374644477,545,True,46,0.709193590287786,0.29080640971221405,0.7055802526136692,0.28516303414435124,2.8516303414435127e-05,0.04852258370837448,0.06076854079372871,0.16666666666666666,0.04,0.019429501190358054,0.2056992077299647,0.4266666666666667,0.007903043256758311,0.5666666666666667,0.5666666666666667,0.58,0.58,0.12,0.05333333333333334,-0.16400474369276788,0.1508738459048285,0.03084112486965924,0.017884571331270437,2.926962151300616e-05
ZERO,4,1,VOL,2011,-0.7087574860780398,251,50,0.9883641341546886,-0.0185700836029083,-0.007415601371803417,0.14959872438129285,0.11352355511608571,-0.04956995056256462,-0.06532213833702134,-0.15304740724453972,0.1213354994850514,218,True,13,0.7791495338392216,0.2208504661607784,0.6534408026020017,3.7017727653885815,0.0003701772765388582,0.033589107229810455,0.05231696457536472,0.18,0.02,0.0169035048036727,0.1564400363189752,0.34,0.007079221306865538,0.8,0.8,0.82,0.82,0.06,0.06,-0.24683987170283206,0.1346186214935464,0.010371115751166964,0.015070261133023677,0.0003661927356142826
ZERO,4,1,MATCH_VOL,2011,0.9771123197429444,251,50,0.9883641341546886,0.02560122160749951,0.03948350286101445,0.16980330887251457,0.12459071543590555,0.23252493207101158,0.31690565964625467,0.21547753095775551,0.11881156004390381,110,True,55,0.7791495338366473,0.2208504661633527,0.7779042803763315,0.2110181035222817,2.1101810352228178e-05,0.04861135692547147,0.06266170830235407,0.14,0.02,0.018000873980622504,0.1757044696015339,0.36,0.008166912787344032,0.5,0.5,0.54,0.54,0.08,0.06,-0.24695664638433526,0.14590812603343883,0.023751685785981202,0.01659059123803759,2.1810179882918168e-05
ZERO,4,1,VOL,2015_2016,0.7058341660434357,503,100,1.9931553730321698,0.061326693655299774,0.0735131909454013,0.16713702329910946,0.12382761358619468,0.43983786173959577,0.5936736469061467,0.3642506350116207,0.16836399929225454,74,False,190,0.9044023338089144,0.09559766619108556,0.8491248611314015,3.218294560207114,0.00032182945602071136,0.03174466176686175,0.044130094324499394,0.12,0.01,0.014317825044661702,0.1756914039513731,0.18,0.015479375134515043,0.46,0.46,0.47,0.47,0.05,0.05,-0.03203520925386417,0.11501582704206605,0.007718111254869957,0.013667291079998374,0.0003421189091607976
ZERO,4,1,MATCH_VOL,2015_2016,0.9130472381119944,503,100,1.9931553730321698,0.07933048718566288,0.09123121172444834,0.17257997823139695,0.12754307353468533,0.5286314939854995,0.7152972654343164,0.5027053176299681,0.15780713750885078,72,False,182,0.9044023338105277,0.0955976661894723,0.9031990582023041,0.06969585109933127,6.969585109933129e-06,0.032590205437818986,0.04147605234758824,0.11,0.01,0.014663195365783564,0.18053534035077434,0.22,0.01627775576150811,0.3,0.3,0.33,0.33,0.06,0.05,-0.03205924477055039,0.12153190783159888,0.01834571197472991,0.015006581126367284,7.533368803422369e-06
ZERO,4,1,VOL,2018Q4,,62,12,0.24914442162902123,-0.4197687866480814,-0.532117497152446,0.19330801765592767,0.16099008421819674,-2.7526923280521727,-3.305281190059162,-2.7707396167656797,0.15150062608123493,62,True,0,0.6169468967254053,0.38305310327459474,0.58227943265357,4.583612760249032,0.0004583612760249034,0.04299611856905328,0.04299611856905328,0.25,0.0,0.02692574249840607,0.18653557254995873,0.5833333333333334,0.00842323181241739,0.9166666666666666,0.9166666666666666,0.9166666666666666,0.9166666666666666,0.16666666666666666,0.16666666666666666,-0.32921497793050625,0.13792570008432695,0.012767371082222886,0.015291607835918411,0.0002626942742822713
ZERO,4,1,MATCH_VOL,2018Q4,,62,12,0.24914442162902123,-0.3692348189209355,-0.44655708272790523,0.19946646615447788,0.1606443909337677,-2.2387576786068224,-2.7797863350984775,-2.5962553525420913,0.1422182215472002,62,True,0,0.6169468967238518,0.38305310327614817,0.6167111177787901,0.3202121166270802,3.2021211662708015e-05,0.03859321853285558,0.03859321853285558,0.25,0.0,0.02698253818960576,0.19088808751018083,0.6666666666666666,0.008335601928781373,0.8333333333333334,0.8333333333333334,0.8333333333333334,0.8333333333333334,0.08333333333333333,0.16666666666666666,-0.32915823150558793,0.15129736621680223,0.02286203995772011,0.016625475921375404,1.994584838688196e-05
ZERO,4,1,VOL,COVID,-0.8598113494834638,92,18,0.3613963039014374,-0.07856103986121755,-0.06321253914196795,0.18877245266027554,0.14841429036583864,-0.3348610364020032,-0.42591949189090983,-0.5425795756863704,0.14479173817377256,91,True,0,0.48271687796962665,0.5172831220303733,0.3953677693305633,4.763224558482591,0.0004763224558482592,0.08224819352509694,0.08224819352509694,0.16666666666666666,0.05555555555555555,0.018867731090715163,0.1901226665192524,0.3333333333333333,0.011888041776035035,1.0,1.0,1.0,1.0,0.1111111111111111,0.1111111111111111,-0.9497484972938648,0.1394746637116116,0.014099869408912145,0.015296275880069718,0.0004434862341171214
ZERO,4,1,MATCH_VOL,COVID,0.6974094604927176,92,18,0.3613963039014374,0.06372236474695701,0.08152002697341182,0.20242036286463863,0.15011717589664528,0.4027264145748292,0.5430426364371379,0.45335108255485485,0.14055853663754447,66,False,66,0.48271687797182833,0.5172831220281717,0.4801809722823557,0.5077056158040718,5.077056158040718e-05,0.06722808595953433,0.06722808595953433,0.16666666666666666,0.05555555555555555,0.019860695604583214,0.24137735767115065,0.3888888888888889,0.015967433953744305,0.6111111111111112,0.6111111111111112,0.5555555555555556,0.5555555555555556,0.16666666666666666,0.1111111111111111,-0.9498423766438643,0.16041503885267977,0.04192434086705944,0.019138607873216088,5.45576163687167e-05
ZERO,4,1,VOL,2022,,250,49,0.9883641341546886,-0.2523652970551976,-0.27352749425600675,0.17945305562708108,0.13827474672869836,-1.5242286808669363,-1.97814496664876,-0.9444752356351672,0.2672016031055382,249,True,0,0.5541371467306571,0.44586285326934294,0.5449688862749361,4.449910560857829,0.0004449910560857828,0.03805500893379077,0.04382100142544256,0.20408163265306123,0.0,0.021807805657580576,0.16436043576393813,0.3877551020408163,0.006311361596653475,1.0,1.0,1.0,1.0,0.10204081632653061,0.061224489795918366,0.08313428833249384,0.14104475101558656,0.015037511988990688,0.015587308791311486,0.00033401272999949994
ZERO,4,1,MATCH_VOL,2022,,250,49,0.9883641341546886,-0.19840358616536283,-0.20443001739059913,0.17806917984605067,0.1328607063481725,-1.1480370582227575,-1.5386792905862874,-0.9205579095006623,0.21552537229622282,249,True,0,0.5541371467318297,0.4458628532681703,0.5524959583665712,0.35910703111873504,3.591070311187351e-05,0.03060095337446156,0.039495150858257874,0.14285714285714285,0.0,0.021458866695749975,0.16619786259203198,0.40816326530612246,0.0063828511214960755,0.7346938775510204,0.7346938775510204,0.6938775510204082,0.6938775510204082,0.04081632653061224,0.061224489795918366,0.08315407323827502,0.14706389888197272,0.020830636014868523,0.016303161920817336,2.889416949303225e-05
ZERO,4,1,VOL,2023_PLUS,0.705558625649177,916,183,3.649555099247091,0.2238607086201281,0.2144540588975312,0.151901807488522,0.10647058508491061,1.4117939900993988,2.014209452559159,1.1999969616344426,0.18655106285871015,162,False,162,0.8238392154983885,0.17616078450161154,0.7196404685354313,4.135450338478318,0.00041354503384783174,0.03361711723930749,0.04632101189074268,0.13114754098360656,0.01092896174863388,0.014225979537257736,0.1513384629400741,0.22950819672131148,0.006941736579949331,0.8579234972677595,0.8579234972677595,0.8579234972677595,0.8579234972677595,0.0546448087431694,0.04371584699453552,-0.0031833003859336705,0.13492708507891624,0.013138904995597698,0.01524879011502431,0.0005041999264714103
ZERO,4,1,MATCH_VOL,2023_PLUS,0.8153639598783115,916,183,3.649555099247091,0.25869991125646075,0.24508594688745772,0.16734997618464065,0.11311872869444012,1.464511393877041,2.1666257189779032,1.2778950099660062,0.20244222666097,87,False,87,0.8238392154977219,0.17616078450227812,0.8235647250395394,0.1612400035628916,1.612400035628916e-05,0.034147523894150544,0.04982381605166325,0.12021857923497267,0.01639344262295082,0.014750281779907275,0.16516001112229012,0.2896174863387978,0.00849317596877863,0.6557377049180327,0.6557377049180327,0.6284153005464481,0.6284153005464481,0.07103825136612021,0.04371584699453552,-0.0031884889709719614,0.1401515089979706,0.020722974813274515,0.016164173893588395,2.0214063186196896e-05
ZERO,4,1,VOL,2024_PLUS,0.6490969128615827,666,133,2.652977412731006,0.16052630541682333,0.16122625218542633,0.15306799377487337,0.11156087210323326,1.053298264446791,1.4451863735542962,0.8604952604231614,0.18655106285871015,162,False,162,0.817423521489577,0.18257647851042302,0.6956976453660146,4.536004980664641,0.0004536004980664641,0.034866039506191715,0.0497379044877384,0.13533834586466165,0.015037593984962405,0.014607034046112577,0.15412335818327805,0.24812030075187969,0.007627644422735055,0.8421052631578947,0.8421052631578947,0.8421052631578947,0.8421052631578947,0.06766917293233082,0.05263157894736842,-0.09007572966027795,0.13372007570371114,0.012830388463659968,0.015151481777888446,0.0005245302527787654
ZERO,4,1,MATCH_VOL,2024_PLUS,0.8174475669756383,666,133,2.652977412731006,0.2021606253218354,0.19970442996412843,0.17229001063043164,0.11948210982247452,1.1591178689546995,1.6714170034396576,1.0058329370663508,0.20098827337218095,87,False,87,0.8174235214875976,0.18257647851240244,0.8170711563187995,0.1717653646997278,1.717653646997278e-05,0.04326009245398932,0.05430792065597942,0.12781954887218044,0.015037593984962405,0.015256210505835416,0.17021979480456037,0.3233082706766917,0.009431390412001965,0.631578947368421,0.631578947368421,0.6240601503759399,0.6240601503759399,0.08270676691729323,0.05263157894736842,-0.09009137791755312,0.13967155573674583,0.021514501572602852,0.01620777671814984,2.057036894478892e-05
ZERO,4,1,VOL,EX_MAJOR_SHOCKS,0.8017991393877252,3987,795,15.838466803559205,0.18593284867000848,0.1817916128245854,0.14821338994500544,0.10576356429275348,1.2265532344414978,1.718849152259906,0.9966860859475783,0.18655106285871015,162,False,240,0.8767208519249102,0.12327914807508977,0.774797143536914,3.181607859719401,0.0003181607859719401,0.03092417997736019,0.04285484359379552,0.11446540880503145,0.00880503144654088,0.013660866996448829,0.1501923389739819,0.2050314465408805,0.00862749385496451,0.5974842767295597,0.6037735849056604,0.6238993710691824,0.630188679245283,0.04905660377358491,0.04779874213836478,0.015577632132556753,0.12193766745470441,0.009555906300491053,0.01421304720047652,0.00037697509030246157
ZERO,4,1,MATCH_VOL,EX_MAJOR_SHOCKS,0.8736521351618811,3987,795,15.838466803559205,0.2025951666165765,0.1978650088243426,0.16180097925493786,0.11380640544282465,1.2228912935847027,1.7386104767516646,0.9450169183147549,0.21438258161331514,87,False,182,0.8767208519279492,0.12327914807205076,0.8761456141529436,0.15753891716406554,1.5753891716406552e-05,0.033439164196702675,0.04704690773435992,0.11446540880503145,0.016352201257861635,0.014379169642934222,0.1626112957988929,0.26540880503144654,0.009395320852680791,0.4729559748427673,0.4729559748427673,0.48050314465408805,0.48050314465408805,0.05660377358490566,0.04779874213836478,0.015572871408906758,0.12796575820303907,0.018460945593099666,0.015252301837508414,1.8925616131482137e-05
ZERO,4,1,CORE_VOL,ALL,0.9376671997035669,5090,1018,20.229979466119097,0.15302577431494954,0.15926669121412404,0.18202636665526828,0.13028118909938158,0.8749649522794256,1.2224841691660615,0.37365915248191844,0.4095330551881893,613,False,613,0.9144108290019238,0.08558917099807617,0.8229098715391227,1.6454949342754648,0.0001645494934275465,0.039980385439417176,0.053677017256956054,0.14931237721021612,0.023575638506876228,0.016983947591029693,0.18309168137125018,0.4017681728880157,0.009751131532371497,0.668958742632613,0.668958742632613,0.6856581532416502,0.6856581532416502,0.08055009823182711,0.05009823182711198,-0.02318860198106926,0.1506247751903462,0.023561869709996786,0.016985347690938613,0.0001894503740041964
ZERO,4,1,MATCH_CORE_VOL,ALL,0.9194372061698586,5090,1018,20.229979466119097,0.150050668779495,0.1600552812921886,0.1996685631794755,0.14262996590854224,0.8016048132139868,1.1221714895088728,0.3067228885240774,0.48920597188401926,758,False,758,0.9144108289985078,0.08558917100149221,0.9136427754665111,0.12782308951887747,1.2782308951887749e-05,0.03931386464417497,0.0600691594048659,0.14931237721021612,0.0343811394891945,0.017807963333855835,0.20131882860708072,0.4017681728880157,0.010680749041506581,0.5962671905697446,0.5962671905697446,0.6031434184675835,0.6031434184675835,0.08153241650294696,0.05009823182711198,-0.02319192109063322,0.15132248448191643,0.02995910019049865,0.017850514818709747,1.4677697384501975e-05
ZERO,4,1,CORE_VOL,GFC,2.2511475365839693,755,150,2.9924709103353866,0.056770205625569045,0.07912413584355454,0.21888484877978098,0.1565220959816852,0.36148749575244,0.5055141598206871,0.13862179110177486,0.40953305518819094,545,True,48,0.8543687847477683,0.14563121525223166,0.7386770322003625,1.543493085054439,0.0001543493085054439,0.05541291464235487,0.06251533867291686,0.2,0.05333333333333334,0.0217828238261924,0.21925685404789436,0.66,0.008367541791750569,0.84,0.84,0.84,0.84,0.13333333333333333,0.05333333333333334,-0.16400629213494114,0.18457238500680404,0.03764365603144055,0.02021823437331847,0.00016331891234726975
ZERO,4,1,MATCH_CORE_VOL,GFC,1.0294702681834076,755,150,2.9924709103353866,0.025961532001082057,0.056716653294932445,0.24926913767691794,0.17947520994469515,0.2275317908326216,0.31601385680178085,0.05587731187912589,0.4646166955425878,545,True,46,0.8543687847525521,0.14563121524744793,0.8521657466891417,0.17214211432236887,1.721421143223689e-05,0.05844731310776086,0.07319881297079484,0.2,0.07333333333333333,0.02337458839579401,0.24854522516382505,0.66,0.009598518585554827,0.7533333333333333,0.7533333333333333,0.78,0.78,0.15333333333333332,0.05333333333333334,-0.16400609604682392,0.18503875039168416,0.046226424399502364,0.021543041775809273,1.7682292229013324e-05
ZERO,4,1,CORE_VOL,2011,0.1845614402901178,251,50,0.9883641341546886,0.004835675733071948,0.021301608238786258,0.18178468177928606,0.13542841946895626,0.1171804358336948,0.1572905326837189,0.037015494938884556,0.1306392293566795,110,True,108,0.8895893048997509,0.11041069510024915,0.826340810955099,1.820940531155237,0.0001820940531155237,0.04681115085913845,0.06590488164710036,0.2,0.04,0.019990647252348906,0.18915263233855437,0.5,0.008727660229353474,0.8,0.8,0.82,0.82,0.12,0.06,-0.24691009606191028,0.16923800207980866,0.0270960249159135,0.01818010400818677,0.00018441174969384844
ZERO,4,1,MATCH_CORE_VOL,2011,1.0028976447822344,251,50,0.9883641341546886,0.026276820315257014,0.04454521428449372,0.194023393252773,0.14238792427336336,0.22958682217489293,0.31284404567183394,0.19417145994431878,0.13532792266583482,110,True,55,0.8895893049038492,0.11041069509615076,0.8888742743807785,0.12050516534949203,1.2050516534949202e-05,0.05549777570462422,0.0715383483078472,0.18,0.08,0.020536791197543085,0.20078504159886645,0.52,0.009361247294844884,0.68,0.68,0.72,0.72,0.08,0.06,-0.2469580058137269,0.17097040883011605,0.03412322149852722,0.018940861781340194,1.2463187455045294e-05
ZERO,4,1,CORE_VOL,2015_2016,0.8543725939274424,503,100,1.9931553730321698,0.07423251644076372,0.08743488276756771,0.1777915726024649,0.13141803552600617,0.49178305522426946,0.6653187472907044,0.43419511466734106,0.17096580300687403,74,False,186,0.9522000278383571,0.04779997216164289,0.9245302804872733,1.6062154050309083,0.00016062154050309083,0.03174466176686175,0.044566013335530986,0.13,0.01,0.01526338176387617,0.18665308771689684,0.24,0.01661759539452417,0.46,0.46,0.47,0.47,0.05,0.05,-0.03204406638902756,0.12941332597230995,0.015682044994937992,0.015130032156659465,0.00017280896240248755
ZERO,4,1,MATCH_CORE_VOL,2015_2016,0.9567740273936229,503,100,1.9931553730321698,0.08312970737053454,0.09639612590075185,0.181820413009248,0.1342881704618293,0.5301721864191828,0.7178303611497331,0.5016637761008297,0.16570801267864765,72,False,182,0.9522000278314835,0.0477999721685165,0.9515635878379183,0.03669020802212435,3.6690208022124357e-06,0.03431254438666731,0.04366799866860762,0.13,0.01,0.015434083911848973,0.1903664597376548,0.27,0.017189499128555788,0.41,0.41,0.42,0.42,0.06,0.05,-0.032059319953714166,0.130116529360991,0.02086218948187708,0.015799667967368043,3.979768014750196e-06
ZERO,4,1,CORE_VOL,2018Q4,,62,12,0.24914442162902123,-0.4766166896131496,-0.6221816641775246,0.2565861081378609,0.20893254001124065,-2.424845478552694,-2.977906955728634,-2.5500316880764573,0.18690618310420748,62,True,0,0.8079947453137072,0.19200525468629281,0.790447787306792,2.2412691479388314,0.00022412691479388314,0.04856728695098356,0.04856728695098356,0.4166666666666667,0.0,0.03519115656532907,0.24653680412282658,0.8333333333333334,0.010931301753437964,0.9166666666666666,0.9166666666666666,0.9166666666666666,0.9166666666666666,0.25,0.16666666666666666,-0.3291805701265026,0.1955704483149353,0.043646375053435195,0.021054410938579737,0.00011585201132841005
ZERO,4,1,MATCH_CORE_VOL,2018Q4,,62,12,0.24914442162902123,-0.45441394318455247,-0.5790306865970812,0.2612763320612117,0.2099932025147113,-2.216162030556316,-2.7573782373099274,-2.489266229332753,0.1825493544362099,62,True,0,0.8079947453157291,0.19200525468427088,0.8078367652972414,0.21016358461435825,2.1016358461435827e-05,0.050422178993978495,0.050422178993978495,0.4166666666666667,0.08333333333333333,0.035217435325660774,0.2503385678669299,1.0,0.011000260221814277,0.8333333333333334,0.8333333333333334,0.8333333333333334,0.8333333333333334,0.25,0.16666666666666666,-0.32915989822368236,0.19730751431079022,0.04956491936357491,0.021721359611181584,1.1323100052584856e-05
ZERO,4,1,CORE_VOL,COVID,0.12639991664336817,92,18,0.3613963039014374,0.011549171682648511,0.05532221718910923,0.2970656862432522,0.2230561457728689,0.1862289040808592,0.24801924644318976,0.0546163045342055,0.21146014511866895,77,False,77,0.7412031359223749,0.25879686407762514,0.696990695458322,2.279705098027377,0.0002279705098027377,0.087339585596234,0.087339585596234,0.16666666666666666,0.1111111111111111,0.029910721053026706,0.33909022493974766,0.9444444444444444,0.022285104440457858,1.0,1.0,1.0,1.0,0.16666666666666666,0.1111111111111111,-0.9497924524387891,0.22876827175212208,0.0805276629211906,0.027455683509937726,0.00023298154561458666
ZERO,4,1,MATCH_CORE_VOL,COVID,0.9111775179542465,92,18,0.3613963039014374,0.08325437126603728,0.1275524823234051,0.3115751940644793,0.23095979040344747,0.4093794523867282,0.5522713806615108,0.3964174270324291,0.21001693061094062,71,False,71,0.741203135917431,0.25879686408256897,0.739235811894375,0.3915950185625239,3.915950185625239e-05,0.10319293474671243,0.10319293474671243,0.16666666666666666,0.1111111111111111,0.030377043438603885,0.3737354823173094,0.8888888888888888,0.025090438561386152,0.9444444444444444,0.9444444444444444,0.9444444444444444,0.9444444444444444,0.16666666666666666,0.1111111111111111,-0.9498487484165489,0.2266386522860294,0.08766799736631059,0.0293774948487248,4.285288874436577e-05
ZERO,4,1,CORE_VOL,2022,,250,49,0.9883641341546886,-0.2952240281701074,-0.3173075511732218,0.2494530693152723,0.18788654551228778,-1.27201301649326,-1.6888252977777478,-0.9357154940088184,0.3155061875755636,249,True,0,0.7770101797254324,0.2229898202745676,0.7719345207021608,2.1958163756617384,0.00021958163756617387,0.04659727174326456,0.057493993959612064,0.32653061224489793,0.04081632653061224,0.030140869762825505,0.23127985302544563,0.8979591836734694,0.008925633365048605,1.0,1.0,1.0,1.0,0.14285714285714285,0.061224489795918366,0.08314968485250317,0.20739531643715878,0.051218883755007966,0.022482404615671883,0.00015535271907057835
ZERO,4,1,MATCH_CORE_VOL,2022,,250,49,0.9883641341546886,-0.2703050516298051,-0.28260459228479473,0.25003148703031897,0.18614459307096548,-1.1302760129988185,-1.5181993074440523,-0.9261965089823826,0.2918441702255937,249,True,0,0.7770101797257604,0.22298982027423964,0.7758364734624632,0.252102326359483,2.5210232635948304e-05,0.042877420537840605,0.05534033937001438,0.3469387755102041,0.02040816326530612,0.029967294460687053,0.23321742981246643,0.8979591836734694,0.009007933328302051,1.0,1.0,1.0,1.0,0.14285714285714285,0.061224489795918366,0.08315386100681305,0.20725835666462364,0.05384499372674615,0.02284409426329013,1.8464873472123777e-05
ZERO,4,1,CORE_VOL,2023_PLUS,0.852742195528261,916,183,3.649555099247091,0.27055933443602853,0.25601523734195375,0.1759556939839579,0.12119882854749081,1.4549983097750445,2.11235735864919,1.2687691242844148,0.21324552218168447,98,False,116,0.9119816266039817,0.08801837339601826,0.8600439774471743,2.0649973329854485,0.00020649973329854481,0.03601590918392983,0.05252695400817999,0.15300546448087432,0.02185792349726776,0.016059641543959804,0.17451958962084513,0.41530054644808745,0.008536011351266467,0.8579234972677595,0.8579234972677595,0.8579234972677595,0.8579234972677595,0.08196721311475409,0.04371584699453552,-0.0031848010109498852,0.1581054752600879,0.024601294608046248,0.017437605099377057,0.0002613460089985198
ZERO,4,1,MATCH_CORE_VOL,2023_PLUS,0.9073614265349431,916,183,3.649555099247091,0.28788900671690004,0.2712807831860942,0.18528373551906224,0.12527435500151776,1.464137056747674,2.1654933540293024,1.2952622414927404,0.2222631043309955,88,False,88,0.9119816265968954,0.08801837340310459,0.9118273197545539,0.08916047112989063,8.916047112989066e-06,0.0378065951063451,0.05516257928327541,0.14754098360655737,0.03278688524590164,0.016319614640147286,0.18287379822805802,0.3989071038251366,0.009410347559911414,0.7978142076502732,0.7978142076502732,0.7868852459016393,0.7868852459016393,0.08196721311475409,0.04371584699453552,-0.003188992467947304,0.15840232839305918,0.02808401726690639,0.01789629667327598,1.143688607946336e-05
ZERO,4,1,CORE_VOL,2024_PLUS,0.8254575618965593,666,133,2.652977412731006,0.204141554310381,0.20278344651266864,0.18015277444379588,0.1281024514475814,1.1256193369141427,1.5829786567015556,0.957307577771565,0.21324552218168458,98,False,116,0.9087914608125354,0.09120853918746463,0.8481231435117524,2.264108492489895,0.00022641084924898957,0.04149249658751342,0.05740987768005506,0.16541353383458646,0.03007518796992481,0.01662953540432808,0.17959837765256254,0.42857142857142855,0.009479991084989113,0.8421052631578947,0.8421052631578947,0.8421052631578947,0.8421052631578947,0.09022556390977443,0.05263157894736842,-0.09008296417036149,0.1581414049665785,0.02512830232430503,0.01749264287666647,0.00027162251649640035
ZERO,4,1,MATCH_CORE_VOL,2024_PLUS,0.9089285184080108,666,133,2.652977412731006,0.22478451839307878,0.22193904491431635,0.19158663153076627,0.1329072101826858,1.1584265725694742,1.6698796446727986,1.014585788740998,0.22155299323876243,88,False,88,0.9087914608156634,0.09120853918433658,0.9085924287996554,0.09539731445475451,9.539731445475453e-06,0.04810268484180169,0.06038709493925,0.15789473684210525,0.03759398496240601,0.016951496114836696,0.18929759683239714,0.42857142857142855,0.010495197931477962,0.7819548872180451,0.7819548872180451,0.7669172932330827,0.7669172932330827,0.09022556390977443,0.05263157894736842,-0.09009239126990987,0.15854686251954833,0.029132796369952862,0.01802215141407768,1.163960148953258e-05
ZERO,4,1,CORE_VOL,EX_MAJOR_SHOCKS,0.9019147899939225,3987,795,15.838466803559205,0.2091491221719684,0.20384814938179294,0.16500990537757762,0.11690926869701439,1.235369167174208,1.7436440382677612,0.9807902179243607,0.21324552218168447,98,False,186,0.9383775587575384,0.061622441242461634,0.8873779079655704,1.6178917624946316,0.00016178917624946318,0.034602514474256996,0.047681851155253675,0.12955974842767295,0.01509433962264151,0.015027770206731178,0.1665640946300173,0.30943396226415093,0.009590675077665142,0.6088050314465409,0.6088050314465409,0.630188679245283,0.630188679245283,0.06540880503144654,0.04779874213836478,0.015576089034280585,0.13903320298366761,0.017942327585413618,0.01580649639270202,0.00019543381969744367
ZERO,4,1,MATCH_CORE_VOL,EX_MAJOR_SHOCKS,0.9367676258096362,3987,795,15.838466803559205,0.2172313047649708,0.21190650643120285,0.173236087088009,0.12183382146566313,1.2232238097339854,1.739307721632332,0.9522011323649324,0.22813594458288944,88,False,182,0.9383775587520274,0.06162244124797256,0.9380698234005903,0.11394385322434603,1.1394385322434605e-05,0.03579384840246047,0.050359770049370055,0.12452830188679245,0.021383647798742137,0.015384823045972213,0.17415301482068143,0.31949685534591193,0.010079262057561508,0.5446540880503145,0.5446540880503145,0.5559748427672956,0.5559748427672956,0.06540880503144654,0.04779874213836478,0.015572876693668084,0.13979787334685506,0.02240915175112087,0.016326346376702692,1.3855100038567825e-05
ZERO,4,3,BUYHOLD,ALL,1.0,5090,1018,20.229979466119097,0.1631868893736385,0.1754029977725996,0.21854153701914722,0.15606184652473024,0.8026071389679661,1.1239326054289924,0.31213930116846866,0.5228014824239093,761,False,761,1.0,0.0,1.0000056931978214,0.049493992666640084,1.4848197799992024e-05,0.0429961185690535,0.06569531393308346,0.16208251473477406,0.04027504911591356,0.01946203457812333,0.22045350852502907,0.48526522593320237,0.011730129510218937,0.668958742632613,0.668958742632613,0.6856581532416502,0.6856581532416502,0.09921414538310412,0.05009823182711198,-0.0231913575166857,0.16707074170091885,0.03699875041386741,0.019522492037270384,1.7246993310376935e-05
ZERO,4,3,BUYHOLD,GFC,1.0,755,150,2.9924709103353866,0.025218340736438104,0.06774886567588963,0.29250718568184136,0.2104392152153283,0.23161436365388896,0.3219403075922269,0.04823693425564949,0.5228014824239072,545,True,46,1.0,0.0,1.0000000000000002,0.0,0.0,0.06839840732485203,0.08566239517743544,0.22,0.10666666666666667,0.027320628623956403,0.2918204313219182,0.7466666666666667,0.011334271960732173,0.84,0.84,0.84,0.84,0.16666666666666666,0.05333333333333334,-0.1640074330836939,0.21413023719497626,0.06313065835300717,0.02521136617160621,4.0245584642661925e-16
ZERO,4,3,BUYHOLD,2011,1.0,251,50,0.9883641341546886,0.02620089941577715,0.04947803757043888,0.21827885348449516,0.16021662664652125,0.22667352691566806,0.30881961882520503,0.1726588430260248,0.1517495365808046,110,True,55,1.0,0.0,0.9999999999999997,0.0,0.0,0.06238071994209271,0.08041046569158809,0.2,0.08,0.02306798871902574,0.22590706479014647,0.6,0.010565117554216177,0.8,0.8,0.82,0.82,0.12,0.06,-0.2469593782360361,0.19246165225716858,0.04509078370741367,0.02128994688334986,4.2674197509029455e-16
ZERO,4,3,BUYHOLD,2015_2016,1.0,503,100,1.9931553730321698,0.08688541389129377,0.10159890232515388,0.19107510807991784,0.14103405886072146,0.5317223334117377,0.7203855802341201,0.5005900764226848,0.1735659933816388,72,False,182,1.0,0.0,1.0000000000000004,0.0,0.0,0.036034920469832143,0.04585999287210733,0.15,0.01,0.01620459349194069,0.20023138045224673,0.31,0.018107190520700277,0.46,0.46,0.47,0.47,0.08,0.05,-0.03205939425832814,0.1385179746130629,0.023554235102901708,0.016592773233320555,-9.43689570931383e-16
ZERO,4,3,BUYHOLD,2018Q4,1.0,62,12,0.24914442162902123,-0.5289552733768625,-0.7093384933401198,0.3234242070099198,0.25939958578426214,-2.1932139832636692,-2.734539807361387,-2.389026817307683,0.22141035401727693,62,True,0,1.0,0.0,0.9999999999999999,0.0,0.0,0.06225095165657246,0.06225095165657246,0.5,0.08333333333333333,0.04343602434573967,0.3102559086648662,1.0,0.01372011179101486,0.9166666666666666,0.9166666666666666,0.9166666666666666,0.9166666666666666,0.25,0.16666666666666666,-0.3291615339847484,0.2313155100903057,0.07820290360316899,0.02681721404124106,3.3306690738754696e-16
ZERO,4,3,BUYHOLD,COVID,1.0,92,18,0.3613963039014374,0.09137008939043725,0.17534673481457308,0.4214598913057331,0.312258642805467,0.416046078005971,0.561543255421794,0.331493840036721,0.2756313341458043,72,False,72,1.0,0.0,1.0,0.0,0.0,0.13915245925033393,0.13915245925033395,0.16666666666666666,0.16666666666666666,0.04081988679002714,0.5086831148453145,1.0,0.034666447167825194,1.0,1.0,1.0,1.0,0.16666666666666666,0.1111111111111111,-0.9498550654654443,0.26746562762164755,0.1307734628521604,0.03961509113980573,2.5673907444456745e-15
ZERO,4,3,BUYHOLD,2022,1.0,250,49,0.9883641341546886,-0.33769548373084396,-0.358399875699995,0.322264532664297,0.2393747707089819,-1.112129444518613,-1.4972332908705612,-0.9315640449314487,0.3625037758468813,249,True,0,1.0,0.0,1.0000000000000002,0.0,0.0,0.05513929116362204,0.0711670099607464,0.40816326530612246,0.061224489795918366,0.03841011298026182,0.30039024884931015,1.0,0.011671602510451965,1.0,1.0,1.0,1.0,0.24489795918367346,0.061224489795918366,0.08315362100362912,0.24746751642864884,0.0901590127400804,0.029377500440032275,0.0
ZERO,4,3,BUYHOLD,2023_PLUS,1.0,916,183,3.649555099247091,0.317281513515841,0.2974341680957948,0.20319996361830917,0.13742477582594004,1.4637510893185748,2.1643416647993665,1.3126298134434142,0.24171438913422072,88,False,88,1.0,0.0,1.0,0.0,0.0,0.041461421315114766,0.060495134199147406,0.15846994535519127,0.03825136612021858,0.017885016826778493,0.20057303281021954,0.546448087431694,0.010328265417498504,0.8579234972677595,0.8579234972677595,0.8579234972677595,0.8579234972677595,0.08196721311475409,0.04371584699453552,-0.0031895014493119006,0.17472460768341455,0.036284950319208,0.019626420083729803,9.43689570931383e-16
ZERO,4,3,BUYHOLD,2024_PLUS,1.0,666,133,2.652977412731006,0.24730714664645823,0.24411819789435207,0.21086024865263117,0.1463251357886608,1.157725078359884,1.6683271577272616,1.0231378757891503,0.24171438913422028,88,False,88,1.0,0.0,1.0,0.0,0.0,0.0529379846799245,0.06645709367749474,0.17293233082706766,0.05263157894736842,0.018641787416059902,0.2083551423467103,0.5488721804511278,0.011559589010772234,0.8421052631578947,0.8421052631578947,0.8421052631578947,0.8421052631578947,0.09022556390977443,0.05263157894736842,-0.09009341127493796,0.17529411757494295,0.03756677058931581,0.0198338039754445,9.159339953157541e-16
ZERO,4,3,BUYHOLD,EX_MAJOR_SHOCKS,1.0,3987,795,15.838466803559205,0.2318789950484777,0.22594557447127883,0.18467459057468055,0.129862071549456,1.223479493135298,1.7398888819144618,0.9593098527523674,0.24171438913422072,88,False,182,1.0,0.0,1.0000102886099957,0.06318646166872285,1.8955938500616858e-05,0.038147549618496424,0.053671245246876095,0.1371069182389937,0.02389937106918239,0.01638941719510421,0.18570397091837829,0.39245283018867927,0.010766260187918777,0.6088050314465409,0.6088050314465409,0.630188679245283,0.630188679245283,0.07672955974842767,0.04779874213836478,0.015573789396509342,0.15106384523579777,0.026730854623657162,0.017399945584927523,2.3330021686446267e-05
ZERO,4,3,VOL,ALL,0.858870763824012,5090,1018,20.229979466119097,0.14015644832240146,0.14300291724687944,0.15207086230842912,0.10924691376426855,0.940370266046377,1.3089881656103266,0.4956370571170182,0.282780406165859,539,False,539,0.8288741251067495,0.17112587489325048,0.6472700037061031,3.2501782391634193,0.0009750534717490259,0.03215598806816755,0.044951769401244894,0.1237721021611002,0.011787819253438114,0.014497460695663602,0.15290014995522155,0.2357563850687623,0.008247232480093142,0.6581532416502947,0.6630648330058939,0.6807465618860511,0.6856581532416502,0.054027504911591355,0.05009823182711198,-0.02317721140008492,0.12525842041148041,0.0100822789854687,0.01444820334460684,0.0011105496753637534
ZERO,4,3,MATCH_VOL,ALL,0.8375640421874706,5090,1018,20.229979466119097,0.13667947069578426,0.1447387376620632,0.18084358864756114,0.12922457964169132,0.8003531601230207,1.1200557824478043,0.30119607462459835,0.45378901722453524,757,False,757,0.8288741251092533,0.1711258748907467,0.8274935265807298,0.1906259183732536,5.718777551197608e-05,0.035634432201449795,0.054447640860415446,0.13359528487229863,0.0275049115913556,0.016153229434247757,0.18225171926467376,0.33398821218074654,0.009641605041129158,0.48722986247544203,0.48722986247544203,0.49901768172888017,0.49901768172888017,0.07170923379174853,0.05009823182711198,-0.023190484625118996,0.1342301784937071,0.023516195898006548,0.01617967709012396,6.49063692584051e-05
ZERO,4,3,VOL,GFC,3.2986171167024194,755,150,2.9924709103353866,0.08318565040804862,0.0921128552524981,0.1567798661613305,0.11111078585637821,0.5875298755371535,0.8290181240510995,0.294170489164857,0.2827804061658622,539,False,539,0.7091935902846807,0.29080640971531935,0.48193909266122065,3.0541809445707795,0.000916254283371234,0.039077312325835334,0.050051552896162116,0.14666666666666667,0.02666666666666667,0.016223177962952924,0.1581908950590627,0.34,0.005922786798095905,0.8266666666666667,0.8266666666666667,0.84,0.84,0.06,0.05333333333333334,-0.16400067974940014,0.13585063873079548,0.010576413691899052,0.015225102575030736,0.0009941268389524055
ZERO,4,3,MATCH_VOL,GFC,0.9962383955826349,755,150,2.9924709103353866,0.025123479314525302,0.04610664789392364,0.20640183486285923,0.1487232406467667,0.22338293612824975,0.3100164284574175,0.06263529085272283,0.401107410414989,545,True,46,0.709193590287786,0.29080640971221405,0.7055797283585121,0.2851633471633963,8.55490041490189e-05,0.048526107616106984,0.06077034289162516,0.16666666666666666,0.04,0.019429969290721036,0.2056992077299647,0.4266666666666667,0.007903043256758311,0.5666666666666667,0.5666666666666667,0.58,0.58,0.12,0.05333333333333334,-0.16399936367597823,0.150885473547484,0.030849258047470348,0.017884571331270437,8.780654591525328e-05
ZERO,4,3,VOL,2011,-0.7366951596720043,251,50,0.9883641341546886,-0.01930207577865607,-0.008156885677109543,0.1495921414145619,0.11354126597126418,-0.05452750124422993,-0.07184071453962777,-0.15859895143693667,0.12170367838989848,218,True,13,0.7791495338392217,0.2208504661607783,0.6534058486261591,3.7017690469163274,0.001110530714074898,0.033589107229810566,0.05233279308537016,0.18,0.02,0.016907504952392852,0.15644003631897518,0.34,0.007079221306865539,0.8,0.8,0.82,0.82,0.06,0.06,-0.24660113500374845,0.1346275580440379,0.010371115751166964,0.015070261133023677,0.0010981849113620504
ZERO,4,3,MATCH_VOL,2011,0.9754475289671218,251,50,0.9883641341546886,0.025557602591835926,0.03944119989930297,0.16980272152078588,0.12459195992474029,0.2322766063232673,0.3165629621937676,0.21509835744995226,0.11881821365271239,110,True,55,0.7791495338366472,0.2208504661633528,0.7779015881771585,0.21101807995378208,6.330542398613462e-05,0.0486113739414602,0.06266239145366996,0.14,0.02,0.01800116052772664,0.17570446960153388,0.36,0.008166912787344032,0.5,0.5,0.54,0.54,0.08,0.06,-0.24695118433486127,0.14590812603343883,0.023751685785981202,0.01659059123803759,6.54291955465014e-05
ZERO,4,3,VOL,2015_2016,0.69796278570126,503,100,1.9931553730321698,0.06064278551637436,0.07286948948257432,0.16713749904238615,0.12384188256769611,0.4359852809817059,0.5884074754979716,0.3601564339959416,0.16837901476184014,74,False,190,0.9044023338089144,0.09559766619108556,0.8491220124424171,3.218209994783798,0.000965462998435139,0.03174466176686175,0.044139611077891036,0.12,0.01,0.014322726467181673,0.1756914039513731,0.18,0.015479375134515043,0.46,0.46,0.47,0.47,0.05,0.05,-0.03198685715595034,0.11507766878946608,0.007750771514357273,0.013667291079998374,0.0010260270480862144
ZERO,4,3,MATCH_VOL,2015_2016,0.9128738262839494,503,100,1.9931553730321698,0.07931542022720996,0.0912173078293582,0.17258018689804844,0.12754371159637728,0.5285502899776365,0.71518467423955,0.5026067118634872,0.15780811985804277,72,False,182,0.9044023338105277,0.0955976661894723,0.9032001497213716,0.06969700138210878,2.0909100414632632e-05,0.03259031763025089,0.04147617624139721,0.11,0.01,0.014663311534338442,0.18053534035077434,0.22,0.016277755761508104,0.3,0.3,0.33,0.33,0.06,0.05,-0.032058945364277475,0.12153190783159888,0.01834571197472991,0.015006581126367284,2.2600327256344643e-05
ZERO,4,3,VOL,2018Q4,,62,12,0.24914442162902123,-0.4202938703602916,-0.5330278217203206,0.19333106072533604,0.16103881859798155,-2.7570728662043043,-3.309933756102465,-2.770705617027256,0.1516919977991863,62,True,0,0.6169468967254053,0.38305310327459474,0.5823512467758201,4.583843851128176,0.0013751531553384527,0.04299611856905328,0.04299611856905328,0.25,0.0,0.0269381321983978,0.18653557254995873,0.5833333333333334,0.00842323181241739,0.9166666666666666,0.9166666666666666,0.9166666666666666,0.9166666666666666,0.16666666666666666,0.16666666666666666,-0.3293217752003562,0.13794590210452898,0.012847843112068108,0.015291607835918411,0.0007877779864924328
ZERO,4,3,MATCH_VOL,2018Q4,,62,12,0.24914442162902123,-0.36927470462562795,-0.44662032887109626,0.19946982084207018,0.16064965253436653,-2.239037098372425,-2.7800889813661707,-2.596289097414346,0.1422317356697257,62,True,0,0.6169468967238518,0.38305310327614817,0.6167214615030998,0.320189889759207,9.605696692776204e-05,0.038594031597127265,0.038594031597127265,0.25,0.0,0.026983480416218435,0.1908880875101808,0.6666666666666666,0.008335601928781371,0.8333333333333334,0.8333333333333334,0.8333333333333334,0.8333333333333334,0.08333333333333333,0.16666666666666666,-0.32915162344598525,0.15129736621680223,0.02286203995772011,0.016625475921375404,5.983155307931476e-05
ZERO,4,3,VOL,COVID,-0.8695122301926643,92,18,0.3613963039014374,-0.0794474101987822,-0.06415921206816345,0.18880272426907013,0.14846593111349735,-0.33982143169040113,-0.4321477094911144,-0.5481959250662373,0.1449252111627476,91,True,0,0.48271687796962665,0.5172831220303733,0.39544490132131427,4.763262544463804,0.0014289787633391408,0.08225904105381432,0.08225904105381432,0.16666666666666666,0.05555555555555555,0.01887812619056004,0.1901226665192524,0.3333333333333333,0.011888041776035033,1.0,1.0,1.0,1.0,0.1111111111111111,0.1111111111111111,-0.9495354435260592,0.13954938537342138,0.014149181464440861,0.015296275880069718,0.0013298565716817617
ZERO,4,3,MATCH_VOL,COVID,0.6962153238079801,92,18,0.3613963039014374,0.06361325637132736,0.08141874368691157,0.20242169920453812,0.15012183988459704,0.40222339801940676,0.54235109128359,0.4525308675587476,0.14057219281968447,66,False,66,0.48271687797182844,0.5172831220281715,0.48018413525995884,0.5077094184464028,0.00015231282553392083,0.06723123583052604,0.06723123583052604,0.16666666666666666,0.05555555555555555,0.01986132501137712,0.2413773576711507,0.3888888888888889,0.01596743395374431,0.6111111111111112,0.6111111111111112,0.5555555555555556,0.5555555555555556,0.16666666666666666,0.1111111111111111,-0.9498169952077204,0.16043972254607752,0.04192434086705944,0.019138607873216088,0.00016366599199836573
ZERO,4,3,VOL,2022,,250,49,0.9883641341546886,-0.2530328810517457,-0.27441702564654147,0.1794497668260571,0.13830004247103195,-1.5292136094695366,-1.9842150497099111,-0.9454114330504982,0.2676431363171702,249,True,0,0.5541371467306571,0.44586285326934294,0.5449648497866032,4.449879586350976,0.0013349638759052925,0.038061364318484614,0.04383265383270758,0.20408163265306123,0.0,0.02181248140944353,0.16436043576393813,0.3877551020408163,0.006311361596653473,1.0,1.0,1.0,1.0,0.10204081632653061,0.061224489795918366,0.0830956525365579,0.1411337996685008,0.015109960933418744,0.015587308791311486,0.0010015967265475934
ZERO,4,3,MATCH_VOL,2022,,250,49,0.9883641341546886,-0.19846136876749515,-0.20450187158745595,0.1780686161784533,0.1328624777702645,-1.1484442119913612,-1.53919959208547,-0.9206301948306183,0.2155712140247681,249,True,0,0.5541371467318295,0.44586285326817054,0.552494241923625,0.3590958364179151,0.00010772875092537453,0.030603317319830903,0.03949661601518536,0.14285714285714285,0.0,0.021459186155400527,0.16619786259203198,0.40816326530612246,0.006382851121496075,0.7346938775510204,0.7346938775510204,0.6938775510204082,0.6938775510204082,0.04081632653061224,0.061224489795918366,0.08315497638232833,0.1470720689976821,0.020830636014868523,0.016303161920817336,8.66767716253547e-05
ZERO,4,3,VOL,2023_PLUS,0.7023823453070568,916,183,3.649555099247091,0.22285293358582903,0.21362695580864702,0.15190582416532958,0.10650019029879637,1.4063118184075818,2.0058833248024848,1.1929085700039443,0.18681476450881074,162,False,162,0.8238392154983885,0.17616078450161154,0.7196466952105305,4.135377732647798,0.0012406133197943392,0.03361998320451043,0.04633934795984479,0.13114754098360656,0.01092896174863388,0.014232599917167537,0.1513384629400741,0.22950819672131148,0.006941736579949331,0.8579234972677595,0.8579234972677595,0.8579234972677595,0.8579234972677595,0.0546448087431694,0.04371584699453552,-0.0031709160727312427,0.1350232345594405,0.013187852810331644,0.01524879011502431,0.0015119749607704902
ZERO,4,3,MATCH_VOL,2023_PLUS,0.8152365350071391,916,183,3.649555099247091,0.258659481700475,0.24505362972063532,0.16734971831927353,0.11311982063180531,1.4643205389393996,2.1663191150051637,1.277668077489519,0.20244654011291663,87,False,87,0.8238392154977219,0.17616078450227812,0.8235634545620252,0.16124630308281443,4.8373890924844315e-05,0.03414793392906801,0.049824761265486496,0.12021857923497267,0.01639344262295082,0.014750547846400106,0.16516001112229012,0.2896174863387978,0.00849317596877863,0.6557377049180327,0.6557377049180327,0.6284153005464481,0.6284153005464481,0.07103825136612021,0.04371584699453552,-0.0031864646003319,0.14015537538338935,0.020723884196012794,0.016164173893588395,6.0643619171962815e-05
ZERO,4,3,VOL,2024_PLUS,0.6448578362331372,666,133,2.652977412731006,0.1594779514714262,0.16031894816288614,0.15307054023357305,0.1115914837880137,1.0473533830758852,1.436659346401722,0.8536688836706163,0.18681476450881151,162,False,162,0.817423521489577,0.18257647851042302,0.6956947470710484,4.535938517719261,0.001360781555315778,0.034866039506191715,0.04975879041948127,0.13533834586466165,0.015037593984962405,0.014614313871764994,0.15412335818327805,0.24812030075187969,0.007627644422735055,0.8421052631578947,0.8421052631578947,0.8421052631578947,0.8421052631578947,0.06766917293233082,0.05263157894736842,-0.09004040343677923,0.13382269543707778,0.012886373590823319,0.015151481777888446,0.001572884198175889
ZERO,4,3,MATCH_VOL,2024_PLUS,0.8172812091077226,666,133,2.652977412731006,0.20211948383219824,0.1996699757531415,0.17228953657786386,0.1194831898969748,1.1589210797076086,1.671113534257901,1.005606014277645,0.20099271579773348,87,False,87,0.8174235214875976,0.18257647851240244,0.8170689064659832,0.17177028996814345,5.153108699044304e-05,0.04326061271281745,0.054309021590662365,0.12781954887218044,0.015037593984962405,0.015256487402173538,0.17021979480456037,0.3233082706766917,0.009431390412001967,0.631578947368421,0.631578947368421,0.6240601503759399,0.6240601503759399,0.08270676691729323,0.05263157894736842,-0.09008731196699367,0.13967417901202236,0.021515807372705746,0.01620777671814984,6.171185858194761e-05
ZERO,4,3,VOL,EX_MAJOR_SHOCKS,0.798602996487894,3987,795,15.838466803559205,0.18517926026831583,0.1811553394416779,0.14821637440368488,0.10578642375187614,1.2222356684308027,1.7124630270759587,0.9912453159427997,0.18681476450881074,162,False,240,0.8767208519249102,0.12327914807508977,0.7748035577077332,3.181537508651948,0.0009544612525955844,0.03092417997736019,0.0428719643254126,0.11446540880503145,0.00880503144654088,0.013665895452946428,0.1501923389739819,0.2050314465408805,0.00862749385496451,0.5974842767295597,0.6037735849056604,0.6238993710691824,0.630188679245283,0.04905660377358491,0.04779874213836478,0.01558803789280378,0.1219910820191588,0.00958503975568895,0.01421304720047652,0.0011305634919951124
ZERO,4,3,MATCH_VOL,EX_MAJOR_SHOCKS,0.8735475009652004,3987,795,15.838466803559205,0.20255731665091978,0.19783365379740994,0.16180203581903244,0.11380862043372851,1.2226895217726252,1.7383011325808113,0.9448263912530369,0.21438575226744727,87,False,182,0.8767208519279491,0.12327914807205087,0.8761512702096955,0.15753299115272046,4.7259897345816146e-05,0.03343935912139173,0.047047321773842715,0.11446540880503145,0.016352201257861635,0.014379532752870332,0.1626112957988929,0.26540880503144654,0.009395320852680791,0.4729559748427673,0.4729559748427673,0.48050314465408805,0.48050314465408805,0.05660377358490566,0.04779874213836478,0.01557375990470405,0.12797307550779036,0.01846194204594444,0.015252301837508414,5.677558178820985e-05
ZERO,4,3,CORE_VOL,ALL,0.935411959142107,5090,1018,20.229979466119097,0.15264696789530147,0.158937797341639,0.18202834744695434,0.13029376781771898,0.8731486033402337,1.2198419003738767,0.3725015214241101,0.40978884411456107,615,False,615,0.9144108290019238,0.08558917099807617,0.8229176964237812,1.6454737584256938,0.0004936421275277081,0.03998703357041511,0.053683711092913505,0.14931237721021612,0.023575638506876228,0.016986603980132155,0.18309168137125018,0.4017681728880157,0.009751131532371496,0.668958742632613,0.668958742632613,0.6856581532416502,0.6856581532416502,0.08055009823182711,0.05009823182711198,-0.02318096703178864,0.15068327296933418,0.023571815927350564,0.016985347690938613,0.000568256793652272
ZERO,4,3,MATCH_CORE_VOL,ALL,0.9193221053177523,5090,1018,20.229979466119097,0.1500213146992285,0.16002985323764662,0.19966929126602945,0.1426315647914054,0.8014745393393058,1.1219806322091868,0.3066540341899168,0.4892200916108521,758,False,758,0.9144108289985078,0.08558917100149221,0.9136460683931981,0.12781674271702967,3.834502281510889e-05,0.03931404477370437,0.06006962155511202,0.14931237721021612,0.0343811394891945,0.017808256241004544,0.20131882860708072,0.4017681728880157,0.010680749041506581,0.5962671905697446,0.5962671905697446,0.6031434184675835,0.6031434184675835,0.08153241650294696,0.05009823182711198,-0.02319092046922749,0.15132699876063832,0.02996011642094022,0.017850514818709747,4.403177765099908e-05
ZERO,4,3,CORE_VOL,GFC,2.2381981650135385,755,150,2.9924709103353866,0.056443643960981935,0.07881578604906685,0.21888662955061416,0.1565330965492127,0.3600758356546484,0.5035087645141411,0.13773836152846153,0.4097888441145622,545,True,48,0.8543687847477683,0.14563121525223166,0.738683115478154,1.5434831205058688,0.00046304493615176073,0.055414892493626855,0.06252155978951328,0.2,0.05333333333333334,0.021785498298319973,0.21925685404789436,0.66,0.008367541791750567,0.84,0.84,0.84,0.84,0.13333333333333333,0.05333333333333334,-0.16400400218384936,0.18461719390033515,0.03765677571450581,0.02021823437331847,0.0004898805769343803
ZERO,4,3,MATCH_CORE_VOL,GFC,1.0280679670599313,755,150,2.9924709103353866,0.025926168293534575,0.05668220579187382,0.24926903587889676,0.17947634569199356,0.22739368968158538,0.31581992364134936,0.0557983822995858,0.4646401423312774,545,True,46,0.8543687847525521,0.14563121524744793,0.8521654012474736,0.17214212646187946,5.164263793856383e-05,0.05844944383107453,0.0731998854349857,0.2,0.07333333333333333,0.023374869182168776,0.24854522516382505,0.66,0.009598518585554827,0.7533333333333333,0.7533333333333333,0.78,0.78,0.15333333333333332,0.05333333333333334,-0.16400342109167756,0.18503875039168416,0.046226424399502364,0.021543041775809273,5.3045999776495795e-05
ZERO,4,3,CORE_VOL,2011,0.17048819684437364,251,50,0.9883641341546886,0.004466944097096649,0.02093682337036597,0.18178140286740418,0.13543736172526377,0.11517582679036646,0.154586763236252,0.034181509597364136,0.13068305495322863,110,True,108,0.8895893048997509,0.11041069510024915,0.8263252226330002,1.8209577987015946,0.0005462873396104784,0.04682026853895138,0.06591447716282803,0.2,0.04,0.01999262335696394,0.18915263233855437,0.5,0.008727660229353472,0.8,0.8,0.82,0.82,0.12,0.06,-0.24681155582684913,0.16929026480473983,0.027113333764453778,0.01818010400818677,0.0005531433856691475
ZERO,4,3,MATCH_CORE_VOL,2011,1.0019463072660244,251,50,0.9883641341546886,0.02625189441668645,0.04452104808159197,0.19402305226178818,0.14238863193849902,0.22946267241235518,0.3126727708207889,0.19398189774842461,0.1353316712610605,110,True,55,0.8895893049038492,0.11041069509615076,0.8888727118583706,0.12050503594236027,3.615151078270808e-05,0.05549778534527339,0.07153873516273176,0.18,0.08,0.02053695450912162,0.20078504159886643,0.52,0.009361247294844884,0.68,0.68,0.72,0.72,0.08,0.06,-0.2469552618712158,0.17097040883011605,0.03412322149852722,0.018940861781340194,3.738908602560903e-05
ZERO,4,3,CORE_VOL,2015_2016,0.8503956868997481,503,100,1.9931553730321698,0.07388698122765568,0.08711355939308797,0.17779150171717284,0.13142568319732695,0.48997594683499823,0.6628351268472596,0.43215511736184814,0.17097328773684128,74,False,186,0.9522000278383571,0.04779997216164289,0.9245286105333544,1.6061955608915253,0.00048185866826745753,0.03174466176686164,0.04457076295976017,0.13,0.01,0.015265819664724978,0.18665308771689684,0.24,0.01661759539452417,0.46,0.46,0.47,0.47,0.05,0.05,-0.032013435412363504,0.12946594214814042,0.015685187672499275,0.015130032156659465,0.0005183441755105267
ZERO,4,3,MATCH_CORE_VOL,2015_2016,0.9566824159509691,503,100,1.9931553730321698,0.08312174767242282,0.09638880743547881,0.18182052216333192,0.13428850573613416,0.5301316170948591,0.7177740708864158,0.5016141884456683,0.16570852576955375,72,False,182,0.9522000278314835,0.0477999721685165,0.9515641589572672,0.036690836143655293,1.1007250843096587e-05,0.03431260336084607,0.04366806365778699,0.13,0.01,0.015434144996704367,0.19036645973765476,0.27,0.017189499128555785,0.41,0.41,0.42,0.42,0.06,0.05,-0.03205917111767787,0.130116529360991,0.02086218948187708,0.015799667967368043,1.193946612647323e-05
ZERO,4,3,CORE_VOL,2018Q4,,62,12,0.24914442162902123,-0.4768483436249274,-0.6226258954450122,0.2565973536911254,0.20895638088097787,-2.426470446747036,-2.9796931437076415,-2.550047588421552,0.18699586070081564,62,True,0,0.8079947453137072,0.19200525468629281,0.7904823039861013,2.241425640789209,0.0006724276922367625,0.04857207389932472,0.04857207389932472,0.4166666666666667,0.0,0.035197194570670436,0.24653680412282658,0.8333333333333334,0.01093130175343796,0.9166666666666666,0.9166666666666666,0.9166666666666666,0.9166666666666666,0.25,0.16666666666666666,-0.32921863351280706,0.19567123438197018,0.043646375053435195,0.021054410938579737,0.00034750602310618106
ZERO,4,3,MATCH_CORE_VOL,2018Q4,,62,12,0.24914442162902123,-0.45443658559441363,-0.5790720331951109,0.2612785249140352,0.20999664363265685,-2.2163016780106015,-2.757529945136031,-2.489275005693697,0.18255780681322265,62,True,0,0.8079947453157292,0.19200525468427077,0.8078435358706701,0.2101443725358346,6.304331176075037e-05,0.05042270535153426,0.05042270535153426,0.4166666666666667,0.08333333333333333,0.03521805006493859,0.2503385678669299,1.0,0.011000260221814273,0.8333333333333334,0.8333333333333334,0.8333333333333334,0.8333333333333334,0.25,0.16666666666666666,-0.32915662463500567,0.19730751431079022,0.04956491936357491,0.021721359611181584,3.396550991374703e-05
ZERO,4,3,CORE_VOL,COVID,0.12130167176831494,92,18,0.3613963039014374,0.011083344592680415,0.05487097359310202,0.29708151389813753,0.22308216298474326,0.184700060509036,0.24596755230876385,0.05239931413165447,0.21151697834886274,77,False,77,0.7412031359223749,0.25879686407762514,0.6970280412012414,2.279762685656234,0.0006839288056968699,0.08734705497435391,0.08734705497435391,0.16666666666666666,0.1111111111111111,0.029915682100855545,0.33909022493974766,0.9444444444444444,0.022285104440457854,1.0,1.0,1.0,1.0,0.16666666666666666,0.1111111111111111,-0.9496672892156351,0.22881798056002692,0.08054000311567207,0.027455683509937726,0.0006988086355826824
ZERO,4,3,MATCH_CORE_VOL,COVID,0.9102395526041326,92,18,0.3613963039014374,0.08316866928815121,0.12747447025973474,0.3115761758037291,0.23096334764898435,0.4091277836981818,0.5519251065475077,0.3959906688106226,0.2100268411322731,71,False,71,0.741203135917431,0.25879686408256897,0.7392381382449251,0.39159835048083386,0.00011747950514425012,0.10319529999373567,0.10319529999373567,0.16666666666666666,0.1111111111111111,0.03037752117281443,0.37373548231730935,0.8888888888888888,0.025090438561386146,0.9444444444444444,0.9444444444444444,0.9444444444444444,0.9444444444444444,0.16666666666666666,0.1111111111111111,-0.9498361110194643,0.22665110589633106,0.08766799736631059,0.0293774948487248,0.00012855486663043703
ZERO,4,3,CORE_VOL,2022,,250,49,0.9883641341546886,-0.2955346337653813,-0.3177463494557157,0.24945202360752036,0.1878996129404117,-1.273777397595489,-1.6910431292718104,-0.9361018713213891,0.31570776944202505,249,True,0,0.7770101797254324,0.2229898202745676,0.7719324187191395,2.1958157118204746,0.0006587447135461423,0.046600692615365036,0.05749979657629618,0.32653061224489793,0.04081632653061224,0.030143181185014283,0.23127985302544563,0.8979591836734694,0.008925633365048606,1.0,1.0,1.0,1.0,0.14285714285714285,0.061224489795918366,0.08314180835765247,0.20746830038520944,0.05125510794959393,0.022482404615671883,0.0004659583143444834
ZERO,4,3,MATCH_CORE_VOL,2022,,250,49,0.9883641341546886,-0.27034197752253053,-0.2826550445303846,0.25003108738207724,0.18614583358040115,-1.1304796035160782,-1.5184602260157418,-0.9262307598964263,0.2918732450137598,249,True,0,0.7770101797257605,0.22298982027423953,0.7758352450096093,0.25209098121025747,7.562729436307723e-05,0.04287907282976111,0.05534135761356696,0.3469387755102041,0.02040816326530612,0.02996751653163871,0.23321742981246643,0.8979591836734694,0.009007933328302053,1.0,1.0,1.0,1.0,0.14285714285714285,0.061224489795918366,0.0831543401650201,0.2072745622616151,0.05384898593395767,0.02284409426329013,5.5390766197538355e-05
ZERO,4,3,CORE_VOL,2023_PLUS,0.8510952976025655,916,183,3.649555099247091,0.2700368041695571,0.255602088541438,0.17595684902865227,0.12121382728693818,1.4526407465947322,2.1086875504423688,1.2660298537266632,0.21329418368349018,98,False,116,0.9119816266039817,0.08801837339601826,0.8600466647488595,2.064979252250112,0.0006194937756750336,0.03603000401373213,0.05253645072727228,0.15300546448087432,0.02185792349726776,0.01606294295427852,0.17451958962084513,0.41530054644808745,0.008536011351266467,0.8579234972677595,0.8579234972677595,0.8579234972677595,0.8579234972677595,0.08196721311475409,0.04371584699453552,-0.0031754118693101616,0.15818610569802616,0.024611749884246054,0.017437605099377057,0.0007838762754699413
ZERO,4,3,MATCH_CORE_VOL,2023_PLUS,0.907289329861084,916,183,3.649555099247091,0.28786613177509784,0.2712629082188274,0.18528358717901874,0.12527495729635924,1.464041755391623,2.165340256928676,1.2951457156157364,0.22226543955962585,88,False,88,0.9119816265968954,0.08801837340310459,0.9118265893394042,0.0891642745241833,2.6749282357254982e-05,0.037806821386449196,0.05516309749173976,0.14754098360655737,0.03278688524590164,0.01631976138485203,0.182873798228058,0.3989071038251366,0.009410347559911414,0.7978142076502732,0.7978142076502732,0.7868852459016393,0.7868852459016393,0.08196721311475409,0.04371584699453552,-0.0031879748000249912,0.1584033279322716,0.02808586313672886,0.01789629667327598,3.4311827881661205e-05
ZERO,4,3,CORE_VOL,2024_PLUS,0.8232616514363601,666,133,2.652977412731006,0.2035984899601773,0.20233038063641795,0.1801530061847727,0.12811806185609514,1.1231029940677157,1.5792494649480384,0.9545430936940147,0.2132941836834893,98,False,116,0.9087914608125354,0.09120853918746463,0.8481210168457064,2.264097470454147,0.0006792292411362442,0.04150716049487446,0.05742023368598892,0.16541353383458646,0.03007518796992481,0.016633158980474416,0.1795983776525625,0.42857142857142855,0.009479991084989113,0.8421052631578947,0.8421052631578947,0.8421052631578947,0.8421052631578947,0.09022556390977443,0.05263157894736842,-0.09006208821527202,0.1582395531397191,0.025139832991411645,0.01749264287666647,0.0008146868667001095
ZERO,4,3,MATCH_CORE_VOL,2024_PLUS,0.9088343845615298,666,133,2.652977412731006,0.22476123842010184,0.22191990224171562,0.1915863605879601,0.13290780823888282,1.1583282941471658,1.6697281008715927,1.0144696628847667,0.22155540637949311,88,False,88,0.9087914608156636,0.09120853918433636,0.9085911434116847,0.09540029189355047,2.8620087568065135e-05,0.0481029719438919,0.06038769990955904,0.15789473684210525,0.03759398496240601,0.01695164942957918,0.18929759683239716,0.42857142857142855,0.010495197931477962,0.7819548872180451,0.7819548872180451,0.7669172932330827,0.7669172932330827,0.09022556390977443,0.05263157894736842,-0.09009035163033648,0.1585494007999731,0.029132796369952862,0.01802215141407768,3.491957446646876e-05
ZERO,4,3,CORE_VOL,EX_MAJOR_SHOCKS,0.9002900473741379,3987,795,15.838466803559205,0.20875835143726146,0.20352463585558103,0.16501159109735347,0.11692191281592439,1.2333959966212655,1.7406885583201102,0.9787343838078609,0.21329418368349018,98,False,186,0.9383775587575384,0.061622441242461634,0.8873844408755146,1.6178653787725181,0.0004853596136317554,0.034611053910930445,0.047689336676822756,0.12955974842767295,0.01509433962264151,0.015030395339708258,0.1665640946300173,0.30943396226415093,0.00959067507766514,0.6088050314465409,0.6088050314465409,0.630188679245283,0.630188679245283,0.06540880503144654,0.04779874213836478,0.015583407863519326,0.139093255749995,0.017950076249276484,0.01580649639270202,0.0005862045544043903
ZERO,4,3,MATCH_CORE_VOL,EX_MAJOR_SHOCKS,0.9367109609693647,3987,795,15.838466803559205,0.2172035962804701,0.211883906612867,0.1732372516505281,0.12183581972969382,1.2230851309064916,1.739093700710963,0.9520727029481826,0.22813761554960954,88,False,182,0.9383775587520274,0.06162244124797256,0.9380760609942729,0.11393487477093574,3.418046243128072e-05,0.03579395250956541,0.050359990535544304,0.12452830188679245,0.021383647798742137,0.01538513112862829,0.17415301482068146,0.31949685534591193,0.010079262057561508,0.5446540880503145,0.5446540880503145,0.5559748427672956,0.5559748427672956,0.06540880503144654,0.04779874213836478,0.015573775805127402,0.13980448592663774,0.022410069292464363,0.016326346376702692,4.156358453927256e-05
