cash_mode,offset,cost_bps,period,rule,identity_error,CAGR_link_error,CAGR_gap,matched_target,dynamic_average,static_average,matched_CAGR_gap,Return_Retention,annual_cost,annual_exposure_opportunity,CAGR_exposure_opportunity,annual_dynamic_timing,CAGR_dynamic_timing,annual_cash,CAGR_cash,CAGR_cost,annual_interaction,CAGR_interaction,annual_vol_total_reduction,annual_vol_lower_exposure_effect,annual_vol_dynamic_effect,annual_vol_dynamic_fraction,annual_vol_BH_reduction,ES95_5D_total_reduction,ES95_5D_lower_exposure_effect,ES95_5D_dynamic_effect,ES95_5D_dynamic_fraction,ES95_5D_BH_reduction,MaxDD_total_reduction,MaxDD_lower_exposure_effect,MaxDD_dynamic_effect,MaxDD_dynamic_fraction,MaxDD_BH_reduction
PROXY,0,0,ALL,VOL,4.679416576447437e-16,3.0878077872387166e-16,-0.027026106698872204,0.8316915400137077,0.831821896905649,0.83182189691238,-0.004346101137188835,0.8347570602644805,0.0,-0.02956168823676914,-0.026276964605187005,-0.009134193176010157,-0.003953510432616036,0.002792323789645328,0.0032043683389305277,0.0,0.0,0.0,0.06641545391039877,0.03700461145254216,0.029410842457856606,0.1619671164508406,0.30383590348693534,0.01832353756318831,0.011398107837462944,0.0069254297257253655,0.12373724130629415,0.2719959631260842,0.21547818612640046,0.06995858319901072,0.14551960292738975,0.3213467698764114,0.41216062572615786
PROXY,0,0,GFC,VOL,4.440892098500626e-16,9.020562075079397e-17,0.04579085377197352,0.7071872865271871,0.7069036362497453,0.7069036362524785,0.03999169192315269,2.81577583753595,0.0,-0.019856946177807745,-0.001279731735067323,0.02919143960685723,0.04331392060588074,0.003575082675073724,0.003756664901160016,0.0,0.0,0.0,0.13677022400691255,0.08613961216993082,0.050630611836981726,0.24534189638111703,0.46757902267630724,0.03909924230230678,0.026181868864324595,0.012917373437982188,0.20559576848971384,0.43926375986913857,0.21547818612640124,0.1267643483825045,0.08871383774389674,0.2240038373134532,0.41216062572615875
PROXY,0,0,2011,VOL,2.7994100093575724e-16,1.0130785099704553e-15,-0.04527585254946298,0.788893161508895,0.7886104184044044,0.7886104184085253,-0.04405497670879338,-0.7280266540086655,0.0,-0.010459141660186478,-0.0021132152824063764,-0.046728053671205506,-0.043220749349803717,5.743207365671719e-05,5.8112082748126346e-05,0.0,0.0,0.0,0.06683809392960205,0.046453564946664805,0.020384528982937244,0.11863520880076517,0.3062050806233947,0.018630025737168092,0.01478211711946284,0.003847908617705252,0.06967141824000189,0.2660995529898227,0.02150625810743323,0.0311602558726759,-0.009653997765242672,-0.0800568484076869,0.14172206777041074
PROXY,0,0,2015_2016,VOL,4.440892098500626e-16,1.8735013540549517e-16,-0.030804438207970887,0.9088557963332278,0.9089897740763173,0.9089897740803662,-0.024573308787915672,0.6454590381935441,0.0,-0.00924653905421031,-0.006602120781507564,-0.024302961131886187,-0.02435886821214103,0.00014606283844773832,0.00015655078567789285,0.0,0.0,0.0,0.026613076996510776,0.01753559918285605,0.009077477813654727,0.05230784546612499,0.13928071146441412,0.010144456988786951,0.006644633669834907,0.0034998233189520445,0.05284862381194755,0.13921655386375453,-0.0006573048787518188,0.015427380929363466,-0.016084685808115284,-0.10171257707834958,-0.003787060275721954
PROXY,0,0,2018Q4,VOL,4.135147085859714e-16,3.0808688933348094e-15,0.0643511772721233,0.620371424658515,0.619991881543818,0.619991881543127,-0.10679786474418806,,0.0,0.2695543862027219,0.1499507349463845,-0.18113456011864182,-0.09022105707663275,0.009289004608522264,0.004621499402368469,0.0,0.0,0.0,0.12146597813082055,0.12334636859591319,-0.0018803904650926406,-0.00939829458373942,0.3755624208026428,0.010048408121051344,0.03305817695368041,-0.023009768832629063,-0.42963851161234823,0.1160132823858302,0.05367443477991163,0.08235733468218931,-0.02868289990227768,-0.20627311826403383,0.24242061767230239
PROXY,0,0,COVID,VOL,3.434752482434078e-16,1.5265566588595902e-15,-0.22967081705905112,0.4960855866156635,0.49755566163663173,0.4975556616432265,-0.2092424128211065,-1.5136323997411842,0.0,-0.08810197415808468,-0.02435108412581318,-0.21660871875908325,-0.20676401984450962,0.001463852628443003,0.0014442869112732237,0.0,0.0,0.0,0.2243290315657276,0.21315161445660996,0.011177417109117627,0.05365805563843917,0.5322666194183499,0.03577691249566872,0.07260809730187934,-0.036831184806210615,-0.5168321166571164,0.2486727888903889,0.11057678321099851,0.1323911681636517,-0.0218143849526532,-0.15229237416110797,0.401176388576
PROXY,0,0,2022,VOL,3.5995512126518747e-16,6.661338147750939e-16,0.07971656497142254,0.5675905190219055,0.5663001945389603,0.5663001945331081,-0.06496298563708355,,0.0,0.15543795636834865,0.13419025906863885,-0.08631732283618389,-0.06060333695584523,0.008701700893970668,0.006129642858628252,0.0,0.0,0.0,0.1403812687820905,0.14016088770625762,0.00022038107583288724,0.0012101958523875744,0.4356088075268453,0.03422401351748088,0.0394248055736569,-0.005200792056176018,-0.10135049064699131,0.37716682832237614,0.09989777977953207,0.14731384354614963,-0.047416063766617556,-0.22034517721002223,0.275577211702556
PROXY,0,0,2023_PLUS,VOL,4.373671563806525e-16,9.159339953157541e-16,-0.08072891400157611,0.8332942638007808,0.8336697556018255,0.8336697556071907,-0.035246271130241424,0.7423058079985708,0.0,-0.049036942610561074,-0.054524207907846935,-0.03130632648883105,-0.03570894003908631,0.007518408131798882,0.009504233945356213,0.0,0.0,0.0,0.05067716555682561,0.03417273096545689,0.016504434591368716,0.09744651174204377,0.2489765786950503,0.009812496620652505,0.007988074245411855,0.0018244223752406502,0.0467451067179806,0.20869998450385874,0.06214628416414536,0.03812420031799835,0.024022083846147013,0.11799234523934421,0.2571062665600611
PROXY,0,0,2024_PLUS,VOL,4.04570040662966e-16,6.106226635438361e-16,-0.0710582504917813,0.8299263841836364,0.8302026186513219,0.8302026186555151,-0.03817299813580394,0.7061320047655779,0.0,-0.0407836639923671,-0.0411679402421628,-0.036252552441973514,-0.03874055134967939,0.007386942958111529,0.008850241100060278,0.0,0.0,0.0,0.05690481185359067,0.03632013379965457,0.0205846780539361,0.11760272323900256,0.26923697256160484,0.01124055065604835,0.008480815599050645,0.0027597350569977044,0.06817646009121159,0.229585890668353,0.062146284164144805,0.03890696037770214,0.023239323786442667,0.11458812889118952,0.2571062665600592
PROXY,0,0,EX_MAJOR_SHOCKS,VOL,4.679416576447437e-16,3.469446951953614e-16,-0.047381486012116364,0.8796432859453489,0.8798196819343708,0.8798196819334959,-0.021138441128615265,0.7961530456610242,0.0,-0.027219095463608067,-0.028420375599753266,-0.020456264986958506,-0.02173104049544565,0.0022974341764283473,0.0027699300830822072,0.0,0.0,0.0,0.03660766379904645,0.022340921178385736,0.014266742620660716,0.08787118067194688,0.1981999537653879,0.008502667911803784,0.006482405287181754,0.0020202626246220295,0.042978839352259324,0.15896287144264443,0.06214628416414536,0.027402493387445492,0.03474379077669987,0.16211788270377714,0.2571062665600611
PROXY,0,0,ALL,CORE_VOL,4.535217687506865e-16,5.724587470723463e-17,-0.012670219464985616,0.9158384351394488,0.9159080836629635,0.9159080836636344,-0.0014484070501358248,0.922531782516207,0.0,-0.014781347679925443,-0.012812103602329143,-0.004903478288065379,-0.0014701203048527742,0.0013959695948474573,0.001612004442196358,0.0,0.0,0.0,0.03637693799250821,0.01851679573351503,0.017860142258993184,0.08926809049619511,0.16641638610123888,0.00998512881385795,0.005699971019082366,0.004285157794775583,0.06948869705747074,0.14821999951142273,0.10235058032219013,0.03403052486988878,0.06832005545230135,0.13977928597517109,0.19577331695322242
PROXY,0,0,GFC,CORE_VOL,4.535759788593108e-16,9.055256544598933e-16,0.02492791372786823,0.853472038412292,0.8532906931937133,0.853290693200777,0.021265220102283777,1.988483500496502,0.0,-0.009939389120222021,0.0010597088111498722,0.013303069781837654,0.02200689635251465,0.0017885864593327658,0.0018613085642046113,0.0,0.0,0.0,0.07338747225228887,0.04316721645929489,0.030220255792993977,0.12120100875612572,0.2508911775320011,0.020820219375008567,0.013101807738284454,0.007718411636724112,0.10167973435049216,0.2339065236419423,0.10235058032218847,0.06047240066950166,0.04187817965268681,0.09058088990156354,0.19577331695321898
PROXY,0,0,2011,CORE_VOL,3.382710778154774e-16,7.181755190543981e-16,-0.022081161841584967,0.8944112256649532,0.894246306190594,0.8942463061890252,-0.021756099980479747,0.15723649439726628,0.0,-0.0052324852355145985,-0.0006318451149135595,-0.02353957064953378,-0.02147874284069533,2.874523832348386e-05,2.9426114023207057e-05,0.0,0.0,0.0,0.03571400829374358,0.023262207747167057,0.01245180054657652,0.06384993701177744,0.16361643706489604,0.009676037833749748,0.007393534192815701,0.002282503640934047,0.03645126504008922,0.1382064296957224,0.017092175346434813,0.01552428431210251,0.0015678910343323027,0.011509547666240794,0.11263411890113706
PROXY,0,0,2015_2016,CORE_VOL,4.440892098500626e-16,6.036837696399289e-16,-0.015255605210579809,0.9544402846586308,0.9545101778090658,0.9545101778054776,-0.01218336716180514,0.8244169587582677,0.0,-0.004621716001565287,-0.0032501153860147627,-0.012253129983690774,-0.012084286555273624,7.299997964653005e-05,7.87967307079738e-05,0.0,0.0,0.0,0.014731915625588149,0.00876872305709897,0.0059631925684891784,0.03270972965506824,0.07710012975330349,0.005839079569702532,0.0033214138295852708,0.0025176657401172614,0.036201046536093684,0.08013208950747841,-0.00032865243937652,0.007701615008964158,-0.008030267448340678,-0.04841465977883308,-0.0018935301378644187
PROXY,0,0,2018Q4,CORE_VOL,3.694961003830599e-16,1.061650767297806e-15,0.03248190072646123,0.8103118820799864,0.810047876817255,0.8100478768181074,-0.047731481790310004,,0.0,0.13474035286520514,0.07359806842946595,-0.09012988497259342,-0.043355936650516035,0.004642863842613299,0.002239768947510254,0.0,0.0,0.0,0.06242746862704557,0.061720610785907626,0.0007068578411379423,0.0027009863499655173,0.19302039635249335,0.010048408121051233,0.01651810157486089,-0.006469693453809655,-0.09229736409383604,0.11601328238582886,0.02682897771582482,0.04055994565579668,-0.013730967939971861,-0.07592445084517929,0.12117309434287438
PROXY,0,0,COVID,CORE_VOL,3.859759734048396e-16,2.275957200481571e-15,-0.11384864945079204,0.7483558676249231,0.7494064861441828,0.7494064861502506,-0.11018829895220876,-0.24601661452141985,0.0,-0.04394075442032767,-0.006062766764560918,-0.10925728495551223,-0.10855768198433487,0.000734635871399169,0.0007717992981060159,0.0,0.0,0.0,0.11975818772753755,0.10667777221182595,0.013080415515711596,0.04155387082774353,0.28415085325560263,0.03577691249566861,0.03625893835070948,-0.0004820258550408685,-0.0044792737163839025,0.24867278889038813,0.0552071715742698,0.06438880881071818,-0.009181637236448381,-0.043464909453642786,0.2002935252095327
PROXY,0,0,2022,CORE_VOL,3.7860339863193815e-16,7.216449660063518e-16,0.040223577153322754,0.7839307190515683,0.7830114874132352,0.7830114874202463,-0.030023603031856583,,0.0,0.0777686559394233,0.06702515685089755,-0.043875719242981503,-0.029784185404075868,0.0043531144873867065,0.002982605706500347,0.0,0.0,0.0,0.07151491900935214,0.07020941651334683,0.0013055024960053063,0.0051794326413254765,0.22191371299257823,0.0177561312465027,0.01970005230357859,-0.001943921057075887,-0.027363880472591973,0.1956820085434623,0.04967749993841042,0.07095324899700062,-0.0212757490585902,-0.07297448332015888,0.13703995171458216
PROXY,0,0,2023_PLUS,CORE_VOL,4.3937293039975067e-16,1.033895191682177e-15,-0.0405149340954446,0.9166848990062135,0.9168895712663538,0.9168895712702453,-0.017735162961494355,0.8706725671360708,0.0,-0.024502346755378556,-0.027372307538648052,-0.015954298379670648,-0.01796784046200339,0.0037572089716975507,0.004825213905205807,0.0,0.0,0.0,0.027410356378173933,0.017093181302253513,0.01031717507592042,0.05533518932440684,0.13466689931971965,0.005726855036958155,0.003992227428257368,0.0017346276087007867,0.040316728070783125,0.12180330895130898,0.03237479097052598,0.018901601572739457,0.013473189397786522,0.060468654179324455,0.13393820320952698
PROXY,0,0,2024_PLUS,CORE_VOL,4.3934582534543853e-16,4.510281037539698e-16,-0.035532534811782535,0.9150025361086591,0.9151528043369995,0.9151528043421685,-0.019136077358557047,0.8530519018063417,0.0,-0.020379463400018907,-0.02053041468414034,-0.01853557419938811,-0.01949071603773075,0.0036916663838439698,0.0044885959100881044,0.0,0.0,0.0,0.030913887577009413,0.018173916876185137,0.012739970700824277,0.06594804100825613,0.14626463439960624,0.006305155271786822,0.00423844588820739,0.002066709383579432,0.0462127111206615,0.12878147460654188,0.032374790970525535,0.019286394808764706,0.013088396161760829,0.058843295339029766,0.13393820320952543
PROXY,0,0,EX_MAJOR_SHOCKS,CORE_VOL,4.440892098500626e-16,4.5102810375396984e-17,-0.023564727218272963,0.9398374322117888,0.9399308317831355,0.939930831781849,-0.010445431208200684,0.8986186741368699,0.0,-0.013604793617050451,-0.014204751429597436,-0.010354953393751648,-0.01075779238563994,0.0011480697114874744,0.001397816596964366,0.0,0.0,0.0,0.019837850388395084,0.011171971036593203,0.00866587935180188,0.049939171550931416,0.10740540700351942,0.004721678119263897,0.003240352236134017,0.0014813258831298803,0.02948027380046858,0.08827482381431329,0.03237479097052598,0.013618669709476672,0.018756121261049308,0.08222916812447023,0.13393820320952698
PROXY,0,1,ALL,VOL,5.80265002714242e-16,4.822531263215524e-16,-0.027393455751943213,0.8316915400137077,0.8318218969056491,0.83182189691238,-0.004697543870883725,0.8325051218911735,-0.00032399381966374206,-0.029561688236769124,-0.02627258705460794,-0.009134193176010184,-0.003952826466171034,0.002792323789645328,0.0032038397192331444,-0.00037195827653481895,2.079012475995501e-08,7.632613791598783e-08,0.06641434482855688,0.037004646547217995,0.02940969828133888,0.16196080562543336,0.3038307656592044,0.018314702484506555,0.011397808277955973,0.006916894206550582,0.12358407500650215,0.2718648145568163,0.21516959922338497,0.0699448469379862,0.14522475228539877,0.3206859321594586,0.41157036936042435
PROXY,0,1,GFC,VOL,4.603522424373452e-16,6.591949208711867e-16,0.04546065759775465,0.7071872865271871,0.7069036362497454,0.7069036362524785,0.039690004283705387,2.802682344285534,-0.000307983094724436,-0.01985694617780773,-0.001279409491905966,0.02919143960685722,0.04330725250509947,0.003575082675073724,0.003756084962790732,-0.000323740427642182,4.1042477856495257e-07,4.700494132643883e-07,0.13676712130155844,0.08613940293819877,0.050627718363359664,0.24532762667829422,0.4675684153972183,0.03909366747461167,0.02618124486381325,0.012912422610798419,0.20551492891207324,0.43920112899371044,0.21516959922338674,0.1267420451857454,0.08842755403764135,0.22326839288131217,0.4115703693604277
PROXY,0,1,2011,VOL,3.8510861166685117e-16,7.771561172376096e-16,-0.04565791712505306,0.788893161508895,0.7886104184044044,0.7886104184085253,-0.044415766202200724,-0.7426087708104433,-0.00038656792422827495,-0.010459141660186478,-0.002112716530086898,-0.04672805367120548,-0.04321232769478043,5.743207365671719e-05,5.8100958659964796e-05,-0.0003915106644403758,4.951032791679885e-07,5.368055939042012e-07,0.06683506845297191,0.04645371649762489,0.020381351955347016,0.1186168235495394,0.3061912200199428,0.018611103125356812,0.014781750441168272,0.0038293526841885403,0.06933497846609626,0.26582927432164394,0.02122852968485034,0.03115765797579062,-0.009929128290940281,-0.0823366250347759,0.13989189135708757
PROXY,0,1,2015_2016,VOL,4.167673151034279e-16,6.800116025829084e-16,-0.031129798562023227,0.9088557963332278,0.9089897740763173,0.9089897740803662,-0.024890230679314722,0.6417143319249078,-0.0003076826318833265,-0.00924653905421031,-0.006601155781859479,-0.024302961131886226,-0.024354966960540105,0.00014606283844773835,0.000156526998546199,-0.00032892208110717387,-1.2725995637425446e-06,-1.2807370619868912e-06,0.02662072284899991,0.017535899175522146,0.009084823673477765,0.05235026557302491,0.13932072637041615,0.01013650772279645,0.006644486991380927,0.003492020731415524,0.05273068506727896,0.139107462818451,-0.0006670539092574757,0.01542696678738098,-0.016094020696638456,-0.10177134034049318,-0.0038432292885319796
PROXY,0,1,2018Q4,VOL,3.2439329000766293e-16,9.992007221626409e-16,0.06408398878545357,0.620371424658515,0.619991881543818,0.6199918815431272,-0.1070349029746363,,-0.0005054845508346117,0.2695543862027219,0.1499121435811946,-0.18113456011864185,-0.09019803365464697,0.009289004608522264,0.0046203263019309725,-0.0002491580288043373,-2.6833694776723016e-06,-1.2894142196865949e-06,0.12148600933717918,0.12334783921426307,-0.001861829877083887,-0.009305596146094608,0.3756243555803269,0.010048408121051344,0.033058070873028145,-0.0230096627519768,-0.42963567987800566,0.11601328238582997,0.05357093572139482,0.08234726397079895,-0.028776328249404126,-0.20693002176052966,0.24195316411090095
PROXY,0,1,COVID,VOL,2.983724378680108e-16,1.1657341758564144e-15,-0.2301532546333958,0.4960855866156635,0.49755566163663184,0.4975556616432265,-0.20966163448946062,-1.5189124380728314,-0.0005543688049661706,-0.08810197415808452,-0.024343935135203762,-0.21660871875908316,-0.2067085958334358,0.0014638526284430028,0.001443900837461347,-0.0005461438119125494,1.2460130265886346e-06,1.519309696077833e-06,0.2243250759688907,0.2131519521163269,0.011173123852563804,0.05363753247255987,0.532257233953876,0.03577232675436351,0.07260790787712602,-0.036835581122762515,-0.516892433842671,0.2486409150086042,0.11051408376588501,0.13238417714791118,-0.021870093382026168,-0.1526738389813056,0.4009489128236229
PROXY,0,1,2022,VOL,3.7600131341797294e-16,8.326672684688674e-16,0.0794336004384778,0.5675905190219055,0.5663001945389602,0.5663001945331081,-0.06521308174606594,,-0.00037999118009937187,0.15543795636834867,0.13416445431551152,-0.08631732283618396,-0.06059167148022266,0.008701700893970668,0.006128456778284134,-0.00026854294171218185,1.2049050875887423e-06,9.037666178005068e-07,0.14037726412456367,0.1401607066302707,0.00021655749429297377,0.0011891979372937733,0.43559638091106545,0.03421463420224572,0.039424399609460446,-0.005209765407214725,-0.10152455573676034,0.37706346328083085,0.09961985113917338,0.14728901004386175,-0.04766915890468837,-0.22149576367041024,0.27481051999097506
PROXY,0,1,2023_PLUS,VOL,5.370053360320703e-16,2.498001805406602e-16,-0.08123069854932197,0.8332942638007808,0.8336697556018255,0.8336697556071908,-0.03572976067273548,0.7407040651138891,-0.0004093925602866777,-0.049036942610561074,-0.054513270902009525,-0.03130632648883106,-0.035701724912784005,0.007518408131798882,0.00950233066955494,-0.0005175098972655873,-4.5546351230441243e-07,-5.235068180458085e-07,0.050677984240116325,0.03417279252781341,0.016505191712302913,0.09745101740419415,0.24898060088063456,0.009804811527734665,0.007987665928150374,0.0018171455995842911,0.046558175058182716,0.20853653183377174,0.06200752668191434,0.03812142036054744,0.023886106321366896,0.11732284501396573,0.25653221102812496
PROXY,0,1,2024_PLUS,VOL,5.372221764665674e-16,5.828670879282072e-16,-0.07154128123665804,0.8299263841836364,0.8302026186513219,0.8302026186555151,-0.038638517101833886,0.7041343862532848,-0.00041502873975821086,-0.0407836639923671,-0.04115958497438624,-0.03625255244197352,-0.03873259099884256,0.007386942958111529,0.008848443883382993,-0.0004968973437717361,-5.895312097049559e-07,-6.51803041084451e-07,0.056907018231166034,0.03632018825864056,0.020586829972525478,0.11761505400046479,0.2692474117213063,0.011230997198414708,0.008480372670981617,0.0027506245274330904,0.06795065016149637,0.22939076329898322,0.062007526681914005,0.038904133238677696,0.02310339344323631,0.11391629748317877,0.25653221102812385
PROXY,0,1,EX_MAJOR_SHOCKS,VOL,5.80265002714242e-16,3.400058012914542e-16,-0.04775822688024589,0.8796432859453489,0.8798196819343708,0.8798196819334959,-0.02150420336046585,0.7945253283425965,-0.000318679460419751,-0.027219095463608067,-0.028415712093473818,-0.02045626498695851,-0.021727470572232635,0.0022974341764283473,0.0027694778556342143,-0.0003843816237963473,-1.5570376538310096e-07,-1.4044637696670356e-07,0.03660736335487655,0.022341000773795194,0.014266362581081354,0.08786884161882913,0.19819824501453842,0.008493659852885346,0.006482178948573607,0.0020114809043117396,0.04279181197731252,0.15879445995972485,0.06200752668191434,0.027400400223603683,0.034607126458310655,0.1614786166513098,0.25653221102812496
PROXY,0,1,ALL,CORE_VOL,5.507747036226363e-16,5.065392549852277e-16,-0.012855445365073243,0.9158384351394488,0.9159080836629633,0.9159080836636344,-0.0016247279859654684,0.9213965089342597,-0.00016131085741699638,-0.01478134767992548,-0.012811005998150611,-0.0049034782880653435,-0.00146998694041947,0.001395969594847457,0.0016118677560519356,-0.00018638963519221777,2.707787922295083e-08,6.94526376268888e-08,0.03637638779021851,0.018516816265570807,0.017859571524647705,0.08926522647599466,0.16641383398042597,0.009981411367251801,0.005699806277315055,0.004281605089936746,0.0694309004334911,0.14816481745574595,0.10222117703879907,0.03402342987680662,0.06819774716199245,0.1395270241914568,0.1955257979852365
PROXY,0,1,GFC,CORE_VOL,5.507747036226363e-16,2.185751579730777e-16,0.024766338940544034,0.853472038412292,0.8532906931937133,0.853290693200777,0.02112086298444345,1.9820764656716083,-0.0001536878469244773,-0.009939389120222021,0.0010596600430761555,0.013303069781837651,0.022005214061233392,0.001788586459332766,0.001861165633986866,-0.00016004736479250764,3.0153267623379496e-07,3.4656704034943595e-07,0.0733860145122375,0.04316709736473204,0.030218917147505464,0.12119558211222425,0.2508861939277591,0.02081761129330005,0.013101437439698743,0.0077161738536013075,0.10164975868878623,0.2338772229263819,0.10222117703880063,0.06046032936338541,0.041760847675415214,0.09032474699466908,0.1955257979852394
PROXY,0,1,2011,CORE_VOL,4.484260185400046e-16,2.42861286636753e-16,-0.022275105941817787,0.8944112256649532,0.894246306190594,0.8942463061890252,-0.021937966585785312,0.1498343019321781,-0.00019167922933396422,-0.0052324852355145985,-0.000631761067675711,-0.0235395706495338,-0.021476658764814627,2.8745238323483845e-05,2.9423309799595858e-05,-0.00019646733182824685,3.2604231661765696e-07,3.579127009585788e-07,0.03571224360643785,0.023262294824819618,0.01244994878161823,0.06384047009743776,0.16360835251031125,0.009667428324672135,0.0073933271056426525,0.0022741012190294826,0.03631695942754154,0.13808345689099666,0.017057691506334294,0.015522830113794184,0.00153486139254011,0.011266963962839438,0.11240687708625241
PROXY,0,1,2015_2016,CORE_VOL,3.4876073383427464e-16,1.8908485888147197e-15,-0.015420443234458847,0.9544402846586308,0.9545101778090658,0.9545101778054775,-0.012343760341354842,0.8225197700761144,-0.0001536091889965692,-0.004621716001565287,-0.003249877779958155,-0.012253129983690783,-0.012083316705459283,7.299997964653e-05,7.879073808024156e-05,-0.00016545828767034618,-5.908152311401452e-07,-5.811994494123863e-07,0.014735261654315213,0.008768882685796231,0.005966378968518982,0.03272723658021259,0.07711764134212684,0.005832538939595747,0.0033213368536772203,0.0025112020859185263,0.03610806689159396,0.08004232975152792,-0.0003335279453688944,0.007701399463696745,-0.00803492740906564,-0.0484426918323555,-0.001921620352412834
PROXY,0,1,2018Q4,CORE_VOL,3.2612801348363973e-16,1.1379786002407855e-15,0.03235966231064419,0.8103118820799864,0.8100478768172551,0.8100478768181074,-0.04783670044498706,,-0.0002458648332592772,0.13474035286520514,0.07358894688025423,-0.09012988497259325,-0.043350608578644485,0.004642863842613299,0.002239495156909636,-0.00011740045870614136,-1.662141132813775e-06,-7.706891701977021e-07,0.062436675675820064,0.061721580331672465,0.0007150953441475982,0.002732472933971608,0.19304886376023533,0.010048408121051344,0.01651803349078773,-0.006469625369736387,-0.09229630315196635,0.11601328238582997,0.026780258791357703,0.040553644533764754,-0.013773385742407052,-0.07615634378033809,0.1209530552905761
PROXY,0,1,COVID,CORE_VOL,3.0184188481996443e-16,9.992007221626409e-16,-0.11411497483643995,0.7483558676249231,0.7494064861441828,0.7494064861502506,-0.11040602240028999,-0.2489314128698299,-0.0002697363862343014,-0.04394075442032767,-0.006061767094466975,-0.10925728495551223,-0.10854319970370706,0.000734635871399169,0.0007716967082992198,-0.00028289014461919737,8.715365927200974e-07,1.1853980550679993e-06,0.11975592311968647,0.1066780545736265,0.013077868546059968,0.04154581688012016,0.28414548000918505,0.0357746203823435,0.036258801515694744,-0.0004841811333512469,-0.004499296135660691,0.2486568572134138,0.05517568906569614,0.06438381196692422,-0.009208122901228077,-0.04358925873426722,0.20017930558108865
PROXY,0,1,2022,CORE_VOL,3.885780586188048e-16,2.5673907444456745e-16,0.04009036053134751,0.7839307190515683,0.7830114874132353,0.7830114874202463,-0.030136141243480574,,-0.0001889348770370432,0.07776865593942327,0.06701880422953506,-0.0438757192429815,-0.02978136028045577,0.004353114487386706,0.0029823213123694073,-0.0001299220532502574,6.974557069057141e-07,5.173231493300964e-07,0.07151328625980885,0.0702092951627245,0.001303991097084345,0.005173433847317721,0.22190864650409492,0.01775255281795224,0.01969977932790308,-0.0019472265099508418,-0.027410304822498066,0.19564257235792937,0.049581998205112554,0.07093770973203739,-0.021355711526924837,-0.07324484571024503,0.13677650140134145
PROXY,0,1,2023_PLUS,CORE_VOL,4.715195248139459e-16,8.673617379884035e-16,-0.04077305593493874,0.9166848990062135,0.9168895712663538,0.9168895712702453,-0.017983052525934295,0.8698486182487485,-0.0002039207147546967,-0.024502346755378556,-0.027369557950317532,-0.015954298379670634,-0.017966022943768242,0.0037572089716975507,0.004824729941059308,-0.0002619314320340146,-2.4322470782225544e-07,-2.735498773893673e-07,0.027410699221961182,0.01709321564323185,0.01031748357872933,0.05533685414213785,0.13466858370897528,0.005721746370133229,0.003992003695724597,0.0017297426744086325,0.040202981924931214,0.12169465376105348,0.032338872613575376,0.01890010621268856,0.013438766400886815,0.060313756482206604,0.1337896048696463
PROXY,0,1,2024_PLUS,CORE_VOL,4.714111045966973e-16,4.0245584642661925e-16,-0.03578023489696483,0.9150025361086591,0.9151528043369995,0.9151528043421683,-0.019374000574269523,0.8520275150961687,-0.00020653983972255846,-0.020379463400018907,-0.020528330897493598,-0.018535574199388102,-0.019488713698026915,0.0036916663838439698,0.004488139959360308,-0.00025099989019091026,-3.0707547039599717e-07,-3.303706133197214e-07,0.03091482525221831,0.01817394736344366,0.012740877888774649,0.0659527474453826,0.14626907087564878,0.006300079020628208,0.004238202469603949,0.002061876551024258,0.046104395492717165,0.12867779324081818,0.03233887261357504,0.019284871378941082,0.01305400123463396,0.0586882593927851,0.13378960486964508
PROXY,0,1,EX_MAJOR_SHOCKS,CORE_VOL,5.366800753803247e-16,5.655198531684391e-16,-0.023756201890638484,0.9398374322117888,0.9399308317831355,0.939930831781849,-0.010630941177945274,0.8977914779887909,-0.00015875989923270464,-0.013604793617050451,-0.014203541120216214,-0.01035495339375165,-0.010756875376474559,0.0011480697114874744,0.0013976980978031963,-0.00019341020035007177,-8.651718934316624e-08,-7.329140027008642e-08,0.019837733907782734,0.011172013957403026,0.008665719950379708,0.049938243297651286,0.10740473186972033,0.004715098946961524,0.00324023174752007,0.0014748671994414542,0.029351667378402224,0.08815182193634397,0.032338872613575376,0.01361756935561631,0.018721303257959065,0.08207612572648015,0.1337896048696463
PROXY,0,3,ALL,VOL,5.056718932472393e-16,3.5735303605122226e-16,-0.028127787598920873,0.8316915400137077,0.831821896905649,0.83182189691238,-0.005400062666839234,0.8280030111617904,-0.0009719661925990661,-0.02956168823676914,-0.02626383485965001,-0.009134193176010151,-0.003951458995922396,0.0027923237896453276,0.003202782829031726,-0.0011155054244613217,6.231476675110302e-08,2.2885208077439938e-07,0.06641202641288335,0.037004717696759226,0.029407308716124125,0.16194762143096741,0.3038200219959972,0.018297034969514854,0.011397209176523856,0.006899825792990998,0.12327779426086771,0.2716025566418454,0.21455283162278072,0.06991737807313725,0.14463545354964347,0.3193652684211218,0.41039063360729444
PROXY,0,3,GFC,VOL,5.056718932472393e-16,4.85722573273506e-17,0.04480057095224073,0.7071872865271871,0.7069036362497454,0.7069036362524785,0.039086932291000215,2.77650748003054,-0.000923938584837886,-0.01985694617780773,-0.0012787652461630084,0.02919143960685724,0.0432939204127108,0.0035750826750737233,0.003754925444986822,-0.0009709193627563171,1.2312494987391383e-06,1.409703462377887e-06,0.1367608569016233,0.08613898404948886,0.05062187285213443,0.24529880307004825,0.4675469991714235,0.03908251733606666,0.02617999681467585,0.012902520521390806,0.20535324749266592,0.4390758618148102,0.21455283162277594,0.12669744478505107,0.08785538683772487,0.22179876620653394,0.4103906336072862
PROXY,0,3,2011,VOL,3.200564813177209e-16,3.462508058049707e-15,-0.04642161137907813,0.788893161508895,0.7886104184044044,0.7886104184085253,-0.04513691149107936,-0.7717564058556402,-0.001159696593470435,-0.010459141660186478,-0.0021117194407517005,-0.04672805367120548,-0.04319549063023573,5.743207365671717e-05,5.80787187724711e-05,-0.0011740896372070507,1.4851008709196067e-06,1.60961034040948e-06,0.06682890653011914,0.04645401934702567,0.020374887183093465,0.11857940841538905,0.3061629904285078,0.018573257296011683,0.014781017255290171,0.0037922400407215118,0.06866209847430405,0.26528870833352614,0.02067331869133815,0.03115246285760065,-0.0104791441662625,-0.08689385109222769,0.13623315864513275
PROXY,0,3,2015_2016,VOL,3.0878077872387166e-16,1.061650767297806e-15,-0.03178021982467403,0.9088557963332278,0.9089897740763173,0.9089897740803662,-0.02552377488274534,0.6342283658286313,-0.0009230276023253315,-0.00924653905421031,-0.006599226363706549,-0.02430296113188619,-0.024347166857427223,0.0001460628384477383,0.0001564794388159528,-0.000986464842051069,-3.8178928497252695e-06,-3.841200304074965e-06,0.026635891380849736,0.01753649889803241,0.009099392482817326,0.05243439788825477,0.1394001115504233,0.01012061316758528,0.00664419370314652,0.0034764194644387597,0.052494868213006085,0.1388893353026911,-0.0006865516620899736,0.015426138627627206,-0.01611269028971718,-0.10188886485813886,-0.003955565538581007
PROXY,0,3,2018Q4,VOL,3.4835415801959257e-16,8.881784197001252e-16,0.0635499627872842,0.620371424658515,0.619991881543818,0.6199918815431269,-0.107508638056171,,-0.001516523953943776,0.2695543862027219,0.14983499286520102,-0.18113456011864182,-0.09015200582839622,0.009289004608522264,0.004617981066334784,-0.0007471387623283835,-8.050520370074476e-06,-3.866553527888167e-06,0.12152598130199918,0.12335077936641184,-0.0018247980644126582,-0.009120641785895112,0.37574794547852697,0.010048408121051344,0.03305785875120193,-0.023009450630150585,-0.4296300174968064,0.1160132823858302,0.053363957225524006,0.08232712468833736,-0.028963167462813355,-0.20824342088228165,0.24101834560708868
PROXY,0,3,COVID,VOL,3.3219954564955856e-16,8.326672684688674e-16,-0.2311173518575126,0.4960855866156635,0.49755566163663173,0.4975556616432265,-0.21049931004299458,-1.529464000740045,-0.0016631079762325523,-0.08810197415808468,-0.024329644080387656,-0.2166087187590832,-0.20659780488958535,0.0014638526284430028,0.0014431290870314784,-0.0016375890176251002,3.7391374210022773e-06,4.557043054856587e-06,0.2243169999962216,0.21315262584383057,0.011164374152391021,0.053595702135665,0.5322380720529797,0.035763158022371844,0.07260752897122769,-0.03684437094885584,-0.5170130274537548,0.24857718636362358,0.11038867882503378,0.13237019703912056,-0.02198151821408678,-0.1534367146459097,0.4004939393669952
PROXY,0,3,2022,VOL,4.0245584642661925e-16,4.163336342344337e-17,0.07886798595208888,0.5675905190219055,0.5663001945389603,0.5663001945331081,-0.06571296627119291,,-0.0011399722592181894,0.15543795636834865,0.1341128636705368,-0.08631732283618392,-0.06056834909431247,0.008701700893970668,0.006126085490729147,-0.0008053242093439819,3.6144465195120208e-06,2.710094479443031e-06,0.14036919192922362,0.14016034380806755,0.00020884812115606888,0.0011468606102243983,0.43557133255941083,0.03419587616417592,0.03942358757370382,-0.005227711409527894,-0.10187266380460103,0.37685673972630906,0.09906429914122672,0.1472393479823516,-0.04817504884112489,-0.2237947501081894,0.2732779787184081
PROXY,0,3,2023_PLUS,VOL,4.14815751192954e-16,2.0816681711721685e-16,-0.08223365257014836,0.8332942638007808,0.8336697556018255,0.8336697556071907,-0.03669612343217321,0.7375025427199874,-0.0012281567493627925,-0.049036942610561074,-0.054491405806247416,-0.03130632648883104,-0.03568730055519745,0.007518408131798882,0.00949852566579045,-0.0015519017495546274,-1.366556257308622e-06,-1.5701249391016807e-06,0.0506795108569007,0.034172915537355936,0.016506595319544765,0.09745937545547712,0.2489881011387839,0.009789444110728414,0.007986849312989402,0.0018025947977390114,0.04618439393931284,0.20820968538326523,0.06173006663483849,0.0381158611802036,0.023614205454634885,0.11598416595609273,0.2553843271637447
PROXY,0,3,2024_PLUS,VOL,4.1492417141020255e-16,5.134781488891349e-16,-0.07250674779276689,0.8299263841836364,0.8302026186513219,0.8302026186555151,-0.039568959405085924,0.7001416096320497,-0.00124506849036071,-0.0407836639923671,-0.04114288124206097,-0.036252552441973514,-0.03871667682023969,0.007386942958111527,0.00884485091253669,-0.0014900859277034283,-1.7686459442337103e-06,-1.9547152989652727e-06,0.05691131339085331,0.03632029708875009,0.02059101630210322,0.11763904415177706,0.2692677336546051,0.011211893995173201,0.008479486906175046,0.0027324070889981553,0.06749913472151425,0.2290005843775922,0.061730066634839265,0.03889847970501059,0.022831586929828673,0.11257295837434134,0.2553843271637477
PROXY,0,3,EX_MAJOR_SHOCKS,VOL,4.796510411075872e-16,4.787836793695988e-16,-0.04851133409549985,0.8796432859453489,0.8798196819343708,0.8798196819334959,-0.02223535219090747,0.7912711801354302,-0.0009560209591149435,-0.027219095463608067,-0.0284063881631047,-0.0204562649869585,-0.0217203330914312,0.0022974341764283473,0.0027685736986747386,-0.0011527652448313987,-4.671861012629094e-07,-4.212948077618207e-07,0.036606654021290624,0.022341161075121907,0.014265492946168717,0.08786348382203224,0.19819422943275444,0.008475418307688713,0.0064817262619652205,0.0019936920457234927,0.04241296717503851,0.1584534224837132,0.06173006663483849,0.027396214475714498,0.03433385215912399,0.1602003759775924,0.2553843271637447
PROXY,0,3,ALL,CORE_VOL,4.84746791318269e-16,3.469446951953614e-18,-0.0132258029103971,0.9158384351394488,0.9159080836629635,0.9159080836636344,-0.001977275195014394,0.9191262993025728,-0.00048392917319147095,-0.014781347679925443,-0.012808811171540436,-0.004903478288065376,-0.0014697202590845393,0.0013959695948474566,0.0016115944310235255,-0.0005590741965219479,8.119325808596437e-08,2.0828572629452395e-07,0.036375266069859524,0.01851685783197146,0.017858408237888063,0.08925938659933419,0.1664086270873233,0.009973977242156602,0.005699476805031391,0.0042745004371252115,0.06931532039792909,0.14805446474637984,0.10196245519238156,0.03400924170577668,0.06795321348660488,0.1390226927227164,0.1950309220999994
PROXY,0,3,GFC,CORE_VOL,4.8211082478641365e-16,9.992007221626409e-16,0.024443264594589863,0.853472038412292,0.8532906931937133,0.853290693200777,0.02083222297743984,1.9692653791163948,-0.0004610603339302445,-0.009939389120222021,0.0010595625155190138,0.013303069781837663,0.02200184999979057,0.0017885864593327647,0.0018608798182123128,-0.00048006726141018477,9.045721715700324e-07,1.0395224771520867e-06,0.07338308870298257,0.04316685902505449,0.030216229677928086,0.12118468794468318,0.25087619140680195,0.02081239527538184,0.013100696808439824,0.007711698466942016,0.10158981056287852,0.23381862312987978,0.1019624551923819,0.06043618994076527,0.04152626525161662,0.0898126782583506,0.1950309221000005
PROXY,0,3,2011,CORE_VOL,4.527628272299467e-16,2.3626933742804113e-15,-0.022662888383920533,0.8944112256649532,0.894246306190594,0.8942463061890252,-0.022301594424597983,0.13503395344222624,-0.0005750395776220939,-0.0052324852355145985,-0.0006315930076289643,-0.023539570649533756,-0.02147249133012893,2.874523832348383e-05,2.9417702341625474e-05,-0.0005892952438762313,9.780836224216228e-07,1.0734953696053315e-06,0.03570869143667951,0.02326246889370337,0.012446222542976143,0.06382141976989464,0.1635920789698302,0.009650208050049972,0.007392913040603161,0.002257295009446811,0.036048329119364175,0.13783749333496242,0.016982236149178376,0.015519922144534681,0.0014623140046436944,0.010734185886782988,0.11190964092424449
PROXY,0,3,2015_2016,CORE_VOL,3.857591329703425e-16,3.226585665316861e-16,-0.015750044009140415,0.9544402846586308,0.9545101778090658,0.9545101778054776,-0.012664471306351816,0.8187262590606277,-0.0004608229291833325,-0.004621716001565287,-0.0032494026378831952,-0.012253129983690781,-0.012081377287027125,7.299997964652996e-05,7.877875464776513e-05,-0.000496299472661314,-1.7724841806362708e-06,-1.7433662162220427e-06,0.01474192513115985,0.008769201810523347,0.005972723320636503,0.03276209445354217,0.0771525149418939,0.005819457007573511,0.0033211829397269826,0.0024982740678465287,0.03592209803537849,0.07986280102012033,-0.00034327889073537676,0.007700968441009204,-0.00804424733174458,-0.048498755748078715,-0.0019778003976882452
PROXY,0,3,2018Q4,CORE_VOL,3.178880769727499e-16,3.469446951953614e-17,0.03211524769899965,0.8103118820799864,0.810047876817255,0.8100478768181074,-0.04804708116367079,,-0.0007376430098569848,0.13474035286520514,0.07357070625058601,-0.09012988497259333,-0.04333995387311568,0.004642863842613299,0.002238947648994225,-0.00035214062136549186,-4.986809880391209e-06,-2.3117060993797613e-06,0.06245507409416118,0.06172351893442779,0.000731555159733388,0.002795388751604455,0.19310575009694808,0.010048408121051344,0.0165178973557345,-0.006469489234683157,-0.09229418179009485,0.1160132823858302,0.02668281909762038,0.04054104393568303,-0.01385822483806265,-0.07662010117587603,0.12051296885392371
PROXY,0,3,COVID,CORE_VOL,3.7990444123892075e-16,8.465450562766819e-16,-0.11464743016446094,0.7483558676249231,0.7494064861441828,0.7494064861502506,-0.11084127979832205,-0.25475887053755103,-0.0008092230031958983,-0.04394075442032767,-0.006059768036774781,-0.10925728495551239,-0.10851424176386064,0.0007346358713991687,0.0007714915755252566,-0.0008484685999681633,2.6157139306869904e-06,3.5566606165475548e-06,0.1197513652509411,0.10667861858811117,0.013072746662829926,0.04152962007545158,0.28413466553113076,0.03577003753054775,0.03625852778421068,-0.0004884902536629321,-0.004539327471869692,0.24862500341559823,0.0551127148131646,0.06437382030418493,-0.009261105491020327,-0.04383799336937866,0.1999508328179077
PROXY,0,3,2022,CORE_VOL,3.995098658360688e-16,9.367506770274758e-16,0.03982399881323889,0.7839307190515683,0.7830114874132353,0.7830114874202464,-0.030361150541562965,,-0.0005668073381166525,0.07776865593942327,0.06700610116558432,-0.04387571924298142,-0.029775711016427817,0.004353114487386707,0.002981752623230303,-0.0003896954548329481,2.092091218857577e-06,1.5514956859671566e-06,0.07151001039628085,0.07020905228246649,0.0013009581138143655,0.0051613958634963986,0.22189848136584378,0.017745396754804174,0.01969923327697297,-0.0019538365221687948,-0.027503139835650448,0.1955637087366463,0.04939102716107091,0.07090663457107371,-0.0215156074100028,-0.07378538526086653,0.13624969021545652
PROXY,0,3,2023_PLUS,CORE_VOL,4.846383711010205e-16,8.951173136040325e-16,-0.04128914184510907,0.9166848990062135,0.9168895712663538,0.9168895712702453,-0.018478672894330583,0.8682012240868247,-0.0006117568387249884,-0.024502346755378556,-0.02736405989771958,-0.01595429837967065,-0.01796238864739376,0.00375720897169755,0.004823762209959825,-0.0007856348865004402,-7.297813218050514e-07,-8.206234542172197e-07,0.02741136145226708,0.01709328428884771,0.01031807716341937,0.05534005815266041,0.13467183724208154,0.005711529245723719,0.0039915562426796475,0.0017199730030440716,0.03997549777702791,0.12147734783083286,0.03226703808834486,0.01889711592181187,0.013369922166532988,0.06000397533717061,0.13349241724466565
PROXY,0,3,2024_PLUS,CORE_VOL,4.846383711010205e-16,7.7021722333370235e-16,-0.036275484613266074,0.9150025361086591,0.9151528043369995,0.9151528043421683,-0.019849695911009824,0.8499793638925779,-0.0006196162934682043,-0.020379463400018907,-0.02052416415979456,-0.018535574199388113,-0.019484709823082202,0.003691666383843969,0.004487228240773093,-0.0007528479026159766,-9.212731611222525e-07,-9.90968545652301e-07,0.030916675872674382,0.01817400831768598,0.012742667554988402,0.06596203240822351,0.1462778268214593,0.006289926567148614,0.004237715688078687,0.0020522108790699267,0.04588776767822189,0.1284704315068691,0.03226703808834519,0.01928182495588482,0.012985213132460371,0.05837820186278764,0.13349241724466687
PROXY,0,3,EX_MAJOR_SHOCKS,CORE_VOL,4.84746791318269e-16,1.2836953722228372e-16,-0.024139052910271103,0.9398374322117888,0.9399308317831355,0.939930831781849,-0.011001862091731235,0.8961373435599518,-0.00047627547532348285,-0.013604793617050451,-0.014201120929057167,-0.01035495339375165,-0.01075504168266035,0.001148069711487474,0.0013974611411977339,-0.0005801315391955659,-2.5960641850975465e-07,-2.199005556245565e-07,0.019837476355324013,0.011172100363514292,0.00866537599180972,0.049936239053821274,0.1074032425320065,0.004701942507472988,0.00323999076508822,0.0014619517423847678,0.029094494399070858,0.08790585379778415,0.03226703808834486,0.01361536897057225,0.018651669117772607,0.08177005365648249,0.13349241724466565
PROXY,1,0,ALL,VOL,4.917941054394248e-16,1.3877787807814457e-17,-0.027130160550011773,0.8322772743485984,0.8324052890347655,0.832405289036788,-0.004466640649650744,0.8343239603048506,0.0,-0.029488086488683958,-0.026209355517382234,-0.009157711559340196,-0.004093403978450472,0.00276456584904082,0.0031725989458209203,0.0,0.0,0.0,0.06566903695118811,0.036880418699180934,0.02878861825200718,0.15843230308642775,0.30042147516784024,0.019749612018421396,0.01133817038486358,0.008411441633557816,0.1503384906625047,0.29350784677903397,0.20323415762423447,0.06896353288082846,0.134270624743406,0.2958558773645704,0.3887405917098059
PROXY,1,0,GFC,VOL,4.917941054394248e-16,1.394717674685353e-15,0.03290707327283686,0.7097334858044633,0.7098541266473031,0.709854126644677,0.027337881878350786,2.304886535428973,0.0,-0.019657053800185592,-0.0012456501692719563,0.017089183769360382,0.03044977850008413,0.0035466827786047013,0.003702944942023286,0.0,0.0,0.0,0.13579031829048555,0.08527273706963814,0.0505175812208474,0.24377019148674794,0.46422899996099254,0.032160802346202985,0.024431929354426382,0.007728872991776603,0.13015058429896864,0.38370714334115463,0.2032341576242307,0.12439062527717404,0.07884353234705666,0.1978950395872836,0.3887405917097996
PROXY,1,0,2011,VOL,2.8731357570865868e-16,9.020562075079397e-17,-0.03351089264492695,0.7932646647750516,0.792991636102024,0.7929916360948916,-0.03159227507115303,-0.27899779748586756,0.0,-0.010242367606339368,-0.0021255383527404655,-0.03540070791012759,-0.031443455229840045,5.70293480752708e-05,5.810093765346887e-05,0.0,0.0,0.0,0.06872755368404315,0.0452735752219903,0.023453978462052855,0.13556799363349825,0.3148612547065859,0.01714980921029491,0.01291983935245046,0.004229969857844448,0.08534294650206486,0.27446626663976803,0.034219923763052384,0.030039598377467946,0.004180325385584438,0.034346623187011316,0.22550265743204256
PROXY,1,0,2015_2016,VOL,3.5756987648571936e-16,1.5057399771478686e-15,-0.02606564083271587,0.901030478948087,0.9010220589652572,0.9010220589718319,-0.018708038462707535,0.6999998081918771,0.0,-0.010056050163533548,-0.007188917057028339,-0.018664349566814408,-0.019039378427963785,0.00015138299351359838,0.00016265465227475066,0.0,0.0,0.0,0.02409555886322559,0.01936104219922069,0.004734516664004901,0.027572095737889768,0.1261051693512456,0.007608638683849291,0.005464169986544087,0.0021444686973052032,0.043131241420529154,0.13787816025201316,-0.00022921604171088905,0.016868498712570235,-0.017097714754281124,-0.10911287886503818,-0.0013206276024755326
PROXY,1,0,2018Q4,VOL,3.7296554733501353e-16,1.0408340855860843e-15,0.08210617684295729,0.6314395479639643,0.6294512992502646,0.6294512992522165,-0.08262385042641418,,0.0,0.26284445709895626,0.1487576076790269,-0.14063164660114902,-0.07128030760621497,0.009150027703586342,0.004628876770146393,0.0,0.0,0.0,0.11798797083004678,0.120103947884757,-0.0021159770547102275,-0.010407113702366688,0.3648087195477856,0.038615008860027444,0.030756622037041104,0.00785838682298634,0.1506550401460004,0.4657007011744113,0.0590440780249174,0.07952997734117961,-0.020485899316262213,-0.14438853205915936,0.2666726146886078
PROXY,1,0,COVID,VOL,3.365363543395006e-16,4.274358644806853e-15,-0.2393605049163463,0.5042489877450862,0.5043158335099226,0.5043158335094331,-0.21445915630807505,-1.6196811945047584,0.0,-0.08691660009331771,-0.023352960329397328,-0.2275280097995633,-0.2175492496200469,0.0015719284939878352,0.0015417050331021807,0.0,0.0,0.0,0.21647111717306944,0.21023040038129667,0.006240716791772766,0.029544722966762582,0.5136221064889852,0.02053012748164576,0.07436115558577663,-0.053831028104130874,-0.7145761093080567,0.13714732621232006,0.10570886649555955,0.13015977355192632,-0.024450907056366766,-0.16808032413034923,0.38351541860491556
PROXY,1,0,2022,VOL,3.885780586188048e-16,1.0547118733938987e-15,0.08864323592640497,0.5661770236256416,0.5653008216704107,0.5653008216639732,-0.05761972860896811,,0.0,0.15579613148021473,0.13539872236124972,-0.07455420927401726,-0.052946591330584214,0.008734257189268688,0.006191104895740516,0.0,0.0,0.0,0.1389575750723629,0.14030067413022454,-0.0013430990578616464,-0.007381130894243748,0.4311910278290383,0.03547877973566004,0.03904531219764652,-0.003566532461986481,-0.0702190106136864,0.3949245160021654,0.08975462355294428,0.14899989152680748,-0.0592452679738632,-0.2774903518150793,0.24759638252942218
PROXY,1,0,2023_PLUS,VOL,4.064673944648156e-16,9.298117831235686e-16,-0.08610481561522332,0.8368274762251531,0.8370827913484818,0.8370827913446232,-0.041795327738865407,0.725603477859591,0.0,-0.048076963470275354,-0.05335644067948025,-0.03622704198122982,-0.04197187645614724,0.00730739841647402,0.009223501520403238,0.0,0.0,0.0,0.04958839141160304,0.03338773907993453,0.016200652331668508,0.09527371310043298,0.24376025655870504,0.011761058219365919,0.009070467473131796,0.0026905907462341228,0.05893504153172946,0.21491604850445656,0.06216759885256751,0.037218301612322424,0.024949297240245083,0.12200378766451148,0.2571944478574114
PROXY,1,0,2024_PLUS,VOL,4.064673944648156e-16,5.967448757360216e-16,-0.08148000117909718,0.8315414652097388,0.8316736000053375,0.831673600004714,-0.04939552471443734,0.6640777623709189,0.0,-0.040510009093038736,-0.040728632168841435,-0.04507911598691613,-0.0494183562683612,0.007259397161441935,0.008666987258104863,0.0,0.0,0.0,0.0554215548440114,0.0358797126627895,0.019541842181221902,0.11146521846432045,0.2624156963756874,0.015143394705251355,0.010412439501436853,0.004730955203814502,0.09354994508507608,0.2483180053872176,0.062167598852567285,0.03844397130527477,0.023723627547292514,0.11670969047378166,0.2571944478574112
PROXY,1,0,EX_MAJOR_SHOCKS,VOL,4.440892098500626e-16,1.734723475976807e-16,-0.04526971870302851,0.8797865172309685,0.8799235258742815,0.8799235258681682,-0.019031047804519086,0.8054654687934634,0.0,-0.027222058602138065,-0.028453809511339728,-0.018565478023242325,-0.019545547251658375,0.00226170924069117,0.002729638059969416,0.0,0.0,0.0,0.03616564108620268,0.02234184048137597,0.013823800604826714,0.08514378882935858,0.1958073310802222,0.010094533998101257,0.00648646928247764,0.003608064715623617,0.07656696875916968,0.18829761782208465,0.06216759885256751,0.027304061209495356,0.03486353764307215,0.16260195103713415,0.2571944478574114
PROXY,1,0,ALL,CORE_VOL,5.039100647169503e-16,3.5041414214731503e-16,-0.012750721161893852,0.9161632320683566,0.916231402634094,0.9162314026308804,-0.0015380725548768126,0.9221350356012253,0.0,-0.014738983288523876,-0.01277747785973906,-0.004930991746910995,-0.0015687898990375424,0.0013817077630295456,0.0015955465968831013,0.0,0.0,0.0,0.03599305065712746,0.01844810811756209,0.017544942539565372,0.08766265573419452,0.16466033120361445,0.011368846375280593,0.005667422560857359,0.005701423814423234,0.09252438698960108,0.16895752771536976,0.0970763312991435,0.033508478593546,0.0635678527055975,0.12991776340140815,0.18568488147558426
PROXY,1,0,GFC,CORE_VOL,5.036932242824532e-16,1.1171619185290638e-15,0.018471657305726148,0.854868189249828,0.8549312506872279,0.8549312506814414,0.014975350246217854,1.7324691778407542,0.0,-0.009828243210960333,0.0010508164162171898,0.0071237685529729425,0.015581515359355279,0.0017735708091029638,0.0018393255301525622,0.0,0.0,0.0,0.07306986997318055,0.04268259271631314,0.030387277256867407,0.12163445118095462,0.2498053844484296,0.018896255963113853,0.01221584293715515,0.0066804130259587036,0.09330163822621296,0.2254492384051392,0.09707633129914339,0.059221089083489886,0.037855242215653506,0.08165841946610419,0.18568488147558448
PROXY,1,0,2011,CORE_VOL,4.165504746689308e-16,4.440892098500626e-16,-0.01628472804861142,0.8966800604466698,0.8965218593016183,0.8965218593025239,-0.015550427357450705,0.37846683084452537,0.0,-0.005119895333193809,-0.0006299472992764616,-0.018098981993126144,-0.015684078401237235,2.8508046200048285e-05,2.92976519027197e-05,0.0,0.0,0.0,0.03657839763690798,0.022637673034026917,0.013940724602881066,0.0712565962379813,0.16757646035329865,0.010216126548321214,0.006456936930890014,0.0037591896174311995,0.06709570316687974,0.16349931820547214,0.019576757490595953,0.014927242312909761,0.004649515177686192,0.03398214598406424,0.12900703311322204
PROXY,1,0,2015_2016,CORE_VOL,3.883612181843077e-16,1.5612511283791264e-16,-0.012821496333290827,0.9505359511458664,0.950530958497956,0.9505309584983834,-0.009176257267351884,0.8524321199720292,0.0,-0.005026000315685089,-0.0035365966195813094,-0.009446712486449876,-0.009366708612223192,7.56812122282221e-05,8.180889851382998e-05,0.0,0.0,0.0,0.013777842367587445,0.009691095321757104,0.004086747045830341,0.022530910986511277,0.07210694530563766,0.004186253201410771,0.002730941488743109,0.0014553117126676618,0.027745144569278346,0.07586020492533219,-0.00011459934191171417,0.008422028491118616,-0.00853662783303033,-0.051692036331388413,-0.0006602637975270387
PROXY,1,0,2018Q4,CORE_VOL,3.473783760643556e-16,2.3175905639050143e-15,0.040867217851182136,0.8158157798679895,0.8145090998208147,0.8145090998229632,-0.036406274550678686,,0.0,0.1315758356614059,0.07249099030530973,-0.06982354228918859,-0.033852010054765465,0.004580627956317862,0.0022282376006401883,0.0,0.0,0.0,0.06086901348800389,0.06015763313590472,0.0007113803520991668,0.002702129410623866,0.18820178628786732,0.020298723022558862,0.015370299261608267,0.004928423760950595,0.07296203623143749,0.24480454164381382,0.029447958214660175,0.039140210592074176,-0.009692252377414001,-0.053175205742850506,0.13300172137551614
PROXY,1,0,COVID,CORE_VOL,3.686287386450715e-16,4.0245584642661925e-16,-0.12306610537317328,0.7523207754202303,0.7523031536593902,0.7523031536550594,-0.11565808370248604,-0.34689706658045344,0.0,-0.04343283322969268,-0.005832880017722838,-0.11829354021092024,-0.11805375245005137,0.0007856126347399166,0.0008205270946005172,0.0,0.0,0.0,0.11678459274029929,0.10538947322166548,0.011395119518633812,0.0360524707997284,0.2770953895007343,0.010265063740822838,0.037151136153142944,-0.026886072412320106,-0.23889635559808164,0.06857366310615975,0.052152111661296074,0.06336136627624755,-0.01120925461495148,-0.05280659684199773,0.1892096623300037
PROXY,1,0,2022,CORE_VOL,4.115631446754975e-16,2.636779683484747e-16,0.04475747767227167,0.7831808321570861,0.7825461469848446,0.782546146990341,-0.026425326964073015,,0.0,0.07793543389111668,0.06740753208428894,-0.03745073600379808,-0.025656553232404906,0.004372872072102168,0.003006498820387903,0.0,0.0,0.0,0.0706491628230076,0.07023036242239916,0.00041880040060843227,0.0016616810339902255,0.21922723620536555,0.017739389867830052,0.019514347003039154,-0.0017749571352091015,-0.025240239259008534,0.19746225800108308,0.04481745682636595,0.07194980365570036,-0.02713234682933441,-0.09338143486636508,0.12363307588083305
PROXY,1,0,2023_PLUS,CORE_VOL,3.9329433806911673e-16,5.551115123125783e-17,-0.04314591340203228,0.9185062122196541,0.9186440983103814,0.9186440983105769,-0.02098858442198509,0.8625037578038113,0.0,-0.02400817412720051,-0.02680934630228784,-0.01823886696213844,-0.021021135248392848,0.003649305770230092,0.00468456814864847,0.0,0.0,0.0,0.026545107530200507,0.01668672798622567,0.009858379543974838,0.05279080170948525,0.13048703613374402,0.006512205966789343,0.00453009326707416,0.0019821126997151828,0.03948913779897045,0.1190009901596224,0.030774702736171777,0.018439217424668808,0.01233548531150297,0.05524790426563686,0.1273184556633199
PROXY,1,0,2024_PLUS,CORE_VOL,3.9237276622250405e-16,6.730727086790012e-16,-0.040684341526683765,0.91588026201498,0.915950573048854,0.9159505730502021,-0.02473837620387251,0.8322683499713127,0.0,-0.020227623534772834,-0.020355329808040067,-0.02267255067771,-0.024730639554102422,0.0036248211366685986,0.004401627835459393,0.0,0.0,0.0,0.02975512692398899,0.01793478102889573,0.01182034589509326,0.06116204032230432,0.14088764514966068,0.008066226054533956,0.0051994497265233225,0.002866776328010634,0.051390261879641574,0.1322681739365673,0.030774702736171,0.019038304137249495,0.011736398598921505,0.05270614758240044,0.127318455663317
PROXY,1,0,EX_MAJOR_SHOCKS,CORE_VOL,4.570996359198887e-16,5.793976409762536e-16,-0.02242774749525253,0.9399286160405609,0.9400008619119317,0.9400008619105898,-0.009315062074723435,0.9036227423097364,0.0,-0.013602165328415003,-0.014212433864042787,-0.009352965525069416,-0.009591564942942095,0.0011297267526595503,0.001376251311732929,0.0,0.0,0.0,0.019576945966640308,0.011170079765848911,0.008406866200791396,0.04844616709524785,0.10599313119578513,0.005700092744771075,0.003241531406653758,0.002458561338117317,0.048812037865383795,0.10632624402545254,0.030774702736171777,0.013563402195716834,0.017211300540454944,0.07543820332056717,0.1273184556633199
PROXY,1,1,ALL,VOL,5.002508823848117e-16,1.942890293094024e-16,-0.02748075405292047,0.8322772743485984,0.8324052890347656,0.832405289036788,-0.0048010052287796035,0.8321770880013643,-0.00030919317399328737,-0.029488086488683937,-0.026205225413977674,-0.009157711559340214,-0.004092815745676893,0.00276456584904082,0.00317209850716452,-0.000354497908331834,-3.112078408540058e-07,-3.1349209839512814e-07,0.06566999102914445,0.036880533257725584,0.028789457771418864,0.15843674215618253,0.30042539702952076,0.019741661720617927,0.011337791345466412,0.008403870375151515,0.1502021512854702,0.2933896938357068,0.2029368307371312,0.06894907560907604,0.13398775512805516,0.29522318955713023,0.3881718731864301
PROXY,1,1,GFC,VOL,4.831204880595408e-16,1.2975731600306517e-15,0.03258846266886473,0.7097334858044633,0.7098541266473031,0.709854126644677,0.027048619679268082,2.292252452667362,-0.0003007940041986882,-0.019657053800185592,-0.001245532628538354,0.017089183769360396,0.030445130372997103,0.003546682778604701,0.003702387454169402,-0.0003132435842467039,-3.141172253981999e-07,-2.7894551541279084e-07,0.13579200509779274,0.08527258143977612,0.05051942365801662,0.24377889900571925,0.4642347666819133,0.03215470218879523,0.024430904561616902,0.007723797627178328,0.1300628730486556,0.38363436300602327,0.20293683073713087,0.12436722284003598,0.07856960789709488,0.19719591377296153,0.38817187318643054
PROXY,1,1,2011,VOL,3.191891195797325e-16,4.510281037539698e-16,-0.03384820355349759,0.7932646647750516,0.792991636102024,0.7929916360948916,-0.03191061098836477,-0.2918718176947635,-0.00033723389831618873,-0.010242367606339368,-0.002125088467826944,-0.03540070791012762,-0.03143826635118968,5.702934807527078e-05,5.809119547607681e-05,-0.0003438796438340275,8.813701176825217e-07,9.397138774351233e-07,0.06872180421165555,0.04527348530658934,0.023448318905066212,0.13553520998813007,0.3148349146727447,0.01713947474068036,0.012919282290334295,0.004220192450346064,0.08514472271183626,0.274300873354162,0.03400706083283811,0.030037564158683305,0.003969496674154804,0.03261385544215656,0.22409993202667755
PROXY,1,1,2015_2016,VOL,4.440892098500626e-16,7.28583859910259e-16,-0.026386198850001367,0.901030478948087,0.9010220589652573,0.9010220589718319,-0.019019898677230675,0.6963103739942522,-0.00030178567055826023,-0.010056050163533536,-0.007187832447163189,-0.01866434956681439,-0.01903638678645439,0.00015138299351359833,0.0001626303831852399,-0.0003244061467438696,-2.0876768142241963e-07,-2.0385282443029132e-07,0.024096361108952857,0.019361020553297387,0.004735340555655471,0.027576890305644586,0.12610936793961924,0.007607237867725214,0.005464060383789465,0.0021431774839357487,0.043105176499713016,0.13785277569137566,-0.0002463612782194202,0.01686786684378383,-0.01711422812200325,-0.10921782219182341,-0.0014194098361060004
PROXY,1,1,2018Q4,VOL,5.002508823848117e-16,2.2620794126737565e-15,0.08182532173259133,0.6314395479639643,0.6294512992502647,0.6294512992522165,-0.08287618709163508,,-0.0005142862315559915,0.26284445709895626,0.14871891133135956,-0.14063164660114885,-0.07126179642901861,0.00915002770358634,0.004627677625462678,-0.00025987607966863966,7.714399418644594e-07,4.052844586057757e-07,0.11799007642013543,0.12010531297893853,-0.0021152365588031075,-0.010403541534515615,0.3648152298523424,0.038613727431037415,0.030755643336074057,0.007858084094963358,0.1506464099080509,0.465685247018197,0.05894056850547391,0.0795221452504592,-0.020581576744985286,-0.14505487752551427,0.2662051138804232
PROXY,1,1,COVID,VOL,4.891920202254596e-16,2.7755575615628914e-16,-0.23989363863191676,0.5042489877450862,0.5043158335099226,0.5043158335094331,-0.21494141793495325,-1.6255160767854984,-0.0006196113019999044,-0.08691660009331771,-0.023346196766441417,-0.22752800979956336,-0.21748413971823372,0.0015719284939878357,0.0015412482648897313,-0.0006043334474714199,-4.68164744270952e-07,-2.1696466022285391e-07,0.2164759101225332,0.2102308283545117,0.006245081768021493,0.029565447485148666,0.5136334787442409,0.020518207294709018,0.07436106740292349,-0.05384286010821447,-0.714732335745736,0.13706769583653278,0.1056456367404831,0.1301530512970156,-0.024507414556532492,-0.168460983155855,0.3832860188696775
PROXY,1,1,2022,VOL,3.604701172971181e-16,2.3037127760972e-15,0.08833866617210684,0.5661770236256416,0.5653008216704106,0.5653008216639732,-0.05788811289657045,,-0.00040414753074104204,0.1557961314802148,0.1353708853785233,-0.07455420927401728,-0.05293567157216063,0.008734257189268688,0.006189826681860423,-0.00028696042201463955,7.45762492449101e-07,5.861058960805584e-07,0.13895617185268067,0.1403006576201196,-0.0013444857674389243,-0.007388751020566575,0.43118667358108353,0.03547432998214508,0.03904514408902334,-0.0035708141068782617,-0.07030307629489663,0.39487498451415126,0.08954138492710939,0.14897179236049785,-0.059430407433388455,-0.27832087007789164,0.2470081441715265
PROXY,1,1,2023_PLUS,VOL,4.1031631217713915e-16,2.3592239273284576e-16,-0.0865815901523404,0.8368274762251531,0.8370827913484818,0.8370827913446232,-0.04225363068464172,0.724084105523732,-0.00039038740114242496,-0.048076963470275354,-0.053346370670672605,-0.03622704198122983,-0.04196425417256564,0.00730739841647402,0.009221738617560801,-0.0004917662729197745,-7.82531176929253e-07,-9.376537429552248e-07,0.0495914551905767,0.03338808847889488,0.01620336671168182,0.09528987177834491,0.24377531709056355,0.01175369062541138,0.009070091255842329,0.0026835993695690508,0.05878141712834928,0.21478141655636485,0.06210463927780796,0.037215715324187104,0.024888923953620856,0.12170701887651891,0.2569339769148873
PROXY,1,1,2024_PLUS,VOL,4.1031631217713915e-16,1.3877787807814457e-16,-0.08194432312645239,0.8315414652097388,0.8316736000053375,0.831673600004714,-0.04984123112668945,0.6621634758554704,-0.00040208307611587426,-0.040510009093038736,-0.04072077515903013,-0.04507911598691615,-0.049409134330049884,0.007259397161441935,0.008665281525696388,-0.0004788406998599063,-7.631361195725157e-07,-8.544632087277468e-07,0.05542499031636203,0.035880122604365516,0.01954486771199651,0.11148273654491359,0.26243196300465166,0.015135156872632005,0.010412050575717945,0.0047231062969140605,0.09339402248087725,0.24818292324714508,0.06210463927780829,0.03844131440032594,0.02366332487748235,0.11641150658275845,0.2569339769148886
PROXY,1,1,EX_MAJOR_SHOCKS,VOL,5.002508823848117e-16,1.3183898417423734e-16,-0.04562022203620625,0.8797865172309685,0.8799235258742815,0.8799235258681682,-0.019370332138124113,0.8039527120909844,-0.00029589362461949597,-0.027222058602138065,-0.02844947665635544,-0.01856547802324232,-0.019542628974855116,0.00226170924069117,0.0027292227228039923,-0.0003569258033840714,-3.7105080837508953e-07,-4.1332441548269107e-07,0.03616671786826267,0.022341989460248096,0.013824728408014575,0.08514932253405516,0.19581263747589617,0.010089757234582032,0.006486494094197048,0.003603263140384984,0.07646117944638209,0.188200001109888,0.06210463927780796,0.02730208061739381,0.03480255866041415,0.16231604846362113,0.2569339769148873
PROXY,1,1,ALL,CORE_VOL,5.514252249261276e-16,1.0408340855860843e-17,-0.012927493937277684,0.9161632320683566,0.916231402634094,0.9162314026308805,-0.0017057687683649514,0.9210527602983265,-0.0001539353843632992,-0.014738983288523876,-0.012776438578335176,-0.004930991746910992,-0.0015686804010847108,0.0013817077630295458,0.001595417081642541,-0.00017758945416857847,-2.0497496348608285e-07,-2.0258533175205948e-07,0.03599372412807078,0.0184481699106267,0.01754555421744408,0.08766559789371264,0.164663169467279,0.011364993644150848,0.005667214797049576,0.005697778847101272,0.09246492362543646,0.16890027054915024,0.09694986468595912,0.03350101802536676,0.06344884666059236,0.12967256578958075,0.18544297968793477
PROXY,1,1,GFC,CORE_VOL,4.445228907190568e-16,1.366962099069724e-15,0.018314305756100678,0.854868189249828,0.8549312506872279,0.8549312506814414,0.01483566197086713,1.726229609929788,-0.00015059631963052966,-0.009828243210960333,0.001050716174900223,0.007123768552972946,0.015580321413862012,0.0017735708091029634,0.001839187199918569,-0.0001557023737551577,-2.484723679489941e-07,-2.1665882360085569e-07,0.07307097503633736,0.04268250333167814,0.03038847170465922,0.12163918880547464,0.2498091623493185,0.018892717368475836,0.012215225208744865,0.006677492159730972,0.09326003950287665,0.2254070198054483,0.0969498646859589,0.05920845872703662,0.03774140595892228,0.08141064258896225,0.18544297968793488
PROXY,1,1,2011,CORE_VOL,3.378373969464832e-16,1.0061396160665481e-16,-0.016454775646015614,0.8966800604466698,0.8965218593016183,0.896521859302524,-0.015709741890820774,0.3719766873305408,-0.000167095206091066,-0.005119895333193809,-0.0006298713317213703,-0.01809898199312614,-0.015682792055138436,2.8508046200048282e-05,2.9295210531817545e-05,-0.0001718671378767981,4.1575209685206764e-07,4.596681890732445e-07,0.036576158304947426,0.022637625163956315,0.01393853314099111,0.07124537737083825,0.16756620131113853,0.010210792376919194,0.0064566246005390016,0.003754167776380192,0.06700569756354913,0.16341394990239788,0.01954923035608791,0.014926105877352325,0.004623124478735585,0.03378898230344507,0.1288256346382859
PROXY,1,1,2015_2016,CORE_VOL,3.7990444123892075e-16,5.516420653606247e-16,-0.0129835163789154,0.9505359511458664,0.9505309584979559,0.9505309584983834,-0.009333674981907153,0.8505673645617919,-0.00015064065952279516,-0.0050260003156851,-0.0035363294411928,-0.009446712486449871,-0.009365970401619308,7.568121222822207e-05,8.180279215718426e-05,-0.00016298928011680542,-4.0904123327257906e-08,-3.0048144220920445e-08,0.013777840969377758,0.00969108409331021,0.004086756876067549,0.022530963787468328,0.07210693798804568,0.004185578819116811,0.0027308838031847374,0.001454695015932074,0.027733356904126927,0.07584798426486183,-0.0001231630682357876,0.00842169878716681,-0.008544861855402597,-0.05174179269338586,-0.0007096036835105846
PROXY,1,1,2018Q4,CORE_VOL,3.5041414214731503e-16,3.0531133177191805e-16,0.04073864216979417,0.8158157798679895,0.8145090998208147,0.814509099822963,-0.03651888530753422,,-0.00025437597989748134,0.1315758356614059,0.07248178412238246,-0.06982354228918866,-0.03384771439361489,0.004580627956317862,0.002227955678656559,-0.0001236204283124362,4.6625722503044674e-07,2.3719068217622942e-07,0.060869790799775614,0.060158535071820174,0.0007112557279554399,0.002701665290120614,0.18820418966941665,0.020297760926651143,0.01536967249503185,0.004928088431619293,0.07295639495134576,0.24479293867512264,0.029398136249535356,0.039135378170116364,-0.009737241920581008,-0.0534206183560042,0.1327767004394087
PROXY,1,1,COVID,CORE_VOL,4.475586568020162e-16,7.077671781985373e-16,-0.12335737557611748,0.7523207754202303,0.7523031536593904,0.7523031536550594,-0.11591053266048615,-0.350084873497237,-0.00029781305811045554,-0.04343283322969263,-0.005832097073410202,-0.11829354021092016,-0.11803640625545322,0.0007856126347399166,0.0008204076414115958,-0.00030891100617436607,-5.73225016815383e-07,-3.688824919913079e-07,0.11678704487316921,0.10538984779444477,0.011397197078724441,0.03605908662558022,0.2771012076887057,0.010259173862210008,0.03715107312564439,-0.026891899263434382,-0.23894799629981933,0.06853431697427692,0.05212262232458098,0.06335661744220988,-0.011233995117628903,-0.05292196495221457,0.1891026739979026
PROXY,1,1,2022,CORE_VOL,3.5870828876682914e-16,1.0685896612017132e-15,0.04461469510623506,0.7831808321570861,0.7825461469848445,0.7825461469903409,-0.026545324590108388,,-0.0002012044995951199,0.07793543389111672,0.0674006986483442,-0.03745073600379809,-0.025653945289406916,0.004372872072102167,0.003006192829713489,-0.00013860791915378188,4.569049425411911e-07,3.568367369819207e-07,0.07064855512358509,0.07023035649182774,0.0004181986317573494,0.0016592933470703786,0.21922535048925074,0.017737224623481693,0.0195142326698389,-0.0017770080463572063,-0.025269362534603657,0.1974381560425975,0.04471890494022357,0.0719321906799939,-0.027213285739770332,-0.0936543252298414,0.12336121144049095
PROXY,1,1,2023_PLUS,CORE_VOL,5.512083844916305e-16,6.245004513516506e-17,-0.04339124006489814,0.9185062122196541,0.9186440983103814,0.9186440983105769,-0.021223612664844904,0.8617219573598093,-0.0001940662012306114,-0.02400817412720051,-0.0268068159525592,-0.01823886696213846,-0.021019225602036118,0.0036493057702300926,0.004684120427978398,-0.000248549603984369,-6.347998032059895e-07,-7.693342969141081e-07,0.026547756204245876,0.016686922088784445,0.009860834115461431,0.05280400062008217,0.13050005614601834,0.006508269284403553,0.004529887910002646,0.0019783813744009074,0.039414638277545544,0.11892905307651391,0.030744682830250447,0.018437829995963995,0.012306852834286452,0.05511932323655089,0.12719425988817878
PROXY,1,1,2024_PLUS,CORE_VOL,5.512083844916305e-16,1.3183898417423734e-16,-0.04092287219471044,0.91588026201498,0.915950573048854,0.9159505730502021,-0.024966532546907144,0.8312849460122165,-0.00019952685750388338,-0.020227623534772834,-0.020353369535160502,-0.022672550677710027,-0.02472833524836252,0.003624821136668599,0.004401195412707161,-0.00024157140082585368,-6.964541172839872e-07,-7.914230688571636e-07,0.02975830312206329,0.017935010074611984,0.011823293047451305,0.06117736228332993,0.14090268414002904,0.008061602282189634,0.005199236986148173,0.002862365296041461,0.0513109933794027,0.13219235434999155,0.030744682830250225,0.019036875099433748,0.011707807730816477,0.052577413492174485,0.12719425988817779
PROXY,1,1,EX_MAJOR_SHOCKS,CORE_VOL,5.514252249261276e-16,1.9081958235744878e-16,-0.022605727423914784,0.9399286160405609,0.9400008619119317,0.9400008619105897,-0.009486950144243889,0.9028546693799149,-0.00014740106168158835,-0.013602165328415003,-0.01421130385855814,-0.009352965525069422,-0.009590819950574344,0.0011297267526595505,0.0013761423166887376,-0.00017949392063383896,-2.2795330646154802e-07,-2.5201083738954104e-07,0.019577657446799207,0.011170157928246827,0.00840749951855238,0.048449700666332474,0.10599669990019811,0.005696952105951968,0.003241535126794731,0.0024554169791572364,0.04874726653771533,0.10626285328138063,0.030744682830250447,0.013562361577255766,0.01718232125299468,0.07531084179694436,0.12719425988817878
PROXY,1,3,ALL,VOL,4.3064510291124236e-16,2.0469737016526324e-16,-0.028181606940712423,0.8322772743485984,0.8324052890347655,0.832405289036788,-0.005469399903380856,0.827884933033285,-0.0009275653265403961,-0.029488086488683958,-0.026196967818747283,-0.009157711559340196,-0.0040916396520079895,0.00276456584904082,0.003171097946160624,-0.0010631572176542337,-9.336184920563752e-07,-9.401984633334008e-07,0.06567180586312873,0.03688076321580622,0.028791042647322518,0.15844509719798583,0.3004328049723487,0.019725762788229878,0.011337033317908009,0.00838872947032187,0.14992950702099517,0.29315341266689454,0.2023425599922748,0.06892016508923038,0.13342239490304442,0.29395877249704616,0.38703516878746536
PROXY,1,3,GFC,VOL,4.0722633598555547e-16,7.563394355258879e-16,0.03195152887568104,0.7097334858044633,0.7098541266473031,0.709854126644677,0.026470380187445564,2.26699568419714,-0.0009023706179808635,-0.019657053800185592,-0.0012452976184249658,0.017089183769360403,0.030435836917400545,0.003546682778604701,0.003701272814144806,-0.0009394465805012799,-9.424040700581079e-07,-8.366569373097653e-07,0.1357953107034615,0.08527226977415406,0.050523040929307456,0.24379598731235486,0.46424606762025133,0.03214250375361152,0.02442885536101687,0.007713648392594655,0.12988748563873376,0.38348882476144863,0.20234255999227357,0.12432042457861692,0.07802213541365666,0.1957988563761257,0.38703516878746436
PROXY,1,3,2011,VOL,4.3064510291124236e-16,6.106226635438361e-16,-0.0345224918530902,0.7932646647750516,0.792991636102024,0.7929916360948916,-0.03254695017298462,-0.3176071288721931,-0.001011697521069492,-0.010242367606339368,-0.002124189017152933,-0.03540070791012762,-0.03142789198895302,5.70293480752708e-05,5.807171741581106e-05,-0.0010313009495457614,2.64426896251236e-06,2.8183851463118467e-06,0.06871021713030889,0.045273305126201396,0.023436912004107496,0.13546913510293757,0.3147818308253554,0.017118802285284576,0.012918168125336929,0.004200634159947647,0.0847482183118663,0.27397003051007074,0.03358146820846897,0.030033496554863315,0.0035479716536056527,0.02914958170549642,0.22129535921572463
PROXY,1,3,2015_2016,VOL,3.7513395167998453e-16,1.1969591984239969e-15,-0.027027025197469967,0.901030478948087,0.9010220589652573,0.9010220589718319,-0.019643329287271916,0.6889348397271232,-0.0009053338308839651,-0.010056050163533536,-0.00718566385911278,-0.018664349566814422,-0.019030405236902425,0.00015138299351359836,0.0001625818595777399,-0.0009729267598925103,-6.261244653761331e-07,-6.112011411930407e-07,0.024097826811518452,0.019360977206261204,0.004736849605257248,0.02758567149457558,0.12611703875859892,0.007604436718544161,0.005463841205997924,0.0021405955125462367,0.043053056185111904,0.13780201532388758,-0.0002806456111931199,0.01686660305269716,-0.01714724866389028,-0.10942766674391624,-0.0016169389275237922
PROXY,1,3,2018Q4,VOL,4.128641872824801e-16,1.3877787807814457e-15,0.08126399038815502,0.6314395479639643,0.6294512992502646,0.6294512992522165,-0.08338049091797889,,-0.001542919107703401,0.26284445709895626,0.14864155157728126,-0.14063164660114902,-0.07122478986070421,0.00915002770358634,0.004625280357631471,-0.000779266648859901,2.313745335422165e-06,1.2149628049978272e-06,0.11799416309949287,0.12010804174045228,-0.00211387864095941,-0.010397002314881165,0.36482786551556357,0.03861116381428342,0.030753686304863526,0.007857477509419897,0.15062912982151078,0.4656543295548804,0.05873357009299918,0.07950648248965675,-0.020772912396657572,-0.14638721391483944,0.26527020542325785
PROXY,1,3,COVID,VOL,3.668940151690947e-16,2.581268532253489e-15,-0.24095894086756797,0.5042489877450862,0.5043158335099226,0.5043158335094329,-0.2159049814604943,-1.6371752777642632,-0.001858835134601141,-0.08691660009331771,-0.023332677517548774,-0.22752800979956342,-0.21735399545246775,0.0015719284939878352,0.0015403352561510306,-0.0018119527040773066,-1.4042824749930555e-06,-6.504496225790977e-07,0.21648531857697034,0.21023168307396786,0.00625363550300248,0.029606062350066575,0.513655802231318,0.0204943607460355,0.07436089101053367,-0.05386653026449817,-0.7150448688830167,0.1369083938354667,0.10551916889216595,0.13013960848940076,-0.02462043959723481,-0.16922226666950801,0.3828271891480529
PROXY,1,3,2022,VOL,3.86843335142828e-16,5.828670879282072e-16,0.08772988566483003,0.5661770236256416,0.5653008216704108,0.5653008216639732,-0.05842453016415672,,-0.0012124427400701339,0.1557961314802147,0.13531523314257368,-0.07455420927401721,-0.05291384057507875,0.008734257189268688,0.006187271251681772,-0.0008605359023154787,2.2374807317218904e-06,1.7577479682354898e-06,0.13895329224523273,0.14030062372476151,-0.001347331479528785,-0.007404388526169203,0.4311777380416242,0.03546543066038575,0.03904480788398264,-0.0035793772235968857,-0.07047120259751494,0.39477592360042413,0.08911508200225571,0.14891559969643553,-0.05980051769417982,-0.27998046882547345,0.24583214835228917
PROXY,1,3,2023_PLUS,VOL,4.00829543167891e-16,6.938893903907228e-16,-0.08753457996333,0.8368274762251531,0.8370827913484818,0.8370827913446232,-0.04316967615125514,0.7210471430971555,-0.0011711413529301195,-0.048076963470275354,-0.05332623850727021,-0.03622704198122983,-0.04194901552811058,0.00730739841647402,0.00921821418609274,-0.0014747279028566303,-2.34779978671193e-06,-2.8122111846305435e-06,0.04959748040799067,0.03338878704582998,0.016208693362160687,0.09532158870858976,0.2438049350818079,0.011738955670005768,0.009069338854467278,0.0026696168155384906,0.05847418032515028,0.2145121569088403,0.0619787262790481,0.0372105434688208,0.0247681828102273,0.12111353079761578,0.25641306047623047
PROXY,1,3,2024_PLUS,VOL,4.0072112295064244e-16,1.3877787807814457e-17,-0.08287241212702454,0.8315414652097388,0.8316736000053375,0.831673600004714,-0.05073208855342942,0.6583371905182148,-0.001206231675024341,-0.040510009093038736,-0.04070506736137475,-0.04507911598691613,-0.04939069769650033,0.007259397161441935,0.008661871408094404,-0.0014359556050136705,-2.2897601101491223e-06,-2.56287223018477e-06,0.05543175083360291,0.03588094216271823,0.019550808670884684,0.11151714472345453,0.26246397339924676,0.015118681091367804,0.010411272746759716,0.004707408344608088,0.09308218176980021,0.2479127570644395,0.06197872627904755,0.038436001326843106,0.02354272495220444,0.11581518923946321,0.25641306047622825
PROXY,1,3,EX_MAJOR_SHOCKS,VOL,4.3107878378023656e-16,6.245004513516506e-17,-0.04632090436340627,0.8797865172309685,0.8799235258742815,0.8799235258681682,-0.020048575397345225,0.8009282908668662,-0.0008876657793179746,-0.027222058602138065,-0.02844081360813042,-0.018565478023242314,-0.019536794209465733,0.00226170924069117,0.0027283923035776973,-0.00107044923031136,-1.1131493144938695e-06,-1.2396190763997137e-06,0.03616877604618346,0.02234228840013308,0.013826487646050378,0.08515979175425614,0.19582272347155327,0.010080203806261144,0.0064865434031460625,0.0035936604031150815,0.07624964376005217,0.18800480111946427,0.0619787262790481,0.027298120010323723,0.03468060626872438,0.16174428559189558,0.25641306047623047
PROXY,1,3,ALL,CORE_VOL,5.030698080332741e-16,1.9081958235744878e-17,-0.013280953414982172,0.9161632320683566,0.916231402634094,0.9162314026308804,-0.0020410747338646396,0.9188885079828705,-0.000461803042160676,-0.014738983288523876,-0.012774360361654054,-0.004930991746910993,-0.0015684614440786729,0.0013817077630295456,0.0015951580941775607,-0.0005326820212541509,-6.149424166273141e-07,-6.07682172835593e-07,0.03599505131004857,0.018448293934614807,0.017546757375433764,0.08767137865340124,0.1646687507381771,0.011357288033213293,0.005666799300766856,0.005690488732446437,0.09234599522574871,0.1687857540071398,0.09669701269538689,0.0334860988743636,0.06321091382102328,0.1291823554830519,0.184959331498186
PROXY,1,3,GFC,CORE_VOL,4.318377253009764e-16,6.730727086790012e-16,0.017999674013858574,0.854868189249828,0.8549312506872279,0.8549312506814414,0.014556355773292732,1.71375330367593,-0.0004517858397906879,-0.009828243210960333,0.001050515719907972,0.007123768552972953,0.015577933883292577,0.0017735708091029634,0.0018389105814527618,-0.00046703623366101224,-7.454705750156634e-07,-6.499371330489861e-07,0.07307317319715856,0.04268232441629907,0.030390848780859486,0.12164861666252114,0.24981667724443501,0.018885641138393708,0.012213990031973848,0.00667165110641986,0.09317685405892018,0.22532259405010768,0.09669701269538289,0.05918320149727185,0.037513811198111036,0.0809152976520513,0.184959331498179
PROXY,1,3,2011,CORE_VOL,4.2240516640035253e-16,1.2732870313669764e-15,-0.016794790817555666,0.8966800604466698,0.8965218593016184,0.896521859302524,-0.016028291184177448,0.3589994545209002,-0.0005012878194078127,-0.005119895333193801,-0.0006297194273725109,-0.018098981993126186,-0.015680219774139238,2.850804620004827e-05,2.929032852795771e-05,-0.0005155207215696663,1.2472497820859633e-06,1.3787769990641315e-06,0.036571661935861144,0.0226375292597861,0.013934132676075045,0.07122284993363992,0.1675456021142191,0.01020012188483322,0.006455999914381325,0.0037441219704518955,0.06682565143058383,0.16324317889905127,0.01949417001603737,0.014923833530858244,0.004570336485179127,0.03340261649165999,0.12846279768147395
PROXY,1,3,2015_2016,CORE_VOL,3.2504381131115423e-16,6.487865800153259e-16,-0.013307483756351685,0.9505359511458664,0.9505309584979559,0.9505309584983834,-0.009648437571080512,0.846838690634523,-0.0004519165381850665,-0.0050260003156851,-0.0035357951569106364,-0.009446712486449875,-0.009364494171183011,7.568121222822207e-05,8.179058127037919e-05,-0.000488895084386116,-1.2252738604341652e-07,-8.992514294802988e-08,0.013777804801778842,0.009691061616151936,0.0040867431856269065,0.022530885517780597,0.07210674870332268,0.004184230369660848,0.0027307684475042157,0.001453461922156632,0.02770978737336338,0.07582354865451058,-0.00014028764982154662,0.008421039349812753,-0.0085613269996343,-0.0518412872486822,-0.000808266913859601
PROXY,1,3,2018Q4,CORE_VOL,5.035034889022683e-16,2.636779683484747e-16,0.04048156186054791,0.8158157798679895,0.8145090998208147,0.8145090998229632,-0.03674404125935682,,-0.0007631718952581764,0.1315758356614059,0.0724633745273467,-0.0698235422891886,-0.03383912437701149,0.004580627956317861,0.0022273919203278313,-0.0003707913804581167,1.3982953259982155e-06,7.111703432493199e-07,0.06087132311952481,0.06016033810770216,0.0007109850118226513,0.0027006554860239396,0.18820892747108997,0.020295837171581232,0.015368419268599554,0.004927417902981679,0.07294511496132061,0.2447697380049324,0.029298491704701446,0.039125714400658484,-0.009827222695957039,-0.0539114141302619,0.13232665579142389
PROXY,1,3,COVID,CORE_VOL,3.157196726277789e-16,1.5543122344752192e-15,-0.12393967765939704,0.7523207754202303,0.7523031536593902,0.7523031536550594,-0.11641519487157162,-0.35645787900882286,-0.0008934545677868758,-0.04343283322969268,-0.005830531600139643,-0.11829354021092009,-0.11800172275279815,0.0007856126347399168,0.0008201687962682899,-0.0009264856181748035,-1.719808446641201e-06,-1.106484554277908e-06,0.11679192052794496,0.10539059641405374,0.01140132411389122,0.03607222940715771,0.27711277617926977,0.01024739081198156,0.03715094704219113,-0.02690355623020957,-0.23905130647642903,0.06845560271227813,0.052063632870764764,0.06334712153130928,-0.011283488660544516,-0.05315274518805202,0.18888865822208734
PROXY,1,3,2022,CORE_VOL,3.703634621210483e-16,2.1441182163073336e-15,0.0443292109470842,0.7831808321570861,0.7825461469848446,0.782546146990341,-0.02678524364046153,,-0.0006036174916665398,0.07793543389111668,0.06738703429479716,-0.03745073600379805,-0.025648730358635893,0.004372872072102167,0.0030055809605943223,-0.00041574437791958615,1.370906728432023e-06,1.070428246053786e-06,0.07064732582269484,0.0702303443117211,0.00041698151097374625,0.0016544640776687825,0.21922153591840698,0.017732894279741646,0.019514004015158862,-0.0017811097354172162,-0.025327606911281997,0.19738995373918133,0.04452183712392155,0.07189696848050942,-0.027375131356587867,-0.09419989712104582,0.1228175817476922
PROXY,1,3,2023_PLUS,CORE_VOL,4.3747557659790104e-16,4.3021142204224816e-16,-0.043881749716794594,0.9185062122196541,0.9186440983103814,0.9186440983105769,-0.021693524542749865,0.8601588143277387,-0.0005821929792896235,-0.02400817412720051,-0.02680175625550725,-0.01823886696213845,-0.02101540708463664,0.003649305770230092,0.004683225161984192,-0.0007455036373292779,-1.9046495640678227e-06,-2.3079013051762e-06,0.026553032689350248,0.01668731018990438,0.009865722499445867,0.052830287331166015,0.1305259936149734,0.0065003958125551195,0.004529477215909156,0.001970918596645964,0.03926563854647047,0.11878517695362478,0.03068464186950859,0.01843505555847058,0.012249586311038008,0.05486215904922598,0.126945863584769
PROXY,1,3,2024_PLUS,CORE_VOL,4.3742136648927676e-16,6.661338147750939e-16,-0.04139979338939542,0.91588026201498,0.915950573048854,0.9159505730502021,-0.025422704545469577,0.8293187158628186,-0.0005985773647521837,-0.020227623534772834,-0.020349449768025808,-0.022672550677710013,-0.0247237275624717,0.0036248211366685977,0.0044003307350149335,-0.0007245725122452141,-2.0897404104874543e-06,-2.3742816683015614e-06,0.02976463377028221,0.01793546800865692,0.011829165761625293,0.06120789454810427,0.14093265914642417,0.008052354287011627,0.005198811519032218,0.00285354276797941,0.05115244988534806,0.13204070778981591,0.030684641869508256,0.01903401745522426,0.011650624414283994,0.05231994327312728,0.12694586358476767
PROXY,1,3,EX_MAJOR_SHOCKS,CORE_VOL,5.035034889022683e-16,7.28583859910259e-17,-0.022961602039846846,0.9399286160405609,0.9400008619119318,0.9400008619105897,-0.009830640362412685,0.901318736641112,-0.0004421996298714215,-0.013602165328414979,-0.014209044221803245,-0.009352965525069444,-0.00958933021502747,0.0011297267526595503,0.0013759243626360626,-0.0005383960247918382,-6.838785860474173e-07,-7.559408602850071e-07,0.019579058937478494,0.011170314750515276,0.008408744186963218,0.04845663860124372,0.1060037154492448,0.005690670539595842,0.0032415424058051187,0.0024491281337907234,0.048617741281343885,0.1061360864914832,0.03068464186950859,0.013560280661709223,0.017124361207799366,0.07505611589660477,0.126945863584769
PROXY,2,0,ALL,VOL,4.936372491326502e-16,3.226585665316861e-16,-0.022233094701875705,0.8303944704894093,0.8305784245177552,0.8305784245243371,0.0008466085226713216,0.8646949458307618,0.0,-0.029891039039860307,-0.026658203023925117,-0.004501294692795619,0.0011854711546314945,0.0028150607002195445,0.003239637167417594,0.0,0.0,0.0,0.06574476248883468,0.037241441956248095,0.028503320532586585,0.1571926413346877,0.30079669941195497,0.021494801472455596,0.011047015647819063,0.010447785824636534,0.19409581040163104,0.33132643067801704,0.2288937397879619,0.07157970298140048,0.15731403680656142,0.34864016759325367,0.43782152018147213
PROXY,2,0,GFC,VOL,4.937456693498987e-16,1.582067810090848e-15,0.04818038578874486,0.7084895302468794,0.7087982018128336,0.7087982018195699,0.04106461104018604,2.91052957418128,0.0,-0.019728591509959908,-0.001245480662239158,0.03152212032889191,0.045715927666018945,0.003527972865205158,0.003709938784963495,0.0,0.0,0.0,0.13560052858428737,0.08522689388548504,0.05037363469880232,0.24302182451717214,0.46358016220421816,0.05177675096886003,0.02927394984141425,0.02250280112744578,0.31750507769599057,0.5170034790759596,0.22889373978796046,0.127843152120229,0.10105058766773145,0.2558512630687769,0.437821520181468
PROXY,2,0,2011,VOL,4.440892098500626e-16,8.465450562766819e-16,-0.02993597410248939,0.7945572389071458,0.7950394632932227,0.7950394632868438,-0.02817310661463314,-0.14255520879041358,0.0,-0.010141045135635471,-0.0020264293585507314,-0.03149326157610121,-0.027963174694892526,5.2600235014254474e-05,5.362995095471452e-05,0.0,0.0,0.0,0.06582987855564446,0.04483922758217554,0.020990650973468916,0.12102569331699753,0.3015861477406948,0.013200421652635658,0.011105060035742874,0.002095361616892784,0.04879331513604224,0.24423207889580323,0.0414099711910465,0.0296958733222652,0.011714097868781304,0.0959749798248003,0.27288367479788767
PROXY,2,0,2015_2016,VOL,4.2327252813834093e-16,6.938893903907228e-18,-0.04022856069076647,0.8994972463333397,0.8996360108145655,0.8996360108135613,-0.03268036282979053,0.5369929325410275,0.0,-0.010196871134213638,-0.00724248660308169,-0.03201549169019793,-0.033154581977175725,0.00015790679977379426,0.00016850788949093897,0.0,0.0,0.0,0.02447318828023229,0.019621358755310903,0.004851829524921386,0.02829818271127804,0.12808150954961806,0.010587395014407308,0.005547803438192833,0.005039591576214475,0.10158458904867695,0.1919480459835724,-0.0007899578178721667,0.01700212231370002,-0.017792080131572185,-0.11364103359357758,-0.004551339824588885
PROXY,2,0,2018Q4,VOL,2.8622937353617317e-16,1.0269562977782698e-15,0.10517072697218033,0.6005400811482104,0.5977008103254727,0.5977008103298611,-0.07058660660891697,,0.0,0.2853663010756803,0.16438070140649902,-0.1258143134077903,-0.06423494291185501,0.009721638701679672,0.005024968477537343,0.0,0.0,0.0,0.13505756007753553,0.1305629637138728,0.004494596363662728,0.02330481898202541,0.4175864302989334,0.007776394876102932,0.019001826879693543,-0.011225432003590611,-0.3993864257199067,0.16507406202377528,0.06648426743676406,0.08568605727726097,-0.01920178984049692,-0.14147643643553764,0.3002762347400256
PROXY,2,0,COVID,VOL,2.914335439641036e-16,1.1102230246251565e-15,-0.22000225630880726,0.5026616478498909,0.5038915276215051,0.5038915276245398,-0.19226365025904385,-1.4078148306138485,0.0,-0.0869910007454143,-0.0222433317960862,-0.20203044938533402,-0.19921125629684455,0.0014547299400517713,0.0014523317841245915,0.0,0.0,0.0,0.2017269038934597,0.21017660553386946,-0.008449701640409757,-0.03999228623097739,0.4786384376185494,0.050214130275815234,0.049756328507529535,0.0004578017682856997,0.00912850076865479,0.5026079986524454,0.11075983500039666,0.12896498481070084,-0.01820514981030419,-0.12412628999654873,0.40184050679015537
PROXY,2,0,2022,VOL,4.0419056990259605e-16,1.7069679003611782e-15,0.08132458022330691,0.5589350740701775,0.558335257216708,0.5583352572169363,-0.06769145298167292,,0.0,0.15829258891460216,0.13666123926445004,-0.08770273524834139,-0.06161868782887258,0.00890739669260752,0.00628202878772775,0.0,0.0,0.0,0.1430263629512271,0.14256126036340258,0.0004651025878245063,0.002588169830573528,0.4438166427089192,0.034958122909982146,0.03988083367904045,-0.004922710769058307,-0.09764956640975964,0.38716383356072115,0.09263187617797586,0.15228076847915195,-0.05964889230117609,-0.28374102838723103,0.2555335484756516
PROXY,2,0,2023_PLUS,VOL,4.2934406030425976e-16,4.163336342344337e-17,-0.06947109139715274,0.8324813225117396,0.8326415754133469,0.8326415754144058,-0.02375874823386187,0.7774086464475221,0.0,-0.049151227102754595,-0.05479323558025949,-0.021780578825091386,-0.02423150771417076,0.007525131055326205,0.009553651897277473,0.0,0.0,0.0,0.04886316532187618,0.03442738714062046,0.014435778181255715,0.08546434167644679,0.24030591035450666,0.006423215451816705,0.007261228435275789,-0.0008380129834590841,-0.023832606714827786,0.1514063558352552,0.07190767400077036,0.03791253589735377,0.03399513810341659,0.1668048526718059,0.29749024978749217
PROXY,2,0,2024_PLUS,VOL,4.283682783490228e-16,4.85722573273506e-17,-0.05703377578239016,0.827412841921614,0.8275020995622747,0.8275020995602224,-0.02375642216971552,0.7627753401733454,0.0,-0.041192762263405354,-0.04169894968541843,-0.023605849952041232,-0.024316768855300354,0.007454331205520149,0.008981942758328665,0.0,0.0,0.0,0.05482107519685925,0.03694275218569271,0.01787832301116654,0.10267987198995454,0.259741826338707,0.008513042623239812,0.007876787286941835,0.0006362553362979778,0.01724466406116454,0.19013970126832325,0.07190767400077058,0.03908092999838397,0.03282674400238661,0.16200061007881716,0.29749024978749306
PROXY,2,0,EX_MAJOR_SHOCKS,VOL,4.5232914636095245e-16,1.3877787807814457e-17,-0.04197675262738498,0.8781294609289034,0.8782847821984802,0.8782847821992351,-0.015068139960655869,0.8202058248787821,0.0,-0.027668357442064948,-0.028994531949967806,-0.015430974307914186,-0.015788980415808913,0.002320426993825536,0.002806759738391723,0.0,0.0,0.0,0.03647955001751493,0.02267041032714273,0.013809139690372202,0.08524295673993887,0.1975414369885331,0.009291188857097232,0.006024796441425916,0.0032663924156713167,0.07571541889181199,0.18897903657583504,0.06735843793470941,0.027446374618214198,0.03991206331649522,0.18627168131766902,0.2786695412547666
PROXY,2,0,ALL,CORE_VOL,5.207694084990999e-16,2.220446049250313e-16,-0.010075277613898065,0.9152398378428188,0.9153387905884012,0.9153387905884073,0.0013437330393327729,0.9386843801279908,0.0,-0.014936772418038903,-0.012981850099925491,-0.0024167399171718656,0.0012784118169549782,0.001407310142157834,0.0016281606690722271,0.0,0.0,0.0,0.03591421956229002,0.018623047022348016,0.017291172539942,0.08647933495363769,0.1643154267707293,0.011934495610026671,0.005520732964095949,0.006413762645930722,0.1080590023316843,0.1839614028294101,0.10973125724814503,0.03482094672049296,0.07491031052765207,0.1535108575994132,0.20989086859392436
PROXY,2,0,GFC,CORE_VOL,4.639030045522352e-16,2.42861286636753e-17,0.02717734532148293,0.8542607294439222,0.8544356016019129,0.8544356015976672,0.022732861602099814,2.077681739870166,0.0,-0.009861822874263713,0.001067726694282934,0.015546223506070279,0.02427289024139541,0.001763783537613464,0.0018367283858045605,0.0,0.0,0.0,0.0726719015521797,0.04262250304256979,0.030049398509609915,0.12025306310186534,0.24844484207381012,0.02872366321411335,0.014635371757989,0.01408829145612435,0.16475142794195818,0.2868127786240219,0.10973125724814736,0.061043961777292544,0.04868729547085482,0.10543909583254052,0.20989086859392825
PROXY,2,0,2011,CORE_VOL,3.3480163086352377e-16,2.0209528495129803e-15,-0.0142772926831334,0.8974037141379085,0.8976718945276353,0.8976718945347678,-0.013626891526529806,0.4550838711080119,0.0,-0.005062993847073606,-0.0006024934125732017,-0.015870337110579787,-0.01370179618975683,2.627258791830357e-05,2.6996919198654306e-05,0.0,0.0,0.0,0.034858196649052625,0.022393526091018273,0.012464670558034352,0.06363248704685487,0.159695710750692,0.00891703790455517,0.005545768115080091,0.0033712697894750787,0.06950654318995442,0.16498160152235375,0.023982160668050145,0.014736142379617845,0.0092460182884323,0.06748258695683196,0.15803778521115897
PROXY,2,0,2015_2016,CORE_VOL,3.135512682828079e-16,1.061650767297806e-15,-0.020051462065802203,0.9498080231351196,0.9498805381437538,0.9498805381372646,-0.016312622059051637,0.7692194677130761,0.0,-0.0050920823097219655,-0.0035713700244586863,-0.0161518594810205,-0.016565105553391947,7.892952304871364e-05,8.501351204736883e-05,0.0,0.0,0.0,0.013910102095863769,0.009812886303943558,0.004097215791920211,0.02260380432158693,0.07279913242307745,0.0055808250952743554,0.0027706228104380295,0.002810202284836326,0.05364313850251479,0.10117960750083199,-0.00039502085550735533,0.008478730853787031,-0.008873751709294386,-0.05375188596271796,-0.002275911587350965
PROXY,2,0,2018Q4,CORE_VOL,3.5784092702884074e-16,1.3877787807814457e-16,0.05061960906300883,0.8003329682032927,0.7984117668429912,0.7984117668368118,-0.030929912962106176,,0.0,0.14299429358268934,0.07940446331100698,-0.06464747818802492,-0.03117846576708076,0.004870778536099979,0.0023936115190824787,0.0,0.0,0.0,0.06928020320659212,0.06549751046864805,0.003782692737944071,0.014665766625436505,0.21420846586312348,0.007776394876102932,0.009497920048371578,-0.0017215251722686453,-0.045772339185283784,0.16507406202377528,0.03290104440461761,0.042022976565192605,-0.009121932160574997,-0.05085046835589946,0.14859758727475902
PROXY,2,0,COVID,CORE_VOL,2.9989032090949053e-16,1.5265566588595902e-16,-0.11014964785766822,0.7520935106222169,0.7529699787771379,0.7529699787782825,-0.10050208929318,-0.20553288929141317,0.0,-0.04331590762260324,-0.005454701542018524,-0.10290179642781383,-0.10546568537967992,0.0007265277513873666,0.0007707390640300679,0.0,0.0,0.0,0.10913052907132187,0.1049300803392858,0.004200448732036066,0.013270310051400891,0.2589345542068605,0.0326570745778374,0.02480186108974436,0.007855213488093038,0.1045893586076424,0.32687426438043643,0.05414643512045503,0.062251670682678784,-0.008105235562223756,-0.03798504239193545,0.1964451367195157
PROXY,2,0,2022,CORE_VOL,4.345482307321902e-16,1.2490009027033011e-15,0.04142649771179974,0.7795740082729026,0.7791229651209726,0.7791229651148008,-0.031092574904028336,,0.0,0.07916230184562688,0.06825156156088209,-0.04399882473985439,-0.029880090053031723,0.0044544093265674175,0.0030550262039481207,0.0,0.0,0.0,0.0728216908076059,0.07134785723683906,0.0014738335707668304,0.005873796822216115,0.225968679226219,0.019660245490057182,0.019930789772217433,-0.00027054428216025106,-0.003845031135628618,0.21773869358706088,0.046378426893605385,0.07358307468771874,-0.027204647794113357,-0.09415956587730512,0.1279391553515713
PROXY,2,0,2023_PLUS,CORE_VOL,5.207694084990999e-16,5.065392549852277e-16,-0.03480325725655542,0.9162603766817483,0.9163465455494094,0.916346545545201,-0.011890541334532045,0.8884873695666559,0.0,-0.024568048771886102,-0.027473882760624936,-0.011130607398696361,-0.012169933405106323,0.0037614908655509626,0.0048405589091763445,0.0,0.0,0.0,0.02590257729283757,0.017230599108851163,0.008671978183986406,0.04659679709639686,0.1273872123486146,0.0037321560128061593,0.0036298036458055558,0.00010235236700060352,0.0026383637080271694,0.08797340608398785,0.035459646110287735,0.018781682508143493,0.01667796360214424,0.0748116499124466,0.14670060080948466
PROXY,2,0,2024_PLUS,CORE_VOL,5.207151983904756e-16,2.949029909160572e-16,-0.028404655427964415,0.913715732669516,0.9137627991257439,0.9137627991329286,-0.011798740000444036,0.8818544865922638,0.0,-0.020593575370253414,-0.020766353957606693,-0.012103689999869984,-0.012182058886885021,0.003726783404918636,0.004543757416527596,0.0,0.0,0.0,0.029081059453310548,0.018499642930454696,0.010581416522855852,0.054951206046472745,0.13778583267735967,0.005001846300760858,0.003937968661974094,0.0010638776387867643,0.026053338765966383,0.11171676256153829,0.035459646110287846,0.019357715367274042,0.016101930743013804,0.07241487503042221,0.1467006008094851
PROXY,2,0,EX_MAJOR_SHOCKS,CORE_VOL,5.207423034447878e-16,0.0,-0.020814362158641242,0.9390959282391123,0.9391780030979687,0.9391780030983862,-0.007356948926624668,0.9108482471665573,0.0,-0.01382608338564346,-0.014473243496805578,-0.007836080006801555,-0.00775641028246589,0.0011599453885722782,0.0014152916206302275,0.0,0.0,0.0,0.01968938765448569,0.011336130011376677,0.008353257643109013,0.04819232301050136,0.10662055669063719,0.005265252231061425,0.0030108559263800766,0.0022543963046813484,0.04884474464153621,0.10709310824036145,0.035459646110287735,0.013626422686620177,0.021833223423667558,0.09572282029478918,0.14670060080948466
PROXY,2,1,ALL,VOL,5.219349258345218e-16,4.40619762898109e-16,-0.022589622286492667,0.8303944704894093,0.8305784245177552,0.8305784245243368,0.0005060526337881954,0.8625203897465131,-0.00031290028428999233,-0.029891039039860307,-0.02665395120103035,-0.004501294692795618,0.0011852130411093662,0.0028150607002195445,0.003239120236173502,-0.0003599267303744484,-1.0630834439655914e-07,-7.763237117623836e-08,0.06574453988312293,0.03724154681513833,0.028502993067984594,0.15719106151778306,0.3007958955948805,0.021488944446336797,0.01104658543633949,0.010442359009997307,0.19399344221651105,0.33123614896218845,0.2285860695582751,0.07156573244990916,0.15702033710836594,0.3479784948719461,0.43723301720274865
PROXY,2,1,GFC,VOL,4.527628272299467e-16,3.608224830031759e-16,0.047837758080254006,0.7084895302468794,0.7087982018128336,0.7087982018195699,0.040752136977283915,2.896943124855654,-0.0003188684462457685,-0.019728591509959908,-0.001245300847408463,0.031522120328891894,0.04570857376550084,0.003527972865205158,0.0037093463470917526,-0.00033475286902845706,-1.3784972739221498e-07,-1.0831590203346285e-07,0.13560089353568436,0.08522753891287077,0.05037335462281359,0.24302122957088335,0.4635814098706512,0.05177126756845102,0.02927324528766806,0.02249802228078296,0.3174344945727877,0.5169487259862895,0.22858606955827077,0.12782067088759108,0.10076539867067968,0.2551146681752535,0.437233017202741
PROXY,2,1,2011,VOL,3.5518463170625125e-16,3.597816489175898e-15,-0.030279783626961,0.7945572389071458,0.7950394632932227,0.7950394632868438,-0.028497070538462423,-0.15567725925973225,-0.0003424978764712281,-0.010141045135635471,-0.002026066326775329,-0.03149326157610122,-0.027958346980828767,5.2600235014254474e-05,5.3620839275098175e-05,-0.0003490506557025378,-7.57128844571867e-09,5.949706693489277e-08,0.06583017591764567,0.04483922719620734,0.020990948721438335,0.12102740977167248,0.30158751004398954,0.013196336598388154,0.011104837822248359,0.0020914987761397955,0.04870311167437913,0.24415649787895977,0.04118398870219908,0.029694445203908293,0.011489543498290788,0.0941340780517872,0.2713944940469003
PROXY,2,1,2015_2016,VOL,5.217180854000247e-16,7.355227538141662e-16,-0.040565531776106556,0.8994972463333397,0.8996360108145655,0.8996360108135613,-0.03300873162517806,0.5331145935857442,-0.0003215336212392163,-0.010196871134213638,-0.007241424115036971,-0.032015491690197934,-0.033149735004356556,0.00015790679977379426,0.00016848110585446173,-0.0003420416954698059,-7.943242132014279e-07,-8.120670984231148e-07,0.024477648579793315,0.019621492589693812,0.004856155990099503,0.028323438827549174,0.12810485272396377,0.010583343812276963,0.005547664124232549,0.005035679688044414,0.10150545087514884,0.19187459823445707,-0.0008134418468023208,0.017001646627475164,-0.017815088474277485,-0.113787646061275,-0.00468664299355992
PROXY,2,1,2018Q4,VOL,3.8510861166685117e-16,4.163336342344337e-16,0.10485815292484957,0.6005400811482104,0.5977008103254727,0.5977008103298611,-0.07087594809460351,,-0.0005494673307241765,0.2853663010756803,0.16433532015473012,-0.12581431340779034,-0.0642167961250923,0.00972163870167967,0.005023563834321905,-0.00028573662556879195,3.3818658496438487e-06,1.801686458202563e-06,0.1350460047258457,0.13056183114707842,0.004484173578767264,0.023250639523160754,0.4175507021393229,0.007776394876103043,0.019001061929840968,-0.011224667053737925,-0.39934834115142737,0.16507406202377728,0.06638050468280443,0.08567932892783958,-0.01929882424503515,-0.14218432545041626,0.29980759019799363
PROXY,2,1,COVID,VOL,3.209238430557093e-16,5.190292640122607e-15,-0.22050515872414597,0.5026616478498909,0.5038915276215049,0.5038915276245398,-0.19271551424148137,-1.4133188464103166,-0.0005714766953529256,-0.08699100074541433,-0.022238131832082016,-0.20203044938533393,-0.19915661061682216,0.0014547299400517718,0.0014519305738626314,-0.0005617254924178836,-7.199544349574492e-07,-6.213566813452868e-07,0.20173161867295092,0.21017811618417842,-0.008446497511227502,-0.03997740697875174,0.4786496243995183,0.05020280244548803,0.04975450359174349,0.0004482988537445401,0.008938688766929603,0.5024946150670178,0.11069795292115736,0.12895862978914752,-0.018260676867990155,-0.1244994898545444,0.4016159964694004
PROXY,2,1,2022,VOL,3.5778671692021646e-16,5.134781488891349e-16,0.08101323731653826,0.5589350740701775,0.558335257216708,0.5583352572169363,-0.06796679299299024,,-0.00041720361873368657,0.15829258891460216,0.1366321580140533,-0.08770273524834138,-0.06160555486543946,0.008907396692607521,0.006280692506410286,-0.00029428424354495836,2.592078600407577e-07,2.2590505858016032e-07,0.14302772843458286,0.14256158697481505,0.0004661414597678104,0.002593955585866059,0.4438208798595126,0.03494479087380493,0.0398804776379984,-0.004935686764193474,-0.0979062738268186,0.387016180259975,0.09241960327597731,0.15225162574577122,-0.05983202246979391,-0.28457270206759144,0.25494797415576287
PROXY,2,1,2023_PLUS,VOL,4.440892098500626e-16,3.191891195797325e-16,-0.06997269867918096,0.8324813225117396,0.8326415754133469,0.8326415754144058,-0.024242921487061836,0.7758014535617767,-0.00040564696775060986,-0.049151227102754595,-0.05478227659936994,-0.021780578825091393,-0.02422667065546359,0.007525131055326204,0.009551750563125183,-0.0005154933181123813,-5.988084691797614e-08,-8.669360567674474e-09,0.048861426489876375,0.03442727347494054,0.014434153014935835,0.08545466267574042,0.24029735889035342,0.00641635740940906,0.007260868890727405,-0.0008445114813183455,-0.024017174670683428,0.15124469985206523,0.07184543120641296,0.037910014192912955,0.0339354170135,0.16650975732622386,0.29723274424725277
PROXY,2,1,2024_PLUS,VOL,4.440892098500626e-16,4.996003610813204e-16,-0.057537722933928476,0.827412841921614,0.8275020995622747,0.8275020995602224,-0.024243170146494825,0.7606792367687513,-0.00042797229177800387,-0.041192762263405354,-0.04169011992421084,-0.023605849952041225,-0.02431162375108323,0.007454331205520149,0.008980055089487394,-0.0005161872668306147,6.746720404083776e-08,1.5291870831996836e-07,0.054818966137545416,0.03694264354676177,0.017876322590783644,0.1026683189949088,0.25973183363214203,0.008504810158825996,0.007876374789201938,0.0006284353696240572,0.01703252618274298,0.1899558283108368,0.07184543120641274,0.039078344471705884,0.03276708673470685,0.1617041370368214,0.297232744247252
PROXY,2,1,EX_MAJOR_SHOCKS,VOL,5.217180854000247e-16,5.412337245047638e-16,-0.04233265293671598,0.8781294609289034,0.8782847821984802,0.878284782199235,-0.015413156713537463,0.8186753849045674,-0.00029940612545139114,-0.027668357442064948,-0.028990061389477066,-0.015430974307914189,-0.015786596505323207,0.002320426993825536,0.0028063278645450414,-0.0003622398623123149,-1.0564356788353452e-07,-8.304414898094461e-08,0.03647902043183296,0.022670386320849806,0.013808634110983153,0.08523994357911602,0.19753881394208517,0.009285644119575179,0.006024578272277641,0.003261065847297538,0.07559156603405015,0.18886625884942143,0.06733495390578048,0.027444461930929642,0.03989049197485084,0.1861693448796674,0.27857238514828386
PROXY,2,1,ALL,CORE_VOL,5.022837614582221e-16,5.377642775528102e-17,-0.01025495983908914,0.9152398378428188,0.9153387905884012,0.9153387905884073,0.0011729960797163541,0.9375886916583751,-0.00015601757734142867,-0.014936772418038903,-0.012980785605759548,-0.0024167399171718717,0.0012782901676635966,0.001407310142157834,0.0016280268811266878,-0.00018040992557449232,-9.836622696106241e-08,-8.135654543870266e-08,0.0359143799842834,0.018623108142739264,0.017291271841544137,0.0864799254935662,0.1643162779952857,0.011930486097689104,0.005520497401139295,0.006409988696549809,0.10799499026770754,0.1838995991689637,0.10959969901796174,0.034813742353429045,0.0747859566645327,0.153253761362389,0.2096392277042053
PROXY,2,1,GFC,CORE_VOL,4.440892098500626e-16,9.71445146547012e-17,0.02700729190371059,0.8542607294439222,0.8544356016019129,0.8544356015976671,0.022580970636167125,2.07093849615123,-0.00016140744884587488,-0.009861822874263713,0.0010676328084675965,0.015546223506070283,0.024270916140263197,0.0017637835376134634,0.0018365804056164016,-0.0001677578760101556,-1.0430988033325737e-07,-7.957462654794429e-08,0.07267226551882972,0.042622907627962,0.03004935789086771,0.12025309525230943,0.2484460863736695,0.02872029207359794,0.014634951834583479,0.014085340239014463,0.164716106924799,0.2867791169642555,0.10959969901795996,0.061031837655252885,0.04856786136270708,0.10517768310006492,0.20963922770420218
PROXY,2,1,2011,CORE_VOL,4.202367620553815e-16,3.4295483120061476e-15,-0.014450265367012294,0.8974037141379085,0.8976718945276353,0.8976718945347679,-0.01378866029074711,0.4484820869045074,-0.00016963237623504262,-0.005062993847073606,-0.0006024381829007137,-0.015870337110579835,-0.013700621667015278,2.627258791830357e-05,2.6994641670007496e-05,-0.00017425379693534093,5.7834171893886246e-09,5.363816560206943e-08,0.034858280815134646,0.02239352680907386,0.012464754006060785,0.06363291328459064,0.15969609634041226,0.008915293190217458,0.005545643233343951,0.0033696499568735064,0.06947296771130596,0.16494932109821336,0.02395805657727912,0.014735347344641325,0.009222709232637794,0.06731207391039729,0.15787894393022917
PROXY,2,1,2015_2016,CORE_VOL,3.2165567952213703e-16,2.671474153004283e-16,-0.02022189515954155,0.9498080231351196,0.9498805381437538,0.9498805381372646,-0.016478501986451843,0.7672578830683532,-0.00015953747849214826,-0.0050920823097219655,-0.0035711097859629872,-0.0161518594810205,-0.016563901134880196,7.89295230487136e-05,8.50067851551152e-05,-0.00017120331833789522,-6.659700759126593e-07,-6.877055158531755e-07,0.013913714147921502,0.009812957219963614,0.004100756927957888,0.02262334915757558,0.07281803625672711,0.005576098259229154,0.0027705494554031984,0.002805548803825955,0.05355423456014963,0.10109391059981665,-0.00040676690461238785,0.008478482487505157,-0.008885249392117545,-0.05382145108369496,-0.0023435864174037313
PROXY,2,1,2018Q4,CORE_VOL,3.178067618098135e-16,9.020562075079397e-17,0.05047977725801511,0.8003329682032927,0.7984117668429912,0.798411766836812,-0.031056472646261768,,-0.00027147575834407994,0.14299429358268934,0.0793938061957211,-0.06464747818802492,-0.031174183168811986,0.004870778536099979,0.002393286213998677,-0.00013438134957027077,2.450782360185505e-06,1.2493666776832561e-06,0.06927340437650109,0.06549677632311185,0.0037766280533892416,0.014642211738909894,0.21418744446168314,0.007776394876103043,0.009497412152390194,-0.0017210172762871512,-0.045758217198763385,0.16507406202377728,0.03285167425080959,0.042018708671128224,-0.009167034420318632,-0.051100676414613355,0.1483746069447418
PROXY,2,1,COVID,CORE_VOL,3.7860339863193815e-16,3.469446951953614e-15,-0.11042311091724664,0.7520935106222169,0.7529699787771379,0.7529699787782825,-0.10073679238195864,-0.2085258059165174,-0.00027592196269454647,-0.04331590762260324,-0.0054541947689160175,-0.10290179642781376,-0.10545142013130354,0.000726527751387367,0.0007706341399483564,-0.00028700415446153123,-1.1665308167279922e-06,-1.1260025104210837e-06,0.10913444083807472,0.10493122612428735,0.004203214713787373,0.013279096575275262,0.25894383567547363,0.03265664648611155,0.02480050992541405,0.007856136560697502,0.10459976721124231,0.32686997948444474,0.05411843830020158,0.062247213064893,-0.008128774764691427,-0.03809456262965871,0.19634356328868574
PROXY,2,1,2022,CORE_VOL,4.189357194483989e-16,4.0939474033052647e-16,0.04128047181003458,0.7795740082729026,0.7791229651209726,0.7791229651148008,-0.031215775927717904,,-0.0002067494165123846,0.07916230184562688,0.06824443389256148,-0.04399882473985443,-0.02987696047028636,0.004454409326567417,0.0030547070547950273,-0.00014188797923398705,2.117017389968916e-07,1.7931219801060174e-07,0.07282206129681604,0.07134810725526619,0.0014739540415498464,0.0058742827981351775,0.2259698288693618,0.01965450669667053,0.019930544692090962,-0.0002760379954204334,-0.00392309525686807,0.21767513601981647,0.04628059950715513,0.07356468734932298,-0.027284087842167848,-0.09442851081188475,0.12766928951025214
PROXY,2,1,2023_PLUS,CORE_VOL,4.1969466096913877e-16,4.163336342344337e-16,-0.0350606056886722,0.9162603766817483,0.9163465455494094,0.916346545545201,-0.012138132355722808,0.8876628030500306,-0.00020244796508596098,-0.024568048771886102,-0.027471127350007306,-0.011130607398696372,-0.012168714854720054,0.0037614908655509618,0.004840075860123329,-0.00026083779378348256,-3.5044755198780877e-08,-1.5502850915682824e-09,0.025901760381420086,0.017230537107680466,0.00867122327373962,0.04659272524475733,0.12738319483070393,0.0037285142406737193,0.0036296086676861003,9.890557298761898e-05,0.0025495019843329025,0.08788756318310886,0.03543015549501238,0.018780324544044436,0.016649830950967948,0.07468500151188462,0.14657859477012103
PROXY,2,1,2024_PLUS,CORE_VOL,4.1969466096913877e-16,1.6306400674181987e-16,-0.028662306277041,0.913715732669516,0.9137627991257438,0.9137627991329286,-0.012046768968269755,0.8807828210013434,-0.00021361717162818233,-0.02059357537025344,-0.020764149864294618,-0.01210368999986996,-0.012180766471175901,0.0037267834049186364,0.004543278820204449,-0.00026076923802954843,4.3410624683821805e-08,1.004762544504755e-07,0.02908003319142463,0.018499583521539603,0.010580449669885028,0.05494616805241059,0.13778097025655556,0.004997586821562289,0.003937741341187746,0.0010598454803745425,0.025954450604797064,0.11162162664618847,0.03543015549501238,0.019356319111478282,0.0160738363835341,0.0722880729351989,0.14657859477012114
PROXY,2,1,EX_MAJOR_SHOCKS,CORE_VOL,5.022837614582221e-16,3.469446951953614e-18,-0.020994788983670437,0.9390959282391123,0.9391780030979687,0.9391780030983862,-0.007531456359337024,0.9100724436721496,-0.00014912477310348267,-0.01382608338564346,-0.014472084708114247,-0.007836080006801567,-0.007755800516643413,0.0011599453885722782,0.0014151783760423251,-0.00018200329462506558,-8.986466029822355e-08,-7.884033004133256e-08,0.01968935544820602,0.011336118555413194,0.008353236892792826,0.048192263720296724,0.10662051438006004,0.005261958491625779,0.003010739614307395,0.002251218877318384,0.04877577818057166,0.10702611490776925,0.03543015549501238,0.013625416346988772,0.02180473914802361,0.09559751566053853,0.14657859477012103
PROXY,2,3,ALL,VOL,5.104423828061755e-16,9.020562075079397e-17,-0.023302334227524868,0.8303944704894093,0.8305784245177552,0.8305784245243368,-0.0001747155002332912,0.8581729108340909,-0.0009386863838025434,-0.029891039039860307,-0.026645450256705158,-0.004501294692795629,0.0011846969658672376,0.0028150607002195437,0.0032380867034395235,-0.001079434945326448,-3.1881142401570363e-07,-2.3269479993481888e-07,0.06574399611015144,0.03724175754756934,0.028502238562582105,0.1571873475329908,0.30079382739052707,0.02147708175301613,0.011045725030906624,0.010431356722109507,0.19378594914967429,0.3310532943384227,0.22797112775010409,0.07153779494776802,0.15643333280233607,0.3466561505917918,0.4360567737741343
PROXY,2,3,GFC,VOL,4.0592529337857286e-16,4.440892098500626e-16,0.04715283043207436,0.7084895302468794,0.7087982018128336,0.7087982018195699,0.04012751398391162,2.869783223443502,-0.0009565936780260929,-0.019728591509959908,-0.0012449412888694083,0.031522120328891894,0.045693870694616646,0.003527972865205158,0.0037081618499479594,-0.0010039361112094158,-4.1343044173840836e-07,-3.2471241186624287e-07,0.13560155430597298,0.08522882826074962,0.05037272604522336,0.2430197087238095,0.4635836688588778,0.05176030335899511,0.029271836364751766,0.022488466994243346,0.3172933673202669,0.5168392456823316,0.2279711277501011,0.12777571423567335,0.10019541351442773,0.2536427281034578,0.4360567737741293
PROXY,2,3,2011,VOL,3.841328297116142e-16,2.598615767013257e-15,-0.030967056494714214,0.7945572389071458,0.7950394632932227,0.7950394632868438,-0.02914465311979237,-0.18190814762896984,-0.0010274847521927581,-0.010141045135635471,-0.002025340436934766,-0.03149326157610125,-0.027948694735371902,5.260023501425447e-05,5.3602621923453776e-05,-0.001046802894811734,-2.2224176514274407e-08,1.7895048333608087e-07,0.06583065446042,0.04483922629465728,0.020991428165762716,0.12103017347233225,0.30158970239000316,0.013188166041298542,0.011104393501171081,0.002083772540127461,0.04852269475902149,0.24400532754544724,0.04073217540275387,0.029691589652042993,0.011040585750710874,0.09045364131148825,0.26841713207515794
PROXY,2,3,2015_2016,VOL,3.2303803729205605e-16,2.7755575615628914e-16,-0.04123914919679856,0.8994972463333397,0.8996360108145655,0.8996360108135613,-0.03366514430282227,0.5253616533565103,-0.0009645768378210819,-0.010196871134213638,-0.007239299804855745,-0.032015491690197934,-0.03314004424270605,0.00015790679977379423,0.00016842755570577262,-0.001025797461891071,-2.382734214593118e-06,-2.4352430511931146e-06,0.024486426304573983,0.019621760176121633,0.00486466612845235,0.02837311833176892,0.12815079133349205,0.010575241570298169,0.0055473855479597906,0.005027856022338378,0.10134717819706973,0.19172770567837527,-0.0008604079456798752,0.017000695255472653,-0.01786110320115253,-0.11408085581492955,-0.004957238044828394
PROXY,2,3,2018Q4,VOL,4.0852737859253807e-16,8.187894806610529e-16,0.10423345970267167,0.6005400811482104,0.5977008103254727,0.5977008103298611,-0.0714541830220135,,-0.001648466335497691,0.2853663010756803,0.1642445993904445,-0.1258143134077903,-0.06418051949070563,0.009721638701679669,0.005020755853079648,-0.0008567780034343547,1.0145265024679032e-05,5.4019532866839845e-06,0.13502275675449493,0.13055956536480115,0.0044631913896937825,0.02314157406781847,0.4174788213992707,0.007776394876103043,0.01899953230571561,-0.011223137429612565,-0.39927219195144237,0.16507406202377728,0.06617300078193644,0.08566587346715993,-0.019492872685223483,-0.1435997442122643,0.29887039870218934
PROXY,2,3,COVID,VOL,3.174543961037557e-16,2.55351295663786e-15,-0.22151012435403894,0.5026616478498909,0.5038915276215051,0.5038915276245398,-0.1936184087862432,-1.424317693370039,-0.0017144227651489925,-0.0869910007454143,-0.022227737583288422,-0.20203044938533396,-0.19904737731636593,0.0014547299400517718,0.0014511285820127113,-0.0016842736542727664,-2.1610658955445147e-06,-1.8643821270920426e-06,0.20174087242952857,0.21018113623510837,-0.0084402638055798,-0.03994847377228461,0.47867158083420747,0.050180140929000916,0.04975085431047733,0.00042928661852358746,0.008558978571239995,0.5022677892834095,0.11057418037448585,0.12894592176644148,-0.01837174139195563,-0.12524586524283676,0.40116694539523545
PROXY,2,3,2022,VOL,3.452099717193846e-16,7.771561172376096e-16,0.0803909412500518,0.5589350740701775,0.558335257216708,0.5583352572169364,-0.06851709065396239,,-0.0012515953947265573,0.15829258891460216,0.13657401983909656,-0.0877027352483414,-0.061579299952607955,0.00890739669260752,0.006278021066175607,-0.0008824768101501548,7.771715790481888e-07,6.771075369695751e-07,0.14303037738795737,0.14256223907136176,0.00046813831659561767,0.0026050770262067147,0.4438290996699663,0.03491813080587018,0.03987976561292678,-0.004961634807056602,-0.09841959959304813,0.3867209180077318,0.09199522881335354,0.15219334615846158,-0.06019811734510805,-0.2862345792089005,0.2537772981769201
PROXY,2,3,2023_PLUS,VOL,4.378008372496467e-16,1.0408340855860843e-15,-0.0709753051732771,0.8324813225117396,0.8326415754133469,0.8326415754144058,-0.02521065864043459,0.7725890160987532,-0.0012169208650133572,-0.049151227102754595,-0.05476036741477452,-0.021780578825091376,-0.024217000407178488,0.007525131055326205,0.00954794942312925,-0.0015458611752886227,-1.7933510082024334e-07,-2.5599165772176595e-08,0.04885783356487833,0.03442704607973665,0.014430787485141677,0.08543462267915014,0.2402796891158555,0.006402642931299933,0.007260149913324382,-0.0008575069820244488,-0.02438625682070472,0.15092142575854273,0.07172094873620538,0.0379049715928762,0.03381597714332918,0.16591960053302846,0.2967177460683962
PROXY,2,3,2024_PLUS,VOL,4.378008372496467e-16,3.469446951953614e-17,-0.05854498020453777,0.827412841921614,0.8275020995622747,0.8275020995602224,-0.025216028393068968,0.7564896796142351,-0.0012839007628155674,-0.041192762263405354,-0.041672467711747194,-0.02360584995204123,-0.024301337808773908,0.007454331205520149,0.008976281324961956,-0.0015479151844094464,2.0289431322279813e-07,4.5917543085233993e-07,0.0548146193194686,0.036942426219592206,0.017872193099876393,0.10264447414906652,0.25971123844202604,0.008488346948129555,0.007875549911681282,0.0006127970364482732,0.016608308077429856,0.18958812077050402,0.07172094873620505,0.039073174243073994,0.032647774493131054,0.1611112256244046,0.29671774606839507
PROXY,2,3,EX_MAJOR_SHOCKS,VOL,5.106592232406726e-16,1.1796119636642288e-16,-0.043044121311250905,0.8781294609289034,0.8782847821984802,0.878284782199235,-0.01610285684613111,0.815615623543021,-0.0008982031383955428,-0.027668357442064948,-0.028981123021787084,-0.015430974307914192,-0.01578183017633671,0.0023204269938255358,0.0028054643840245896,-0.001086383658731287,-3.1675067912765216e-07,-2.4883842029654325e-07,0.03647785905735146,0.022670339554406782,0.013807519502944676,0.08523327374261802,0.19753300308213495,0.009274555260148497,0.006024141952275311,0.003250413307873186,0.07534387795432707,0.18864071591800424,0.06728798780690393,0.027440637200276452,0.039847350606627474,0.18596468418078294,0.2783780810398493
PROXY,2,3,ALL,CORE_VOL,4.82578386973298e-16,2.7929047963226594e-16,-0.010614235900515717,0.9152398378428188,0.9153387905884012,0.9153387905884073,0.0008316109614948941,0.9353976229680774,-0.00046804966360867035,-0.014936772418038903,-0.012978656970424838,-0.002416739917171871,0.001278046903778263,0.001407310142157834,0.0016277593500084997,-0.0005411412118561926,-2.9504727505268704e-07,-2.439720211704611e-07,0.035914679808805944,0.018623230910368105,0.01729144889843784,0.08648099601893167,0.16431787902116823,0.011922467245554576,0.005520026286271927,0.006402440959282649,0.10786697040492965,0.18377599450765647,0.10933667058286012,0.03479933537478974,0.07453733520807038,0.15273976899238528,0.20913611429702417
PROXY,2,3,GFC,CORE_VOL,4.440892098500626e-16,6.349087922075114e-16,0.026667267855144033,0.8542607294439222,0.8544356016019129,0.8544356015976672,0.02227727041923345,2.0574552915217,-0.0004842189988059079,-0.009861822874263713,0.0010674450841166548,0.01554622350607025,0.02426696859462816,0.0017637835376134636,0.0018362844935303484,-0.0005031917881481447,-3.127830583749985e-07,-2.3852898361964025e-07,0.07267298051345072,0.04262371646856769,0.030049264044883034,0.12025310893709507,0.24844853073967488,0.028713549990564052,0.014634112121107545,0.014079437869456507,0.16464546694404214,0.2867117956217704,0.1093366705828609,0.06100759247190801,0.04832907811095288,0.10465508349618147,0.20913611429702605
PROXY,2,3,2011,CORE_VOL,3.4911309954033243e-16,6.366435156834882e-16,-0.014796127515040716,0.8974037141379085,0.8976718945276353,0.8976718945347678,-0.014112114847717962,0.43528169471422684,-0.0005088978887721629,-0.005062993847073606,-0.0006023277215898819,-0.015870337110579745,-0.013698272983348728,2.627258791830357e-05,2.699008732138054e-05,-0.0005226781234028657,1.766497266135902e-08,1.612259800155601e-07,0.034858424141541944,0.02239352822292595,0.012464895918615992,0.06363363821139434,0.15969675296108343,0.008911804093637343,0.005545393537095232,0.0033664105565421112,0.06940582282978758,0.1648847663943066,0.02390983991342177,0.01473375770397134,0.009176082209450431,0.06697098892310072,0.15756120547155728
PROXY,2,3,2015_2016,CORE_VOL,3.191891195797325e-16,2.983724378680108e-16,-0.02056268035864804,0.9498080231351196,0.9498805381437538,0.9498805381372647,-0.01681018071020722,0.7633356459074346,-0.0004786069569222002,-0.0050920823097219655,-0.003570589392734912,-0.0161518594810205,-0.01656149272657248,7.892952304871358e-05,8.499333349342018e-05,-0.0005135287198524847,-1.997926247057368e-06,-2.0628529812831214e-06,0.013920905109963772,0.009813099016214272,0.0041078060937495,0.022662256227700905,0.07285567047352559,0.005566643242985059,0.0027704027740911505,0.0027962404688939083,0.053376401244648264,0.1009224924284603,-0.0004302585261806158,0.008477985755135697,-0.008908244281316313,-0.05396057781174801,-0.0024789333313384176
PROXY,2,3,2018Q4,CORE_VOL,4.378008372496467e-16,4.2327252813834093e-16,0.050200197636077415,0.8003329682032927,0.7984117668429912,0.7984117668368118,-0.031309512337008294,,-0.0008144750609358827,0.14299429358268934,0.07937249548333607,-0.06464747818802502,-0.031165619413590504,0.004870778536099979,0.002392635713244619,-0.00040306122001660863,7.35224681771132e-06,3.7470731042603842e-06,0.06925978226910862,0.06549530769673073,0.003764474572377885,0.014595008866404302,0.21414532607011816,0.007776394876103043,0.00949639660426016,-0.0017200017281571167,-0.04572998114918958,0.16507406202377728,0.03275293406767388,0.0420101738836538,-0.009257239815979923,-0.051601061989373864,0.14792864684692264
PROXY,2,3,COVID,CORE_VOL,3.5388358909926865e-16,1.582067810090848e-15,-0.11096982969967314,0.7520935106222169,0.7529699787771379,0.7529699787782825,-0.1012059940382953,-0.21450936996989814,-0.0008277768679826656,-0.04331590762260324,-0.0054531816019028805,-0.10290179642781387,-0.10542289634572607,0.0007265277513873667,0.0007704243416266906,-0.0008607976907308259,-3.5007742921133533e-06,-3.378402938477442e-06,0.10914223667186024,0.10493351700869707,0.004208719663163163,0.013296584439480563,0.2589623328894347,0.03265579047563594,0.024797808206337257,0.00785798226929868,0.10462057833111427,0.32686141142382885,0.05406243448898718,0.06223829989586194,-0.00817586540687476,-0.038313647095427505,0.1961403795273473
PROXY,2,3,2022,CORE_VOL,4.82578386973298e-16,1.3183898417423734e-16,0.04098851052862096,0.7795740082729026,0.7791229651209726,0.7791229651148008,-0.031462092057481406,,-0.0006202445372216841,0.07916230184562688,0.06823018147509669,-0.04399882473985442,-0.029870702592066575,0.0044544093265674175,0.003054068888579228,-0.00042557483555149243,6.347653049938213e-07,5.375925632444224e-07,0.07282278860687735,0.0713486067407727,0.0014741818661046513,0.005875202463449747,0.22597208574217154,0.01964302888842033,0.019930054587602664,-0.00028702569918233334,-0.00407922581132536,0.21754801843245453,0.04608497972207981,0.07352791658623781,-0.027442936864157996,-0.09496619175861887,0.1271296543447472
PROXY,2,3,2023_PLUS,CORE_VOL,4.569912157026401e-16,7.494005416219807e-16,-0.03557514693900837,0.9162603766817483,0.9163465455494095,0.916346545545201,-0.012633157792039607,0.8860141686170959,-0.0006073389918741787,-0.02456804877188607,-0.027465617623884518,-0.011130607398696398,-0.012166278236461037,0.0037614908655509613,0.004839109956250439,-0.000782356664266637,-1.0492225933950847e-07,-4.370647363642044e-09,0.025900100829067352,0.01723041309795162,0.008669687731115733,0.04658444333620171,0.12737503325876565,0.0037212310637544516,0.003629218780529554,9.201228322489735e-05,0.002371788909136474,0.08771588604032543,0.03537117148869873,0.018777609090859904,0.016593562397838824,0.07443169491643042,0.14633457120774684
PROXY,2,3,2024_PLUS,CORE_VOL,4.570996359198887e-16,9.471590178833367e-16,-0.029177447760536795,0.913715732669516,0.9137627991257439,0.9137627991329286,-0.012542666066358149,0.8786401562117783,-0.0006408494799433125,-0.020593575370253414,-0.020759742557711867,-0.012103689999869969,-0.01217818215676755,0.003726783404918635,0.004542321822778968,-0.000782146663334567,1.3057497352605172e-07,3.017944972716519e-07,0.029077951969770782,0.018499464706114827,0.010578487263655956,0.054935943028663115,0.13777110944460602,0.004989068341163805,0.0039372867716188295,0.0010517815695449753,0.025756687573060377,0.11143136549163879,0.035371171488698394,0.01935352708707394,0.016017644401624453,0.07203445900577699,0.14633457120774562
PROXY,2,3,EX_MAJOR_SHOCKS,CORE_VOL,4.569912157026401e-16,4.3368086899420177e-16,-0.021355555717714636,0.9390959282391123,0.9391780030979686,0.9391780030983862,-0.007880383598522805,0.9085210545609659,-0.00044737094286591874,-0.013826083385643484,-0.014469767510737655,-0.007836080006801527,-0.00775458119434578,0.001159945388572278,0.0014149519243795217,-0.0005459225593664763,-2.6950637453731277e-07,-2.363776438136453e-07,0.019689267794742893,0.011336096278207752,0.00835317151653514,0.048192004632301444,0.10662029780500826,0.005255370962386957,0.0030105070007105453,0.002244863961676412,0.04863784499272805,0.10689212721812968,0.03537117148869873,0.013623404027598873,0.021747767461099854,0.09534689611224112,0.14633457120774684
PROXY,3,0,ALL,VOL,4.765610649160035e-16,2.1510571102112408e-16,-0.018127132822600478,0.8311313314261497,0.8312717250281182,0.8312717250277002,0.00459545997285607,0.8883478636375983,0.0,-0.02948154079491247,-0.026249769663930035,-0.0014278632001581907,0.004905129095584655,0.0027956694209049925,0.003217507745745118,0.0,0.0,0.0,0.06646358861596527,0.03716633628867025,0.02929725232729502,0.16151903888408248,0.3041086870506049,0.020699540024679018,0.010835610423852955,0.009863929600826063,0.1859904448075318,0.32408752952084763,0.21185946470039885,0.07002992358574744,0.1418295411146514,0.31324746076938703,0.40523883696376783
PROXY,3,0,GFC,VOL,4.76669485133252e-16,9.575673587391975e-16,0.03803999113014999,0.7092962646347587,0.7092864945793222,0.7092864945833899,0.032214970142209566,2.508425614821912,0.0,-0.01969551022891255,-0.0012389990855864656,0.02230002952051975,0.03576202005769116,0.0033605455049387535,0.003516970158044334,0.0,0.0,0.0,0.13479063815790854,0.08566278561171797,0.049127852546190565,0.23751115587144478,0.460811374064908,0.042465987217206916,0.025473520033413702,0.016992467183793214,0.2740980106567412,0.48550507673281895,0.2118594647004004,0.12550252947711438,0.08635693522328602,0.21736008761858228,0.4052388369637723
PROXY,3,0,2011,VOL,4.584006785268713e-16,2.220446049250313e-16,-0.034589989620961714,0.7884522117601591,0.7887331702633315,0.7887331702607392,-0.034564469010573494,-0.32018329111760785,0.0,-0.010453068139098631,-0.0021435805552862466,-0.036113065913861146,-0.03249645380132226,4.91918265578188e-05,5.00447356470164e-05,0.0,0.0,0.0,0.06778616890959208,0.04635929586952922,0.021426873040062855,0.12463313271228194,0.31054849257034,0.03099463695816338,0.019434574730924983,0.011560062227238398,0.15960898676500124,0.33740446625837206,0.033155919856423854,0.031477167010580565,0.0016787528458432899,0.013957926095927609,0.21849107815079682
PROXY,3,0,2015_2016,VOL,3.9985376121265404e-16,7.979727989493313e-17,-0.0180741885581355,0.9025914427111275,0.9025568810435939,0.9025568810460538,-0.010652367603820143,0.7919767225745277,0.0,-0.009900113925110133,-0.007078886300970387,-0.011111665815236121,-0.01117217160267769,0.00016401138971032059,0.00017686934551265656,0.0,0.0,0.0,0.022714469127503384,0.018999358221666235,0.003715110905837149,0.021589973653449057,0.11887717534616271,0.00739597459597998,0.004610592172453687,0.0027853824235262933,0.06525164261774119,0.156371791303343,0.002778993393111051,0.016333492570835717,-0.013554499177724666,-0.08620672639453053,0.016011162895260167
PROXY,3,0,2018Q4,VOL,3.5908775952719907e-16,3.7470027081099033e-16,0.09233461784674601,0.6205748741122079,0.620750743402139,0.6207507434087297,-0.07413301882870915,,0.0,0.26901609627548706,0.15338649641998525,-0.13061640654448786,-0.06579356249745572,0.009279728392816258,0.004741683924216857,0.0,0.0,0.0,0.12892022055195443,0.12283497784145248,0.0060852427105019535,0.030336836806881484,0.3986103011392722,0.03539362822308023,0.02753663936336992,0.007856988859710312,0.17626130065292034,0.4908116754048769,0.06344509166611179,0.08142452901064912,-0.01797943734453733,-0.128437556757522,0.28654979550396753
PROXY,3,0,COVID,VOL,4.675079767757495e-16,2.3869795029440866e-15,-0.09341160734413406,0.4880229849295574,0.48684546761027325,0.48684546761061365,-0.06215033171931423,-0.022343394510351788,0.0,-0.089979971709837,-0.027919796185778837,-0.07135639356116961,-0.06730777262402042,0.0017093241323709986,0.0018159614656675844,0.0,0.0,0.0,0.2326132273253308,0.21841924908495142,0.014193978240379379,0.0699070791203723,0.551922572287169,0.09526935748226972,0.06533414365596191,0.029935213826307816,0.4815953951251901,0.7472541692932511,0.14797791512352843,0.13341760026612104,0.014560314857407386,0.10238332445251586,0.5368689869100677
PROXY,3,0,2022,VOL,3.807175928682849e-16,1.3877787807814457e-15,0.12331711687758792,0.5567810817228747,0.5561119666272993,0.5561119666202351,-0.026213368866283615,,0.0,0.15908941598549114,0.14128007762229108,-0.03368241484209811,-0.024358937903487032,0.008815247202045958,0.006395977158785256,0.0,0.0,0.0,0.14259846808226445,0.14335196012801565,-0.0007534920457512029,-0.004211509761832932,0.44248886746345506,0.04703693499489033,0.04351571661821996,0.003521218376670375,0.06470298102209104,0.48027754163482717,0.12602583530306266,0.15276887059763966,-0.026743035294577,-0.12750874854520022,0.34765385549058336
PROXY,3,0,2023_PLUS,VOL,4.397524011601206e-16,5.412337245047638e-16,-0.07513821758914349,0.8337707638493157,0.8340021349062053,0.8340021349033963,-0.029072419741313388,0.7623272762224528,0.0,-0.04924820803782946,-0.055121188702747154,-0.0264381327277483,-0.029633301889613085,0.007565834791988085,0.009616273003217277,0.0,0.0,0.0,0.051033949781185334,0.033987000105753035,0.0170469496754323,0.10067948492734291,0.25102038226549217,0.00658723810982504,0.00857497341668631,-0.00198773530686127,-0.047216519369267074,0.12999432174419157,0.06713320198198769,0.03759245220357643,0.029540749778411257,0.14472109280664203,0.27773771442588646
PROXY,3,0,2024_PLUS,VOL,3.8250652645288596e-16,2.498001805406602e-16,-0.06973469179363062,0.8269030194715015,0.8270936572539838,0.8270936572551099,-0.0354322175505738,0.7162393547313175,0.0,-0.04201624367268006,-0.042759983434749654,-0.03393419896499754,-0.03611072971915924,0.00758621234727777,0.009136021360278019,0.0,0.0,0.0,0.05782581879964155,0.0367910122733946,0.021034806526246952,0.12073695678908314,0.27404156112251987,0.007121001568440949,0.009597450531138411,-0.0024764489626974626,-0.0550498392725316,0.13046182056391376,0.06713320198198813,0.03917474219224415,0.027958459789743983,0.13803944171855653,0.277737714425888
PROXY,3,0,EX_MAJOR_SHOCKS,VOL,4.584006785268713e-16,3.191891195797325e-16,-0.04190634004435398,0.8793898002259084,0.8795591819818481,0.8795591819778046,-0.015725467076407568,0.8183731546740403,0.0,-0.02710926965143294,-0.028307145209891815,-0.016032683310263692,-0.01640801564241471,0.002327440894101705,0.0028088208079528596,0.0,0.0,0.0,0.03662340989071436,0.022387925943608472,0.014235483947105887,0.0877090169192899,0.19829508460671696,0.009460097488596171,0.006159360626184274,0.0033007368624118974,0.0739974367954388,0.1863491019917729,0.06713320198198769,0.02714115618127111,0.03999204580071658,0.1863794717092503,0.27773771442588646
PROXY,3,0,ALL,CORE_VOL,5.699379770213175e-16,2.931682674400804e-16,-0.008107946915324044,0.9155554657409084,0.9156305542706178,0.9156305542773763,0.003145863865215759,0.9500599679238735,0.0,-0.014741697895799889,-0.01276956884447492,-0.0010185871297401783,0.003046251085744357,0.0013974834715671117,0.001615370843406226,0.0,0.0,0.0,0.03653029560959242,0.01860095132277756,0.017929344286814863,0.08966862884878268,0.1671468614130035,0.011785884174456147,0.005418816967253291,0.006367067207202856,0.10892925536138265,0.18452864560103077,0.10114371566984104,0.034053351955389055,0.06709036371445198,0.13726981144692718,0.1934648601241521
PROXY,3,0,GFC,CORE_VOL,4.485886488658775e-16,7.979727989493313e-17,0.02139233592878012,0.8545720584006631,0.8545547975006322,0.8545547975024675,0.017733863903807656,1.8482848317562106,0.0,-0.009853747487332259,0.00105421548380129,0.010063955830955514,0.01859269893584889,0.001680946247478727,0.0017454215091300188,0.0,0.0,0.0,0.07290784817579343,0.04293141007357246,0.029976438102220976,0.12010956603926026,0.24925147738112297,0.02480836269681079,0.01274342615203898,0.01206493654477181,0.16145951373384237,0.2836290128644494,0.10114371566983993,0.05984297322342669,0.04130074244641324,0.0892104619002223,0.19346486012415065
PROXY,3,0,2011,CORE_VOL,3.5475095083725705e-16,9.159339953157541e-16,-0.01612450323597819,0.8942920837798738,0.8944473552552696,0.8944473552547041,-0.016484903643898086,0.3845820717792298,0.0,-0.005222537722339075,-0.0006363680416377029,-0.017741675783675272,-0.015513364635366428,2.4573068230185533e-05,2.5229441025022876e-05,0.0,0.0,0.0,0.03608623232149724,0.02317978541881971,0.012906446902677532,0.06615329858127705,0.16532170544894553,0.01550897899986732,0.009711226075789753,0.005797752924077568,0.07057456896047509,0.1688291683727664,0.020797243518436814,0.01568470245205633,0.005112541066380483,0.03757430124482308,0.13704979920885962
PROXY,3,0,2015_2016,CORE_VOL,3.391384395534658e-16,8.170547571850761e-16,-0.008859359483858811,0.9513040902456851,0.951285228767165,0.9512852287702595,-0.005174447961273421,0.8980339842203756,0.0,-0.0049493672842769515,-0.003482907085744444,-0.005676311214692889,-0.005465203908453732,8.195734801194064e-05,8.875151034018147e-05,0.0,0.0,0.0,0.01276190805333563,0.009510197213679933,0.003251710839655697,0.017909357177782526,0.0667900082934818,0.004978892972134136,0.0023048999655948255,0.0026739930065393103,0.05943201066604298,0.10526785924649051,0.001388928731250627,0.008149976025462191,-0.006761047294211564,-0.04087299042905612,0.008002309117066675
PROXY,3,0,2018Q4,CORE_VOL,3.172375556692586e-16,1.0685896612017132e-15,0.04491590355225972,0.8104651930261753,0.8105617118832361,0.8105617118820065,-0.03265103237053807,,0.0,0.13437586987367678,0.07425832357402826,-0.06601364588358102,-0.03160738426869659,0.004634208843517084,0.0022649642469291186,0.0,0.0,0.0,0.06583297634813884,0.06138106043325314,0.004451915914885696,0.016989247660339712,0.20354993510464003,0.01772868457661958,0.013755419107346241,0.003973265469273339,0.06808547296193768,0.24584779285501546,0.03151914938749756,0.03997232711477172,-0.008453177727274164,-0.0465898900665207,0.1423562575806101
PROXY,3,0,COVID,CORE_VOL,3.651592916931179e-16,1.4849232954361469e-15,-0.04083338306465327,0.7437341197146452,0.7427772772366205,0.7427772772395249,-0.02909352701045334,0.5530990137246511,0.0,-0.045103164556672445,-0.006822743661158663,-0.03866349204566104,-0.03495460518082988,0.0008643802445484076,0.0009439657773367581,0.0,0.0,0.0,0.1253978706309447,0.11006587881444824,0.01533199181649647,0.04923663012603874,0.29753215719400283,0.047634678741134806,0.032702467774615385,0.014932210966519421,0.15752921438417344,0.3736270846466251,0.07190964760028362,0.06472162082059396,0.00718802677968966,0.03408106087843443,0.26089068509984636
PROXY,3,0,2022,CORE_VOL,4.041363597939718e-16,9.43689570931383e-16,0.061046067647061275,0.7784234454084071,0.7779251614687493,0.7779251614632355,-0.011697296204603913,,0.0,0.07959159452569668,0.06958416037293313,-0.016968865412891755,-0.011603607848078262,0.004406435129468968,0.0030655151222054593,0.0,0.0,0.0,0.07252226420626337,0.07178370344789736,0.0007385607583660081,0.0029485719952162537,0.22503954625937628,0.025531207857279012,0.021754627704814164,0.003776580152464848,0.04957289619553551,0.2606901522387415,0.06186097298811244,0.0737847647998695,-0.011923791811757067,-0.041298949343573144,0.17064918246325234
PROXY,3,0,2023_PLUS,CORE_VOL,5.699379770213175e-16,1.3530843112619095e-15,-0.03771387605847287,0.9169167189320433,0.917042209282256,0.9170422092755747,-0.014628633800367441,0.8807057189453321,0.0,-0.024611898070602958,-0.02764792312739708,-0.013547226041142434,-0.014942085200681523,0.003780693569612556,0.004876132269604381,0.0,0.0,0.0,0.027347830551952,0.016998023455638334,0.010349807096313668,0.055552141677477684,0.1345156098776772,0.0033322840547900245,0.004285870181602661,-0.0009535861268126361,-0.02055700497626578,0.0657601863389935,0.03351467980523093,0.01862041207728038,0.01489426772795055,0.0667623031532989,0.13865405334483716
PROXY,3,0,2024_PLUS,CORE_VOL,4.090694796787808e-16,1.4016565685892601e-15,-0.03492968298641519,0.9134879161065328,0.9135913179440405,0.9135913179369938,-0.01781871337044072,0.8578660186440947,0.0,-0.020997310931683444,-0.021322756004437716,-0.017408875068604605,-0.01823806432700073,0.003790574510714964,0.004631137345021848,0.0,0.0,0.0,0.03109949509586335,0.01840334233343932,0.012696152762424029,0.06591713180319025,0.14738319946185308,0.00372945168930873,0.004796706695738964,-0.0010672550064302344,-0.021436710299437722,0.06832621119600524,0.03351467980523093,0.019396084026172877,0.014118595779058052,0.06350622263063921,0.13865405334483705
PROXY,3,0,EX_MAJOR_SHOCKS,CORE_VOL,5.699379770213175e-16,3.920475055707584e-16,-0.020757085082074467,0.9397231700204429,0.939812806508887,0.939812806502319,-0.007667396484505207,0.9100364317754907,0.0,-0.01354715855273954,-0.01412782720700907,-0.008129985730299051,-0.008045049752469861,0.001162983886740416,0.0014157918774040724,0.0,0.0,0.0,0.01983696321314471,0.011193297108096634,0.008643666105048076,0.049819926957785254,0.10740595456372826,0.0053851356259619135,0.0030782366163283545,0.002306899009633559,0.04837562240751336,0.10607873642017007,0.03351467980523093,0.013475682757445595,0.020038997047785334,0.08779841669232524,0.13865405334483716
PROXY,3,1,ALL,VOL,4.887583393564654e-16,1.700029006457271e-16,-0.018484484566801712,0.8311313314261497,0.8312717250281182,0.8312717250277002,0.004253996366016144,0.886142765671624,-0.00031300759327995876,-0.02948154079491247,-0.026245586659371614,-0.001427863200158188,0.004904303061425935,0.0027956694209049925,0.0032169939115924266,-0.0003597881418712405,-3.964719485801278e-07,-4.0673857739232663e-07,0.06646510743294262,0.037166451064784084,0.029298656368158538,0.1615266669529487,0.3041153008971046,0.020691508401368824,0.010835230130938643,0.009856278270430181,0.18584484164883952,0.32396178040016477,0.21154670014694932,0.0700160854144054,0.1415306147325439,0.3125776928039339,0.4046405897055556
PROXY,3,1,GFC,VOL,4.623986740379116e-16,9.020562075079397e-17,0.03769159980677895,0.7092962646347587,0.7092864945793222,0.7092864945833901,0.03189564804725262,2.494610616959319,-0.00032732601220235834,-0.01969551022891255,-0.0012388841161268687,0.022300029520519772,0.03575613353838895,0.0033605455049387526,0.0035163932231339987,-0.0003415806262660555,-4.896258673097854e-07,-4.622123511635402e-07,0.134793347446331,0.08566301162102272,0.04913033582530829,0.23752342094422463,0.46082063636188775,0.04245936379782897,0.025472699948791797,0.016986663849037173,0.27400077501905973,0.4854293525134131,0.2115467001469452,0.1254802350195774,0.08606646512736782,0.21661681999045745,0.40464058970554895
PROXY,3,1,2011,VOL,3.345305803204024e-16,2.921274333544943e-15,-0.034903850754358645,0.7884522117601591,0.7887331702633316,0.7887331702607392,-0.03485552537008687,-0.33216231246398764,-0.00031412721562364967,-0.010453068139098635,-0.002143229710466225,-0.03611306591386114,-0.03249127494479762,4.9191826557818796e-05,5.003689918474883e-05,-0.000319352488200786,-5.5989672738758316e-08,-3.051007583832566e-08,0.06778665441089404,0.04635967506730476,0.02142697934358928,0.1246340259467339,0.31055071679542745,0.030985836114647267,0.019434325913886455,0.011551510200760812,0.1594903616084843,0.33730866117076297,0.032950885026786,0.03147483130399187,0.001476053722794135,0.012272353687311055,0.21713993840923607
PROXY,3,1,2015_2016,VOL,3.625572064791527e-16,8.014422459012849e-16,-0.018386775702010125,0.9025914427111275,0.9025568810435939,0.9025568810460538,-0.010956670448206557,0.7883790284406655,-0.0002920801250586959,-0.009900113925110133,-0.007077855933044082,-0.01111166581523613,-0.01117061796177141,0.00016401138971032056,0.00017684378208920496,-0.0003152583868466908,6.593769987032965e-08,1.1279756205331445e-07,0.02271369547426974,0.018999451092924752,0.003714244381344989,0.02158494958776036,0.11887312639786474,0.007390373995263447,0.004610491003590268,0.0027798829916731785,0.06512265606932499,0.1562533787864998,0.0027375167255200283,0.016333013735936985,-0.013595497010416957,-0.08646720962136634,0.01577219518745665
PROXY,3,1,2018Q4,VOL,3.999079713212783e-16,6.938893903907228e-17,0.09208073744576933,0.6205748741122079,0.620750743402139,0.6207507434087297,-0.07436260998449962,,-0.0004564384299364577,0.26901609627548706,0.1533501596011961,-0.13061640654448797,-0.06577857385987239,0.009279728392816258,0.004740587271951229,-0.0002295498649291252,-3.790225420659578e-06,-1.885702576557121e-06,0.128945677015069,0.12283673614034057,0.006108940874728436,0.03045524652285203,0.3986890103470643,0.03539362822308045,0.02753613730055382,0.007857490922526633,0.17627057842008587,0.49081167540487924,0.06335539998993589,0.08141641247796938,-0.01806101248803349,-0.1290128150507306,0.2861447029933938
PROXY,3,1,COVID,VOL,4.1210524576174024e-16,4.996003610813204e-16,-0.09396114003743244,0.4880229849295574,0.4868454676102733,0.4868454676106136,-0.06265427297542822,-0.028357755412956185,-0.0005452457849327236,-0.08997997170983701,-0.027910992992972176,-0.07135639356116963,-0.06728947736486814,0.0017093241323709986,0.0018154714120483825,-0.0005783845021698613,2.0506742545833195e-06,2.243410529839456e-06,0.23260231112854632,0.2184179981962253,0.01418431293232103,0.0698590459096583,0.5518966713722548,0.09525835918188408,0.06533234595385162,0.029926013228032455,0.4814334529372605,0.7471679030893477,0.14790916048669667,0.1334114681103018,0.014497692376394866,0.10193858833178604,0.5366195427130036
PROXY,3,1,2022,VOL,4.2804301769727715e-16,6.38378239159465e-16,0.12300231965369698,0.5567810817228747,0.5561119666272994,0.5561119666202351,-0.026491148630800015,,-0.00039928142154943634,0.1590894159854911,0.14125081228776123,-0.03368241484209803,-0.024353902223737865,0.008815247202045958,0.006394665045506823,-0.0002888222644052515,-6.936073296400099e-07,-4.331914273191686e-07,0.14260472835351828,0.14335286969869626,-0.0007481413451779773,-0.004181624231628822,0.44250829334070585,0.047029618091517934,0.043515124556601135,0.003514493534916799,0.0645787083549334,0.48020283131697916,0.12580183096594177,0.1527410913836703,-0.02693926041772854,-0.1284273248441059,0.34703591892813646
PROXY,3,1,2023_PLUS,VOL,4.887583393564654e-16,8.326672684688674e-17,-0.07563680307849663,0.8337707638493157,0.8340021349062053,0.8340021349033963,-0.029553180941647328,0.7607501803703991,-0.00040359330995013993,-0.04924820803782946,-0.055110256610290016,-0.026438132727748302,-0.02962735274834954,0.007565834791988085,0.009614371473111985,-0.0005130983587509713,-4.2772658563797164e-07,-4.6683421817474857e-07,0.05103466146849306,0.03398694391472448,0.017047717553768577,0.10068398661233391,0.25102388283757826,0.006578033988272135,0.008574764580029877,-0.001996730591757742,-0.047429957424670155,0.12981268514345345,0.06700861630721366,0.03758964264278297,0.029418973664430692,0.14412252394721103,0.277222289277965
PROXY,3,1,2024_PLUS,VOL,4.666406150377611e-16,8.049116928532385e-16,-0.07021774953074908,0.8269030194715015,0.8270936572539838,0.8270936572551099,-0.035897805238768565,0.7142737222511112,-0.00041260548765363066,-0.04201624367268006,-0.04275128050422628,-0.03393419896499753,-0.03610327399665101,0.00758621234727777,0.009134174701945665,-0.00049716578444282,-2.2719875943627975e-07,-2.039473738287619e-07,0.05782571344346965,0.036790969684688396,0.021034743758781255,0.12073656699781388,0.27404106183050103,0.007111240108318977,0.009597238936089762,-0.0024859988277707856,-0.055261866590654574,0.13028298366202085,0.06700861630721411,0.039171836135339144,0.027836780171874964,0.1374367003857634,0.27722228927796677
PROXY,3,1,EX_MAJOR_SHOCKS,VOL,4.887583393564654e-16,2.220446049250313e-16,-0.042261523783292926,0.8793898002259084,0.8795591819818481,0.8795591819778046,-0.016069747975655302,0.8168275814798397,-0.00029946163754552603,-0.02710926965143294,-0.02830278837929603,-0.016032683310263692,-0.016405544229168588,0.002327440894101705,0.0028083887478829953,-0.0003611293726127069,-4.112164979868979e-07,-4.505500988220052e-07,0.03662482038427681,0.02238801047003411,0.014236809914242698,0.08771703169101475,0.19830232313655216,0.009452330746872045,0.006159175498848021,0.003293155248024024,0.07382716227511632,0.1861961093458263,0.06700861630721366,0.027139028268575283,0.03986958803863838,0.185806925258312,0.277222289277965
PROXY,3,1,ALL,CORE_VOL,5.281148782176892e-16,4.336808689942018e-17,-0.008287603513211894,0.9155554657409084,0.9156305542706178,0.9156305542773763,0.0029751048258349067,0.9489515862985349,-0.00015598097905377241,-0.014741697895799889,-0.012768519609686592,-0.0010185871297401748,0.003045987016535374,0.0013974834715671115,0.0016152380976363601,-0.00018006851193084925,-2.393069993095276e-07,-2.405057662309217e-07,0.03653116865088943,0.01860101368962161,0.01793015496126782,0.08967260301807678,0.16715067161512975,0.01178271053608388,0.00541860740186631,0.0063641031342175705,0.10887815495652575,0.18447895673748926,0.10101153234653304,0.03404620827295335,0.06696532407357969,0.13701197227980588,0.1932120235738518
PROXY,3,1,GFC,CORE_VOL,5.280606681090649e-16,6.661338147750939e-16,0.02122104436940312,0.8545720584006631,0.8545547975006322,0.8545547975024679,0.017580079196199864,1.8414924911669641,-0.0001634814664366852,-0.009853747487332259,0.0010541084600976065,0.01006395583095552,0.01859117631258411,0.001680946247478727,0.0017452788752340435,-0.00016926726711091188,-2.844294628117053e-07,-2.5201140106313036e-07,0.07290909992421984,0.042931552234696635,0.02997754768952321,0.12011408035100457,0.24925575675779366,0.024806045935717377,0.012742932541943836,0.012063113393773542,0.16143404894579716,0.28360252580159906,0.10101153234652949,0.059830937718659105,0.04118059462787038,0.08894862772336443,0.1932120235738456
PROXY,3,1,2011,CORE_VOL,3.080218372031318e-16,1.717376241217039e-15,-0.016284405307000212,0.8942920837798738,0.8944473552552697,0.8944473552547041,-0.016631862487021018,0.3784791488037965,-0.00015710009314770027,-0.00522253772233907,-0.0006363134571287323,-0.017741675783675286,-0.015512122462471014,2.457306823018552e-05,2.5227459024630657e-05,-0.0001612351916394051,2.099116144657069e-08,3.834521602770419e-08,0.03608610652714303,0.023180000930602046,0.012906105596540984,0.066151622255061,0.16532112914779584,0.015504373259333584,0.009711086122509038,0.005793287136824546,0.0705200879310931,0.1687790307496475,0.02077262378040612,0.01568339018372278,0.00508923359668334,0.037402643724703144,0.13688755991254697
PROXY,3,1,2015_2016,CORE_VOL,4.928783076119103e-16,8.638922910364499e-16,-0.009016229485420996,0.9513040902456851,0.951285228767165,0.9512852287702595,-0.00532693792560629,0.8962285027875705,-0.00014531595152529183,-0.0049493672842769515,-0.0034826543114860093,-0.005676311214692889,-0.005464824975289701,8.195734801194062e-05,8.874511821701677e-05,-0.00015751933968857158,-2.631350871397939e-09,2.402282540362641e-08,0.012761750957179213,0.009510246323337024,0.0032515046338421894,0.017908226307584707,0.0667891861238229,0.004975976669254513,0.002304846789357752,0.002671129879896761,0.059368304815432316,0.10520620036714323,0.0013682159913800396,0.008149726114204947,-0.0067815101228249075,-0.04099663373409945,0.007882972722494053
PROXY,3,1,2018Q4,CORE_VOL,4.0852737859253807e-16,7.563394355258879e-16,0.044801062710673356,0.8104651930261753,0.8105617118832362,0.8105617118820065,-0.03275216731676356,,-0.00022541676093536928,0.13437586987367672,0.07424975819025399,-0.06601364588358088,-0.03160387942840822,0.004634208843517085,0.0022647092145244426,-0.0001081516846590498,-2.9002641686894895e-06,-1.373581038565714e-06,0.06584696416594998,0.06138221724872017,0.0044647469172298115,0.017038288105271082,0.2035931842415567,0.017725616014264367,0.01375509765030436,0.003970518363960007,0.0680380240602898,0.24580524038706364,0.03147657491326572,0.03996726134777839,-0.008490686434512673,-0.04679531366883505,0.14216396994157532
PROXY,3,1,COVID,CORE_VOL,3.651592916931179e-16,3.726186026398182e-15,-0.041109732837384214,0.7437341197146452,0.7427772772366205,0.7427772772395249,-0.029334232007259556,0.5500745034656144,-0.0002604347933909427,-0.045103164556672445,-0.0068215556755906554,-0.03866349204566106,-0.03495003952771361,0.0008643802445484078,0.0009438430285021972,-0.000283692548275295,1.5158569282872058e-06,1.7118856968710227e-06,0.12539255713743896,0.11006492425669201,0.015327632880746955,0.04922248110173544,0.2975195498412859,0.04763014790405916,0.032701117726856244,0.014929030177202915,0.15749341515276083,0.3735915465997164,0.07188060015168307,0.06471720999299013,0.007163390158692939,0.03396353936686969,0.26078529995308664
PROXY,3,1,2022,CORE_VOL,4.2348936857283803e-16,1.8735013540549517e-16,0.06090060808271974,0.7784234454084071,0.7779251614687493,0.7779251614632355,-0.011819239759299716,,-0.00020036099127546936,0.07959159452569668,0.06957701605720895,-0.016968865412891724,-0.011602419944458636,0.004406435129468968,0.0030652037689321548,-0.00013886438133181944,-5.476675696089632e-07,-3.274176307141879e-07,0.07252567592717812,0.07178437577609742,0.0007413001510807038,0.0029595164754371295,0.2250501329686444,0.025529547361800548,0.021754223537295517,0.003775323824505031,0.049556142225625655,0.2606731975054798,0.06175844945930953,0.07376722605982988,-0.012008776600520354,-0.04159077404428713,0.17036636188141596
PROXY,3,1,2023_PLUS,CORE_VOL,4.440892098500626e-16,5.689893001203927e-16,-0.03797039052900153,0.9169167189320433,0.917042209282256,0.9170422092755747,-0.01487517725595916,0.8798943276872605,-0.0002015445337379279,-0.024611898070602958,-0.02764517122621579,-0.013547226041142424,-0.014940580068725697,0.0037806935696125554,0.004875648319162347,-0.00026006532323416114,-2.1460448317700224e-07,-2.2222998879881613e-07,0.027348069497211275,0.01699799298016444,0.010350076517046836,0.05555357869438282,0.13451678517628896,0.0033276723658518387,0.0042857559786652,-0.000958083612813361,-0.020653909021877803,0.06566917803390115,0.03347393856426373,0.01861889669159089,0.014855041872672836,0.06658602426265003,0.1384855021836372
PROXY,3,1,2024_PLUS,CORE_VOL,4.185020385794047e-16,3.122502256758253e-16,-0.03517805050507303,0.9134879161065328,0.9135913179440405,0.9135913179369938,-0.018057299298952778,0.8568553749379939,-0.00020602561289210573,-0.020997310931683444,-0.021320578278311145,-0.017408875068604588,-0.018236175275930574,0.0037905745107149635,0.004630667596382107,-0.000251925719694249,-7.440048641585774e-08,-3.882751947848402e-08,0.031099164291608222,0.018403319085356334,0.012695845206251888,0.06591552704676018,0.14738163175185126,0.0037240457221313153,0.004796590576786233,-0.001072544854654918,-0.021542911084108107,0.06822717002699319,0.03347393856426395,0.01939451077351151,0.014079427790752441,0.06332959470186839,0.1384855021836381
PROXY,3,1,EX_MAJOR_SHOCKS,CORE_VOL,4.928783076119103e-16,3.7816971776294395e-16,-0.020937373345008448,0.9397231700204429,0.939812806508887,0.939812806502319,-0.00784176151104754,0.9092519869200535,-0.00014933406592285123,-0.01354715855273954,-0.014126692637208203,-0.008129985730299043,-0.008044420854947014,0.0011629838867404164,0.0014156784839470065,-0.00018166593179441356,-2.4926614697573887e-07,-2.7240500620121895e-07,0.01983783583183818,0.011193341006354773,0.008644494825483406,0.04982460951731482,0.10741046345564831,0.005379501370175219,0.0030781380084266147,0.002301363361748604,0.048259440199785786,0.1059677504068115,0.03347393856426373,0.013474561845332245,0.019999376718931483,0.0876243947276466,0.1384855021836372
PROXY,3,3,ALL,VOL,5.017687654262915e-16,2.914335439641036e-16,-0.019198843728455012,0.8311313314261497,0.831271725028118,0.8312717250277002,0.0035714138753302205,0.8817342239965503,-0.0009390082647236617,-0.029481540794912508,-0.026237223313368474,-0.0014278632001581435,0.004902651523747145,0.0027956694209049925,0.0032159665716922506,-0.0010790187334122003,-1.189354673346455e-06,-1.2197771134397544e-06,0.06646804722402785,0.03716668151410049,0.029301365709927363,0.16154137369627075,0.30412807180148294,0.020675447503040692,0.010834469591094686,0.009840977911946006,0.1855536851671139,0.3237103189254247,0.2109215917736933,0.06998841273505918,0.14093317903863412,0.3112392032665402,0.40344489995663235
PROXY,3,3,GFC,VOL,4.55581752878409e-16,5.620504062164855e-16,0.036995159370258435,0.7092962646347587,0.7092864945793222,0.7092864945833901,0.031257343630083236,2.466994191128711,-0.0009819660141627887,-0.01969551022891255,-0.0012386542508291032,0.022300029520519734,0.03574436431696335,0.0033605455049387526,0.0035152397316910665,-0.001024404209124509,-1.4688904352557963e-06,-1.3862184429324748e-06,0.1347986964367916,0.08566346318806015,0.04913523324873145,0.23754761641465194,0.4608389230595227,0.042446120098472435,0.025471060036571777,0.01697506006190066,0.2738063590886619,0.48527793996672175,0.21092159177369296,0.12543565207597107,0.08548593969772189,0.2151315819552717,0.4034448999566326
PROXY,3,3,2011,VOL,3.9855271860567143e-16,1.2906342661267445e-15,-0.03553128280105351,0.7884522117601591,0.7887331702633316,0.7887331702607392,-0.035437349244042474,-0.3561092784340306,-0.0009423754853903463,-0.010453068139098635,-0.0021425281440273294,-0.03611306591386116,-0.03248092037341428,4.919182655781877e-05,5.0021231009240865e-05,-0.0009577646697175968,-1.6733743873348687e-07,-9.084490226003082e-08,0.06778753614741395,0.046360433256030564,0.021427102891383387,0.12463529424542541,0.31055475629126417,0.030968230415791928,0.019433828397489833,0.011534402018302095,0.1592530569841426,0.3371170073232471,0.032540936243109386,0.03147016058435392,0.0010707756587554629,0.008902404505216732,0.21443845547285612
PROXY,3,3,2015_2016,VOL,3.7470027081099033e-16,1.835337437583462e-15,-0.019011676409726702,0.9025914427111275,0.9025568810435939,0.9025568810460538,-0.011565002390711801,0.7811867889181804,-0.0008762194938738319,-0.009900113925110133,-0.007075795791180332,-0.011111665815236118,-0.0111675115868293,0.00016401138971032053,0.0001767926700805284,-0.000945500142577945,1.9795874069946249e-07,3.384407821816297e-07,0.022712025355983545,0.018999636756921845,0.0037123885990617,0.021574188177542863,0.11886438576020164,0.007379175639996488,0.004610288682895307,0.002768886957101181,0.06486475110869183,0.15601661392880306,0.0026545697325404127,0.01633205614769162,-0.013677486415151208,-0.08698813154313245,0.015294296312432065
PROXY,3,3,2018Q4,VOL,3.426078865054194e-16,7.91033905045424e-16,0.09157326648268338,0.6205748741122079,0.620750743402139,0.6207507434087297,-0.07482150921981362,,-0.0013693864041817256,0.26901609627548706,0.15327751192277742,-0.1306164065444879,-0.0657486070411675,0.00927972839281626,0.00473839473812396,-0.0006883784028950737,-1.1370930300174533e-05,-5.654734156220294e-06,0.1289964825246195,0.12284025194465265,0.006156230579966865,0.030691540497163494,0.39884609663946136,0.03539362822308012,0.027535132987945632,0.007858495235134488,0.17628913678243285,0.4908116754048769,0.06317602669856115,0.08140018099992918,-0.018224154301368034,-0.13016307250123904,0.2853345634126554
PROXY,3,3,COVID,VOL,4.475586568020162e-16,4.0245584642661925e-15,-0.09505934792107225,0.4880229849295574,0.4868454676102733,0.48684546761061365,-0.0636613026506678,-0.04037709227653835,-0.0016357512706834153,-0.08997997170983701,-0.02789339565499582,-0.07135639356116961,-0.06725290516775541,0.0017093241323709982,0.0018144917950449972,-0.0017342663330299987,6.152528218639289e-06,6.727439668005636e-06,0.23258030766379809,0.21841549572451088,0.014164811939287203,0.06976214191354513,0.5518444636409805,0.09523636090852616,0.06532875107594527,0.029907609832580895,0.4811095653610977,0.7469953575624508,0.1477716428386886,0.1333992056817237,0.014372437156964901,0.1010491603561604,0.5361206239364638
PROXY,3,3,2022,VOL,3.625572064791527e-16,4.440892098500626e-16,0.12237309736284341,0.5567810817228747,0.5561119666272993,0.5561119666202352,-0.027046343882462742,,-0.001197836196879482,0.15908941598549114,0.14119230491550622,-0.03368241484209808,-0.024343834846498803,0.008815247202045958,0.006392041856820782,-0.0008661155682125463,-2.0806793572554455e-06,-1.2989947726849956e-06,0.1426171693172927,0.14335468761608597,-0.0007375182987932605,-0.004122290188080635,0.44254689815914994,0.04701498752195903,0.04351394041227751,0.003501047109681521,0.06433023097671653,0.4800534437350451,0.12535401097708065,0.15268553820703767,-0.02733152722995702,-0.13026287675179127,0.34580056630921596
PROXY,3,3,2023_PLUS,VOL,4.526544070126981e-16,3.885780586188048e-16,-0.0766333706858964,0.8337707638493157,0.8340021349062053,0.8340021349033964,-0.030514098772932513,0.7575978972143849,-0.0012107587122747597,-0.04924820803782946,-0.055088401215992566,-0.026438132727748295,-0.02961545924837848,0.007565834791988085,0.009610569941165655,-0.0015386800899040835,-1.2832641749249199e-06,-1.4000727865333977e-06,0.05103597191309325,0.03398683147408771,0.017049140439005545,0.10069232331915534,0.25103032851356233,0.006559626644962957,0.008574346853906303,-0.0020147202089433464,-0.0478568044949077,0.12944942969880524,0.06675948144113131,0.03758402464691468,0.029175456794216625,0.1429256096587772,0.27619158991838366
PROXY,3,3,2024_PLUS,VOL,3.942159099157294e-16,3.7470027081099033e-16,-0.071183274589252,0.8269030194715015,0.8270936572539838,0.8270936572551099,-0.036828389563645064,0.7103448597785453,-0.0012377997945481937,-0.04201624367268006,-0.04273388165028486,-0.03393419896499753,-0.03608836854351839,0.007586212347277768,0.009130482874817396,-0.0014908957471451074,-6.81538142362441e-07,-6.115231206563109e-07,0.0578253800048856,0.036790884470981555,0.021034495533904046,0.1207350831674443,0.2740394816361863,0.007091719766356232,0.009596815669223144,-0.002505095902866912,-0.055685856128979694,0.12992535709418296,0.06675948144113142,0.03916602517708867,0.02759345626404275,0.13623144480141414,0.27619158991838444
PROXY,3,3,EX_MAJOR_SHOCKS,VOL,5.017687654262915e-16,4.85722573273506e-16,-0.042971559034951895,0.8793898002259084,0.8795591819818481,0.8795591819778046,-0.016757976469297914,0.8137375649228088,-0.0008983691654321278,-0.02710926965143294,-0.028294077416259528,-0.016032683310263685,-0.016400602931046726,0.0023274408941017046,0.0028075248960012693,-0.0010830523913236423,-1.2335932029163129e-06,-1.351192322788743e-06,0.03662753975596436,0.022388180586802142,0.014239359169162219,0.0877324237765642,0.198316239366764,0.009436799240058427,0.0061588052648918964,0.0032779939751665307,0.07348666135678761,0.18589016299053918,0.06675948144113131,0.027134773338444385,0.03962470810268692,0.18466203304417916,0.27619158991838366
PROXY,3,3,ALL,CORE_VOL,5.324516869076312e-16,2.7755575615628914e-17,-0.00864682818428103,0.9155554657409084,0.9156305542706178,0.9156305542773763,0.002633675671172786,0.9467351336545938,-0.0004679396908696128,-0.014741697895799889,-0.012766421490240942,-0.001018587129740166,0.0030454589657131865,0.0013974834715671112,0.0016149726506880671,-0.0005401169384796763,-7.178950902196917e-07,-7.213719616384563e-07,0.036532893691675616,0.018601138890801616,0.017931754800874,0.08968044105253792,0.1671581907368178,0.011776363708929663,0.005418188299745393,0.00635817540918427,0.10877596250079613,0.1843795860495293,0.10074725491219827,0.03403192272143363,0.06671533219076464,0.13649649587706658,0.19270652111599818
PROXY,3,3,GFC,CORE_VOL,5.323432666903827e-16,7.042977312465837e-16,0.02087854563805182,0.8545720584006631,0.8545547975006322,0.8545547975024679,0.017272593192900546,1.8279111562595696,-0.0004904410836188966,-0.009853747487332259,0.0010538944388449067,0.010063955830955528,0.018588131549261536,0.0016809462474787272,0.0017449936544616375,-0.0005077179852023017,-8.533890582602616e-07,-7.560193146621689e-07,0.07291159144998641,0.04293183638629583,0.029979755063690577,0.12012306162572473,0.24926427458534983,0.024801413204119785,0.012741945508929431,0.012059467695190354,0.1613831288582549,0.2835495607145455,0.1007472549121976,0.0598068698675458,0.040940385044651806,0.08842518667464605,0.1927065211159973
PROXY,3,3,2011,CORE_VOL,3.4831328867988755e-16,1.033895191682177e-15,-0.01660413793080221,0.8942920837798738,0.8944473552552697,0.8944473552547041,-0.016925709104249224,0.3662760324630983,-0.00047130115261636115,-0.00522253772233907,-0.0006362042770415631,-0.0177416757836753,-0.015509638470108233,2.457306823018552e-05,2.5223495596634294e-05,-0.0004836341465096393,6.340488346410264e-08,1.1546726162281041e-07,0.03608583512468447,0.023180431919740785,0.012905403204943683,0.06614816819858427,0.16531988577284573,0.015495160067882138,0.009710806291022667,0.005784353776859472,0.07041110475973422,0.1686787368843441,0.020723373934124267,0.015680766090074405,0.005042607844049862,0.03705925926914577,0.13656301298218043
PROXY,3,3,2015_2016,CORE_VOL,4.1427365010671124e-16,1.0408340855860843e-16,-0.009329901450237668,0.9513040902456851,0.951285228767165,0.9512852287702595,-0.005631849675296133,0.8926183230028595,-0.000435942912175474,-0.0049493672842769515,-0.0034821488345333712,-0.005676311214692893,-0.005464067224627551,8.195734801194062e-05,8.87323358095987e-05,-0.00047248985246530595,-7.825269700334327e-09,7.21255790665084e-08,0.012761407654119816,0.009510344507528468,0.0032510631465913487,0.017905804422757132,0.06678738943213014,0.004970145433276937,0.0023047404463437116,0.002665404986933226,0.05924092381274548,0.10508291156950167,0.0013267921348051326,0.008149226336450321,-0.006822434201645189,-0.04124390969254921,0.007644309285216755
PROXY,3,3,2018Q4,CORE_VOL,4.206704429243757e-16,5.967448757360216e-16,0.044571428555131465,0.8104651930261753,0.8105617118832361,0.8105617118820065,-0.03295439371345177,,-0.0006763014492330648,0.13437586987367678,0.07423262913271235,-0.066013645883581,-0.03159687042684156,0.004634208843517084,0.0022641991991848394,-0.00032440925261645407,-8.701300124594463e-06,-4.12009730830148e-06,0.06587492229496988,0.06138453044318315,0.004490391851786735,0.017136305122263162,0.20367962838647224,0.017719477497856073,0.013754454579863691,0.003965022917992382,0.06794310647482438,0.24572011615216394,0.031391422284710035,0.03995713103909504,-0.008565708754385004,-0.04720615381637483,0.14177937804236806
PROXY,3,3,COVID,CORE_VOL,3.365363543395006e-16,1.394717674685353e-15,-0.04166224423139281,0.7437341197146452,0.7427772772366206,0.7427772772395249,-0.029815456326963294,0.5440275421712306,-0.0007813238675800816,-0.045103164556672425,-0.0068191801395937396,-0.038663492045660955,-0.03494091010406755,0.0008643802445484078,0.0009435975819657976,-0.0008508867822300426,4.548275107739626e-06,5.135212534120672e-06,0.12538190170965313,0.11006301501747229,0.015318886692180844,0.04919409235820371,0.297494267654284,0.04762108452584535,0.032698418233649384,0.014922666292195963,0.1574217964189294,0.37352045713992466,0.07182249428140364,0.06470839035474074,0.007114103926662896,0.03372844982530676,0.2605744898488599
PROXY,3,3,2022,CORE_VOL,4.4159554485334596e-16,9.159339953157541e-16,0.060609774100274016,0.7784234454084071,0.7779251614687492,0.7779251614632355,-0.01206304666312169,,-0.0006010825317835622,0.07959159452569674,0.06956273022033471,-0.01696886541289182,-0.011600044594328857,0.004406435129468968,0.003064581182644168,-0.00041651078033767136,-1.6427862706682598e-06,-9.819280374209333e-07,0.0725324841157525,0.07178571976103737,0.0007467643547151293,0.0029813473884657826,0.22507125905570746,0.025526226079565242,0.02175341518318083,0.0037728108963844126,0.04952263123374001,0.26063928506481526,0.061553443147790654,0.07373215206284411,-0.01217870891505346,-0.042174188569724214,0.16980083311957095
PROXY,3,3,2023_PLUS,CORE_VOL,4.440892098500626e-16,4.0939474033052647e-16,-0.038483263971990256,0.9169167189320433,0.917042209282256,0.9170422092755744,-0.015368107722236402,0.8782720370333241,-0.0006046279697855423,-0.024611898070602958,-0.027639668536723228,-0.013547226041142418,-0.014937570408418506,0.0037806935696125545,0.004874680614322864,-0.0007800390433504773,-6.438496808728662e-07,-6.665978204971448e-07,0.027348523244646095,0.016997932025519025,0.01035059121912707,0.05555632315863346,0.13451901702107127,0.003318449292928398,0.004285527541111785,-0.0009670782481833867,-0.020847708410540955,0.06548716744173944,0.03339245587611073,0.018615866582528895,0.014776589293581832,0.06623346996911694,0.13814839900808862
PROXY,3,3,2024_PLUS,CORE_VOL,4.440892098500626e-16,1.0408340855860843e-16,-0.03567463583940797,0.9134879161065328,0.9135913179440407,0.9135913179369938,-0.018534320848542202,0.8548346966890831,-0.000618074281569677,-0.020997310931683392,-0.021316223681406045,-0.01740887506860464,-0.018232397906476887,0.0037905745107149635,0.00462972828566392,-0.0007556262147710186,-2.231008666083541e-07,-1.1632241784325107e-07,0.031098476327086788,0.018403272601334536,0.012695203725752252,0.0659121806384908,0.1473783714284288,0.00371323471786654,0.0047963582923904804,-0.0010831235745239406,-0.021755291531665888,0.06802910472888168,0.033392455876110505,0.019391364953456947,0.014001090922653558,0.06297634252793238,0.13814839900808784
PROXY,3,3,EX_MAJOR_SHOCKS,CORE_VOL,4.49293380277993e-16,6.938893903907228e-17,-0.021297862528552147,0.9397231700204429,0.939812806508887,0.939812806502319,-0.008190403540992014,0.9076833183250171,-0.0004479984202172085,-0.01354715855273954,-0.014124423874993505,-0.008129985730299036,-0.008043163270293556,0.0011629838867404157,0.0014154517349501154,-0.0005449100551717607,-7.477779385043346e-07,-8.17063043507689e-07,0.019839557771964583,0.011193429343900302,0.008646128428064281,0.04983383451812318,0.10741934932703157,0.005368234355122528,0.0030779408044973033,0.0022902935506252248,0.048027108370546245,0.10574580785920806,0.03339245587611073,0.013472320522067704,0.019920135354043023,0.08727635301927139,0.13814839900808862
PROXY,4,0,ALL,VOL,5.48172618408671e-16,7.945033519973776e-16,-0.018666537681362227,0.8287756044665002,0.8288591851057474,0.8288591851022434,0.004494460180001714,0.885624604272331,0.0,-0.030021107499869967,-0.026779945582099573,-0.0014238171801649196,0.0048065192689460325,0.002870917996172052,0.0033068886317921095,0.0,0.0,0.0,0.06648500423511605,0.037703023108624945,0.028781981126491107,0.15915957332675557,0.3042231085331245,0.020831615077933463,0.011303809630233967,0.009527805447699496,0.17517083908268283,0.31709438361391085,0.24643818461033384,0.07094926650188571,0.17548891810844813,0.3883768009200884,0.4713800417469206
PROXY,4,0,GFC,VOL,5.48172618408671e-16,2.3592239273284576e-16,0.06268944835070953,0.7094025034093647,0.7091769794449492,0.709176979451873,0.05663536983503175,3.4858672902348506,0.0,-0.019702929755040687,-0.0012969233553463213,0.04498119670752882,0.060358668252703994,0.003425382386055663,0.0036277034533520832,0.0,0.0,0.0,0.13576768438926573,0.08611910380575952,0.04964858058350621,0.2405593391449603,0.4641516210030463,0.03574358599811328,0.02498383785512013,0.010759748142993152,0.17732373045454908,0.4172611088456768,0.2464381846103354,0.12528157036994125,0.12115661424039414,0.30478124633904147,0.47138004174692383
PROXY,4,0,2011,VOL,4.2370620900733513e-16,6.245004513516506e-16,-0.04434823616994068,0.7792692537841504,0.7791492259224788,0.77914922592048,-0.043893616329379076,-0.6926226640614939,0.0,-0.010927262897268348,-0.0022441044885143533,-0.045595750966375026,-0.04216196651753868,5.712132891448145e-05,5.7834836112978124e-05,0.0,0.0,0.0,0.06867709744093284,0.04847596131006715,0.020201136130865688,0.11896815108493142,0.3146300997307149,0.02810332948767233,0.017750501381081807,0.010352828106590523,0.16522237477327517,0.349498404790513,0.030628797116906803,0.03294722015400908,-0.0023184230371022796,-0.019514964916789834,0.2018378296700587
PROXY,4,0,2015_2016,VOL,3.036850285131898e-16,1.141448047192739e-15,-0.025044089808442353,0.9044050970478565,0.9044015258407851,0.904401525845219,-0.01768529239139039,0.7117572595122076,0.0,-0.009712700038535691,-0.006932417012248338,-0.018051552406953313,-0.01828658775963973,0.00016272573722722646,0.00017491496344685658,0.0,0.0,0.0,0.02393797605993586,0.01849538147200891,0.005442594587926952,0.031536697240761136,0.12528045280457845,0.0017347974216645398,0.004386726320277125,-0.002651928898612585,-0.06394309199875536,0.03782812235715949,0.005210043539629394,0.01576394223976585,-0.010553898700136455,-0.06688061798796219,0.03001765171921389
PROXY,4,0,2018Q4,VOL,3.3306690738754696e-16,8.881784197001252e-16,0.11486590690785459,0.6199614572615246,0.6169035737158847,0.6169035737114152,-0.05053569616211018,,0.0,0.27174504182435866,0.15803369118732347,-0.09408434359240013,-0.04806794637794305,0.009397437721852968,0.004900162098475057,0.0,0.0,0.0,0.1301409318922563,0.12401141562909865,0.006129516263157664,0.03073782890613097,0.4023846362503869,0.019254833087519185,0.023833411642496305,-0.00457857855497712,-0.11917937882799201,0.3093098591286557,0.07182676474778915,0.08100821273638736,-0.009181447988598213,-0.06539393135201377,0.32440562712882215
PROXY,4,0,COVID,VOL,3.122502256758253e-16,1.6375789613221059e-15,-0.1680127522298291,0.4831162959962967,0.4827115500632612,0.48271155006666905,-0.14249678463291177,-0.8388156709783025,0.0,-0.09070484065369831,-0.02696377837307921,-0.14738671205088766,-0.14266646684872686,0.0015845942646231363,0.001617492991978601,0.0,0.0,0.0,0.23271701852425677,0.2190916288751273,0.013625389649129488,0.06732967652870858,0.5521688381859343,0.05690969111672517,0.07197024633025273,-0.01506055521352756,-0.2241747414816968,0.40897366401800417,0.13124720806714185,0.13550462069806635,-0.004257412630924495,-0.030382591057574126,0.4761694038665223
PROXY,4,0,2022,VOL,3.3046482217358175e-16,6.38378239159465e-16,0.09244403083646693,0.5549555137185962,0.5540971662867086,0.5540971662852551,-0.054103414337874106,,0.0,0.15981152017711917,0.13902353254598152,-0.07448751625984529,-0.05295767586068143,0.00897588601398487,0.006378174151167488,0.0,0.0,0.0,0.1427908327392245,0.14419817225320375,-0.0014073395139792555,-0.007903455266509596,0.44308578284650924,0.027449082347407935,0.03181352355667346,-0.004364441209265525,-0.11090354649782252,0.38569953075937913,0.09896854621391893,0.1508326599060763,-0.051864113692157376,-0.24502215836884167,0.2730138354633924
PROXY,4,0,2023_PLUS,VOL,4.440892098500626e-16,1.4849232954361469e-15,-0.08320582020086678,0.8236038066752371,0.8237946779503842,0.8237946779434571,-0.03506029080187087,0.737753960894692,0.0,-0.052409483377879054,-0.05856639969285471,-0.030178035309689398,-0.03473542377382413,0.007957566750636077,0.01009600326581354,0.0,0.0,0.0,0.05130869855860146,0.035858605248821784,0.015450093309779672,0.09232680707459118,0.25250348299756464,0.01434530949572168,0.010834919661043878,0.0035103898346778017,0.07068817296357699,0.2371316253055582,0.057930442067230525,0.04010218235408203,0.017828259713148498,0.08842847364192852,0.239664846907656
PROXY,4,0,2024_PLUS,VOL,3.629908873481469e-16,1.1379786002407855e-15,-0.07702723664559541,0.8171918012449169,0.8173813971741822,0.8173813971710174,-0.041745482145987445,0.6885361474987595,0.0,-0.044580524223823005,-0.045339735288417005,-0.0378745376579638,-0.041270693275056385,0.007967077754714032,0.009583191917879125,0.0,0.0,0.0,0.05780554845746605,0.038580676771356986,0.019224871686109063,0.11159112758509648,0.274141517079847,0.016904243424454138,0.012312208113311747,0.004592035311142391,0.08481013974439044,0.25436326641799334,0.0579304420672303,0.04158746723353257,0.016342974833697732,0.08166305002086538,0.23966484690765466
PROXY,4,0,EX_MAJOR_SHOCKS,VOL,4.566659550508945e-16,8.396061623727746e-16,-0.04274683678459393,0.8765728662037873,0.8767075803063781,0.8767075803025829,-0.015888497957953357,0.8156687874015042,0.0,-0.027859671774071622,-0.0291315725464834,-0.01600106544472558,-0.016521744017157648,0.0024057445980480967,0.0029064797790479633,0.0,0.0,0.0,0.03646431646890497,0.02287547633144818,0.013588840137456787,0.08398686868038963,0.19745377234494976,0.010874595819090727,0.006672988759747249,0.004201607059343478,0.0893992112344455,0.2026149341061484,0.057930442067230525,0.027906751902077587,0.03002369016515294,0.14042384338476444,0.239664846907656
PROXY,4,0,ALL,CORE_VOL,5.387942696166714e-16,2.0469737016526324e-16,-0.008338509088652912,0.9143575427806354,0.9144012766999807,0.9144012766955302,0.003132645852405469,0.9489074892691165,0.0,-0.015015520848310527,-0.013035882631120703,-0.0009744181621223517,0.0030363928531774794,0.0014355545653401073,0.0016609806892905169,0.0,0.0,0.0,0.03651997541781468,0.018875269058593297,0.017644706359221385,0.08837154797718383,0.1671086671796086,0.012058704352046833,0.005653902469077474,0.006404801882969359,0.1066730732472696,0.18355501526835993,0.11566439539302353,0.034489960836643685,0.08117443455637985,0.16623493603534278,0.221239608688099
PROXY,4,0,GFC,CORE_VOL,4.440892098500626e-16,4.787836793695988e-16,0.033533312458172516,0.8545069303872879,0.8543580891237733,0.8543580891251752,0.02973960405112593,2.3297192233476145,0.0,-0.0098670742567334,0.001042001384120288,0.021395603296897044,0.0307000579209861,0.0017143751354821452,0.0017912531530666056,0.0,0.0,0.0,0.07363855103002831,0.04324537399622369,0.03039317703380462,0.1219327454465352,0.25174954542868766,0.023204341772268704,0.012508625514308203,0.010695716257960501,0.1462086821665407,0.2708813094030905,0.11566439539302575,0.059773101647623506,0.05589129374540225,0.12070813813118408,0.22123960868810333
PROXY,4,0,2011,CORE_VOL,3.712308238590367e-16,1.5855372570428017e-15,-0.02115187346869599,0.8896624808330671,0.8895891100269876,0.8895891100275803,-0.021301920232881466,0.19270429869446307,0.0,-0.005462914162270424,-0.0006682401552674205,-0.02253114937454328,-0.020512892535422527,2.8563097664612533e-05,2.9259221995545338e-05,0.0,0.0,0.0,0.03649268927157032,0.024255651166575576,0.01223703810499474,0.06306997286305771,0.16718380497707008,0.014511439335386539,0.008873010760551442,0.005638428574835097,0.07881785255389129,0.18046704754881926,0.02113610625147455,0.01642640967053166,0.00470969658094289,0.03480333841284711,0.1392828388653421
PROXY,4,0,2015_2016,CORE_VOL,2.86988315056913e-16,7.858297346174936e-16,-0.012392890914698515,0.9522018842035322,0.9521994813935059,0.9521994813904153,-0.008735774120587403,0.8573651161954071,0.0,-0.004856480220992838,-0.003414481106932929,-0.009147116391530586,-0.009066339678433347,8.133149428621199e-05,8.792987066854585e-05,0.0,0.0,0.0,0.013283276882853523,0.00925484935816373,0.004028427524689793,0.022156098297355542,0.06951861504271795,0.001296424581129288,0.0021933936449413383,-0.0008969690638120503,-0.02054130799483067,0.028269184095704225,0.0026042030905359947,0.00786053470218262,-0.005256331611646625,-0.031720932149945646,0.015004109041163671
PROXY,4,0,2018Q4,CORE_VOL,3.65376132127615e-16,1.2420620087993939e-15,0.0548951348948859,0.8099792918728781,0.8079633140139736,0.807963314007093,-0.022107908180839964,,0.0,0.1362190135033577,0.07599142700644589,-0.04885602232161437,-0.02342012404126025,0.004708600221154473,0.0023238319297015,0.0,0.0,0.0,0.06686244555795795,0.0621779669611075,0.00468447859685045,0.017931276622297765,0.20673296589672785,0.013787672991496969,0.011916795924851287,0.001870877066645682,0.037169135737914694,0.2214853367633821,0.03542413943351175,0.03973053864808118,-0.004306399214569434,-0.02370323420803966,0.1599931475234786
PROXY,4,0,COVID,CORE_VOL,3.619066851756614e-16,5.814793091474257e-15,-0.07877116869946237,0.741574583145848,0.7411985026935466,0.7411985026999481,-0.0717663971497532,0.13788889531606058,0.0,-0.04537999751780881,-0.0066647707217059055,-0.07442373051351851,-0.07296080829981051,0.0007986576155214584,0.0008544103220598677,0.0,0.0,0.0,0.12441752477963197,0.10991171577056497,0.014505809009067006,0.04656040429108388,0.29520608567086093,0.05184874393309813,0.03598283475552999,0.015865909177568138,0.15378469443171405,0.37260386350644836,0.06435979961705163,0.06581800538773219,-0.0014582057706805651,-0.006950014945723337,0.23349957586101722
PROXY,4,0,2022,CORE_VOL,4.2609145378680324e-16,1.1796119636642288e-16,0.04581606181183734,0.7776052329936647,0.7769812386779342,0.7769812386802543,-0.024877437168840666,,0.0,0.07992989633659521,0.06912888449149293,-0.038614636992339066,-0.02640086595827832,0.004488729962116546,0.003088043278622845,0.0,0.0,0.0,0.07280439692269661,0.07223749666041063,0.0005669002622859798,0.002267355848177832,0.22591501559539273,0.013724541173703975,0.015897649284802695,-0.0021731081110987205,-0.03931849553752076,0.19284976537968967,0.048707500770159506,0.0724049797952021,-0.0236974790250426,-0.08168761590041562,0.13436411981190832
PROXY,4,0,2023_PLUS,CORE_VOL,5.387942696166714e-16,3.469446951953614e-16,-0.041439567405291755,0.9118505760488915,0.9119541361581863,0.9119541361550662,-0.017370560058968143,0.869391799900051,0.0,-0.026187848266065454,-0.02942421597182122,-0.015038834472479501,-0.01714406909359554,0.0039767001920825076,0.00512871766012535,0.0,0.0,0.0,0.027246547249286962,0.0179216857333174,0.009324861515969562,0.050328951793031096,0.13408736283273603,0.008065119861769957,0.005414470168974311,0.0026506496927956452,0.048123052607783046,0.13331848864439122,0.029126991668333324,0.019857838161442043,0.009269153506891281,0.04177994053476741,0.12050168702269326
PROXY,4,0,2024_PLUS,CORE_VOL,5.388484797252957e-16,1.5959455978986625e-16,-0.03812514114322876,0.9086622311806423,0.9087650876027287,0.9087650876073123,-0.02061307702645976,0.8458389025136787,0.0,-0.02227210239947092,-0.02264719576702127,-0.018848164169629044,-0.020343840509040714,0.003980615752076122,0.004865895132833387,0.0,0.0,0.0,0.03071129722468688,0.019280037103647923,0.011431260121038955,0.059668271731270206,0.1456476382861539,0.009157475269303716,0.006151636666012615,0.0030058386032911014,0.049843558978730385,0.1377953016384289,0.029126991668333657,0.020582886208143636,0.008544105460190021,0.03863811961268249,0.12050168702269448
PROXY,4,0,EX_MAJOR_SHOCKS,CORE_VOL,5.387942696166714e-16,4.5102810375396984e-17,-0.021110198545694625,0.93829813478078,0.9383693271683702,0.938369327167898,-0.007681380381798969,0.9089694398738454,0.0,-0.013926325077982256,-0.014548473628793574,-0.008032286878193412,-0.008027461147016681,0.0012024668578673996,0.0014657362301156763,0.0,0.0,0.0,0.01966479021182474,0.011439132192576723,0.008225658019248017,0.04748305583322021,0.10648456863322742,0.006031124600050598,0.0033358617380122024,0.002695262862038396,0.05354608774489167,0.11237161672528251,0.029126991668333324,0.013861848282234135,0.01526514338609919,0.06699571279310634,0.12050168702269326
PROXY,4,1,ALL,VOL,4.740131898106625e-16,2.706168622523819e-16,-0.019032193510684803,0.8287756044665002,0.8288591851057474,0.8288591851022434,0.0041447006112810825,0.8833800144239048,-0.0003201091369577227,-0.030021107499869967,-0.02677551849812528,-0.0014238171801649155,0.004805726865950039,0.0028709179961720517,0.0033063486383237035,-0.0003688051664562182,7.315606625626909e-09,5.4649623220069184e-08,0.06648375058660819,0.03770312723922023,0.028780623347387957,0.15915179064590246,0.3042167931115106,0.020823273751362954,0.011303388612919109,0.009519885138443845,0.17502386764960876,0.3169674137271544,0.24613462765019511,0.0709355500152461,0.17519907763494902,0.3877235814195005,0.47079940651472496
PROXY,4,1,GFC,VOL,4.735795089416683e-16,4.996003610813204e-16,0.06235682754636115,0.7094025034093647,0.7091769794449491,0.709176979451873,0.056332147302332505,3.472677651478477,-0.0003054251896196561,-0.019702929755040684,-0.0012966310637052504,0.044981196707528794,0.06034945625515819,0.003425382386055663,0.003627145450061719,-0.0003233707516240055,1.758887904901756e-07,2.2765647099026423e-07,0.13576599489044547,0.0861191803759303,0.049646814514515164,0.24055087135964126,0.4641458450805973,0.03573892758149493,0.0249829355366228,0.010755992044872133,0.17725919295493708,0.4172067277300344,0.24613462765019467,0.12525976167357755,0.12087486597661712,0.30405580010187305,0.4707994065147256
PROXY,4,1,2011,VOL,3.380542373809803e-16,7.494005416219807e-16,-0.04471445049082745,0.7792692537841504,0.7791492259224789,0.77914922592048,-0.04423801880212078,-0.7065998300770456,-0.0003701777735276261,-0.01092726289726834,-0.002243780017196836,-0.04559575096637501,-0.04215426344985075,5.712132891448145e-05,5.7824179015148e-05,-0.00037379193916495376,-4.6561753507481944e-07,-4.3926363080940993e-07,0.06868044363944653,0.04847625522970833,0.0202041884097382,0.11898633246719847,0.31464542965599307,0.028095416839085605,0.017750159644738223,0.010345257194347382,0.1651006489916027,0.3494000015724904,0.030444653437672442,0.0329438927551613,-0.002499239317488855,-0.021036368618621237,0.20062435855585647
PROXY,4,1,2015_2016,VOL,3.400058012914542e-16,1.6653345369377348e-16,-0.02538626929626433,0.9044050970478565,0.9044015258407851,0.9044015258452188,-0.018019940242888215,0.7078189749084195,-0.0003218341476680955,-0.009712700038535691,-0.006931308423162254,-0.018051552406953317,-0.018283697709685645,0.00016272573722722646,0.00017488728831008114,-0.00034616046035634314,-3.466872669742967e-08,1.0008629995121881e-08,0.023937816521209354,0.018495277088880574,0.00544253943232878,0.03153635857142212,0.12527961785162145,0.0017300386968365222,0.0043866643396308636,-0.0026566256427943413,-0.06405624377879438,0.03772435599066026,0.0052025368105809155,0.01576345054796413,-0.010560913737383215,-0.0669248641228457,0.029974401720166077
PROXY,4,1,2018Q4,VOL,3.608224830031759e-16,1.1796119636642288e-15,0.11460084614523647,0.6199614572615246,0.6169035737158846,0.6169035737114152,-0.0507804680620334,,-0.0004582146923955825,0.2717450418243587,0.1579971700820561,-0.0940843435924003,-0.04805670059191422,0.009397437721852968,0.004899018359170688,-0.00024037149585794722,3.2106239882628157e-06,1.7297917806642642e-06,0.13012948519661685,0.12400971271433239,0.006119772482284458,0.03068870446906058,0.4023492440459957,0.019254833087519074,0.02383299458084731,-0.004578161493328237,-0.11916722912424205,0.30930985912865394,0.07173089741666938,0.08100138545807456,-0.009270488041405178,-0.06602489952410928,0.323972642268898
PROXY,4,1,COVID,VOL,3.8380756905986857e-16,3.858025010572419e-15,-0.1684569308092545,0.4831162959962967,0.4827115500632613,0.48271155006666905,-0.14288627178907132,-0.8436769837163255,-0.0004763040350687563,-0.09070484065369831,-0.026955658431970283,-0.1473867120508877,-0.14263299241563562,0.0015845942646231363,0.001617117159155768,-0.0004885387562674555,2.9861707654735236e-06,3.141635466935269e-06,0.23270196241298535,0.21909095627503036,0.01361100613795499,0.06725837706212157,0.5521331144751326,0.056904263968719504,0.07196866543793257,-0.015064401469213062,-0.2242267162119136,0.40893466256567723,0.1311804616741692,0.13549776820462356,-0.004317306530454368,-0.030808511161890317,0.4759272456475391
PROXY,4,1,2022,VOL,4.562322741819003e-16,1.6653345369377348e-15,0.09210692428086151,0.5549555137185962,0.5540971662867087,0.5540971662852551,-0.054411308223089455,,-0.0004450785126765375,0.15981152017711917,0.13899190201981976,-0.0744875162598452,-0.05294557265992947,0.00897588601398487,0.006376726900914379,-0.00031631180714751625,1.9699666045826707e-07,1.798272026784892e-07,0.1427925631899653,0.14419845803854214,-0.0014058948485768386,-0.007895354864937865,0.44309115250579645,0.027443252045889606,0.03181278360616886,-0.004369531560279256,-0.11103080825195777,0.3856176065430661,0.09874663870543354,0.15080962200448966,-0.05206298329905612,-0.24593491295851888,0.27240168319555125
PROXY,4,1,2023_PLUS,VOL,4.562322741819003e-16,2.0122792321330962e-15,-0.08371418408634859,0.8236038066752371,0.8237946779503842,0.8237946779434571,-0.03554849985676581,0.7361517122170158,-0.0004136793343849727,-0.052409483377879054,-0.05855449024918956,-0.03017803530968938,-0.034728479315100626,0.007957566750636077,0.01009395661335235,-0.000525195497057466,-3.360508850351697e-08,2.436164872421987e-08,0.05130676974946982,0.035858736739129565,0.015448033010340256,0.09231456765578594,0.2524939908249416,0.014336137093092581,0.01083445084960049,0.0035016862434920915,0.07051224444184045,0.2369800031503133,0.05779806869940296,0.040099979184958334,0.017698089514444626,0.08778186796716803,0.23911720318523744
PROXY,4,1,2024_PLUS,VOL,3.881308252226545e-16,1.429412144204889e-15,-0.0775561398010336,0.8171918012449169,0.8173813971741822,0.8173813971710174,-0.04225383105470848,0.6863974986056312,-0.0004537751013066118,-0.044580524223823005,-0.045329632547904584,-0.037874537657963774,-0.04126162443923763,0.007967077754714032,0.009581060157624829,-0.0005459225684986931,-7.930867132203128e-08,-2.040301609058166e-08,0.05780436634945668,0.03858091659647006,0.01922344975298662,0.11158302927898511,0.27413591095912526,0.016893799883522784,0.012311662749393493,0.004582137134129291,0.08462647827503356,0.2542061192971451,0.05779806869940307,0.04158519812737138,0.01621287057203169,0.08101202273623764,0.239117203185238
PROXY,4,1,EX_MAJOR_SHOCKS,VOL,4.561238539646517e-16,3.885780586188048e-16,-0.043116985705865585,0.8765728662037873,0.8767075803063781,0.8767075803025829,-0.016247513313097373,0.8140664101085635,-0.000311880506285982,-0.027859671774071622,-0.029126874823720967,-0.016001065444725578,-0.016519159919026662,0.0024057445980480967,0.0029060144517798043,-0.0003768841913399771,-1.0490890032330838e-07,-8.122355739408434e-08,0.03646353250202142,0.022875588047719775,0.013587944454301643,0.0839810611698949,0.1974488481185045,0.01086603221204762,0.006672781904369263,0.0041932503076783575,0.08922100871936067,0.20245537740118058,0.05779806869940296,0.02790513276450135,0.02989293593490161,0.13981123381866456,0.23911720318523744
PROXY,4,1,ALL,CORE_VOL,5.654114329511906e-16,9.367506770274758e-17,-0.008522510202638528,0.9143575427806354,0.9144012766999807,0.9144012766955301,0.002957565294398251,0.9477782202904856,-0.00015962444315865143,-0.015015520848310527,-0.013034769235727576,-0.0009744181621223585,0.003036132333781957,0.0014355545653401069,0.0016608411279231486,-0.0001847570594124215,8.9442493763563e-09,4.263079645678431e-08,0.036519418497847234,0.01887532405574724,0.017644094442099995,0.0883683235264009,0.16710580079623416,0.012055357362239727,0.0056536714921108094,0.0064016858701289175,0.10662076535335385,0.18350406810627595,0.11553596022867929,0.034482873075477816,0.08105308715320148,0.16598402272924095,0.22099394151104912
PROXY,4,1,GFC,CORE_VOL,4.0489530131471163e-16,4.0245584642661925e-16,0.03336969850653424,0.8545069303872879,0.8543580891237733,0.8543580891251752,0.029593699245217254,2.32323132815465,-0.0001543626116876895,-0.0098670742567334,0.0010419432876444714,0.021395603296897003,0.030697699151584993,0.0017143751354821452,0.0017911145168977793,-0.0001612716704632075,1.7138527868767222e-07,2.1322086981041577e-07,0.07363766789423695,0.04324542441624066,0.030392243477996295,0.12192902482788714,0.2517465262351958,0.02320123290767423,0.012508088523228003,0.010693144384446227,0.14617245208804408,0.27084501734532074,0.11553596022868007,0.05976131863779843,0.055774641590881635,0.12045313982016781,0.22099394151105134
PROXY,4,1,2011,CORE_VOL,4.0245584642661925e-16,2.3522850334245504e-15,-0.02133629091228931,0.8896624808330671,0.8895891100269876,0.8895891100275803,-0.021473874263923644,0.18566570659619602,-0.00018209443227920472,-0.005462914162270424,-0.0006681991856571635,-0.022531149374543317,-0.020511039046562953,2.8563097664612536e-05,2.9256559273231655e-05,-0.0001860282234294202,-2.9585365384907605e-07,-2.810159153564158e-07,0.036494339901199074,0.02425582177187427,0.012238518129324805,0.06307765640654461,0.16719136699969595,0.01450664275592592,0.008872817235883623,0.005633825520042296,0.07875329482671922,0.18040739636511605,0.021114196869909008,0.016424535018725317,0.004689661851183691,0.03465480729392301,0.13913846029220622
PROXY,4,1,2015_2016,CORE_VOL,3.391384395534658e-16,2.2638141361497333e-15,-0.012565717358624412,0.9522018842035322,0.9521994813935059,0.9521994813904153,-0.008904622039049931,0.8553759854980261,-0.00016062475325562424,-0.004856480220992838,-0.0034142080550824483,-0.009147116391530588,-0.009065623459303092,8.133149428621195e-05,8.792291286329838e-05,-0.00017379007125960903,-4.326403923509441e-08,-1.868584029503186e-08,0.013283330510457075,0.009254794751309664,0.004028535759147411,0.022156686925660196,0.0695188957051448,0.0012940496068039042,0.002193361132639883,-0.0008993115258359788,-0.02059493691204839,0.028217396596914024,0.0026004612599138666,0.007860277883093403,-0.005259816623179536,-0.03174191431692486,0.01498255049418551
PROXY,4,1,2018Q4,CORE_VOL,3.443426099813962e-16,9.159339953157541e-16,0.05477878766992378,0.8099792918728781,0.8079633140139736,0.807963314007093,-0.022212787183444493,,-0.00022404040482527503,0.1362190135033577,0.07598298875765586,-0.04885602232161438,-0.02341749294807732,0.004708600221154473,0.002323571317518933,-0.00011131480190618745,2.0263082559950655e-06,1.0353447334172379e-06,0.06685684635513206,0.06217685348054475,0.004679992874587313,0.01791402979345813,0.2067156536402407,0.013785270668809524,0.011916525914316911,0.0018687447544926128,0.0371265734521693,0.22144674582423152,0.035379271203153095,0.03972627230739034,-0.004347001104237247,-0.02392615282156929,0.15979050013348683
PROXY,4,1,COVID,CORE_VOL,3.191891195797325e-16,8.604228440844963e-16,-0.07900431308797204,0.741574583145848,0.7411985026935466,0.7411985026999481,-0.07195662296120317,0.13533724641141032,-0.00022794583670500957,-0.04537999751780881,-0.00666354452877373,-0.07442373051351857,-0.07295248390843434,0.0007986576155214584,0.0008543137970362057,-0.00024521452438797694,2.3549398117970163e-06,2.6160765886540395e-06,0.12440962644828923,0.10991122145667426,0.014498404991614977,0.046536565213516234,0.2951873452604311,0.05184501474167813,0.0359816475224809,0.015863367219197233,0.15375828641381695,0.3725770641854731,0.06433139283911005,0.06581303318723408,-0.0014816403481240359,-0.007061540110443465,0.23339651508953552
PROXY,4,1,2022,CORE_VOL,4.475586568020162e-16,9.367506770274758e-16,0.04565994579675525,0.7776052329936647,0.7769812386779343,0.7769812386802543,-0.025014965286355717,,-0.00021966670236891656,0.07992989633659518,0.06912120267050634,-0.038614636992338976,-0.026397918736989694,0.004488729962116545,0.0030877010645320763,-0.00015119008001453275,1.761494328891541e-07,1.5087872012583082e-07,0.07280493712814717,0.07223769845023803,0.0005672386779091432,0.0022687111953091366,0.22591669187495744,0.013721637867852736,0.015897135016756304,-0.0021754971489035685,-0.03936135464587509,0.1928089697097175,0.048606442893693314,0.07239040171477129,-0.023783958821077977,-0.08198160078703332,0.13408534236681757
PROXY,4,1,2023_PLUS,CORE_VOL,5.653572228425663e-16,4.440892098500626e-16,-0.04170205403280253,0.9118505760488915,0.9119541361581863,0.9119541361550662,-0.01762168829738231,0.8685645010618611,-0.00020658473183204107,-0.026187848266065454,-0.02942121077257636,-0.015038834472479503,-0.01714234792136061,0.0039767001920825076,0.005128195501814379,-0.0002666343182682054,-8.146844846461399e-08,-5.6522411289140087e-08,0.02724598677820969,0.01792176121701919,0.009324225561190502,0.050325539865695434,0.13408460460843663,0.008060368956119092,0.005414213137305786,0.002646155818813306,0.04804124128284559,0.13323995496207508,0.02910261166550321,0.01985664587584801,0.009245965789655197,0.041675199854924516,0.12040082416997921
PROXY,4,1,2024_PLUS,CORE_VOL,5.654114329511906e-16,1.3877787807814457e-17,-0.03839797184893551,0.9086622311806423,0.9087650876027287,0.9087650876073123,-0.020874322625337893,0.8447356966039167,-0.00022652104569500391,-0.02227210239947092,-0.022644662564414577,-0.018848164169629044,-0.02034159688563474,0.003980615752076121,0.004865351780992269,-0.0002769638042939559,-1.280868000386184e-07,-1.0037558448807579e-07,0.030711199737082834,0.01928017411133376,0.011431025625749075,0.059667090396109956,0.14564717595337817,0.00915229526964876,0.006151336984923976,0.0030009582847247834,0.0497623850410035,0.13771735661603446,0.029102611665502987,0.02058165412991786,0.008520957535585127,0.038533225464874477,0.12040082416997833
PROXY,4,1,EX_MAJOR_SHOCKS,CORE_VOL,5.653572228425663e-16,3.191891195797325e-16,-0.021298119074701444,0.93829813478078,0.9383693271683702,0.938369327167898,-0.007863237515462945,0.9081560161809781,-0.00015549430404943808,-0.013926325077982256,-0.014547249920338566,-0.008032286878193415,-0.008026811071799367,0.0012024668578673994,0.001465614257671774,-0.00018959656341580792,-8.626262799715983e-08,-7.57768191558205e-08,0.019664602913443602,0.011439189838546832,0.00822541307489677,0.04748148359990023,0.10648318820322689,0.006027380419155147,0.00333575157851089,0.002691628840644257,0.05347377455713498,0.11230185533110892,0.02910261166550321,0.013860995214343586,0.015241616451159623,0.06689220726077594,0.12040082416997921
PROXY,4,3,ALL,VOL,4.440892098500626e-16,2.914335439641036e-16,-0.019763144831347,0.8287756044665002,0.8288591851057474,0.8288591851022434,0.0034455422291377047,0.8788925696959846,-0.0009603120423739607,-0.030021107499869967,-0.026766667228493177,-0.0014238171801649168,0.004804142587678813,0.002870917996172052,0.0033052690041635822,-0.0011060531483204179,2.199751580422562e-08,1.6395362448823741e-07,0.06648114127067864,0.037703336375301294,0.028777804895377346,0.1591356516096627,0.30420368675660037,0.020806592598191252,0.011302546600196084,0.009504045997995168,0.1747299588533484,0.31671349678585325,0.24552788942930048,0.07090812073477648,0.174619768694524,0.386418087758166,0.46963885467756994
PROXY,4,3,GFC,VOL,4.440892098500626e-16,2.1510571102112408e-16,0.06169189075012333,0.7094025034093647,0.7091769794449491,0.709176979451873,0.05572600453913235,3.4463104609013557,-0.0009162656792580644,-0.019702929755040684,-0.001296046618714053,0.04498119670752883,0.06033103791753908,0.003425382386055663,0.0036260297856586365,-0.0009698133531672444,5.278962880568418e-07,6.830188066909161e-07,0.135762557135398,0.08611933313514555,0.04964322400025245,0.2405336524785079,0.46413409236061054,0.03572960941130987,0.0249811309047919,0.010748478506517972,0.1771301016113408,0.41709794989157045,0.2455278894292967,0.12521615018360044,0.12031173924569627,0.30260608098333464,0.4696388546775646
PROXY,4,3,2011,VOL,3.642919299551295e-16,8.187894806610529e-16,-0.04544648581188375,0.7792692537841504,0.7791492259224789,0.77914922592048,-0.04492643177567365,-0.7345391503819014,-0.0011105322034914492,-0.01092726289726834,-0.002243131254580877,-0.045595750966375026,-0.04213886268118206,5.7121328914481444e-05,5.780287225534696e-05,-0.001120977577266493,-1.3966950418211805e-06,-1.317171108844706e-06,0.06868702690391801,0.0484768426726436,0.02021018423127441,0.11902205477217953,0.31467558953802643,0.02807958828579655,0.017749476331796105,0.010330111954000444,0.16485714731834444,0.34920315464276697,0.030076460864586596,0.03293723855376707,-0.0028607776891804715,-0.02407812774170437,0.19819804094473314
PROXY,4,3,2015_2016,VOL,3.4911309954033243e-16,5.030698080332741e-16,-0.026070298525337855,0.9044050970478565,0.9044015258407851,0.904401525845219,-0.01868890598747807,0.6999462008898804,-0.0009654770691622111,-0.009712700038535691,-0.006929091959794718,-0.018051552406953296,-0.018277919480851935,0.00016272573722722643,0.00017483195574018767,-0.001038149014238248,-1.040343897053025e-07,2.997380735861431e-08,0.023937346961606654,0.018495068317116503,0.0054422786444901505,0.03153480930917718,0.1252771603907442,0.0017205217122827354,0.004386540361107499,-0.002666018648824764,-0.06428253466763256,0.037516833399448224,0.00518752131452449,0.015762467431537308,-0.010574946117012818,-0.06701337028652121,0.029887889980372506
PROXY,4,3,2018Q4,VOL,3.441257695468991e-16,5.551115123125783e-16,0.11407103215404146,0.6199614572615246,0.6169035737158847,0.6169035737114152,-0.051269710526761714,,-0.0013747132655940442,0.27174504182435866,0.15792415422962686,-0.09408434359240021,-0.04803421718965482,0.009397437721852968,0.00489673170635063,-0.0007208244733910341,9.633524480684346e-06,5.187881110374681e-06,0.1301064894327889,0.12400630731311449,0.006100182119674419,0.030589942672895054,0.4022781431100436,0.019254833087519074,0.023832160612657582,-0.004577327525138508,-0.11914293502641349,0.30930985912865394,0.07153917629864526,0.080987732497249,-0.009448556198603741,-0.06728656747984241,0.32310673372150867
PROXY,4,3,COVID,VOL,3.400058012914542e-16,1.942890293094024e-16,-0.1693446849051609,0.4831162959962967,0.4827115500632613,0.48271155006666905,-0.1436646499523076,-0.8533930089695682,-0.0014289234834645589,-0.09070484065369831,-0.026939425786230674,-0.1473867120508878,-0.1425660725685358,0.001584594264623136,0.0016163658175025312,-0.0014649742842403066,8.959576928313056e-06,9.421916343158504e-06,0.23267170902796072,0.2190896100225669,0.01358209900539381,0.06711508685600476,0.5520613321166006,0.056893412928020665,0.07196550411147887,-0.015072091183458203,-0.224330618232494,0.4088566830548783,0.13104696034242125,0.1354840653120366,-0.0044371049696153575,-0.031660302812453134,0.4754428982051062
PROXY,4,3,2022,VOL,4.3021142204224816e-16,4.163336342344337e-16,0.09143315692786069,0.5549555137185962,0.5540971662867086,0.5540971662852551,-0.05502665616757568,,-0.0013352260886368213,0.15981152017711917,0.13892866898745362,-0.07448751625984526,-0.05292137698436284,0.00897588601398487,0.006373833678374244,-0.0009485081312061172,5.911700457654282e-07,5.393776021939455e-07,0.14279594015846941,0.14419902908656823,-0.0014030889280988168,-0.007879622385625895,0.44310163137691594,0.027431593345357358,0.03181130395150228,-0.004379710606144921,-0.11128527601858251,0.3854537848433959,0.09830301625138593,0.1507635506535957,-0.05246053440220977,-0.24775894308377877,0.271177909862402
PROXY,4,3,2023_PLUS,VOL,4.3021142204224816e-16,3.608224830031759e-16,-0.0847302813921271,0.8236038066752371,0.8237946779503841,0.823794677943457,-0.03652428646469749,0.7329492019461866,-0.001241015980033145,-0.05240948337787909,-0.05853068116904264,-0.030178035309689346,-0.03471459608977472,0.007957566750636077,0.010089864992046085,-0.0015749421839619925,-1.0080724946574436e-07,7.305860654058775e-08,0.05130279279959987,0.03585899944739973,0.015443793352200141,0.09228937713318663,0.2524744192177467,0.014317791974374536,0.010833513183153731,0.0034842787912208045,0.07016039186676326,0.23667675365825247,0.057533373862415305,0.04009557375010919,0.017437800112306112,0.08648895232860443,0.23802213045110776
PROXY,4,3,2024_PLUS,VOL,4.3021142204224816e-16,4.163336342344337e-16,-0.07861323312986632,0.8171918012449169,0.8173813971741822,0.8173813971710177,-0.04326981551081621,0.6821230838013383,-0.0013613051359672114,-0.044580524223823005,-0.04530943606642886,-0.037874537657963794,-0.041243494815759445,0.007967077754714032,0.009576798534177837,-0.0016370395853324594,-2.3793387085939814e-07,-6.119652382444342e-08,0.057801863640680545,0.03858139591517071,0.019220467725509838,0.11156603042162305,0.27412404191888573,0.016872911230845278,0.012310571934920037,0.004562339295925241,0.08425913889013359,0.2538918014189233,0.057533373862414416,0.041580660838688055,0.01595271302372636,0.07971026752756738,0.23802213045110454
PROXY,4,3,EX_MAJOR_SHOCKS,VOL,4.3021142204224816e-16,3.608224830031759e-16,-0.043856923209767085,0.8765728662037873,0.8767075803063781,0.8767075803025829,-0.016965182580604504,0.8108628890659193,-0.0009356241318216639,-0.027859671774071622,-0.029117482421398777,-0.016001065444725574,-0.016513993389295618,0.0024057445980480967,0.0029050840975698177,-0.0011302878723363082,-3.147415656727341e-07,-2.436243058395856e-07,0.03646185464069765,0.022875812487841596,0.013586042152856054,0.08396875621374777,0.19743839435210686,0.010848907235918637,0.006672368182409134,0.004176539053509502,0.0888646562295663,0.20213630568875407,0.057533373862415305,0.027901895193144233,0.029631478669271072,0.13858628241545634,0.23802213045110776
PROXY,4,3,ALL,CORE_VOL,5.574967570920464e-16,2.255140518769849e-16,-0.008890419680919054,0.9143575427806354,0.9144012766999807,0.9144012766955301,0.002607497340048587,0.9455200125755002,-0.00047886988671563916,-0.015015520848310527,-0.01303254282561347,-0.0009744181621223512,0.003035611389108383,0.001435554565340107,0.0016605620530256767,-0.0005541782209935773,2.6877162860221027e-08,1.279235541571535e-07,0.03651828278308772,0.018875434509530886,0.017642848273556833,0.08836176021769704,0.16709996315203102,0.012048663153755017,0.005653209552055824,0.006395453601699193,0.10651614675451071,0.1834021702982903,0.11527917168541801,0.03446869939300756,0.08081047229241045,0.16548238230259615,0.22050276359382015
PROXY,4,3,GFC,CORE_VOL,4.4398078963281407e-16,4.371503159461554e-16,0.03304254698035631,0.8545069303872879,0.8543580891237733,0.8543580891251752,0.029301964999110194,2.3102585664017528,-0.00046308477663376104,-0.0098670742567334,0.001041827134202335,0.021395603296897034,0.03069298236440946,0.0017143751354821452,0.0017908372879907862,-0.00048373962418610613,5.14392033546804e-07,6.398179402714382e-07,0.0736358901971339,0.04324552514227653,0.03039036505485737,0.12192153815020246,0.2517404487875634,0.02319501438768038,0.012507014548248985,0.010687999839431396,0.14609998263295554,0.2707724239981354,0.11527917168541724,0.05973775576522955,0.05554141592018769,0.1199433527669228,0.2205027635938196
PROXY,4,3,2011,CORE_VOL,3.284302490342769e-16,1.807581861967833e-15,-0.02170503393183481,0.8896624808330671,0.8895891100269877,0.8895891100275803,-0.021817690937729006,0.1715920286780348,-0.0005462884759240977,-0.005462914162270422,-0.0006681172517904266,-0.02253114937454331,-0.02050733265409591,2.8563097664612526e-05,2.9251234665774346e-05,-0.0005579924317855744,-8.874900035940225e-07,-8.428288268649874e-07,0.03649761888872402,0.024256162826261696,0.012241456062462325,0.06309290949905122,0.16720638901155183,0.01449704724400351,0.008872430289823333,0.005624616954180178,0.07862414619847702,0.18028806473533554,0.021070371323408832,0.016420786097371187,0.004649585226037645,0.03435770454857512,0.13884965844484898
PROXY,4,3,2015_2016,CORE_VOL,3.9015015176890877e-16,3.0878077872387166e-16,-0.012911287521341977,0.9522018842035322,0.9521994813935059,0.9521994813904153,-0.009242234993806275,0.8513986762208917,-0.00048186830322016977,-0.004856480220992838,-0.0034136620397925916,-0.009147116391530576,-0.009064191255491858,8.133149428621189e-05,8.790899947723626e-05,-0.0005212871223349339,-1.2984098042188386e-07,-5.6103199519843195e-08,0.013283402676577266,0.009254685542059965,0.004028717134517301,0.02215767116963141,0.06951927338971564,0.0012892998582230975,0.0021932960985384387,-0.0009039962403153412,-0.02070218970312676,0.02811382596195877,0.0025929765189826037,0.007859764391720536,-0.0052667878727379325,-0.03178388588553527,0.014939427179615383
PROXY,4,3,2018Q4,CORE_VOL,3.726809442647361e-16,8.187894806610529e-16,0.054546143478733655,0.8099792918728781,0.8079633140139736,0.807963314007093,-0.022422498839274996,,-0.0006721680202693575,0.1362190135033577,0.07596611409286111,-0.04885602232161435,-0.02341223133139974,0.004708600221154473,0.0023230501488887825,-0.00033389541948898653,6.080186172348237e-06,3.105987871671001e-06,0.06684562618820866,0.06217462705433208,0.0046709991338765855,0.017879451269053326,0.2066809618432749,0.013780467147670561,0.01191598602443733,0.0018644811232332303,0.03704147007588099,0.22136958200566914,0.03528953176442551,0.03971774087929203,-0.0044282091148665215,-0.0243719820987085,0.15938519190331912
PROXY,4,3,COVID,CORE_VOL,3.5865407865820487e-16,5.551115123125783e-17,-0.07947046576345018,0.741574583145848,0.7411985026935466,0.7411985026999481,-0.07233694233431094,0.13023543816552813,-0.0006838547624538477,-0.04537999751780881,-0.006661092494322911,-0.07442373051351842,-0.0729358380681696,0.0007986576155214586,0.0008541207808975002,-0.0007355037501452992,7.065915632036353e-06,7.847768290069333e-06,0.12439380530715444,0.10991023259071903,0.014483572716435411,0.04648880944428857,0.2951498063594321,0.05183755495424916,0.035979273584518384,0.015858281369730776,0.1537054542553018,0.3725234554496366,0.06427456843447621,0.06580309105984927,-0.0015285226253730633,-0.007284637200850597,0.23319035418693013
PROXY,4,3,2022,CORE_VOL,4.0462425077159025e-16,3.7470027081099033e-16,0.045347814251786245,0.7776052329936647,0.7769812386779342,0.7769812386802544,-0.02528992503083094,,-0.0006589997499238271,0.07992989633659521,0.06910584231013697,-0.03861463699233903,-0.026392025550014103,0.004488729962116546,0.00308701678169412,-0.0004534719442409862,5.286143046400362e-07,4.526542106224401e-07,0.07280600215300279,0.07223810185594143,0.0005679002970613578,0.002271361052610721,0.22591999669055984,0.013715832328133913,0.01589610672054574,-0.002180274392411828,-0.039447055586130375,0.19272739343270362,0.04840436762499889,0.07236124870070504,-0.02395688107570615,-0.08256935414240907,0.1335278991561305
PROXY,4,3,2023_PLUS,CORE_VOL,5.573883368747978e-16,2.0816681711721685e-17,-0.04222686454821212,0.9118505760488915,0.9119541361581863,0.9119541361550662,-0.018123781119356863,0.8669104163041511,-0.0006197485978912741,-0.026187848266065454,-0.02941520161591881,-0.015038834472479518,-0.017138906287881426,0.0039767001920825076,0.0051271514008450455,-0.0007997385001119258,-2.444176700792562e-07,-1.695451450192581e-07,0.027244840284782718,0.017921912065632067,0.00932292821915065,0.05031857870385692,0.13407896241536454,0.008050866842105445,0.005413699048146765,0.0026371677939586793,0.04787761587418937,0.13308288259353773,0.029053850842276185,0.019854261842326304,0.009199588999949881,0.041465715864510755,0.12019909508218385
PROXY,4,3,2024_PLUS,CORE_VOL,4.1058736272026053e-16,4.3021142204224816e-16,-0.0389434514841446,0.9086622311806423,0.9087650876027289,0.9087650876073123,-0.02139663151689411,0.842530019806436,-0.000679559661902903,-0.02227210239947087,-0.022639597273318674,-0.0188481641696291,-0.020337110625435126,0.003980615752076122,0.004864265315928994,-0.0008307078060134821,-3.842944000918833e-07,-3.010953067471864e-07,0.03071097567851999,0.019280447976945198,0.011430527701574794,0.05966457664774827,0.14564611336066913,0.009141934650147843,0.0061507375704641445,0.002991197079683698,0.04960003012576286,0.13756145723904412,0.029053850842275963,0.020579190527272306,0.008474660315003657,0.038323434570299963,0.12019909508218318
PROXY,4,3,EX_MAJOR_SHOCKS,CORE_VOL,5.572799166575493e-16,3.157196726277789e-16,-0.021673865500864753,0.93829813478078,0.9383693271683702,0.9383693271678981,-0.00822685645093374,0.9065294142044495,-0.0004664787356304066,-0.013926325077982256,-0.014544802928675434,-0.008032286878193417,-0.008025511148491824,0.0012024668578673994,0.001465370354948137,-0.0005686944524802228,-2.588117086759321e-07,-2.2732616509312801e-07,0.019664203525048995,0.011439305643093284,0.008224897881955712,0.047478190630758754,0.10648028764464479,0.006019892332298125,0.003335531253261269,0.0026843610790368566,0.0533291547106568,0.11216233766531647,0.029053850842276185,0.0138592894736147,0.015194561368661486,0.06668519331493583,0.12019909508218385
ZERO,0,0,ALL,VOL,4.933119884809045e-16,1.734723475976807e-16,-0.030185594123133624,0.8316869005720946,0.8318356592677818,0.8318356592744796,-0.004262969538975786,0.8154393318228863,0.0,-0.029559269142658284,-0.02623836050678134,-0.009133265097038327,-0.003947233616352456,0.0,0.0,0.0,0.0,0.0,0.06640698943764561,0.036999053146772515,0.0294079362908731,0.1619461548758997,0.30379718041007486,0.01826405085353195,0.011338739605904508,0.006925311247627443,0.12360401306871271,0.2711129379552958,0.2101421195675388,0.06808243982053541,0.1420596797470034,0.3124119872651008,0.4019539474012962
ZERO,0,0,GFC,VOL,4.570996359198887e-16,5.967448757360216e-16,0.04195991569517997,0.7071720398016623,0.7069224333871207,0.7069224333892089,0.042293346678364,2.663865047019183,0.0,-0.019855672693072625,-0.0012759685199346259,0.02919095192740689,0.04323588421511519,0.0,0.0,0.0,0.0,0.0,0.13673479715452064,0.08612316971715062,0.05061162743737002,0.2452303643806839,0.46745790820758293,0.038999975008427425,0.02606486674907109,0.012935108259356336,0.20549535988983247,0.4381485330214073,0.2101421195675377,0.12317554217880189,0.08696657738873581,0.21761995063532635,0.40195394740129353
ZERO,0,0,2011,VOL,4.432218481120742e-16,1.3530843112619095e-15,-0.04533244381152281,0.7888926748055383,0.7886107524727816,0.7886107524674322,-0.04399004171637497,-0.7301865516962138,0.0,-0.010459125131138754,-0.002113144269437943,-0.04672783870302106,-0.04321929954208351,0.0,0.0,0.0,0.0,0.0,0.06683782672311658,0.04645282120363142,0.02038500551948516,0.11863746865878966,0.30620385647143866,0.018627571259983898,0.01477993802502918,0.0038476332349547185,0.06966368346978125,0.2660644947837444,0.021469140049876767,0.031154013515202528,-0.00968487346532576,-0.08030873136192063,0.14147746697364527
ZERO,0,0,2015_2016,VOL,4.440892098500626e-16,3.7470027081099033e-16,-0.030958723466776167,0.9088553022811539,0.9089903951465468,0.9089903951510409,-0.02455116749763324,0.6436833056292921,0.0,-0.009246475954156732,-0.006601603818031275,-0.02430292491671592,-0.024357119648745266,0.0,0.0,0.0,0.0,0.0,0.026613352992611944,0.017535367217432707,0.009077985775179237,0.05231070260945436,0.1392821559021744,0.010139701213618735,0.006641548293672764,0.003498152919945971,0.05282093922605713,0.13915128840591862,-0.0006576764418976255,0.01542285298571311,-0.016080529427610735,-0.10168338245561381,-0.003789201035778511
ZERO,0,0,2018Q4,VOL,4.423544863740858e-16,2.7755575615628914e-16,0.05943308110099493,0.6203643594562891,0.6200320001618538,0.620032000167065,-0.1059585269910644,,0.0,0.26952592852264945,0.14923398879151384,-0.18114097350610672,-0.08980090769051918,0.0,0.0,0.0,0.0,0.0,0.12148084043136109,0.12328963884837929,-0.001808798417018198,-0.009037911009747157,0.37560837376540324,0.010048408121051122,0.03288187158426503,-0.02283346346321391,-0.42494762011945775,0.11601328238582753,0.05191137496095155,0.08053001822317518,-0.02861864326222363,-0.2031415037514528,0.23445775691637538
ZERO,0,0,COVID,VOL,3.642919299551295e-16,1.0269562977782698e-15,-0.23095063072098237,0.49608253264887026,0.49756116386803056,0.497561163869764,-0.20851054432876687,-1.5276393211579118,0.0,-0.08810100935977451,-0.024329972661519993,-0.21661409181424005,-0.20662065805946137,0.0,0.0,0.0,0.0,0.0,0.22431922182226144,0.21310100325481043,0.011218218567451005,0.05384084486335572,0.5322433437907788,0.03577691249566883,0.07249933221445913,-0.0367224197187903,-0.514520592164053,0.24867278889038957,0.11030765998478176,0.13198768871825184,-0.02168002873347008,-0.15092925739206842,0.40020000021634283
ZERO,0,0,2022,VOL,3.625572064791527e-16,1.0685896612017132e-15,0.0732655374897111,0.567589040605526,0.5663339787838866,0.566333978779417,-0.06444683179583785,,0.0,0.15542584809916646,0.13358610213265518,-0.08629640973170914,-0.06032056464294515,0.0,0.0,0.0,0.0,0.0,0.1404051592594266,0.14015809011662697,0.0002470691427996219,0.0013567292806510034,0.4356829406532511,0.03410403317005928,0.03923685066697947,-0.00513281749692019,-0.09966080078375472,0.3758445810916442,0.09358795379082596,0.1436252917617129,-0.05003733797088694,-0.22860784229214892,0.2581709764875846
ZERO,0,0,2023_PLUS,VOL,4.564491146163974e-16,1.5543122344752192e-15,-0.08989086167296148,0.8332835641267593,0.8337080559468134,0.8337080559418399,-0.03456750908711517,0.7130600200236337,0.0,-0.049025651027205734,-0.054311748411589915,-0.031305862713652634,-0.03557911326137313,0.0,0.0,0.0,0.0,0.0,0.05067366739876991,0.03416466213591879,0.016509005262851123,0.09746885472193334,0.24895939226769448,0.009720926431467353,0.007838546167132802,0.0018823802643345502,0.04804602265245539,0.20675239687119307,0.059626363760075796,0.03734588053964849,0.022280483220427305,0.10902111765481182,0.24668106840327986
ZERO,0,0,2024_PLUS,VOL,4.564491146163974e-16,1.0547118733938987e-15,-0.07960926698452422,0.8299146186109283,0.8302381371606635,0.8302381371559604,-0.03757999777988194,0.670768481789038,0.0,-0.04077513279513078,-0.04101072583588517,-0.03624935807874454,-0.038598541148640114,0.0,0.0,0.0,0.0,0.0,0.05689477552447733,0.036310342837699766,0.020584432686777565,0.11759474353765997,0.26918948710689394,0.011125383152801871,0.008327399126277064,0.0027979840265248065,0.06886038140280581,0.22723361855838597,0.059626363760075796,0.03811244667960001,0.021513917080475786,0.1056665610411397,0.2466810684032803
ZERO,0,0,EX_MAJOR_SHOCKS,VOL,4.933119884809045e-16,8.326672684688674e-17,-0.05009130902860304,0.8796416445038631,0.8798314232764826,0.8798314232693163,-0.02148013025580983,0.7844947120965765,0.0,-0.02721643622025645,-0.028385429203266983,-0.020455328806354648,-0.02170587982533614,0.0,0.0,0.0,0.0,0.0,0.03660620353037583,0.02233774669893146,0.01426845683144437,0.08788002053216326,0.19819204762899556,0.008463454870319215,0.006437774543873398,0.0020256803264458167,0.04305321721775368,0.15822975829074382,0.059626363760075796,0.026845631974646622,0.032780731785429174,0.15256164841631314,0.24668106840327986
ZERO,0,0,ALL,CORE_VOL,4.605690828718423e-16,2.3592239273284576e-16,-0.014270031594044358,0.9158371305748005,0.9159169088329586,0.9159169088261627,-0.0014097250690398577,0.9127502160414015,0.0,-0.014779796426110398,-0.012801838337063156,-0.004902509964452607,-0.0014681932569814383,0.0,0.0,0.0,0.0,0.0,0.03637264166443557,0.018513541055742377,0.017859100608693196,0.08926143209184811,0.16639673135757949,0.009949018940086873,0.005669795542603252,0.004279223397483621,0.06935852489102756,0.1476839818422988,0.10010894911120982,0.03315175786604119,0.06695719124516863,0.13674508099770355,0.19148558769777502
ZERO,0,0,GFC,CORE_VOL,4.440892098500626e-16,1.6653345369377348e-16,0.023045689263885272,0.8534636409385712,0.8533028641444199,0.8533028641457304,0.022450705267184113,1.9138463749356083,0.0,-0.009938564552117448,0.001059054258949689,0.013302527529897468,0.02198663500493575,0.0,0.0,0.0,0.0,0.0,0.07337100864995191,0.043158431541220815,0.030212577108731098,0.12116594371148404,0.2508348930947535,0.02076146281147946,0.013043326430451516,0.007718136381027946,0.10159783594260874,0.2332464180364875,0.10010894911120916,0.058868344799868466,0.04124060431134069,0.08889342227750308,0.19148558769777346
ZERO,0,0,2011,CORE_VOL,3.963843142607004e-16,1.294103713078698e-15,-0.022110103848947252,0.894410973887716,0.8942465201203654,0.8942465201263268,-0.021724191628522058,0.15613187554800426,0.0,-0.005232474650689326,-0.0006318326193572617,-0.02353940850226356,-0.021478271229588695,0.0,0.0,0.0,0.0,0.0,0.03571386561104348,0.023261828169549498,0.01245203744149398,0.0638510274750852,0.1636157833932378,0.009674726600318755,0.007392444864834494,0.002282281735484261,0.03644708719229006,0.1381877008633109,0.017088732808290708,0.015521197121519559,0.0015675356867711487,0.011506678368047196,0.1126114332427709
ZERO,0,0,2015_2016,CORE_VOL,3.625572064791527e-16,2.896988204881268e-16,-0.015333804078059926,0.9544401058010408,0.9545105841873198,0.9545105841915333,-0.012173123587112658,0.823516935797245,0.0,-0.0046216747139807435,-0.003249969755483383,-0.012253099621164228,-0.012083834322576254,0.0,0.0,0.0,0.0,0.0,0.01473218256712766,0.008768588937458882,0.005963593629668779,0.03271190551890624,0.07710152680361626,0.00583506636419423,0.003319866598388413,0.0025151997658058173,0.0361647841804007,0.08007701463837202,-0.00032883822094864623,0.007699354325734098,-0.008028192546682744,-0.048401490452681495,-0.0018946005178883674
ZERO,0,0,2018Q4,CORE_VOL,3.0444397003392965e-16,1.887379141862766e-15,0.030161528129030224,0.8103093646277557,0.8100761996843413,0.8100761996838776,-0.047567809374795045,,0.0,0.13472026236533913,0.07341645017480686,-0.0901294030333394,-0.04325492204577852,0.0,0.0,0.0,0.0,0.0,0.062422428444764644,0.06168878001956357,0.0007336484252010722,0.002803015371809381,0.1930048125397431,0.010048408121051344,0.01642991976231367,-0.006381511641262327,-0.09092496792290938,0.1160132823858302,0.025972853244165095,0.03968660630839471,-0.013713753064229617,-0.07546483735410692,0.11730640764044076
ZERO,0,0,COVID,CORE_VOL,3.8120548384590336e-16,1.124100812432971e-15,-0.11458206383693154,0.7483540364555665,0.7494111723544425,0.7494111723539854,-0.10988846892664322,-0.2540434687253762,0.0,-0.043939932708660014,-0.006059331397337254,-0.10926195301368415,-0.10852273243959541,0.0,0.0,0.0,0.0,0.0,0.11974499707243763,0.1066512680316789,0.013093729040758728,0.04159266320147814,0.28411955572202463,0.03577691249566872,0.0362046674177362,-0.00042775492206748034,-0.003972951984233308,0.2486727888903889,0.055067356369627674,0.06419958112302548,-0.00913222475339781,-0.043192304953428406,0.1997862708181718
ZERO,0,0,2022,CORE_VOL,4.2934406030425976e-16,4.440892098500626e-16,0.037162628567309786,0.7839301323037944,0.7830353230872366,0.7830353230914703,-0.029912803461058624,,0.0,0.07776011323682402,0.06687069461958145,-0.04386020919667066,-0.029708066052272105,0.0,0.0,0.0,0.0,0.0,0.07152425131004164,0.07020559515621028,0.0013186561538313657,0.0052315389680996915,0.22194267150257108,0.01768358207740285,0.019606119938083977,-0.0019225378606811255,-0.02702714017835861,0.1948824781203915,0.04812524388184669,0.069283827549667,-0.021158583667820308,-0.07215942772888506,0.13275791064359654
ZERO,0,0,2023_PLUS,CORE_VOL,4.4278816724308e-16,4.787836793695988e-16,-0.04524632556793218,0.9166819596212008,0.916913549946568,0.916913549945767,-0.017453076013721647,0.8555695260804047,0.0,-0.024495277438732057,-0.02731394904661586,-0.015951851387575176,-0.017932376521316795,0.0,0.0,0.0,0.0,0.0,0.02741073972827887,0.017088037237907888,0.010322702490370983,0.055363307630111436,0.13466878271624583,0.0056279489697002305,0.00391738404581065,0.0017105649238895806,0.03968841675899948,0.1196996960277007,0.03170237866786241,0.018520070104900088,0.01318230856296232,0.05906202550446893,0.13115635681191684
ZERO,0,0,2024_PLUS,CORE_VOL,4.4278816724308e-16,1.3877787807814457e-17,-0.03993805149654647,0.9149991873637191,0.9151754950130432,0.9151754950092799,-0.018902346655697344,0.8348324783451193,0.0,-0.020374013322401848,-0.0204876650088241,-0.01853081089543171,-0.019450386487722383,0.0,0.0,0.0,0.0,0.0,0.030910668063255625,0.01816785738016799,0.012742810683087635,0.06596067310931653,0.1462494017310857,0.006197048928167463,0.004161649208764273,0.00203539971940319,0.045434589603458475,0.1265734252016496,0.031702378667862297,0.01889707398207574,0.012805304685786556,0.05746997120507802,0.13115635681191662
ZERO,0,0,EX_MAJOR_SHOCKS,CORE_VOL,4.605690828718423e-16,1.4224732503009818e-16,-0.024945573226528683,0.9398376342505799,0.9399381771241386,0.9399381771205612,-0.010629546513680699,0.892677930675973,0.0,-0.013603130004062946,-0.014194950195112703,-0.010353848152367041,-0.010750623031416122,0.0,0.0,0.0,0.0,0.0,0.019837756017787117,0.011170064562789073,0.008667691454998044,0.04994906545692113,0.10740489606542081,0.004684475849262723,0.0032179880252123164,0.0014664878240504067,0.02917199374250845,0.08757930333475161,0.03170237866786241,0.013344234586702086,0.01835814408116032,0.08038766763342708,0.13115635681191684
ZERO,0,1,ALL,VOL,5.898059818321144e-16,2.3245294578089215e-16,-0.030551874816321933,0.8316869005720946,0.8318356592677818,0.8318356592744796,-0.004613353297210243,0.8131932460550195,-0.0003239662756852035,-0.029559269142658284,-0.026233991733943775,-0.009133265097038332,-0.003946551114083707,0.0,0.0,-0.0003714146079314926,2.6379707505224714e-08,8.263963727545947e-08,0.0664058677808603,0.03699908773421584,0.02940678004664446,0.16193977733707932,0.3037919850629518,0.018255218370841098,0.011338438932796971,0.006916779438044127,0.12345107353274443,0.27098182792111114,0.20983589443344763,0.06806879851743919,0.14176709591600845,0.31175919597010504,0.40136820856086386
ZERO,0,1,GFC,VOL,4.779163176316104e-16,7.216449660063518e-16,0.041630912419407626,0.7071720398016623,0.7069224333871207,0.7069224333892089,0.04199273466694687,2.650818856581392,-0.0003079720421012939,-0.019855672693072625,-0.0012756472869722526,0.029190951927406915,0.043229232288626414,0.0,0.0,-0.00032314837996869674,4.1668586090380986e-07,4.757977228791599e-07,0.13673168324796153,0.08612296319227486,0.05060872005568667,0.2452160317547779,0.4674472626347167,0.03899440040457367,0.026064246835213425,0.012930153569360246,0.20541462353780804,0.43808590466074404,0.2098358944334452,0.12315344731441835,0.08668244711902684,0.2168969680916334,0.4013682085608591
ZERO,0,1,2011,VOL,3.9898639947466563e-16,7.840950111415168e-16,-0.04571448567717811,0.7888926748055383,0.7886107524727816,0.7886107524674322,-0.04435081103762709,-0.7447678017363432,-0.00038656724821524554,-0.010459125131138754,-0.002112645538473204,-0.04672783870302106,-0.043210878264038625,0.0,0.0,-0.0003914988793926992,4.953155648302212e-07,5.370047256416883e-07,0.06683480042422302,0.0464529727895151,0.020381827634707916,0.11861907852455067,0.30618999210095477,0.018608648745729248,0.014779571411457679,0.003829077334271569,0.06932725769667236,0.2657942175090031,0.02119142413860664,0.031151415987724862,-0.009959991849118222,-0.08258828413027297,0.13964737300744545
ZERO,0,1,2015_2016,VOL,4.440892098500626e-16,1.7069679003611782e-15,-0.03128403360464298,0.9088553022811539,0.9089903951465468,0.9089903951510409,-0.024868035469430852,0.6399391773194095,-0.0003076800933998615,-0.009246475954156732,-0.006600638926497857,-0.024302924916715905,-0.024353218800368972,0.0,0.0,-0.00032889567250289034,-1.2721914471558253e-06,-1.2802052715482378e-06,0.026620997470223673,0.01753566710736787,0.009085330362855804,0.05235311530301001,0.139322163612695,0.010131752334677502,0.0066414015857970965,0.0034903507488804053,0.05270301230238417,0.1390422026722513,-0.0006674254330432117,0.015422439006833932,-0.016089864439877144,-0.10174214499911738,-0.003845369821815714
ZERO,0,1,2018Q4,VOL,3.5973828083069037e-16,2.435551760271437e-15,0.05916825022014138,0.6203643594562891,0.6200320001618538,0.620032000167065,-0.10619355453856033,,-0.0005056693555201007,0.26952592852264945,0.1491956250858709,-0.1811409735061067,-0.0897780177100054,0.0,0.0,-0.0002480829833323251,-2.664570728274621e-06,-1.2741723893475723e-06,0.12150087399513246,0.12329110010776326,-0.0017902261126307994,-0.008945177238996349,0.37567031583200594,0.010048408121051455,0.03288177587383212,-0.022833367752780664,-0.4249450819476377,0.1160132823858313,0.05180805739714822,0.08051999465526016,-0.02871193725811194,-0.20378922580740144,0.23399112307595893
ZERO,0,1,COVID,VOL,3.0184188481996443e-16,3.885780586188048e-16,-0.23143236778927317,0.49608253264887026,0.49756116386803056,0.49756116386976396,-0.20892917013632395,-1.5329116928006181,-0.0005543872462570563,-0.08810100935977451,-0.024322831142446318,-0.21661409181424016,-0.20656528491162038,0.0,0.0,-0.0005457748979061509,1.2508667355198488e-06,1.5231627000415985e-06,0.22431525894440127,0.2131013394353461,0.011213919509055176,0.053820298751313,0.5322339410505845,0.035772328241203494,0.07249913600059855,-0.03672680775939506,-0.5145806586636292,0.24864092534310822,0.11024497198922278,0.1319806998150883,-0.021735727825865525,-0.15130965433695875,0.39997256600334496
ZERO,0,1,2022,VOL,4.128641872824801e-16,2.636779683484747e-16,0.07298503637162251,0.567589040605526,0.5663339787838866,0.566333978779417,-0.06469479626675059,,-0.0003799866270582794,0.15542584809916646,0.1335604505484213,-0.08629640973170917,-0.06030897050257203,0.0,0.0,-0.0002673522555689143,1.2174029525064424e-06,9.085813418820613e-07,0.1404011576459606,0.14015790621350238,0.00024325143245820802,0.0013357637621381757,0.43567052348331625,0.03409466190800962,0.03923643885095878,-0.005141776942949164,-0.09983396263675481,0.3757413048004855,0.09331240666674179,0.1436006010626939,-0.05028819439595211,-0.22972802676585324,0.2574108544076411
ZERO,0,1,2023_PLUS,VOL,4.137315490204685e-16,5.412337245047638e-16,-0.09038877814782345,0.8332835641267593,0.8337080559468134,0.8337080559418398,-0.0350471030594168,0.7114706243868835,-0.00040927899781310445,-0.049025651027205734,-0.05430087078066967,-0.03130586271365265,-0.035571935336097635,0.0,0.0,-0.000515472561383506,-4.37930877806875e-07,-4.994696731727834e-07,0.05067445183785621,0.0341647220168218,0.016509729821034408,0.09747316695998487,0.24896324621172927,0.009713251117684354,0.007838136998282362,0.0018751141194019924,0.04786006116075758,0.20658915219152574,0.05948803342070319,0.0373431125409146,0.022144920879788588,0.10835632701877373,0.24610878001007286
ZERO,0,1,2024_PLUS,VOL,4.137315490204685e-16,1.3600232051658168e-15,-0.08008864516381228,0.8299146186109283,0.8302381371606635,0.8302381371559603,-0.03804185101515678,0.6687859688010095,-0.0004149209129762092,-0.04077513279513078,-0.04100241492615643,-0.03624935807874456,-0.038590621709897105,0.0,0.0,-0.0004949808882638007,-5.713065326606828e-07,-6.276394962998003e-07,0.05689694304199586,0.036310397019243656,0.0205865460227522,0.11760685300570595,0.26919974240579847,0.011115836774868618,0.008326959610201329,0.002788877164667289,0.06863551262389034,0.2270386357904125,0.059488033420702635,0.03810963173130333,0.021378401689399307,0.10499951947140973,0.24610878001007086
ZERO,0,1,EX_MAJOR_SHOCKS,VOL,5.898059818321144e-16,2.498001805406602e-16,-0.05046713140357251,0.8796416445038631,0.8798314232764826,0.8798314232693162,-0.021844961584313788,0.7828705558805137,-0.00031864624225328054,-0.02721643622025645,-0.028380773623731273,-0.020455328806354648,-0.021702315712038147,0.0,0.0,-0.0003839078694495865,-1.5064979661294464e-07,-1.3419835325221997e-07,0.03660588907925699,0.022337825474431222,0.01426806360482577,0.08787759986165078,0.19819026304551135,0.008454109834511989,0.0064375478223645186,0.00201656201214747,0.04285921270792836,0.1580550468071178,0.05948803342070319,0.026843547492596542,0.03264448592810665,0.15192608582300438,0.24610878001007286
ZERO,0,1,ALL,CORE_VOL,5.524010068813645e-16,9.71445146547012e-17,-0.01445496977828209,0.9158371305748005,0.9159169088329586,0.9159169088261627,-0.0015857506635636731,0.911616357461275,-0.00016129146861572146,-0.014779796426110398,-0.012800741983413315,-0.004902509964452616,-0.0014680601195706474,0.0,0.0,-0.00018623855871543836,2.835331047940232e-08,7.088341740878538e-08,0.0363720896187987,0.01851356131534848,0.017858528303450222,0.08925856014605138,0.16639417080800767,0.00994530293053976,0.005669630844005034,0.004275672086534725,0.0693007795232008,0.1476288211184339,0.09998005043871294,0.033144700213315836,0.0668353502253971,0.1364942805931616,0.19123903393534247
ZERO,0,1,GFC,CORE_VOL,4.92824097503286e-16,7.251144129583054e-16,0.022884418027258654,0.8534636409385712,0.8533028641444199,0.8533028641457304,0.022306630615532883,1.907451377012776,-0.00015367455028256807,-0.009938564552117448,0.001059005513330289,0.013302527529897433,0.02198495489468615,0.0,0.0,-0.00015989004097531344,3.0287406563259707e-07,3.4766021680168997e-07,0.07336954994446851,0.04315831385139393,0.030211236093074578,0.12116050845266169,0.25082990618997036,0.020758855181775726,0.013042958575972916,0.0077158966058028106,0.10156786080063773,0.23321712239901338,0.0999800504387145,0.058856351423342446,0.04112369901537205,0.08863914344069701,0.19123903393534536
ZERO,0,1,2011,CORE_VOL,4.0939474033052647e-16,1.908195823574488e-15,-0.022304041906442737,0.894410973887716,0.8942465201203653,0.8942465201263267,-0.021906052936131182,0.14872991371382827,-0.00019167878193188524,-0.005232474650689337,-0.0006317485742098336,-0.02353940850226353,-0.02147618721396374,0.0,0.0,-0.00019646407912508955,3.2609447904011926e-07,3.57960854017071e-07,0.035712100757417015,0.02326191526622881,0.012450185491188204,0.06384155963546989,0.1636076980766885,0.009666117126204653,0.007392237813930044,0.0022738793122746084,0.03631278393013726,0.1380647285579819,0.01705424894226648,0.015519743127262786,0.001534505815003695,0.011264098521348798,0.11238419125705401
ZERO,0,1,2015_2016,CORE_VOL,4.466912950640278e-16,2.166669621495032e-15,-0.015498628445976631,0.9544401058010408,0.9545105841873198,0.9545105841915333,-0.01233350081670817,0.8216199042871846,-0.00015360767222294866,-0.0046216747139807435,-0.0032497321654431422,-0.012253099621164266,-0.012082864529710757,0.0,0.0,-0.0001654506851353978,-5.907111470441112e-07,-5.810656851678112e-07,0.01473552826716143,0.008768748510985497,0.005966779756175933,0.03272941092282533,0.07711903667220876,0.0058285260110662596,0.0033197896073586808,0.0025087364037075788,0.03607181083665578,0.07998725868351564,-0.0003337137078132102,0.007699138865108757,-0.008032852572921967,-0.048429522560949234,-0.0019226906222318263
ZERO,0,1,2018Q4,CORE_VOL,3.686829487536958e-16,8.153200337090993e-16,0.030039797749377706,0.8103093646277557,0.8100761996843413,0.8100761996838776,-0.047672642819677535,,-0.0002459765251960436,0.13472026236533913,0.07340735385277652,-0.09012940303333931,-0.043249608065197176,0.0,0.0,-0.00011718098095358274,-1.6582690783523629e-06,-7.670572472453963e-07,0.06243163891692871,0.061689743674055164,0.000741895242873547,0.0028345340289465115,0.193033290532313,0.010048408121051455,0.016429858333618763,-0.006381450212567308,-0.0909240130943918,0.1160132823858313,0.025924163997851024,0.03968032904307606,-0.013756165045225033,-0.07569560972204736,0.11708650262953901
ZERO,0,1,COVID,CORE_VOL,3.7990444123892075e-16,1.5404344466674047e-15,-0.11484820795512715,0.7483540364555665,0.7494111723544428,0.7494111723539855,-0.11010604896471708,-0.25695628319204233,-0.00026975519153448515,-0.043939932708659986,-0.006058332279176483,-0.10926195301368424,-0.1085082556630147,0.0,0.0,-0.0002828064062100694,8.728371798450359e-07,1.1863932756471334e-06,0.11974273108825922,0.10665154934872872,0.0130911817395305,0.041584608775451226,0.28411417920998827,0.03577462114566057,0.036204525680257144,-0.0004299045345965702,-0.003992912149385797,0.24865686251896346,0.05503587106910146,0.06419458523783272,-0.009158714168731263,-0.04331656732348654,0.19967204106042746
ZERO,0,1,2022,CORE_VOL,3.677613769070831e-16,2.2898349882893854e-16,0.037029984146561334,0.7839301323037944,0.7830353230872366,0.7830353230914703,-0.030024892452016283,,-0.00018894660173983272,0.07776011323682402,0.0668643606904967,-0.04386020919667069,-0.02970525004045501,0.0,0.0,-0.00012964389716581674,6.991802328416577e-07,5.173936856923072e-07,0.07152262482721383,0.07020547179120373,0.0013171530360100991,0.005225573051997001,0.22193762445996168,0.017680007608547613,0.019605843042577967,-0.001925835434030354,-0.02707339225484695,0.1948430855728056,0.048029948813260503,0.06926834283054317,-0.02123839401728267,-0.07242778882079826,0.13249503043396693
ZERO,0,1,2023_PLUS,CORE_VOL,4.3129562421473366e-16,2.1510571102112408e-16,-0.04550338361367601,0.9166819596212008,0.9169135499465682,0.916913549945767,-0.0176998480734733,0.854748972921544,-0.00020383804459086978,-0.024495277438732022,-0.0273112081523308,-0.015951851387575204,-0.017930564448822336,0.0,0.0,-0.00026134359365657586,-2.388494199429708e-07,-2.67418866508708e-07,0.027411075475560542,0.01708807064637005,0.01032300482919049,0.055364939071126495,0.13467043224041664,0.005622842352968262,0.003917159864440703,0.0017056824885275587,0.03957492896274417,0.1195910844404533,0.03166650022006712,0.018518580681377572,0.013147919538689545,0.058907555790714605,0.13100792358076407
ZERO,0,1,2024_PLUS,CORE_VOL,4.0614213381306996e-16,1.4363510381087963e-15,-0.04018474771518438,0.9149991873637191,0.9151754950130432,0.9151754950092799,-0.01913922303658147,0.8338122432182858,-0.0002064567942202238,-0.020374013322401848,-0.020485587669855573,-0.01853081089543172,-0.019448390298772492,0.0,0.0,-0.00025044564773641135,-3.02425458174856e-07,-3.240988213408612e-07,0.030911597147831704,0.01816788766393576,0.012743709483895943,0.06596533591692078,0.1462537975617786,0.0061919730546650745,0.004161407681908397,0.0020305653727566778,0.04532643200116748,0.12646975154947504,0.031666500220066784,0.01889555660539144,0.012770943614675345,0.05731536903651524,0.13100792358076285
ZERO,0,1,EX_MAJOR_SHOCKS,CORE_VOL,5.524010068813645e-16,2.671474153004283e-16,-0.025136792069353098,0.9398376342505799,0.9399381771241386,0.9399381771205612,-0.010814787888441257,0.8918516361605726,-0.0001587364903042375,-0.013603130004062946,-0.014193741101383715,-0.010353848152367043,-0.010749706922560573,0.0,0.0,-0.00019327230227308945,-8.528111866424103e-08,-7.174313545491106e-08,0.019837636708294887,0.011170107061041795,0.008667529647253092,0.04994812322345088,0.10740420561581554,0.004677898244664913,0.0032178673370656594,0.0014600309075992537,0.029043480312664793,0.08745633076603221,0.03166650022006712,0.013343138532255217,0.0183233616878119,0.08023497545997216,0.13100792358076407
ZERO,0,3,ALL,VOL,5.048045315092509e-16,3.95516952522712e-16,-0.03128407110971321,0.8316869005720946,0.8318356592677818,0.8318356592744796,-0.0053137551762190705,0.808702834855112,-0.0009718836356819287,-0.029559269142658284,-0.026225257086799483,-0.009133265097038325,-0.003945186570905607,0.0,0.0,-0.001113875239424354,7.90841290972116e-08,2.4778741584129855e-07,0.06640352423634907,0.036999157869811505,0.029404366366537565,0.16192645984733456,0.3037811264585294,0.01823755604601631,0.011337837602340826,0.006899718443675484,0.12314524626686907,0.27071964704936635,0.20922384716778852,0.06804151946845294,0.14118232769933559,0.3104546116632624,0.4001975017319124
ZERO,0,3,GFC,VOL,5.048045315092509e-16,6.245004513516506e-17,0.04097321035899465,0.7071720398016623,0.7069224333871207,0.7069224333892089,0.04139181291239994,2.6247385498996234,-0.0009239055188805907,-0.019855672693072625,-0.001275005060677899,0.029190951927406877,0.04321593253152746,0.0,0.0,-0.0009691440564670721,1.2500336909141164e-06,1.4269446120981719e-06,0.13672539646570422,0.08612254971614064,0.050602846749563585,0.24518708242397136,0.46742576989004225,0.03898325071107214,0.026063006955761817,0.012920243755310326,0.20525314854012533,0.4379606424817225,0.20922384716778664,0.12310926341541395,0.08611458375237269,0.21545223964077898,0.4001975017319096
ZERO,0,3,2011,VOL,3.2873009869760494e-16,2.7269853042355408e-15,-0.046478134539449364,0.7888926748055383,0.7886107524727816,0.7886107524674322,-0.045071916005493026,-0.7739137043313252,-0.0011596945669428702,-0.010459125131138754,-0.002111648491826468,-0.046727838703021,-0.043194041953093266,0.0,0.0,-0.001174054302117637,1.4857377813196022e-06,1.6102075852782016e-06,0.06682863685709858,0.04645327570881996,0.02037536114827862,0.11858165362830575,0.3061617549766248,0.01857080311151099,0.014778838354984447,0.0037919647565265446,0.06865440570448667,0.26525365430795456,0.020636238154960962,0.031146221608094327,-0.010509983453133365,-0.08714506276640499,0.1359888051056578
ZERO,0,3,2015_2016,VOL,4.430050076775771e-16,9.71445146547012e-16,-0.03193435448728079,0.9088553022811539,0.9089903951465468,0.9089903951510409,-0.02550147187758222,0.6324543665380299,-0.0009230199906937758,-0.009246475954156732,-0.006598709724486165,-0.024302924916715898,-0.02434541950336434,0.0,0.0,-0.0009863856540959306,-3.816668429983405e-06,-3.839605333387872e-06,0.026636163253726086,0.017536266624490426,0.00909989662923566,0.05243723279997192,0.13940153440910485,0.010115858553406729,0.006641108238580787,0.0034747503148259418,0.05246721908700047,0.13882408577759364,-0.0006869231071777726,0.015421611173138894,-0.016108534280316666,-0.10185966807900226,-0.00395770561844655
ZERO,0,3,2018Q4,VOL,3.5973828083069037e-16,1.3530843112619095e-15,0.058638936417424625,0.6203643594562891,0.6200320001618539,0.620032000167065,-0.10666327103702056,,-0.0015170785165183444,0.2695259285226494,0.1491189294758025,-0.18114097350610675,-0.08973225664200626,0.0,0.0,-0.0007439155650398863,-7.994123071842963e-06,-3.82085133306565e-06,0.12154085065663833,0.12329402155401534,-0.0017531708973770044,-0.00876015226480309,0.37579392025195724,0.010048408121051344,0.03288158448858436,-0.022833176367533015,-0.42494000657569786,0.1160132823858302,0.05160144184533577,0.08049994961110085,-0.02889850776576508,-0.20508427243218086,0.2330579438092093
ZERO,0,3,COVID,VOL,3.365363543395006e-16,1.915134717478395e-15,-0.2323950651194776,0.49608253264887026,0.49756116386803073,0.49756116386976407,-0.20976565503754407,-1.5434479343280394,-0.0016631633173311913,-0.08810100935977444,-0.02430855502222538,-0.21661409181424016,-0.20645459563420152,0.0,0.0,-0.0016364830597444548,3.753699435464583e-06,4.5685966956554105e-06,0.224307168410358,0.21310201020675715,0.011205158203600851,0.05377842270472166,0.5322147445998426,0.03576316248200062,0.07249874351446517,-0.03673558103246455,-0.5147007509060222,0.2485772173609413,0.11011958994983428,0.13196672392305075,-0.02184713397321647,-0.15207039464585081,0.39951767563401497
ZERO,0,3,2022,VOL,3.2439329000766293e-16,9.298117831235686e-16,0.07242434585762364,0.567589040605526,0.5663339787838867,0.566333978779417,-0.06519042017005428,,-0.0011399587593432777,0.15542584809916646,0.13350916610464278,-0.0862964097317091,-0.06028579072365468,0.0,0.0,-0.0008017540593364177,3.651940740181348e-06,2.724535971012799e-06,0.14039309155142435,0.14015753773895825,0.00023555381246609386,0.0012934912937455634,0.4356454940627048,0.03407591997215348,0.03923561510823307,-0.005159695136079591,-0.10018026424974336,0.375534758700921,0.09276161496889779,0.1435512245107562,-0.050789609541858405,-0.23196628325142732,0.2558914448606445
ZERO,0,3,2023_PLUS,VOL,4.2760933682828295e-16,2.0816681711721685e-16,-0.09138400119200818,0.8332835641267593,0.8337080559468134,0.8337080559418398,-0.03600567946325295,0.7082937799885142,-0.001227816285490176,-0.049025651027205734,-0.05427912437275266,-0.03130586271365263,-0.03555758534117038,0.0,0.0,-0.001545793438945879,-1.3139564516726025e-06,-1.4980391394581494e-06,0.050675910016710735,0.03416484166366607,0.016511068353044667,0.09748113849043183,0.2489704102347825,0.009697903254316638,0.00783731867424086,0.0018605845800757775,0.04748822004903508,0.20626272162335957,0.05921142742434993,0.03733757724405895,0.021873850180290977,0.10702706426425057,0.24496442945095276
ZERO,0,3,2024_PLUS,VOL,4.2760933682828295e-16,1.5265566588595902e-16,-0.08104681146965809,0.8299146186109283,0.8302381371606635,0.8302381371559603,-0.038964966378521315,0.6648233830428294,-0.0012447452158570783,-0.04077513279513078,-0.04098579986392686,-0.03624935807874454,-0.03857478931248872,0.0,0.0,-0.001484340041435346,-1.7139701802537108e-06,-1.8822518070145554e-06,0.056901160532342704,0.03631050529504806,0.02059065523729464,0.11763040089435617,0.26921969685772973,0.011096747726155959,0.008326080663718018,0.002770667062437941,0.06818587892796224,0.2266487459723059,0.05921142742435015,0.0381040025446967,0.021107424879653447,0.10366575710209591,0.24496442945095342
ZERO,0,3,EX_MAJOR_SHOCKS,VOL,5.008471935796788e-16,4.510281037539698e-16,-0.05121840264742461,0.8796416445038631,0.8798314232764826,0.8798314232693162,-0.02257424951548609,0.7796235263516073,-0.0009559213725910275,-0.02721643622025645,-0.028371465539838298,-0.020455328806354645,-0.021695189845860812,0.0,0.0,-0.001151344705830355,-4.5202364974608615e-07,-4.025558955870971e-07,0.0366051517501077,0.02233798413679683,0.014267167613310872,0.08787207895104832,0.19818609589836134,0.008435422951724218,0.006437094368054147,0.001998328583670071,0.042471277300485055,0.15770568345704128,0.05921142742434993,0.02683937908145717,0.032372048342892756,0.15065524992852197,0.24496442945095276
ZERO,0,3,ALL,CORE_VOL,5.0133508455729725e-16,3.5041414214731503e-16,-0.014824752112486933,0.9158371305748005,0.9159169088329586,0.9159169088261627,-0.0019377073285152258,0.9093489768915042,-0.00048387106434700383,-0.014779796426110398,-0.012798549656983446,-0.004902509964452606,-0.0014677938921479334,0.0,0.0,-0.0005586211410262117,8.501977111368662e-08,2.1257767030931553e-07,0.03637096421601155,0.018513602337173835,0.017857361878837713,0.08925270444010391,0.16638894707752228,0.009937871677959183,0.005669301456604985,0.004268570221354198,0.06918530198835104,0.1475185110488898,0.09972233739546843,0.033130586672093454,0.06659175072337498,0.13599287051997133,0.1907460876604965
ZERO,0,3,GFC,CORE_VOL,4.440892098500626e-16,6.210310043996969e-16,0.022561950559463168,0.8534636409385712,0.8533028641444199,0.8533028641457304,0.02201855545497338,1.894664355409534,-0.00046102051652739467,-0.009938564552117448,0.001058908030670409,0.013302527529897447,0.021981595193716112,0.0,0.0,-0.0004795954670389413,9.085968156184767e-07,1.0428021149689676e-06,0.07336662220527115,0.043158078320190446,0.030208543885080708,0.12114959706379402,0.25081989707108143,0.020753640065496043,0.013042222830317404,0.007711417235178639,0.10150791370564172,0.2331585327320459,0.09972233739546943,0.05883236777240397,0.04088996962306546,0.08813080080508962,0.19074608766049883
ZERO,0,3,2011,CORE_VOL,3.122502256758253e-16,2.3973878437999474e-15,-0.022691812267826003,0.894410973887716,0.8942465201203654,0.8942465201263268,-0.022269670181281585,0.13393002630421136,-0.0005750382365872973,-0.005232474650689326,-0.0006315805183419894,-0.02353940850226353,-0.02147201989975261,0.0,0.0,-0.0005892854895562709,9.782401268454396e-07,1.0736398224724299e-06,0.03570854825502076,0.023262089373198097,0.012446458881822664,0.06382250745745843,0.1635914230122948,0.009648896921508943,0.00739182382140155,0.002257073100107393,0.036044158322955155,0.13781876600073317,0.016968068477814513,0.015516835565947185,0.0014512329118673284,0.010652603237375824,0.11181627871910649
ZERO,0,3,2015_2016,CORE_VOL,4.0505793164058446e-16,6.869504964868156e-16,-0.015828201918798468,0.9544401058010408,0.9545105841873198,0.9545105841915333,-0.012654179887124792,0.8178267075000418,-0.00046081838184067805,-0.0046216747139807435,-0.003249257055390241,-0.012253099621164262,-0.012080925225137651,0.0,0.0,-0.0004962766733084444,-1.7721719075875925e-06,-1.7429649614439235e-06,0.01474219108709593,0.008769067525413093,0.005973123561682836,0.03276426575616964,0.07715390683400769,0.005815444632897557,0.0033196356630886825,0.0024958089698088742,0.03588585458178495,0.07980773755286774,-0.0003434646149348408,0.007698708011628752,-0.008042172626563593,-0.04848558658582647,-0.0019788704471597196
ZERO,0,3,2018Q4,CORE_VOL,3.0270924655795284e-16,1.7520707107365752e-15,0.029796398928980727,0.8103093646277557,0.8100761996843413,0.8100761996838776,-0.047882253272408415,,-0.0007379782350861167,0.13472026236533913,0.07338916366630344,-0.09012940303333927,-0.043238981535890765,0.0,0.0,-0.00035148238882187717,-4.975193644770976e-06,-2.30081261181982e-06,0.06245004418328437,0.06169167050079016,0.0007583736824942067,0.002897513975942956,0.19309019804250127,0.010048408121051344,0.01642973550608695,-0.006381327385035607,-0.09092210390647781,0.1160132823858302,0.025826783640442774,0.03966777612112071,-0.013840992480677938,-0.07615712641968986,0.11664668418545332
ZERO,0,3,COVID,CORE_VOL,2.4643915380595516e-16,9.298117831235686e-16,-0.11538030088763457,0.7483540364555665,0.7494111723544425,0.7494111723539855,-0.11054101963735735,-0.2627797746218401,-0.0008092794418469206,-0.043939932708660014,-0.006056334325091863,-0.10926195301368408,-0.10847930872762787,0.0,0.0,-0.0008482174803818073,2.6196160201059943e-06,3.5596454679075497e-06,0.11973817046591323,0.10665211127387353,0.0130860591920397,0.041568411018035656,0.2841033581984519,0.03577003982004201,0.03620424214164297,-0.0004342023216009627,-0.004032818963177531,0.248625019329071,0.05497289123215454,0.06418459548361055,-0.00921170425145601,-0.04356512807782087,0.19944354803679465
ZERO,0,3,2022,CORE_VOL,4.235977887900866e-16,9.020562075079397e-17,0.036764766420362305,0.7839301323037944,0.7830353230872366,0.7830353230914704,-0.030249003579614298,,-0.0005668426681951594,0.07776011323682402,0.06685169499880131,-0.04386020919667062,-0.02969961899426153,0.0,0.0,-0.0003888612922765805,2.0972651256364252e-06,1.551708099018191e-06,0.07151936150332344,0.07020522488318615,0.0013141366201372962,0.005213600845395017,0.22192749823271796,0.017672859461312695,0.019605289148903665,-0.0019324296875909697,-0.027165882732749003,0.19476430918909482,0.0478393909778303,0.06923737669133467,-0.021397985713504375,-0.07296432791182128,0.13196935912203356
ZERO,0,3,2023_PLUS,CORE_VOL,4.440892098500626e-16,2.983724378680108e-16,-0.04601734285004738,0.9166819596212008,0.9169135499465682,0.916913549945767,-0.01819323410214363,0.8531083672999227,-0.0006115089905095668,-0.024495277438732022,-0.02730572748134825,-0.015951851387575204,-0.01792694103976815,0.0,0.0,-0.0007838720958297333,-7.166548569862302e-07,-8.02233101545852e-07,0.027411723525547937,0.017088137427487132,0.010323586098060805,0.055368076396964394,0.13467361610571205,0.005612629325063297,0.003916711510285165,0.001695917814778132,0.039347961489937244,0.11937386563795027,0.031594745483113584,0.018515602243688423,0.013079143239425162,0.058598630492735726,0.13071106604898675
ZERO,0,3,2024_PLUS,CORE_VOL,3.8272336688738307e-16,1.1102230246251565e-16,-0.04067799055064114,0.9149991873637191,0.9151754950130434,0.9151754950092799,-0.019612825329177408,0.831772391656839,-0.0006193673112638674,-0.020374013322401793,-0.020481433822801664,-0.01853081089543177,-0.019444398720809362,0.0,0.0,-0.0007511858508198738,-9.073225434374675e-07,-9.72156210133003e-07,0.03091343059957591,0.018167948211815305,0.012745482387760604,0.0659745336866483,0.1462624722762863,0.00618182135277983,0.004160924680447806,0.0020208966723320246,0.045110120188683545,0.12626240516668297,0.03159474548311392,0.01889252226840432,0.012702223214709596,0.057006178941849006,0.13071106604898797
ZERO,0,3,EX_MAJOR_SHOCKS,CORE_VOL,5.0133508455729725e-16,2.3592239273284576e-16,-0.02551913163129657,0.9398376342505799,0.9399381771241386,0.9399381771205612,-0.011185171750566492,0.8901993043752786,-0.00047620529797278376,-0.013603130004062946,-0.014191323340673094,-0.010353848152367036,-0.01074787502872455,0.0,0.0,-0.0005797180056129417,-2.5589804493664263e-07,-2.1525628622422673e-07,0.019837373502725547,0.01117019262255825,0.008667180880167297,0.04994609104429548,0.1074026856717295,0.0046647449391003515,0.003217625954487116,0.0014471189846132354,0.028786493293145532,0.08721042121820644,0.031594745483113584,0.013340946731082881,0.018253798752030703,0.07992960372252067,0.13071106604898675
ZERO,1,0,ALL,VOL,4.839878497975292e-16,9.367506770274758e-17,-0.03025896693088892,0.8322724276149529,0.8324188083622144,0.8324188083669314,-0.0043616828283011555,0.815217245134438,0.0,-0.029485707779387072,-0.02617128238463592,-0.00915726131872983,-0.004087684546253092,0.0,0.0,0.0,0.0,0.0,0.06566148734780852,0.036875207303397856,0.028786280044410667,0.15841489192031744,0.3003869373842891,0.01969658100856049,0.01128608490624173,0.008410496102318761,0.15018178256504788,0.29271972914400024,0.197934454691566,0.06709241797710275,0.13084203671446326,0.28711747674647325,0.3786034687083619
ZERO,1,0,GFC,VOL,4.475586568020162e-16,1.5716594692349872e-15,0.029147145937096892,0.709716745543119,0.7098717643815364,0.7098717643846922,0.029682465776828613,2.155791582075941,0.0,-0.019655858863698222,-0.0012421809290373768,0.017082903362842367,0.030389326866132698,0.0,0.0,0.0,0.0,0.0,0.13576306282343403,0.08525703219947744,0.05050603062395659,0.24369598659069003,0.4641358211661264,0.032069301695387215,0.02433038459932934,0.007738917096057875,0.13009726041063863,0.3826154587195948,0.19793445469156146,0.12083820653834998,0.07709624815321148,0.19179923335872406,0.37860346870835404
ZERO,1,0,2011,VOL,4.4376394919831696e-16,2.0122792321330962e-16,-0.03356796315056755,0.7932641618899652,0.7929919124031604,0.7929919124080057,-0.03152928244772365,-0.28117598628522744,0.0,-0.010242353935501372,-0.0021254610921400447,-0.03540065769543247,-0.0314425020584273,0.0,0.0,0.0,0.0,0.0,0.06872702585231838,0.045272982537589684,0.023454043314728695,0.1355679040622073,0.31485883655330915,0.017147108836058057,0.012917726553153694,0.004229382282904363,0.0853274544330932,0.27442304973710574,0.0341810878202079,0.03003212682044576,0.004148960999762141,0.03408683283624547,0.22524673610457402
ZERO,1,0,2015_2016,VOL,4.68592178948235e-16,1.2906342661267445e-15,-0.026226059028190835,0.9010299423898687,0.9010227515931841,0.9010227515875635,-0.01867583928058289,0.6981534891345071,0.0,-0.010055979793296452,-0.007188331780766857,-0.018664108744382176,-0.01903772724742527,0.0,0.0,0.0,0.0,0.0,0.024095721769965328,0.019360674261076766,0.004735047508888562,0.027575128098340507,0.1261060219308483,0.007603096619261375,0.005461542332004264,0.002141554287257111,0.043070348268534064,0.13777773102924007,-0.00022945675554819633,0.016864428718328495,-0.01709388547387669,-0.1090856081150473,-0.0013220144745962337
ZERO,1,0,2018Q4,VOL,3.5388358909926865e-16,5.551115123125783e-17,0.07711158340188956,0.6314322506732424,0.6294912965728322,0.6294912965680666,-0.08208579578983821,,0.0,0.2628160854584285,0.1480543080784161,-0.14061831378761963,-0.07094272467652649,0.0,0.0,0.0,0.0,0.0,0.11800020156189808,0.12005165586189695,-0.002051454299998867,-0.010087173949574701,0.36484653592511984,0.03860927507317258,0.030560930807881692,0.008048344265290885,0.15372005741888684,0.46563155115638655,0.05729617216866789,0.07776302398524859,-0.0204668518165807,-0.1424798623964496,0.2587781968145769
ZERO,1,0,COVID,VOL,4.614364446098307e-16,1.942890293094024e-16,-0.2407280253401327,0.5042457168528927,0.5043217577493748,0.5043217577557065,-0.21387357693960796,-1.6346480226310043,0.0,-0.08691556129727353,-0.02333175977502554,-0.22754240424580996,-0.21739626556510697,0.0,0.0,0.0,0.0,0.0,0.2164538641299386,0.21018292822266366,0.006270935907274955,0.029681115327322094,0.5135811701069315,0.020488653914744664,0.07421142587078568,-0.05372277195604101,-0.7117244641622871,0.13687027051385647,0.10538715919144992,0.12975667173778271,-0.024369512546332794,-0.16705788478995443,0.38234825339452094
ZERO,1,0,2022,VOL,3.929148673087468e-16,6.38378239159465e-16,0.08208879599551583,0.5661759754802915,0.5653342249758357,0.5653342249795003,-0.057198011003947974,,0.0,0.1557841597397025,0.13478607031677953,-0.07453504405053353,-0.05269727432126433,0.0,0.0,0.0,0.0,0.0,0.13897725195393,0.14029911050619587,-0.001321858552265881,-0.007264339216696891,0.4312520859957698,0.035410659712032014,0.03897338956259656,-0.003562729850564543,-0.07004495746601136,0.3941662523989131,0.08645563290166003,0.14532070307051792,-0.05886507016885789,-0.27103894155449293,0.23849581345651483
ZERO,1,0,2023_PLUS,VOL,4.666406150377611e-16,2.7755575615628914e-16,-0.09497495834450043,0.8368163406048552,0.8371194658415514,0.8371194658432712,-0.04102555663658569,0.6973363443849755,0.0,-0.04806614080594056,-0.05315460908967444,-0.03622356016878788,-0.04182034925482627,0.0,0.0,0.0,0.0,0.0,0.049586476239139976,0.033380973026619104,0.016205503212520872,0.09529844849178126,0.24375084219946375,0.011644849069206542,0.008930056791713638,0.0027147922774929042,0.059282826263321264,0.21279249712953097,0.06085927707984551,0.03646016891136328,0.02439910816848223,0.118872626063379,0.2517817714445253
ZERO,1,0,2024_PLUS,VOL,4.640385298237959e-16,1.249000902703301e-16,-0.08981376809820746,0.831529751078051,0.8317093958395323,0.8317093958436912,-0.04866366379317394,0.6297196672453027,0.0,-0.040501394344735625,-0.04057595995076886,-0.045072363360951294,-0.04923780814743847,0.0,0.0,0.0,0.0,0.0,0.05541503729346667,0.03587040721931617,0.0195446300741505,0.11147520356707685,0.2623848364048751,0.014990978025087816,0.010273968943729117,0.004717009081358699,0.09301947605960126,0.24581871069520067,0.06085927707984462,0.037660288621404026,0.023198988458440595,0.11369038112999585,0.2517817714445223
ZERO,1,0,EX_MAJOR_SHOCKS,VOL,4.837710093630321e-16,2.220446049250313e-16,-0.04794177652268286,0.8797848213944235,0.8799352047953365,0.8799352047981325,-0.019337105335416965,0.7939830136292689,0.0,-0.02721941092051946,-0.028419370834186032,-0.01856372575553375,-0.019522405688496607,0.0,0.0,0.0,0.0,0.0,0.036164278104410724,0.022338908294541188,0.013825369809869537,0.08515191606236838,0.19579995164994035,0.010053381482609633,0.00644467105615968,0.003608710426449953,0.0765128043579687,0.18752998252203845,0.06085927707984551,0.026750065595188444,0.034109211484657065,0.15867382514040096,0.2517817714445253
ZERO,1,0,ALL,CORE_VOL,4.722784663346857e-16,6.071532165918825e-17,-0.014334710694745317,0.9161618215948693,0.9162400946077657,0.916240094606442,-0.0014886947675654405,0.9124620698906967,0.0,-0.014737453946279646,-0.012767355831756429,-0.004930477353508878,-0.0015673548629888282,0.0,0.0,0.0,0.0,0.0,0.03598963750555412,0.018445032494570746,0.017544605010983372,0.08765962219899648,0.16464471678198989,0.011331021219320343,0.0056413193514348176,0.005689701867885526,0.09229506261939735,0.16839539109873047,0.09483000527409324,0.03263169336875016,0.062198311905343084,0.1268913615121714,0.1813881721115721
ZERO,1,0,GFC,CORE_VOL,4.4398078963281407e-16,1.0998146837692957e-15,0.016613410043576117,0.854859126273368,0.8549428873150787,0.8549428873167697,0.01616846951766379,1.6587828365556154,0.0,-0.009827454842623144,0.0010501345827496134,0.007119598872850337,0.015563275460825404,0.0,0.0,0.0,0.0,0.0,0.07305612232810266,0.0426741283452923,0.030381993982810357,0.12160918297486512,0.24975838510704296,0.01884753327906588,0.012165129144148426,0.006682404134917455,0.09326338927632416,0.22486793319668352,0.09483000527409313,0.057632021340266126,0.037197983933827006,0.0799665219792629,0.18138817211157232
ZERO,1,0,2011,CORE_VOL,4.440892098500626e-16,4.718447854656915e-16,-0.016313755698743135,0.8966798029359779,0.8965220422573793,0.8965220422534546,-0.015519375508418802,0.3773589432994803,0.0,-0.005119886280901791,-0.0006299333769159649,-0.0180989511539943,-0.015683822321826697,0.0,0.0,0.0,0.0,0.0,0.03657811795695076,0.022637371260738642,0.01394074669621212,0.07125659925366945,0.1675751790566785,0.010214697722791335,0.00645588140543208,0.003758816317359255,0.06708777644005426,0.1634764512217024,0.019570522323194894,0.014923554269181571,0.004646968054013323,0.03396261423089797,0.12896594456994503
ZERO,1,0,2015_2016,CORE_VOL,4.440892098500626e-16,6.557254739192331e-16,-0.012902653305900083,0.9505357521484257,0.9505314076458884,0.9505314076489706,-0.009160818637792917,0.8514980509611961,0.0,-0.005025954682748176,-0.0035364324081385875,-0.009446576050002252,-0.00936622089776215,0.0,0.0,0.0,0.0,0.0,0.013778018524685715,0.00969089105409518,0.004087127470590535,0.022532982955229652,0.0721078672315758,0.004183482169116813,0.0027296243943427667,0.0014538577747740464,0.02771672964727967,0.07580999031394575,-0.00011471969347720545,0.008419996052013712,-0.008534715745490917,-0.05167982199687171,-0.0006609572027451716
ZERO,1,0,2018Q4,CORE_VOL,3.452099717193846e-16,3.608224830031759e-16,0.03854490203873334,0.8158130157607957,0.8145370479431149,0.8145370479466895,-0.03632962504416293,,0.0,0.1315560109824417,0.07231411808294537,-0.06981353086498233,-0.03376921604421167,0.0,0.0,0.0,0.0,0.0,0.06086538310855888,0.06012843249071653,0.0007369506178423468,0.002798945859226465,0.18819056146496815,0.02016917159290632,0.015272431435818135,0.004896740157088186,0.07238810073857316,0.24324213900793634,0.02860094937150326,0.038294309277354,-0.00969335990585074,-0.05293561205746933,0.129176205414818
ZERO,1,0,COVID,CORE_VOL,3.8207284558389176e-16,9.71445146547012e-17,-0.12384572019475076,0.7523189772255137,0.752308247693494,0.7523082476881854,-0.11543424034510985,-0.3554295614787137,0.0,-0.0434319400074455,-0.005829522640975524,-0.11830173400269031,-0.11801619755377533,0.0,0.0,0.0,0.0,0.0,0.11677200029374174,0.10536421782535799,0.011407782468383754,0.036089650778127425,0.277065511339568,0.010244326957372457,0.037076355134132016,-0.02683202817675956,-0.2382578307124481,0.06843513525692912,0.0519878709521322,0.06317230416570274,-0.011184433213570544,-0.05264277641961401,0.18861379136463297
ZERO,1,0,2022,CORE_VOL,3.920475055707584e-16,1.3877787807814457e-16,0.04166221322666491,0.7831809015115141,0.7825701012467571,0.7825701012398524,-0.026346041162645106,,0.0,0.07792684868662475,0.06725139288305129,-0.03743537565852342,-0.025589179656386244,0.0,0.0,0.0,0.0,0.0,0.07065551190021763,0.07022712452156632,0.00042838737865130705,0.0016996976036537381,0.21924693765112369,0.01770532985601614,0.019478347699526444,-0.001773017843510305,-0.025199761959131095,0.197083126199458,0.04326670656307019,0.07028529097254432,-0.027018584409474133,-0.09246021661187176,0.11935518867904349
ZERO,1,0,2023_PLUS,CORE_VOL,4.0635897424756706e-16,2.8449465006019636e-16,-0.047734284139897776,0.9185028898864402,0.9186669695220017,0.9186669695187243,-0.020671580598929484,0.8478816607263684,0.0,-0.02400142481928707,-0.026753865192226285,-0.018235788615491636,-0.020980418947671775,0.0,0.0,0.0,0.0,0.0,0.026548438647519657,0.016682337578521583,0.009866101068998073,0.05283090776435129,0.13050341081316452,0.006437524692017735,0.004459844964699228,0.001977679727318507,0.03934575485803948,0.11763629965543276,0.03014170009307715,0.018067796687421644,0.012073903405655506,0.053986529700995156,0.12469965152277229
ZERO,1,0,2024_PLUS,CORE_VOL,4.0592529337857286e-16,2.7755575615628914e-17,-0.04499462864290718,0.9158768953711842,0.9159733286584028,0.9159733286539966,-0.024454541617810577,0.8144980839925118,0.0,-0.020222147091685072,-0.020313634817948647,-0.022667127729351286,-0.024680993824958506,0.0,0.0,0.0,0.0,0.0,0.029756141127027097,0.01792900492617816,0.011827136200848937,0.06119534645178726,0.14089244730285289,0.007972398719148621,0.005130153068195066,0.002842245650953555,0.05088730794062779,0.13072961423927532,0.030141700093076707,0.018654646508731942,0.011487053584344764,0.05149765461547773,0.12469965152277074
ZERO,1,0,EX_MAJOR_SHOCKS,CORE_VOL,4.727121472036799e-16,3.191891195797325e-16,-0.023787670245294545,0.9399287459309562,0.9400081290081077,0.9400081290069053,-0.00947972563136995,0.8977788373278653,0.0,-0.013600517834021022,-0.014202783035279871,-0.00935164078000977,-0.009584887210014353,0.0,0.0,0.0,0.0,0.0,0.019577628349201265,0.01116830757881443,0.008409320770386836,0.048459817120833915,0.10599682573856173,0.00567570398585069,0.003220387615745064,0.0024553163701056258,0.04872715756977308,0.1058713101763804,0.03014170009307715,0.013290524423493544,0.016851175669583607,0.07377151984939778,0.12469965152277229
ZERO,1,1,ALL,VOL,4.804506402097952e-16,8.673617379884035e-17,-0.03060853197077462,0.8322724276149529,0.8324188083622144,0.8324188083669314,-0.004695042510124203,0.8130759819236899,-0.00030915114838122573,-0.029485707779387072,-0.026167160686958083,-0.009157261318729843,-0.004087097546527236,0.0,0.0,-0.0003539663195299479,-3.0624986965871834e-07,-3.0741775926567586e-07,0.06566243144248876,0.036875319637034054,0.028787111805454707,0.15841928624765544,0.3003908136256429,0.019688598864889315,0.011285705461382405,0.00840289340350691,0.15004500855474912,0.29260110292494235,0.19763946338401872,0.06707805802413924,0.13056140535987948,0.28649263647538215,0.37803921761599857
ZERO,1,1,GFC,VOL,4.747721313314024e-16,2.6020852139652106e-16,0.028829705382521865,0.709716745543119,0.7098717643815364,0.7098717643846921,0.029394287854434865,2.1432038960780835,-0.0003007580875893136,-0.019655858863698222,-0.001242063916444485,0.017082903362842353,0.030384691198712743,0.0,0.0,-0.0003126494150751639,-3.0838722966948735e-07,-2.724846709684793e-07,0.13576473987455331,0.08525687270644869,0.050507867168104625,0.24370466052855388,0.464141554533378,0.032063205450421996,0.024329358330679243,0.0077338471197427525,0.13000978715779887,0.38254272506340303,0.1976394633840165,0.12081501755402702,0.07682444582998949,0.19111202128374372,0.37803921761599535
ZERO,1,1,2011,VOL,3.86843335142828e-16,1.4849232954361469e-15,-0.033905254171268835,0.7932641618899652,0.7929919124031604,0.7929919124080057,-0.03184760004187366,-0.29404924744119787,-0.0003372334027026637,-0.010242353935501372,-0.002125011229643661,-0.0354006576954325,-0.031437313400038726,0.0,0.0,-0.0003438693658496943,8.815048695211464e-07,9.398242647329679e-07,0.0687212760085737,0.04527289249071323,0.023448383517860466,0.13553511903964532,0.31483249481817144,0.01713677441521929,0.012917169497269627,0.0042196049179496625,0.08512924013528733,0.2742576572321094,0.03396823472075994,0.030030092964238975,0.003938141756520963,0.03235425367968903,0.22384407548205154
ZERO,1,1,2015_2016,VOL,4.4333026832932276e-16,1.5612511283791264e-16,-0.02654656497710379,0.9010299423898687,0.9010227515931841,0.9010227515875634,-0.01898764691937472,0.6944646542132189,-0.00030178228670459784,-0.010055979793296452,-0.0071872472966054745,-0.018664108744382162,-0.01903473596342808,0.0,0.0,-0.00032437832390854,-2.0835380917568084e-07,-2.0339316185007292e-07,0.024096522620554145,0.019360652524955224,0.004735870095598921,0.0275799150414745,0.12611021321770344,0.007601696098811034,0.005461432762385934,0.0021402633364250995,0.043044290168140265,0.13775235182658485,-0.0002466019187936652,0.01686379683793271,-0.017110398756726375,-0.10919054827641883,-0.0014207962861216838
ZERO,1,1,2018Q4,VOL,3.286216784803564e-16,2.220446049250313e-16,0.07683322949997634,0.6314322506732424,0.6294912965728322,0.6294912965680666,-0.0823360081669226,,-0.000514350424375874,0.2628160854584285,0.14801584630181577,-0.14061831378761977,-0.07092432612976753,0.0,0.0,-0.00025870814874507807,7.994022156087413e-07,4.174766734032484e-07,0.11800226206111594,0.12005300389300588,-0.0020507418318899406,-0.010083737522617708,0.36485290681255866,0.0386079936518704,0.030559962605049562,0.008048031046820836,0.15371123260486386,0.46561609709288854,0.057192876567519146,0.0777552407842792,-0.020562364216760054,-0.14313701582908167,0.258311662168502
ZERO,1,1,COVID,VOL,4.0766001685454967e-16,2.3037127760972e-15,-0.2412603352211654,0.5042457168528927,0.5043217577493748,0.5043217577557065,-0.2143550820667718,-1.640473888454135,-0.0006196484162191162,-0.08691556129727353,-0.023325003544653194,-0.22754240424581004,-0.21733121548185177,0.0,0.0,-0.0006039112150287559,-4.5582847937823416e-07,-2.0497963397997505e-07,0.21645861396027904,0.21018334785576898,0.006275266104510069,0.02970166967918153,0.5135924400532268,0.020476734295506477,0.07421132970002112,-0.05373459540451464,-0.7118801953559684,0.13679064393046347,0.10532394130162603,0.12974995112241183,-0.0244260098207858,-0.16743747087227057,0.38211889670682897
ZERO,1,1,2022,VOL,4.0766001685454967e-16,8.881784197001252e-16,0.08178695253681073,0.5661759754802915,0.5653342249758357,0.5653342249795003,-0.05746400047858585,,-0.00040405656210946013,0.1557841597397025,0.13475840567411934,-0.07453504405053354,-0.05268642398364209,0.0,0.0,-0.00028562034152931795,7.566951757221243e-07,5.911878619156839e-07,0.1389758645053028,0.1402990863833951,-0.0013232218780923066,-0.007271830477362462,0.43124778068604275,0.03540621347737998,0.038973218147804266,-0.003567004670424284,-0.07012876610988394,0.39411676008037577,0.0862434052867247,0.14529272723317477,-0.05904932194645007,-0.2718522944542505,0.23791036406515398
ZERO,1,1,2023_PLUS,VOL,4.804506402097952e-16,8.049116928532385e-16,-0.09544813288452006,0.8368163406048552,0.8371194658415514,0.8371194658432711,-0.041480299906404755,0.6958284444235268,-0.0003902593106634158,-0.04806614080594056,-0.0531445930570114,-0.036223560168787874,-0.04181276727541772,0.0,0.0,-0.0004898539390896132,-7.699257756042244e-07,-9.186130005299836e-07,0.049589531451383534,0.033381321134847514,0.01620821031653602,0.09531456306662867,0.24376586062008865,0.011637485035855051,0.008929678973317104,0.002707806062537947,0.05912978068112229,0.21265793024622537,0.06079641647334233,0.03645761210602683,0.024338804367315503,0.11857734843011958,0.2515217099449669
ZERO,1,1,2024_PLUS,VOL,4.804506402097952e-16,4.718447854656915e-16,-0.09027463424262694,0.831529751078051,0.8317093958395323,0.8317093958436912,-0.04910597582502052,0.627819628165276,-0.00040197570683739764,-0.040501394344735625,-0.04056814442045497,-0.0450723633609513,-0.04922863478763266,0.0,0.0,-0.00047701837236033447,-7.50570673024288e-07,-8.366621785091476e-07,0.05541846574804754,0.0358708118173037,0.01954765393074384,0.11149270779426368,0.26240106980537903,0.014982743995000096,0.010273579001213444,0.004709164993786652,0.09286407646372763,0.24568369090819286,0.06079641647334222,0.03765766206361987,0.02313875440972235,0.11339373487901061,0.25152170994496637
ZERO,1,1,EX_MAJOR_SHOCKS,VOL,4.804506402097952e-16,6.938893903907228e-17,-0.04829142390002916,0.8797848213944235,0.8799352047953365,0.8799352047981325,-0.01967554076833966,0.7924735509320499,-0.00029585160144645934,-0.02721941092051946,-0.028415045404602594,-0.018563725755533753,-0.01951949243952185,0.0,0.0,-0.0003564783059152858,-3.6677745126549467e-07,-4.077499893626877e-07,0.03616534432915569,0.022339055920621326,0.013826288408534365,0.08515739224882823,0.19580520090628006,0.010048606261135996,0.0064446951876799136,0.003603911073456083,0.07640715756144678,0.18743242929738957,0.06079641647334233,0.02674810729867305,0.03404830917466928,0.1583890686666699,0.2515217099449669
ZERO,1,1,ALL,CORE_VOL,5.030698080332741e-16,4.683753385137379e-17,-0.014511199047031076,0.9161618215948693,0.9162400946077657,0.916240094606442,-0.0016561066316429784,0.9113811915067966,-0.00015390641552636816,-0.014737453946279646,-0.012766317783449147,-0.004930477353508881,-0.0015672455275297932,0.0,0.0,-0.0001774347137221324,-2.0373370686893633e-07,-2.010223300514119e-07,0.035990308979883895,0.018445093045393574,0.01754521593449032,0.08766256000402561,0.16464754593461395,0.011327168866155007,0.0056411113715793895,0.005686057494575618,0.09223563451910477,0.16833813954960963,0.09470404989545356,0.032624270732527605,0.06207977916292595,0.1266476239250628,0.18114724819900885
ZERO,1,1,GFC,CORE_VOL,5.030698080332741e-16,7.251144129583054e-16,0.016456364370088156,0.854859126273368,0.8549428873150787,0.8549428873167697,0.016029086361069162,1.652555397758965,-0.00015057165983792993,-0.009827454842623144,0.0010500344528298138,0.00711959887285031,0.01556208344676134,0.0,0.0,-0.00015553857816507505,-2.47015251502594e-07,-2.1495133719819944e-07,0.07305722557016284,0.04267403634862815,0.030383189221534684,0.1216139223422722,0.24976215678211344,0.018843996613011893,0.012164510549171295,0.006679486063840598,0.09322185820857642,0.22482573760672553,0.09470404989544856,0.05761946997524359,0.037084579920204974,0.07972058017677008,0.18114724819899974
ZERO,1,1,2011,CORE_VOL,4.3194614551822497e-16,1.0408340855860843e-17,-0.016483798041871636,0.8966798029359779,0.8965220422573792,0.8965220422534547,-0.01567868506132704,0.37086900032348535,-0.0001670948457550093,-0.005119886280901796,-0.0006298574122796248,-0.0180989511539943,-0.015682536007268,0.0,0.0,-0.00017186430725089205,4.157747631602527e-07,4.5968492689105635e-07,0.03657587860780828,0.022637323313604713,0.01393855529420357,0.07124538068184405,0.16756491993580291,0.010209363565547795,0.006455569078455986,0.003753794487091809,0.06699777277303032,0.1633910831452211,0.019542995293692744,0.014922418033346485,0.004620577260346259,0.033769455276101756,0.12878454678697737
ZERO,1,1,2015_2016,CORE_VOL,3.7643499428696714e-16,4.336808689942018e-17,-0.013064658646497682,0.9505357521484257,0.9505314076458883,0.9505314076489708,-0.009318220988458359,0.8496334647971686,-0.00015063836946022747,-0.005025954682748189,-0.003536165248803303,-0.00944657605000225,-0.009365482742806573,0.0,0.0,-0.0001629807370467701,-4.0784634551729713e-08,-2.991784107712562e-08,0.013778016709995483,0.009690879776120431,0.004087136933875052,0.02253303372677795,0.0721078577343145,0.004182807980846449,0.0027295667265564427,0.0014532412542900067,0.027704945678847515,0.07579777316942837,-0.00012328338276668127,0.008419666341729637,-0.008542949724496318,-0.051729577506327784,-0.0007102968753538441
ZERO,1,1,2018Q4,CORE_VOL,3.634245682171411e-16,1.7139067942650854e-15,0.03841689505074669,0.8158130157607957,0.8145370479431149,0.8145370479466895,-0.03644181175644967,,-0.00025440499415283727,0.1315560109824417,0.07230494007930137,-0.06981353086498233,-0.03376493363696671,0.0,0.0,-0.0001233506865777993,4.7168317161481486e-07,2.392949915420167e-07,0.06086615772908727,0.06012932414333033,0.0007368335857569352,0.0027985108473614906,0.18819295652542312,0.020168217824244272,0.015271811381008193,0.004896406443236079,0.07238250400072666,0.2432306364666248,0.028551182130194253,0.03828950285773114,-0.009738320727536887,-0.053179748050932174,0.12895143163885836
ZERO,1,1,COVID,CORE_VOL,2.992397996059992e-16,2.7755575615628914e-17,-0.12413678540220924,0.7523189772255137,0.7523082476934941,0.7523082476881854,-0.1156865029986554,-0.3586151248222767,-0.0002978432661224505,-0.04343194000744549,-0.0058287399578096765,-0.11830173400269031,-0.11799885736793944,0.0,0.0,-0.00030882349563354534,-5.692139210144763e-07,-3.6458082654548957e-07,0.11677444194800701,0.10536458765092127,0.011409854297085742,0.03609624744550377,0.2770713046649016,0.01023843722068521,0.03707628639761454,-0.02683784917692933,-0.2383093734459334,0.06839579007315111,0.051958376700865117,0.06316755598752799,-0.011209179286662874,-0.05275807191149795,0.18850678520236752
ZERO,1,1,2022,CORE_VOL,4.510281037539698e-16,6.314393452555578e-16,0.04152011366622288,0.7831809015115141,0.7825701012467571,0.7825701012398523,-0.026465470109634348,,-0.00020112246450356168,0.07792684868662475,0.06724458310831777,-0.03743537565852342,-0.025586581498483703,0.0,0.0,-0.00013824625765814874,4.602434068313669e-07,3.58314046331009e-07,0.07065490420060616,0.07022711238068491,0.0004277918199212527,0.0016973345443699328,0.21924505193442245,0.017703166943737234,0.01947823113145568,-0.0017750641877184448,-0.0252288046886322,0.19705905019990932,0.04316841330737753,0.07026771621046246,-0.027099302903084932,-0.09273086605670788,0.11908403769457954
ZERO,1,1,2023_PLUS,CORE_VOL,4.920109458739219e-16,2.42861286636753e-16,-0.04797861565577072,0.9185028898864402,0.9186669695220016,0.9186669695187243,-0.02090559858431512,0.8471030315901722,-0.0001939794471677498,-0.024001424819287104,-0.026751342807877776,-0.018235788615491605,-0.020978515247631897,0.0,0.0,-0.0002479932870176247,-6.319264033407772e-07,-7.643132436596694e-07,0.02655108724517735,0.016682530795416012,0.00986855644976134,0.05284411048922666,0.1305164304499421,0.006433588623643127,0.0044596387454816575,0.0019739498781614698,0.039271388735584556,0.11756437379247597,0.03011170429037946,0.018066424607025677,0.012045279683353782,0.05385821287852188,0.12457555546541688
ZERO,1,1,2024_PLUS,CORE_VOL,3.9627589404345187e-16,1.5265566588595902e-16,-0.04523221313694176,0.9158768953711842,0.9159733286584028,0.9159733286539966,-0.024681748763403982,0.8135185808787765,-0.00019945068398688595,-0.020222147091685072,-0.020311680582346434,-0.02266712772935129,-0.024678696715132294,0.0,0.0,-0.00024104888741152404,-6.93897235968224e-07,-7.869520513499434e-07,0.029759319129237766,0.017929230848878597,0.011830088280359169,0.06121069249910627,0.14090749483563225,0.007967775745677044,0.005129939780941707,0.002837835964735337,0.05080816329926574,0.1306538077524365,0.03011170429037946,0.018653233297099336,0.011458470993280123,0.051369190436935885,0.12457555546541677
ZERO,1,1,EX_MAJOR_SHOCKS,CORE_VOL,4.920109458739219e-16,1.7694179454963432e-16,-0.02396540778841466,0.9399287459309562,0.9400081290081077,0.9400081290069053,-0.009651368954383954,0.8970116104033105,-0.00014737318424270856,-0.013600517834021022,-0.014201654194471721,-0.009351640780009772,-0.009584143030441927,0.0,0.0,-0.00017935991005254388,-2.269465204726667e-07,-2.5065344864524233e-07,0.019578337967113196,0.0111683850184994,0.008409952948613797,0.048463343854603935,0.10600038435058212,0.005672564218775128,0.0032203909783229817,0.0024521732404521462,0.048662441548083524,0.10580795627176598,0.03011170429037946,0.013289495260148443,0.016822209030231017,0.07364437712951233,0.12457555546541688
ZERO,1,3,ALL,VOL,5.778357122215166e-16,3.122502256758253e-16,-0.03130732902754424,0.8322724276149529,0.8324188083622146,0.8324188083669314,-0.005361428351513181,0.808795039847769,-0.0009274393237494426,-0.02948570777938704,-0.02615891989601902,-0.009157261318729881,-0.004085923917924798,0.0,0.0,-0.001061563233156605,-9.187440443492909e-07,-9.219804435060996e-07,0.06566422632692473,0.03687554514600952,0.02878868118091521,0.15842755191044677,0.30039813040702756,0.019672636251931323,0.011284946620743405,0.008387689631187918,0.14977149524722266,0.2923638753706037,0.19704986065218122,0.06704934204076574,0.13000051861141548,0.28524390143758005,0.37691144206130045
ZERO,1,3,GFC,VOL,5.778357122215166e-16,8.118505867571457e-16,0.028195110506439414,0.709716745543119,0.7098717643815364,0.7098717643846922,0.02881821592108936,2.1180398742768687,-0.0009022629568323903,-0.019655858863698222,-0.0012418299622401097,0.01708290336284237,0.0303754226524339,0.0,0.0,-0.0009376649046273245,-9.252132230331402e-07,-8.172791262389919e-07,0.13576802598368107,0.08525655331548437,0.050511472668196694,0.24372168176986575,0.4641527888185123,0.03205101483617933,0.024327306174631337,0.007723708661547993,0.12983487565980045,0.3823972801296517,0.19704986065218233,0.12076864603187198,0.07628121462031034,0.18973876687506697,0.3769114420613039
ZERO,1,3,2011,VOL,3.391384395534658e-16,2.5673907444456745e-16,-0.0345795027167325,0.7932641618899652,0.7929919124031602,0.7929919124080057,-0.03248390259728346,-0.3197830413375482,-0.0010116960356480202,-0.01024235393550137,-0.0021241118238265215,-0.03540065769543247,-0.03142693947809458,0.0,0.0,-0.0010312701310476516,2.644673245024972e-06,2.8187162359927463e-06,0.06870968818471238,0.045272712047277425,0.02343697613743495,0.1354690414035966,0.31477940756910283,0.017116102057382822,0.012916055344680342,0.004200046712702479,0.08473275472300024,0.2739268159493614,0.033542661750400105,0.030026026085269608,0.0035166356651304964,0.028890356931165595,0.22103963218720613
ZERO,1,3,2015_2016,VOL,3.608224830031759e-16,1.1275702593849246e-15,-0.027187287242059627,0.9010299423898687,0.9010227515931841,0.9010227515875635,-0.019610972422952594,0.6870903178745811,-0.00090532368338765,-0.010055979793296452,-0.007185078959861714,-0.01866410874438218,-0.0190287551286107,0.0,0.0,-0.0009728433311157655,-6.248827756620223e-07,-6.098224725743411e-07,0.024097985534678595,0.019360608997459533,0.004737376537219062,0.027588680993933745,0.12611786944325343,0.0075988955408733405,0.005461213650733265,0.002137681890140075,0.0429921834941317,0.13770160217317462,-0.0002808861052888689,0.016862533023476622,-0.01714341912876549,-0.10940038649805439,-0.0016183245336041097
ZERO,1,3,2018Q4,VOL,4.510281037539698e-16,1.9984014443252818e-15,0.07627689717031477,0.6314322506732424,0.6294912965728321,0.6294912965680665,-0.08283606657630066,,-0.0015431118428738183,0.2628160854584286,0.14793895545513774,-0.14061831378761996,-0.07088754470949324,0.0,0.0,-0.0007757651010507033,2.3976371950312323e-06,1.251525722973109e-06,0.11800625853314378,0.12005569853907319,-0.0020494400059294093,-0.010077469817423523,0.3648652635624282,0.03860543005049699,0.03055802656612905,0.008047403484367943,0.15369356353678043,0.4655851798150632,0.056986305920353475,0.07773967575934082,-0.020753369838987346,-0.14445097698869547,0.2573786857136179
ZERO,1,3,COVID,VOL,2.949029909160572e-16,8.049116928532385e-16,-0.2423239912334471,0.5042457168528927,0.5043217577493748,0.5043217577557065,-0.21531713400230096,-1.6521150723402114,-0.0018589464922303602,-0.08691556129727353,-0.023311498951821923,-0.22754240424580996,-0.2172011907757694,0.0,0.0,-0.0018106869934724106,-1.3672708601234313e-06,-6.145123825716646e-07,0.2164679361664385,0.21018418589733176,0.0062837502691067415,0.029741944332691284,0.5136145588985823,0.020452888882525277,0.074211137329392,-0.05375824844686672,-0.7121917376928928,0.13663134951615818,0.10519749718896776,0.1297365115855198,-0.02453901439655204,-0.16819660880297804,0.3816601530989946
ZERO,1,3,2022,VOL,4.822531263215524e-16,9.298117831235686e-16,0.08118362120548678,0.5661759754802915,0.5653342249758357,0.5653342249795003,-0.057995631331818065,,-0.0012121699929434715,0.1557841597397025,0.134703097951758,-0.07453504405053353,-0.05266473176140206,0.0,0.0,-0.0008565179733007251,2.2702788410267585e-06,1.772988430631586e-06,0.13897301644597718,0.1402990372638326,-0.0013260208178554334,-0.007287210220471518,0.43123894304169463,0.0353973211920862,0.03897287532925596,-0.0035755541371697633,-0.07029637831752367,0.3940177774915732,0.08581912345439358,0.14523678113343352,-0.05941765767903995,-0.27347760646942887,0.23673994361549133
ZERO,1,3,2023_PLUS,VOL,4.445228907190568e-16,3.469446951953614e-16,-0.09639392735652799,0.8368163406048552,0.8371194658415514,0.8371194658432711,-0.04238923029023825,0.6928144119106616,-0.0011707572990073557,-0.04806614080594056,-0.053124568791297046,-0.03622356016878788,-0.04179760919864533,0.0,0.0,-0.001468994257631153,-2.3099822792569043e-06,-2.7551089548091924e-06,0.049595539578737,0.03338201712055741,0.016213522458179586,0.09534619206728634,0.24379539460220478,0.011622757197822048,0.008928923363735825,0.0026938338340862233,0.05882370152674732,0.21238880065822163,0.06067070136808028,0.036452499182486386,0.024218202185593896,0.11798684203525833,0.2510016122142841
ZERO,1,3,2024_PLUS,VOL,3.4314998759166215e-16,8.604228440844963e-16,-0.09119581613780778,0.831529751078051,0.8317093958395323,0.8317093958436912,-0.049990048627348654,0.6240218191444786,-0.0012059097690267405,-0.040501394344735625,-0.04055251953981258,-0.04507236336095131,-0.04921029526233771,0.0,0.0,-0.0014304918484569528,-2.2520620927458842e-06,-2.5094872014078048e-06,0.05542521226891273,0.03587162068840699,0.019553591580505736,0.11152708851971005,0.2624330139284903,0.014966275814316601,0.010272799132866405,0.004693476681450197,0.09255328176672362,0.24541364935811272,0.060670701368079505,0.03765240964996175,0.023018291718117756,0.11280049216563315,0.25100161221428097
ZERO,1,3,EX_MAJOR_SHOCKS,VOL,4.510281037539698e-16,2.706168622523819e-16,-0.04899039521734369,0.8797848213944235,0.8799352047953365,0.8799352047981325,-0.02035208701850988,0.789455714627003,-0.0008875397771994207,-0.02721941092051946,-0.028406397200879684,-0.018563725755533757,-0.01951366772554801,0.0,0.0,-0.0010691073906707249,-1.1003287930947457e-06,-1.2229002449990034e-06,0.03616738140828732,0.022339352155721304,0.013828029252566015,0.08516774653646941,0.1958151727103461,0.010039055915594966,0.006444743131254378,0.003594312784340588,0.07619590690358224,0.18723735621955306,0.06067070136808028,0.026744191255790195,0.03392651011229009,0.15781959754010222,0.2510016122142841
ZERO,1,3,ALL,CORE_VOL,4.945046108706386e-16,2.8622937353617317e-16,-0.014864089895371052,0.9161618215948693,0.9162400946077657,0.9162400946064417,-0.001990844032705802,0.9092197321067176,-0.0004617161925752742,-0.014737453946279646,-0.012764242032085784,-0.004930477353508876,-0.001567026895426762,0.0,0.0,-0.0005322179741524218,-6.112184767636407e-07,-6.029937057980845e-07,0.03599163217236276,0.018445214585349257,0.017546417587013502,0.0876683320729158,0.16465310900102625,0.011319464009721357,0.005640695441901961,0.005678768567819396,0.0921167766443114,0.16822363422062026,0.09445221994992159,0.03260942739443473,0.06184279255548686,0.12616033230438295,0.18066555494832326
ZERO,1,3,GFC,CORE_VOL,4.380176776841438e-16,1.394717674685353e-15,0.01614234415636103,0.854859126273368,0.8549428873150787,0.8549428873167697,0.01575039031075383,1.6401033408608185,-0.0004517119314579829,-0.009827454842623144,0.0010498342205513963,0.007119598872850332,0.015559699777799902,0.0,0.0,-0.0004665450268845093,-7.410989500385238e-07,-6.448151043625441e-07,0.07305942009069744,0.04267385220967512,0.030385567881022313,0.1216233536923429,0.24976965923211136,0.018836924237584554,0.012163273636568661,0.006673650601015893,0.09313880806573704,0.2247413578408648,0.0944522199499217,0.057594370640612236,0.036857849309309465,0.07922890337600585,0.18066555494832404
ZERO,1,3,2011,CORE_VOL,4.718447854656915e-16,1.169203622808368e-15,-0.016823802708688905,0.8966798029359779,0.8965220422573793,0.8965220422534546,-0.015997224394606123,0.35789216844369903,-0.0005012867395407056,-0.005119886280901791,-0.0006297055136421223,-0.018098951153994337,-0.01567996378945229,0.0,0.0,-0.0005155122328138813,1.2473177928755674e-06,1.3788272182198862e-06,0.03657138220431502,0.022637227255245224,0.013934154949069799,0.07122285383552251,0.1675443205812549,0.010198693101773022,0.0064549443990126465,0.003743748702760376,0.06681773051373097,0.16322031259496816,0.019487935163488235,0.014920146086106478,0.0045677890773817564,0.03338309891513214,0.12842171121301005
ZERO,1,3,2015_2016,CORE_VOL,3.532872779044016e-16,9.97465998686664e-16,-0.013388596624815813,0.9505357521484257,0.9505314076458883,0.9505314076489708,-0.009632952855607307,0.8459051292364543,-0.0004519096711120052,-0.005025954682748189,-0.0035356310026148146,-0.009446576050002256,-0.009364006623633611,0.0,0.0,-0.0004888694642944307,-1.2216890094616618e-07,-8.953427395275762e-08,0.013777979709988813,0.00969085719987195,0.004087122510116864,0.02253295140171674,0.07210766409314884,0.004181459919345244,0.00272945140634593,0.0014520085129993143,0.027681383540931415,0.07577334458930829,-0.0001404078903033401,0.008419006891625003,-0.008559414781928343,-0.051829070356339324,-0.0008089596790692433
ZERO,1,3,2018Q4,CORE_VOL,3.668940151690947e-16,1.8943180357666733e-15,0.038160951750105976,0.8158130157607957,0.8145370479431149,0.8145370479466895,-0.03666611986760393,,-0.0007632590922951041,0.1315560109824417,0.0722865868277818,-0.06981353086498224,-0.03375637012108304,0.0,0.0,-0.00036998243969874766,1.4145747113273152e-06,7.174831078586591e-07,0.06086768466470549,0.06013110661777349,0.0007365780469320016,0.0027975592441843444,0.18819767767982376,0.020166310719885172,0.015270571574823366,0.004895739145061806,0.07237131307223155,0.24320763660559974,0.02845164700563607,0.0382798910598533,-0.009828244054217228,-0.053667991089512146,0.12850188118761607
ZERO,1,3,COVID,CORE_VOL,4.4376394919831696e-16,7.91033905045424e-16,-0.12471867765633675,0.7523189772255137,0.7523082476934941,0.7523082476881856,-0.11619079272491556,-0.36498364495845387,-0.0008935452143466187,-0.04343194000744549,-0.005827175006655998,-0.1183017340026902,-0.11796418587883033,0.0,0.0,-0.0009262231892972044,-1.707773614372359e-06,-1.0935815540005345e-06,0.11677929663875758,0.10536532677598376,0.01141396986277382,0.03610935189522879,0.2770828234140179,0.010226654454387418,0.03707614889354538,-0.02684949443915796,-0.2384124876226854,0.06831707770789319,0.05189937741799888,0.06315806137986113,-0.011258683961862248,-0.05298870683968149,0.1882927337664193
ZERO,1,3,2022,CORE_VOL,3.885780586188048e-16,6.938893903907228e-16,0.04123599498401259,0.7831809015115141,0.7825701012467571,0.7825701012398523,-0.026704252197029377,,-0.0006033715430827531,0.07792684868662475,0.06723096606100315,-0.037435375658523395,-0.025581386131445758,0.0,0.0,-0.00041465980507654054,1.3809224568500523e-06,1.0748595310435992e-06,0.07065367490396035,0.07022708778008774,0.00042658712387261266,0.0016925545490614757,0.21924123737674928,0.0176988412630064,0.019477998005941036,-0.0017791567429346344,-0.025286887969599103,0.19701089980179165,0.04297186258485797,0.0702325703700325,-0.02726070778517453,-0.09327195862725457,0.11854183445252953
ZERO,1,3,2023_PLUS,CORE_VOL,3.7513395167998453e-16,1.1171619185290638e-15,-0.048467135854026955,0.9185028898864402,0.9186669695220017,0.9186669695187243,-0.02137349054599763,0.8455462284957223,-0.0005819328749711634,-0.02400142481928707,-0.026746299035699958,-0.018235788615491612,-0.020974708618408368,0.0,0.0,-0.0007438353595088843,-1.896029050203899e-06,-2.29284040862373e-06,0.02655636358911037,0.016682917125788538,0.009873446463321833,0.05287040489029571,0.13054236722494517,0.006425716376793338,0.004459226323506725,0.0019664900532866125,0.03912265581619645,0.1174205200546361,0.03005171151255892,0.01806368084656873,0.01198803066599019,0.05360157702059043,0.12432735850024879
ZERO,1,3,2024_PLUS,CORE_VOL,3.7426658994199613e-16,2.7755575615628914e-17,-0.045707242771457324,0.9158768953711842,0.9159733286584028,0.9159733286539966,-0.02513602292816361,0.8115601491721317,-0.0005983489957586894,-0.020222147091685072,-0.020307772885374022,-0.02266712772935127,-0.024674103415857105,0.0,0.0,-0.0007230056000528943,-2.082069247564571e-06,-2.3608701732703926e-06,0.029765653395430525,0.01792968253716251,0.011835970858268013,0.06124127298734705,0.1409374869727832,0.007958529344748541,0.0051295132165778065,0.0028290161281707346,0.050649867529471426,0.13050218733440833,0.03005171151255903,0.018650407285136894,0.011401304227422138,0.05111225995748525,0.12432735850024923
ZERO,1,3,EX_MAJOR_SHOCKS,CORE_VOL,4.946130310878871e-16,9.71445146547012e-17,-0.024320797820621548,0.9399287459309562,0.9400081290081077,0.9400081290069053,-0.009994569803055353,0.8954773691021154,-0.0004421160464011205,-0.013600517834021022,-0.014199396886243554,-0.009351640780009768,-0.009582654919960057,0.0,0.0,-0.0005379941452267787,-6.808581198936031e-07,-7.518691910620013e-07,0.019579735737454335,0.011168540395839421,0.008411195341614913,0.04847026813671529,0.10600737973731322,0.005666284394952988,0.003220397539379395,0.0024458868555735924,0.048533026915483446,0.10568126312066972,0.03005171151255892,0.013287437239855038,0.016764274272703883,0.07339008875124498,0.12432735850024879
ZERO,2,0,ALL,VOL,6.622306869541461e-16,4.2327252813834093e-16,-0.02543336482249217,0.8303899837410427,0.830593054967753,0.8305930549635254,0.000915451083038088,0.8452189022195378,0.0,-0.029888457790389508,-0.02661856075287826,-0.004499960929888281,0.001185195930385665,0.0,0.0,0.0,0.0,0.0,0.06573518320810998,0.037236162265573025,0.02849902094253695,0.15716435343415014,0.30075287210289414,0.021448638161404562,0.011003449437359182,0.01044518872404538,0.19389063494546643,0.33061485745886365,0.2235132719872498,0.06970423335869169,0.1538090386285581,0.3394614267596673,0.42752991240758786
ZERO,2,0,GFC,VOL,5.503410227536421e-16,7.771561172376096e-16,0.044388380157574174,0.7084736371834879,0.708815791963413,0.7088157919650239,0.04338657525965528,2.7601625983837152,0.0,-0.0197273997972111,-0.0012420306729408967,0.03151801612280062,0.04563041083051429,0.0,0.0,0.0,0.0,0.0,0.13557108883690963,0.08521228568381259,0.05035880315309704,0.2429331505675052,0.4634795159677536,0.05169718288431679,0.02919571820945209,0.022501464674864698,0.31713616110498444,0.5162089723569689,0.2235132719872529,0.12430265935270024,0.09921061263455266,0.2489608673620216,0.4275299124075925
ZERO,2,0,2011,VOL,4.432218481120742e-16,6.869504964868156e-16,-0.029988926724040674,0.7945568097711657,0.7950397194222554,0.7950397194161349,-0.0281105638833159,-0.14457623183664525,0.0,-0.010141032462873565,-0.0020263671841600074,-0.03149338165860313,-0.027962559539881353,0.0,0.0,0.0,0.0,0.0,0.0658296693920595,0.04483877011307283,0.020990899278986674,0.12102680574728852,0.30158518950043645,0.013198590964312001,0.011103933393779374,0.002094657570532628,0.048775640821862476,0.24419820779479884,0.04137397833037504,0.02968974284387149,0.011684235486503547,0.09572550574422356,0.2726464888302568
ZERO,2,0,2015_2016,VOL,4.440892098500626e-16,1.2559397966072083e-15,-0.040393600713644534,0.8994966782120173,0.8996367800289055,0.8996367800330328,-0.03265059358747738,0.5350934189692265,0.0,-0.010196792982881037,-0.007241872712666221,-0.03201519192648887,-0.03315172800097957,0.0,0.0,0.0,0.0,0.0,0.024473410530414963,0.019621116286052703,0.00485229424436226,0.0283008531536324,0.12808267270574503,0.010578727668064364,0.005543522793248615,0.005035204874815749,0.10148740799681011,0.1917909081614616,-0.0007909526817252432,0.016997556219066956,-0.0177885089007922,-0.11361491002379753,-0.004557071729979212
ZERO,2,0,2018Q4,VOL,3.3480163086352377e-16,8.049116928532385e-16,0.09966110579005022,0.6005370708080591,0.5977337307016262,0.5977337306981256,-0.07001514843067191,,0.0,0.2853429493856594,0.163558237230513,-0.12577695147512968,-0.06389713144046358,0.0,0.0,0.0,0.0,0.0,0.1350610279953308,0.1305157074920988,0.004545320503232003,0.023562054106444963,0.41759715280429965,0.007776394876102821,0.01881810768861936,-0.011041712812516539,-0.3902987485065257,0.16507406202377295,0.06461201923863691,0.08376333139025238,-0.019151312151615474,-0.13913350093673182,0.29182022460248236
ZERO,2,0,COVID,VOL,3.608224830031759e-16,2.55351295663786e-15,-0.22130169612830186,0.502658688747033,0.5038953346265119,0.5038953346213437,-0.19154411323542891,-1.4220365505242,0.0,-0.08699033319951695,-0.022220482075136043,-0.20204516387758292,-0.19908121405316326,0.0,0.0,0.0,0.0,0.0,0.20169274380255336,0.21011016497471016,-0.008417421172156797,-0.03982697928348933,0.47855738579935847,0.05017211669089605,0.049687950573326534,0.0004841661175695178,0.00964105700287865,0.5021874723241697,0.11042903488593236,0.12852940426512227,-0.018100369379189907,-0.12304644401247189,0.4006403525497477
ZERO,2,0,2022,VOL,4.0722633598555547e-16,4.440892098500626e-16,0.07469625413887321,0.558933934509696,0.5583736872889764,0.5583736872855319,-0.06719378933232917,,0.0,0.15827881558147802,0.13602943354232153,-0.08769469847166486,-0.061333179403448755,0.0,0.0,0.0,0.0,0.0,0.14304886015712934,0.14256032099628002,0.0004885391608493161,0.0027185737958764777,0.44388645245719105,0.034936230827359194,0.03982510862914594,-0.004888877801786748,-0.09687135642306588,0.3869213771034693,0.08923837859856254,0.14851925157538937,-0.059280872976826826,-0.27703345921228584,0.24617227335103964
ZERO,2,0,2023_PLUS,VOL,4.831204880595408e-16,8.326672684688674e-17,-0.0787116300525588,0.8324694052498671,0.8326833074000093,0.832683307405398,-0.023126736397136832,0.747801165616364,0.0,-0.04913897090257253,-0.054578260503243076,-0.021772116690109044,-0.024133369549315633,0.0,0.0,0.0,0.0,0.0,0.04885807171134063,0.03442018297243876,0.014437888738901866,0.08547319132887299,0.2402808603048695,0.006344639443458734,0.007107265074274602,-0.0007626256308158677,-0.02159408133634111,0.14955418270315257,0.0704866790291786,0.03713489787615454,0.03335178115302406,0.16302602449505843,0.2916114314983471
ZERO,2,0,2024_PLUS,VOL,4.462576141950336e-16,4.85722573273506e-16,-0.06575380987911514,0.8274005294442759,0.8275427358150561,0.8275427358217945,-0.023219125680851826,0.7265054791323179,0.0,-0.041183058264134334,-0.04153691813077979,-0.02359525467114419,-0.024216891748334867,0.0,0.0,0.0,0.0,0.0,0.054810432782220836,0.036932589497431445,0.01787784328478939,0.10267112419390023,0.25969140266122703,0.008407018632054918,0.007727721458423813,0.0006792971736311049,0.01833715738865127,0.1877716442875984,0.0704866790291786,0.038278746354158066,0.032207932675020534,0.15832000840600502,0.2916114314983471
ZERO,2,0,EX_MAJOR_SHOCKS,VOL,6.622306869541461e-16,4.579669976578771e-16,-0.04472568092640164,0.8781282103809644,0.8782976270528341,0.8782976270461572,-0.015418132388106603,0.8084316578683823,0.0,-0.02766543754406061,-0.028958303635718455,-0.01542766599861593,-0.01576737729068364,0.0,0.0,0.0,0.0,0.0,0.03647651270314192,0.022667469469993456,0.013809043233148466,0.0852408138770161,0.19752498954207232,0.00926521499737161,0.005991848800903844,0.0032733661964677654,0.07581916664510646,0.18845073873767904,0.06735744307085612,0.0268854713943546,0.04047197167650152,0.18839163787767432,0.2786654253895223
ZERO,2,0,ALL,CORE_VOL,4.64255370258293e-16,1.0408340855860843e-17,-0.011692888733115775,0.9152387049762183,0.915348185150798,0.9153481851450301,0.0013772774528350573,0.9288400033983739,0.0,-0.014935114935923265,-0.012971283896867176,-0.002415818498484683,0.0012783951637514123,0.0,0.0,0.0,0.0,0.0,0.0359091000894165,0.018619914076817012,0.01728918601259949,0.08646804475416292,0.1642920040601621,0.011901602035990756,0.0054988888310422285,0.006402713204948528,0.10783315566655172,0.1834543727695359,0.10748600977028022,0.03394431673624476,0.07354169303403546,0.15043595184001535,0.20559622224469265
ZERO,2,0,GFC,CORE_VOL,4.0332320816460765e-16,5.342948306008566e-16,0.025314847251718627,0.8542522023126367,0.8544472662424512,0.8544472662370559,0.02392417242878008,2.003826838422459,0.0,-0.009861032608098726,0.0010670390274211095,0.0155430204370501,0.024247808224296983,0.0,0.0,0.0,0.0,0.0,0.07265769313705092,0.0426144964498722,0.030043196687178725,0.12022439223618253,0.24839626748889632,0.02867660788125706,0.014596318459221977,0.014080289422035083,0.16458268598859738,0.28634291965565184,0.10748600977028067,0.05946447690899981,0.04802153286128086,0.10364277467523741,0.20559622224469287
ZERO,2,0,2011,CORE_VOL,3.122502256758253e-16,1.3183898417423734e-15,-0.014304180204867673,0.897403492454032,0.8976720591571492,0.8976720591515959,-0.01359603612387344,0.4540576650489144,0.0,-0.005062985701528332,-0.0006024826568976301,-0.015870415578769555,-0.013701697547968725,0.0,0.0,0.0,0.0,0.0,0.03485807805981289,0.02239329229956652,0.012464785760246372,0.06363299921058907,0.15969516745830314,0.00891635992826944,0.005545205878841157,0.003371154049428282,0.06950335127133944,0.1649690577141283,0.023977812414819222,0.014733120079983175,0.009244692334836047,0.06747142109632254,0.15800913106611914
ZERO,2,0,2015_2016,CORE_VOL,4.440892098500626e-16,7.563394355258879e-16,-0.02013543917109613,0.9498078228280065,0.9498810428667134,0.9498810428689604,-0.016298974701814864,0.7682529406341007,0.0,-0.005092031030423297,-0.0035711958400080047,-0.016151644186697824,-0.01656424333108888,0.0,0.0,0.0,0.0,0.0,0.013910355574562744,0.009812742754216675,0.004097612820346069,0.022605976772857805,0.07280045901502097,0.005575345212960547,0.0027684804168232324,0.002806864796137315,0.05357723907648726,0.10108025797236686,-0.00039551838992812893,0.008476454063475525,-0.008871972453403654,-0.053740367136802414,-0.002278778130566428
ZERO,2,0,2018Q4,CORE_VOL,3.555641024666212e-16,1.6930901125533637e-15,0.04811370787767921,0.8003325495446916,0.798435488987622,0.7984354889841864,-0.03082331261351462,,0.0,0.14297746655235824,0.07920215139115025,-0.06461999094248169,-0.031088443513472733,0.0,0.0,0.0,0.0,0.0,0.0692698691640275,0.06547178230891249,0.0037980868551150126,0.014723981988218893,0.21417651388692427,0.007776394876102932,0.009406038232836145,-0.0016296433567332125,-0.04322376798396266,0.16507406202377528,0.03199825849593829,0.04110565119791898,-0.009107392701980688,-0.05051112122740986,0.14452015416334785
ZERO,2,0,COVID,CORE_VOL,2.5587171270657905e-16,2.345346139520643e-15,-0.11089169883298805,0.7520915999994031,0.7529731399525292,0.7529731399513456,-0.10020527468660534,-0.21365426665101,0.0,-0.043315353320820225,-0.005450689558076206,-0.10291562041931594,-0.1054410092749095,0.0,0.0,0.0,0.0,0.0,0.10910283914990426,0.1048960118682441,0.004206827281660164,0.013289031234818727,0.25886885419129835,0.032612001358908294,0.02476782050320503,0.007844180855703264,0.10439514718012688,0.3264231132754717,0.05398891081991786,0.06204738351860306,-0.008058472698685204,-0.0377297670308141,0.1958736331166131
ZERO,2,0,2022,CORE_VOL,3.469446951953614e-16,5.134781488891349e-16,0.038282291768402754,0.7795740784567897,0.7791506544803388,0.7791506544753737,-0.03099954158686391,,0.0,0.0791523779826718,0.06808941852201424,-0.04399099774132144,-0.029807126753611995,0.0,0.0,0.0,0.0,0.0,0.07282932226843608,0.07134473542328662,0.0014845868451494604,0.005916579167818736,0.22599235996069855,0.019639686985917976,0.019902882939723532,-0.00026319595380555616,-0.0037391121795993243,0.21751100661155298,0.044785763905429654,0.07188457675824089,-0.027098812852811238,-0.09324508820405186,0.12354564804408208
ZERO,2,0,2023_PLUS,CORE_VOL,4.64255370258293e-16,1.1102230246251565e-16,-0.03955448107017967,0.9162567915846012,0.9163724667336002,0.9163724667369827,-0.011610582676342962,0.8732640397119483,0.0,-0.02456043602090521,-0.027414646412373105,-0.011124075605056447,-0.012139834657806452,0.0,0.0,0.0,0.0,0.0,0.025901920909179255,0.0172259071482605,0.008676013760918755,0.04661730602739822,0.12738398429591857,0.0036748206779129294,0.0035526954420842458,0.00012212523582868368,0.0031418093336902375,0.08662191255525642,0.03477579737913872,0.01840058463688654,0.016375212742252176,0.07332826010963267,0.14387144060268664
ZERO,2,0,2024_PLUS,CORE_VOL,4.440892098500626e-16,3.122502256758253e-16,-0.03287251217883508,0.9137122936444939,0.9137885854574518,0.9137885854547206,-0.011567419225981423,0.8632710106897834,0.0,-0.02058741755483077,-0.02072205818292111,-0.012095340736674813,-0.01215045399591428,0.0,0.0,0.0,0.0,0.0,0.029076613671937118,0.018493312411815094,0.010583301260122024,0.05495918701512614,0.13776476859991704,0.004934163226422504,0.0038633221634728696,0.0010708410629496345,0.026176016014093362,0.11020505398621827,0.03477579737913883,0.018964726655058106,0.015811070724080722,0.0709813453726773,0.1438714406026872
ZERO,2,0,EX_MAJOR_SHOCKS,CORE_VOL,4.64255370258293e-16,1.0408340855860843e-16,-0.02221234336877906,0.9390963703990565,0.9391859755159966,0.9391859755100304,-0.007542640739832435,0.9048604357523957,0.0,-0.013824271092031723,-0.01446304401618089,-0.007833707982194437,-0.0077492993525980665,0.0,0.0,0.0,0.0,0.0,0.01968834177127693,0.011334337085202761,0.008354004686074168,0.0481961343781,0.10661489309906658,0.005245000165361495,0.0029943380755779805,0.0022506620897835145,0.04874639198759201,0.10668118938654114,0.03477579737913872,0.013350179334663537,0.02142561804447518,0.09382213641656534,0.14387144060268664
ZERO,2,1,ALL,VOL,5.186823193170653e-16,4.198030811863873e-16,-0.025788839238354982,0.8303899837410427,0.830593054967753,0.8305930549635254,0.0005759198809104082,0.843050073063911,-0.00031286685020906886,-0.029888457790389508,-0.02661431763660088,-0.004499960929888279,0.0011849380663720033,0.0,0.0,-0.00035938870301880976,-1.0059908329104623e-07,-7.09651077145328e-08,0.06573494657280665,0.037236266968130066,0.028498679604676586,0.1571626969796991,0.3007520040660412,0.021442615587593777,0.011003019682154523,0.010439595905439254,0.193785271372225,0.33052202394808294,0.22320794723206072,0.06969036414303442,0.1535175830890263,0.3388078043008075,0.42694589578664377
ZERO,2,1,GFC,VOL,5.186823193170653e-16,6.245004513516506e-17,0.0440469910137493,0.7084736371834879,0.7088157919634128,0.7088157919650239,0.043075198258503686,2.746625262704344,-0.00031884214138095735,-0.019727399797211106,-0.0012418514333840545,0.031518016122800634,0.045623075649258216,0.0,0.0,-0.00033413375907937853,-1.295741812092444e-07,-9.94430455514551e-08,0.1355714294862957,0.08521293352242934,0.05035849596386635,0.24293242788584424,0.4634806805524295,0.051691705868142535,0.029195015385719364,0.02249669048242317,0.3170657327960932,0.516154283015439,0.22320794723205795,0.12428039403067515,0.0989275532013828,0.2482366832837919,0.426945895786639
ZERO,2,1,2011,VOL,3.469446951953614e-16,3.3341385208274232e-15,-0.030332716840931084,0.7945568097711657,0.7950397194222554,0.7950397194161349,-0.028434509762900254,-0.1576975415840183,-0.0003424967468238143,-0.010141032462873565,-0.002026004166038023,-0.03149338165860309,-0.027957731990803536,0.0,0.0,-0.0003490403869711362,-7.369919139025263e-09,5.970287827669771e-08,0.06582996591484155,0.04483876974929274,0.020991196165548814,0.12102851724631825,0.30158654795901996,0.01319450590284002,0.011103711283559303,0.002090794619280717,0.048685437362144146,0.2441226266442892,0.041148005728436576,0.029688315182416658,0.011459690546019918,0.09388477695645325,0.2711573732320809
ZERO,2,1,2015_2016,VOL,4.440892098500626e-16,1.0824674490095276e-15,-0.04073051301596095,0.8994966782120173,0.8996367800289055,0.8996367800330327,-0.03297890224934072,0.5312157565719641,-0.00032152822988687724,-0.010196792982881037,-0.0072408103648398765,-0.03201519192648886,-0.03314688168193599,0.0,0.0,-0.0003420093138409351,-7.939984568564602e-07,-8.116553452303415e-07,0.02447787010042568,0.01962125013346086,0.00485661996696482,0.028326104907370975,0.12810601206195704,0.0105746766748811,0.0055433835914157695,0.005031293083465331,0.10140827910472106,0.1917174642005287,-0.0008144365916016305,0.016997080536657605,-0.017811517128259235,-0.11376151756188313,-0.004692374213022488
ZERO,2,1,2018Q4,VOL,3.41740524767431e-16,6.938893903907228e-16,0.09935150054550307,0.6005370708080591,0.5977337307016262,0.5977337306981256,-0.07030183837366871,,-0.0005495027449056081,0.2853429493856594,0.16351315055691537,-0.1257769514751297,-0.06387910654237262,0.0,0.0,-0.00028434329096253043,3.395403355670974e-06,1.7998219221524446e-06,0.1350495142445862,0.13051457052871066,0.004534943715875539,0.02350812431455329,0.41756155327125566,0.007776394876102932,0.018817355062511924,-0.011040960186408991,-0.3902617625743452,0.16507406202377495,0.064508490107966,0.08375664008439376,-0.019248149976427764,-0.1398302263447302,0.2913526352201774
ZERO,2,1,COVID,VOL,3.157196726277789e-16,5.9396931817445875e-15,-0.22180387498181642,0.502658688747033,0.5038953346265119,0.5038953346213437,-0.19199542498903388,-1.4275326472978345,-0.0005715067469377909,-0.08699033319951695,-0.022215289375978584,-0.20204516387758306,-0.19902661546138567,0.0,0.0,-0.0005613531529579061,-7.158738110259097e-07,-6.169914883035517e-07,0.20169745402405662,0.21011166998832154,-0.00841421596426492,-0.03981209736148239,0.4785685617655664,0.05016078858166739,0.04968613274746525,0.0004746558342021423,0.009451339419062954,0.5020740859471353,0.11036716535892599,0.1285230772944923,-0.018155911935566316,-0.12341871438200247,0.40041588776892734
ZERO,2,1,2022,VOL,4.0419056990259605e-16,1.5543122344752192e-15,0.07438771327493482,0.558933934509696,0.5583736872889764,0.558373687285532,-0.06746663824498902,,-0.00041716725047274305,0.15827881558147802,0.1360005315378962,-0.08769469847166483,-0.06132012750226438,0.0,0.0,-0.00029292351073386736,2.7039524952151174e-07,2.3275003530324456e-07,0.14305024564223287,0.14256064840632773,0.000489597235905137,0.0027244666297936426,0.44389075167402425,0.03492289824020889,0.03982475225947774,-0.0049018540192688545,-0.0971277896563616,0.38677371770065483,0.08902711400686392,0.14849024024645463,-0.05946312623959071,-0.27784750190105245,0.24558948054783325
ZERO,2,1,2023_PLUS,VOL,4.675079767757495e-16,4.579669976578771e-16,-0.07920936877049428,0.8324694052498671,0.8326833074000093,0.832683307405398,-0.02360705326715684,0.7462063679427908,-0.00040553412239541177,-0.04913897090257253,-0.054567361184251956,-0.021772116690109027,-0.024128559398378054,0.0,0.0,-0.0005134590968499782,-4.44024448695938e-08,1.0908985246312242e-08,0.048856311344728676,0.03442007225898641,0.014436239085742264,0.08546336926518294,0.24027220293487617,0.006337781156804362,0.007106917322778274,-0.0007691361659739118,-0.021778215568530213,0.14939252096264266,0.07042450766580832,0.037132387737976114,0.03329211992783221,0.16273239923657934,0.2913542214762497
ZERO,2,1,2024_PLUS,VOL,4.675079767757495e-16,6.938893903907228e-16,-0.06625392997413918,0.8274005294442759,0.8275427358150561,0.8275427358217945,-0.0237020563674272,0.724425293877404,-0.00042787506709408206,-0.041183058264134334,-0.04152813543492154,-0.023595254671144174,-0.024211775128497075,0.0,0.0,-0.0005141925929982329,8.484352270438532e-08,1.731822769783896e-07,0.05480829356164435,0.036932485259919906,0.017875808301724444,0.10265937598271935,0.25968126705083494,0.008398784872619566,0.0077273139875663685,0.0006714708850531978,0.018125692769649482,0.1875877424056699,0.07042450766580755,0.03827617274214212,0.03214833492366542,0.15802505298073932,0.29135422147624657
ZERO,2,1,EX_MAJOR_SHOCKS,VOL,4.933119884809045e-16,5.134781488891349e-16,-0.04508069764455702,0.8781282103809644,0.8782976270528341,0.8782976270461572,-0.01576227079473555,0.8069046095255894,-0.00029936862341130836,-0.02766543754406061,-0.02895384086036298,-0.015427665998615926,-0.015764997849082397,0.0,0.0,-0.00036178188296216317,-1.0076400810657743e-07,-7.705215000189964e-08,0.03647596933095923,0.022667445110050533,0.013808524220908697,0.08523771766335986,0.19752229181948766,0.0092596704639527,0.005991631575012618,0.003268038888940082,0.07569539231391986,0.188337965162641,0.06733395916098084,0.026883567209319392,0.040450391951661446,0.18828951818562434,0.278568269775578
ZERO,2,1,ALL,CORE_VOL,4.620395320682757e-16,3.0357660829594124e-16,-0.011872282355979036,0.9152387049762183,0.915348185150798,0.9153481851450301,0.001206826251513221,0.9277457263154281,-0.00015599261322220276,-0.014935114935923265,-0.012970220665704078,-0.0024158184984846847,0.0012782735681911986,0.0,0.0,-0.00018025563413694593,-9.69157032275662e-08,-7.962432951426308e-08,0.035909257554940704,0.018619975118003895,0.01728928243693681,0.08646862084830786,0.1642928417414995,0.011897593426986972,0.0054986535255020785,0.006398939901484893,0.10776917939373065,0.18339258303331019,0.10735496367137587,0.03393715275028053,0.07341781092109534,0.15018033933895336,0.20534556094530776
ZERO,2,1,GFC,CORE_VOL,4.021305857748736e-16,3.122502256758253e-17,0.025145116478080907,0.8542522023126367,0.8544472662424512,0.8544472662370559,0.023772571302101902,1.9970963887306175,-0.00016138682467624804,-0.009861032608098726,0.0010669452581799895,0.01554302043705012,0.0242458370016829,0.0,0.0,-0.0001675885908593697,-1.0208981528170196e-07,-7.719092258351838e-08,0.07265805217224713,0.04261490256998973,0.030043149602257402,0.12022439920167571,0.2483974949294988,0.02867323877851022,0.014595899571518814,0.014077339206991404,0.16454739562826537,0.2863092783435014,0.10735496367137409,0.05945243469720096,0.04790252897417313,0.1033832468399225,0.20534556094530465
ZERO,2,1,2011,CORE_VOL,3.400058012914542e-16,2.895253481405291e-15,-0.014477147479959599,0.897403492454032,0.8976720591571492,0.8976720591515958,-0.013757799633661385,0.44745608728057384,-0.00016963157905834102,-0.005062985701528332,-0.000602427428116925,-0.015870415578769597,-0.013700523044335328,0.0,0.0,-0.0001742507036099371,5.8400385029903815e-09,5.369609969502268e-08,0.03485816201679573,0.022393293028115602,0.012464868988680128,0.06363342433020147,0.15969555209007824,0.008914615229496839,0.005545081055110368,0.003369534174386471,0.06946977539819121,0.1649367775779711,0.02395370825978793,0.014732325297177495,0.009221382962610436,0.06730090969025826,0.15785028936172651
ZERO,2,1,2015_2016,CORE_VOL,4.2500725161431774e-16,8.81239525796218e-16,-0.02030585503666453,0.9498078228280065,0.9498810428667134,0.9498810428689604,-0.01646483629488875,0.7662915542754901,-0.00015953390931796436,-0.005092031030423297,-0.003570935624450264,-0.016151644186697824,-0.01656303902490316,0.0,0.0,-0.00017119279090536938,-6.658937893100706e-07,-6.875964066191607e-07,0.013913967489335294,0.009812813675781906,0.004101153813553388,0.02262552080693414,0.07281936213018247,0.005570618528963234,0.002768407121052703,0.0028022114079105306,0.05348834069356623,0.10099456382795924,-0.00040726438439042667,0.008476205699069483,-0.00888347008345991,-0.05380993099670617,-0.0023464526457952495
ZERO,2,1,2018Q4,CORE_VOL,3.946495907847236e-16,7.771561172376096e-16,0.04797454527094697,0.8003325495446916,0.798435488987622,0.7984354889841863,-0.03094932484118873,,-0.0002714806495326717,0.14297746655235824,0.07919152958644828,-0.06461999094248169,-0.031084176520145782,0.0,0.0,-0.00013405478776011982,2.452111117120601e-06,1.246992403816162e-06,0.06926308636709838,0.06547104454605668,0.003792041821041703,0.014700505257705165,0.21415554205864995,0.007776394876103043,0.0094055385255154,-0.0016291436494123568,-0.043209941317651435,0.16507406202377728,0.03194894989616093,0.04110140283659214,-0.00915245294043121,-0.05075983682728924,0.14429745184214793
ZERO,2,1,COVID,CORE_VOL,3.144186300207963e-16,2.42861286636753e-15,-0.11116493927063527,0.7520915999994031,0.7529731399525292,0.7529731399513456,-0.1004398511840684,-0.21664474679024967,-0.00027590599130361033,-0.043315353320820225,-0.005450183307134196,-0.1029156204193159,-0.10542674998956734,0.0,0.0,-0.00028688191210359226,-1.165017199516283e-06,-1.1240618277175168e-06,0.10910674810894316,0.10489715343194989,0.004209594676993278,0.013297821168932633,0.25887812899803453,0.032611579346703,0.024766474634218993,0.007845104712484008,0.1044055723544629,0.3264188892311892,0.05396092035150735,0.06204294468809968,-0.00808202433659233,-0.03783924939512118,0.19577208273048874
ZERO,2,1,2022,CORE_VOL,4.0137164425413374e-16,7.494005416219807e-16,0.03813694791741623,0.7795740784567897,0.7791506544803387,0.7791506544753738,-0.03112216135687529,,-0.00020670728629815146,0.07915237798267188,0.06808231442130616,-0.04399099774132154,-0.02980400773298086,0.0,0.0,-0.00014153905979746577,2.137156495665181e-07,1.802888876554765e-07,0.07282969917022183,0.07134498518880189,0.001484713981419944,0.0059170917385977795,0.2259935295023252,0.01963394724800986,0.019902637656425234,-0.00026869040841537295,-0.0038171562413766846,0.21744743858366244,0.044688185951716974,0.07186623091256572,-0.027178044960848746,-0.0935118171569711,0.12327647028590627
ZERO,2,1,2023_PLUS,CORE_VOL,3.881443777498106e-16,2.498001805406602e-16,-0.03981077168656205,0.9162567915846012,0.9163724667336002,0.9163724667369827,-0.011857086081171253,0.8724428625279418,-0.00020236856627426185,-0.02456043602090521,-0.027411899708748414,-0.01112407560505646,-0.012138620325874766,0.0,0.0,-0.00026025545029390045,-3.0871119279893726e-08,3.798354777374822e-09,0.02590109781003941,0.017225846730060307,0.008675251079979102,0.046613192915158086,0.12737993634718647,0.0036711772493010775,0.0035525044219618107,0.00011867282733926676,0.0030529772312768433,0.08653603060827775,0.034746312083220654,0.018399232449234137,0.016347079633986517,0.07320183670759983,0.14374945657011096
ZERO,2,1,2024_PLUS,CORE_VOL,3.881443777498106e-16,6.38378239159465e-16,-0.03312912436149279,0.9137122936444939,0.9137885854574516,0.9137885854547206,-0.011814379522048446,0.8622036652983327,-0.00021354319479294443,-0.02058741755483082,-0.020719860856593005,-0.012095340736674775,-0.0121491661131957,0.0,0.0,-0.00026020363441385004,4.831244555385727e-08,1.0624270912287585e-07,0.02907557801669486,0.018493255403865178,0.010582322612829681,0.05495408862139506,0.13775986167346377,0.004929901654533997,0.0038630976288247035,0.0010668040257092934,0.02607719012687315,0.11010987133041894,0.03474631208322032,0.0189633363575612,0.01578297572565912,0.07085477500069914,0.14374945657010962
ZERO,2,1,EX_MAJOR_SHOCKS,CORE_VOL,4.620361439364867e-16,3.5735303605122226e-16,-0.022392521962099954,0.9390963703990565,0.9391859755159966,0.9391859755100304,-0.007716896674532958,0.9040854956134299,-0.00014909893522850324,-0.013824271092031723,-0.01446188643501098,-0.007833707982194441,-0.007748690358780696,0.0,0.0,-0.000181867918984598,-8.859602023440106e-08,-7.724932403562302e-08,0.019688306315769094,0.011334325455697764,0.00835398086007133,0.048196057300682216,0.10661483318646425,0.005241706431585946,0.002994222270139832,0.0022474841614461144,0.04867744013114372,0.10661419616907308,0.034746312083220654,0.013349177225321252,0.021397134857899403,0.09369699823822197,0.14374945657011096
ZERO,2,3,ALL,VOL,5.594483210025203e-16,2.983724378680108e-16,-0.02649944596389686,0.8303899837410427,0.830593054967753,0.8305930549635254,-0.00010279986661429485,0.8387140425988133,-0.0009385861571472357,-0.029888457790389508,-0.02660583409811475,-0.004499960929888278,0.001184422489893511,0.0,0.0,-0.0010778216569249151,-3.0168318609952574e-07,-2.126987504097242e-07,0.06573437476199792,0.037236477388331524,0.028497897373666398,0.15715882985193053,0.30074980752092706,0.021430571583671225,0.011002160187482214,0.01042841139618901,0.19357457026282499,0.330336374555794,0.22259769321813272,0.06966262917409471,0.152935064044038,0.33750154714657765,0.42577861903926617
ZERO,2,3,GFC,VOL,4.440892098500626e-16,4.787836793695988e-16,0.04336453919036228,0.7084736371834879,0.7088157919634128,0.7088157919650239,0.042452768279515635,2.7195635368549107,-0.0009565148513950699,-0.019727399797211106,-0.0012414930250354876,0.03151801612280064,0.04560841000111583,0.0,0.0,-0.0010020796846044022,-3.8860267535494496e-07,-2.9810111413180173e-07,0.13557204166829112,0.08521422849358534,0.05035781317470578,0.24293065166209504,0.46348277343091404,0.05168075442379865,0.029193609920285482,0.02248714450351317,0.3169249150858967,0.5160449301742362,0.22259769321813128,0.12423586904006989,0.09836182417806139,0.24678953947623772,0.42577861903926406
ZERO,2,3,2011,VOL,3.5735303605122226e-16,1.1449174941446927e-16,-0.031019950915668407,0.7945568097711657,0.7950397194222554,0.7950397194161349,-0.02908205627341013,-0.1839269493546214,-0.0010274813646859843,-0.010141032462873565,-0.0020252783034947403,-0.03149338165860312,-0.027948080075163466,0.0,0.0,-0.0010467721047498198,-2.1620039702914768e-08,1.7956773973658908e-07,0.06583044277949512,0.04483876889212962,0.020991673887365503,0.12103127103922962,0.301588732617066,0.013186335331261179,0.011103267168981572,0.002083068162279607,0.04850502044974814,0.24397145604269943,0.04069621219453068,0.0296854605441339,0.011010751650396777,0.09020468599695863,0.26818014151140723
ZERO,2,3,2015_2016,VOL,5.134781488891349e-16,1.2420620087993939e-15,-0.041404012936665034,0.8994966782120173,0.8996367800289055,0.8996367800330328,-0.033635194717003096,0.5234641686984669,-0.0009645606679538573,-0.010196792982881037,-0.007238686334974876,-0.03201519192648886,-0.033137192227264176,0.0,0.0,-0.0010257003662638028,-2.381756901232501e-06,-2.4340081609377157e-06,0.02448664636801412,0.0196215177459452,0.0048651286220689205,0.02837577569878935,0.1281519430452056,0.010566574850630686,0.005543105239206557,0.005023469611424129,0.10125002498799729,0.19157057921780618,-0.0008614024524413733,0.016996129172112018,-0.01785753162455339,-0.1140547174560742,-0.004962967892836678
ZERO,2,3,2018Q4,VOL,3.8510861166685117e-16,7.355227538141662e-16,0.09873274055376502,0.6005370708080591,0.5977337307016262,0.5977337306981256,-0.07087477437276674,,-0.0016485727327362545,0.2853429493856594,0.16342301863124775,-0.12577695147512968,-0.06384307355240941,0.0,0.0,-0.0008526008948126012,1.0185880677011927e-05,5.396369740017627e-06,0.13502634943128822,0.1305122959532376,0.004514053478050617,0.02339955813679273,0.41748992964879383,0.007776394876103043,0.01881585008143516,-0.011039455205332116,-0.39018780993590196,0.16507406202377728,0.06430145337325932,0.08374325866649779,-0.019441805293238468,-0.14122332750393451,0.2904175536806277
ZERO,2,3,COVID,VOL,3.625572064791527e-16,2.7478019859472624e-15,-0.22280739466391486,0.502658688747033,0.5038953346265119,0.5038953346213437,-0.19289721618649952,-1.4385156690810235,-0.0017145129345906209,-0.08699033319951695,-0.022204909648526238,-0.20204516387758292,-0.19891747628110587,0.0,0.0,-0.0016831574424759994,-2.1488232106561263e-06,-1.851291804023593e-06,0.20170669867866245,0.21011467877123147,-0.008407980092569017,-0.039783158519365314,0.47859049660396147,0.050138126507233705,0.04968249764390764,0.000455628863326063,0.009071818040229163,0.5018472545788758,0.11024341792166215,0.12851042536425816,-0.018267007442596017,-0.12416323141206198,0.3999669277925606
ZERO,2,3,2022,VOL,3.0747973611688906e-16,1.582067810090848e-15,0.07377101764334681,0.558933934509696,0.5583736872889764,0.5583736872855319,-0.0680119571699084,,-0.0012514864401995925,0.15827881558147802,0.1359427516748589,-0.08769469847166489,-0.061294034632333454,0.0,0.0,-0.0008783970351850898,8.107338938251503e-07,6.976360048986828e-07,0.14305293460231083,0.14256130210024812,0.0004916325020627166,0.0027358022475143517,0.4438990956269119,0.03489623707008082,0.039824039576190975,-0.004927802506110156,-0.09764056713807356,0.3864784432415379,0.08860475526863376,0.14843222337248807,-0.05982746810385431,-0.27947416371921063,0.2444243651300878
ZERO,2,3,2023_PLUS,VOL,4.0766001685454967e-16,6.938893903907228e-16,-0.08020424325910727,0.8324694052498671,0.8326833074000094,0.832683307405398,-0.024567082388305433,0.743018704490533,-0.0012165825554113683,-0.04913897090257249,-0.054545571261893834,-0.021772116690109058,-0.02411894293802467,0.0,0.0,-0.0015397621724388447,-1.3289890946599713e-07,3.3113250764379115e-08,0.04885267541045604,0.03441985076638268,0.014432824644073361,0.08544304353616916,0.24025432164352678,0.006324066186749508,0.007106221927429213,-0.0007821557406797047,-0.022146430874386835,0.149069235273104,0.07030016803381278,0.03712736823634344,0.03317279979746934,0.16214518228909525,0.29083981423536975
ZERO,2,3,2024_PLUS,VOL,4.075515966373011e-16,8.187894806610529e-16,-0.06725353835040715,0.8274005294442759,0.8275427358150561,0.8275427358217945,-0.02466728488923081,0.7202675513157896,-0.001283609298402432,-0.041183058264134334,-0.041510577303696006,-0.02359525467114417,-0.0242015461252024,0.0,0.0,-0.0015419348619208607,2.5502384241729134e-07,5.199404129267543e-07,0.054803886486688574,0.0369322767344655,0.017871609752223072,0.10263514112941674,0.25966038636409694,0.008382319067662042,0.007726499157685134,0.0006558199099769083,0.01770282078612373,0.18721997692224335,0.07030016803381278,0.038271026308034695,0.03202914172577809,0.1574351764581402,0.29083981423537
ZERO,2,3,EX_MAJOR_SHOCKS,VOL,5.594483210025203e-16,5.065392549852277e-16,-0.045790399769373935,0.8781282103809644,0.878297627052834,0.8782976270461571,-0.016450215057029066,0.8038516282365145,-0.0008980907018529207,-0.02766543754406064,-0.028944918056353883,-0.0154276659986159,-0.01576024045412324,0.0,0.0,-0.0010850103913825559,-3.021116773889734e-07,-2.3086751374359583e-07,0.03647478040465593,0.022667397636699366,0.013807382767956566,0.08523088186095573,0.19751633172235372,0.009248582011735201,0.005991197140021359,0.003257384871713842,0.07544786126441949,0.18811243051369453,0.0672869933001422,0.026879759456012065,0.04040723384413014,0.1880852910196753,0.2783739666519336
ZERO,2,3,ALL,CORE_VOL,5.043708506402567e-16,8.847089727481716e-17,-0.012230981432390486,0.9152387049762183,0.915348185150798,0.9153481851450301,0.0008660125136285834,0.9255574794670482,-0.00046797482918295013,-0.014935114935923265,-0.01296809455549848,-0.002415818498484687,0.0012780304117058438,0.0,0.0,-0.0005406785125495124,-2.9069556371157795e-07,-2.3877604825004157e-07,0.03590955147122482,0.018620097727519908,0.017289453743704913,0.08646966250626331,0.16429441570314007,0.01188957638018038,0.005498182924386724,0.006391393455793655,0.10764123110282153,0.1832690061997948,0.10709295906548222,0.03392282648399325,0.07317013258148897,0.14966931301349728,0.20484440588989572
ZERO,2,3,GFC,CORE_VOL,4.666406150377611e-16,1.491862189340054e-16,0.024805737476541363,0.8542522023126367,0.8544472662424512,0.8544472662370559,0.023469450658912434,1.983638762589132,-0.00048415719689712825,-0.009861032608098726,0.0010667577668737095,0.01554302043705009,0.02424189521110117,0.0,0.0,-0.0005026841226625157,-3.0612253534075085e-07,-2.313787708514812e-07,0.0726587573054581,0.04261571448042675,0.03004304282503134,0.12022436252262647,0.24839990558211,0.028666500768768352,0.014595061927622624,0.014071438841145728,0.16447681694807725,0.28624199767382996,0.10709295906548355,0.059428353249363686,0.047664605816119865,0.10286441490690224,0.20484440588989872
ZERO,2,3,2011,CORE_VOL,3.486116560355579e-16,6.054184931159057e-16,-0.014822998814553049,0.897403492454032,0.8976720591571492,0.897672059151596,-0.014081243683091065,0.43425610780265117,-0.0005088954983352697,-0.005062985701528332,-0.0006023169685893099,-0.01587041557876957,-0.013698174398869268,0.0,0.0,-0.0005226688468527861,1.7834843639676824e-08,1.6139975892084117e-07,0.03485830492508482,0.02239329446295993,0.012465010462124892,0.06363414702129477,0.15969620679522623,0.008911126164026957,0.005544831474841139,0.0033662946891858184,0.0694026297275504,0.1648722234496609,0.023905491467359652,0.014730736160709856,0.009174755306649796,0.06695982798360745,0.15753255005579725
ZERO,2,3,2015_2016,CORE_VOL,4.499439015814843e-16,5.169475958410885e-16,-0.02064660579276581,0.9498078228280065,0.9498810428667134,0.9498810428689604,-0.01679647835826789,0.7623697135332991,-0.0004785962526311083,-0.005092031030423297,-0.003570415277083259,-0.016151644186697824,-0.01656063084117315,0.0,0.0,-0.0005134971488181428,-1.9976973689740554e-06,-2.062525691777091e-06,0.013921158177344961,0.009812955483127994,0.004108202694216967,0.022664426276319816,0.07285699491281927,0.005561163816674111,0.0027682605581627745,0.0027929032585113367,0.053310518496543,0.1008231511672657,-0.000430755896702828,0.00847570897035399,-0.008906464867056818,-0.0539490552022337,-0.0024817989302527987
ZERO,2,3,2018Q4,CORE_VOL,3.668940151690947e-16,1.3877787807814457e-16,0.04769630356305976,0.8003325495446916,0.798435488987622,0.7984354889841863,-0.031201269970579315,,-0.0008144898953737975,0.14297746655235824,0.07917028947523397,-0.06461999094248168,-0.031075643966160377,0.0,0.0,-0.00040208190037034955,7.356235640455069e-06,3.739954356653774e-06,0.06924949631552318,0.06546956868187398,0.003779927633649205,0.014653458678429376,0.21411352278093176,0.007776394876102932,0.009404539350775676,-0.0016281444746727436,-0.04318229572207222,0.16507406202377495,0.03185033278971516,0.04109290707853297,-0.009242574288817806,-0.05125723797518944,0.14385204762027448
ZERO,2,3,COVID,CORE_VOL,2.8449465006019636e-16,1.9845236565174673e-15,-0.11171121301451598,0.7520915999994031,0.7529731399525292,0.7529731399513456,-0.10090879980876294,-0.22262344011899046,-0.0008277289752789969,-0.043315353320820225,-0.005449171184155592,-0.10291562041931587,-0.10539823812511197,0.0,0.0,-0.0008604311232191772,-3.4962333448495604e-06,-3.3725820272493015e-06,0.10911453832654638,0.10489943587696776,0.004215102449578623,0.01331531584976231,0.2588966128864516,0.032610735492813125,0.024763783503439885,0.007846951989373241,0.10442641661542762,0.32641044284941545,0.05390492924182411,0.062034069084675125,-0.008129139842851019,-0.03805825809859753,0.19556894505074396
ZERO,2,3,2022,CORE_VOL,3.694961003830599e-16,1.0408340855860843e-15,0.03784635019016208,0.7795740784567897,0.7791506544803389,0.7791506544753737,-0.031367315394573325,,-0.0006201182990182213,0.07915237798267177,0.06806810912256697,-0.043990997741321446,-0.029797770971622152,0.0,0.0,-0.000424528483887318,6.408076262629164e-07,5.405231035375131e-07,0.07283043930879543,0.07134548416778524,0.0014849551410101858,0.005918064610510587,0.22599582618253222,0.019622467550273984,0.019902147144675544,-0.00027967959440156065,-0.003973246668177222,0.21732030007010494,0.04449306487533855,0.07182954306491163,-0.027336478189573077,-0.09404506869405838,0.12273821085420089
ZERO,2,3,2023_PLUS,CORE_VOL,3.6922504983993854e-16,4.163336342344337e-17,-0.040323198207610045,0.9162567915846012,0.9163724667336002,0.9163724667369828,-0.012349936941194739,0.8708010038695801,-0.0006071009582005917,-0.02456043602090521,-0.027406407390214778,-0.011124075605056452,-0.012136192141546397,0.0,0.0,-0.0007806103477952792,-9.24011786396668e-08,1.1671946450797672e-08,0.025899425898077283,0.01722572588564905,0.008673700012428232,0.04660482857703274,0.12737171399148273,0.0036638907568269305,0.003552122446961549,0.00011176830986538155,0.002875323355462922,0.08636427531210122,0.03468733869678442,0.018396528528946354,0.016290810167838066,0.07294898009359341,0.143505476943381
ZERO,2,3,2024_PLUS,CORE_VOL,3.5735303605122226e-16,1.3183898417423734e-16,-0.03364218939936334,0.9137122936444939,0.9137885854574516,0.9137885854547206,-0.012308139934614909,0.8600696372174607,-0.0006406277052460152,-0.02058741755483082,-0.020715467079088463,-0.01209534073667477,-0.012146590861655327,0.0,0.0,-0.0007804505483976923,1.4528051235383726e-07,3.19089778009434e-07,0.0290734780252819,0.018493141390038353,0.010580336635243548,0.05494374289260562,0.1377499119305421,0.004921378985675261,0.0038626486278069694,0.0010587303578682913,0.025879551589948924,0.1099195166261695,0.03468733869678442,0.018960556229246528,0.015726782467537892,0.07060162450379404,0.14350547694338112
ZERO,2,3,EX_MAJOR_SHOCKS,CORE_VOL,5.045876910747538e-16,1.0408340855860843e-17,-0.02275279242421105,0.9390963703990565,0.9391859755159966,0.9391859755100304,-0.008065321044578161,0.9025358326295612,-0.0004472934793438259,-0.013824271092031723,-0.01445957165184069,-0.007833707982194436,-0.007747472580001111,0.0,0.0,-0.0005455165870757537,-2.657003774165514e-07,-2.3160529350333045e-07,0.01968821216937716,0.01133430283168263,0.008353909337694532,0.04819576266975445,0.1066145814374907,0.005235118912837941,0.00299399066895472,0.002241128243883221,0.04853953614734907,0.1064802086928125,0.03468733869678442,0.013347173351359265,0.021340165345425155,0.09344671157052586,0.143505476943381
ZERO,3,0,ALL,VOL,5.37330596683816e-16,1.457167719820518e-16,-0.021313453562187334,0.8311265392912901,0.8312863192036946,0.8312863192010846,0.004663070901837318,0.8687220617420471,0.0,-0.02947899078494707,-0.026210957168539207,-0.0014284531102350115,0.0048975036063517285,0.0,0.0,0.0,0.0,0.0,0.06645506396394563,0.03716092342766522,0.029294140536280405,0.16149706388257,0.30406968192332773,0.0206510802619721,0.0107859841574717,0.009865096104500398,0.18583854456082505,0.3233288071164788,0.20683010474048524,0.06818209412338616,0.13864801061709908,0.3049760177087887,0.39561881841180135
ZERO,3,0,GFC,VOL,4.79217360238593e-16,1.762479051592436e-15,0.0344636785671303,0.7092795620628749,0.7093024343979022,0.7093024343922749,0.03469350551779919,2.3666116628099036,0.0,-0.019694430324284688,-0.001235906195721483,0.022298312995227235,0.03569958476285002,0.0,0.0,0.0,0.0,0.0,0.13476153117015907,0.08564983321265393,0.04911169795750514,0.23741818877248078,0.4607118654402511,0.04240589517752952,0.02542863296981094,0.01697726220771858,0.27365460531187635,0.4848180565492216,0.20683010474048202,0.12201228750305271,0.08481781723742932,0.21162700569854065,0.3956188184117966
ZERO,3,0,2011,VOL,3.8510861166685117e-16,5.828670879282072e-16,-0.03463920443041983,0.7884517956917989,0.7887334034014082,0.7887334034026569,-0.03449881060854039,-0.32206165447747337,0.0,-0.010453056603884117,-0.0021435193857904894,-0.036113088412695234,-0.03249568504462876,0.0,0.0,0.0,0.0,0.0,0.06778588531745153,0.046358609830153635,0.021427275487297892,0.12463497626480236,0.3105471933508507,0.03099310708049343,0.01943323354428586,0.01155987353620757,0.15960342603698063,0.3373878121656215,0.03313334394706613,0.03147235756195099,0.0016609863851151374,0.01380965532002354,0.2183423072888463
ZERO,3,0,2015_2016,VOL,4.440892098500626e-16,3.365363543395006e-16,-0.01824944852746757,0.9025910005657352,0.9025577632613803,0.9025577632594122,-0.010634038905268428,0.7899595834313414,0.0,-0.009900024292751422,-0.007078250147690355,-0.011111584573848064,-0.01117119837977688,0.0,0.0,0.0,0.0,0.0,0.02271475730335626,0.018999189052187337,0.0037155682511689214,0.021592610239496324,0.11887868352719044,0.0073957938799714545,0.004607189565527761,0.0027886043144436934,0.06532191323125314,0.15636797045652917,0.002775593586181291,0.016327842140682503,-0.013552248554501212,-0.08618931504564298,0.015991574916857654
ZERO,3,0,2018Q4,VOL,5.37330596683816e-16,3.7470027081099033e-16,0.08715618799514702,0.6205703919185908,0.6207877524016843,0.620787752398358,-0.073640306345374,,0.0,0.2689898443675097,0.1526488981585148,-0.13063854741796452,-0.0654927101633674,0.0,0.0,0.0,0.0,0.0,0.12891711738136674,0.12278384832854197,0.006133269052824769,0.03056847133414753,0.39860070640109113,0.03523155878597228,0.02736159541067229,0.007869963375299993,0.17586177839239592,0.4885642208218792,0.06166348725959225,0.07961565512827917,-0.01795216786868692,-0.12660676322420583,0.2785031781069306
ZERO,3,0,COVID,VOL,4.2327252813834093e-16,1.2073675392798577e-15,-0.09513186060034902,0.4880209581242525,0.48685022370568987,0.48685022369926634,-0.06179754408753176,-0.04117070733987171,0.0,-0.08997913774403529,-0.027889661560347598,-0.0713501113037486,-0.06724219904000021,0.0,0.0,0.0,0.0,0.0,0.23258466972403796,0.2183599000376487,0.01422476968638925,0.07003825848329603,0.5518548135232108,0.09518058867957613,0.06527352588748025,0.029907062792095873,0.480673743732142,0.746557902837079,0.14757251446121722,0.13297875289042815,0.014593761570789066,0.10230282159888393,0.5353981793055275
ZERO,3,0,2022,VOL,4.579669976578771e-16,8.187894806610529e-16,0.11637021448922547,0.5567797442854499,0.5561539498516692,0.5561539498448074,-0.02596652834690963,,0.0,0.15907436920309548,0.14062595346516066,-0.03369296032301223,-0.024255738975936008,0.0,0.0,0.0,0.0,0.0,0.14260424491497073,0.1433468912994877,-0.0007426463845169595,-0.004150772270704817,0.4425067932111584,0.046998954546858124,0.04340765609297481,0.0035912984538833126,0.0658599407519902,0.47988973668509827,0.1224967671837085,0.14897342252829793,-0.026476655344589428,-0.12399480885551983,0.3379185965650465
ZERO,3,0,2023_PLUS,VOL,4.458239333260394e-16,1.8596235662471372e-15,-0.08442467829664779,0.8337579800499952,0.8340449253565542,0.8340449253601067,-0.028529427379759498,0.7329528981572934,0.0,-0.04923551297696455,-0.05490340450607255,-0.026435205250915438,-0.029521273790573378,0.0,0.0,0.0,0.0,0.0,0.051035779530431896,0.03397943074525278,0.017056348785179115,0.1007304930501659,0.25102938224212135,0.006478643687886615,0.008424027715794397,-0.0019453840279077816,-0.04604541190860911,0.12785129032651243,0.06436346905553936,0.036820518261355795,0.027542950794183563,0.13442544999930128,0.26627901336812554
ZERO,3,0,2024_PLUS,VOL,4.466912950640278e-16,2.1371793224034263e-15,-0.07856479055776025,0.8268898025198723,0.8271350163725313,0.8271350163699657,-0.034943128539773605,0.6803083932737023,0.0,-0.04200619340630241,-0.04259103828938142,-0.03393083014680727,-0.0359737522683767,0.0,0.0,0.0,0.0,0.0,0.057820915035864895,0.03678045581538092,0.021040459220483976,0.12076208519833032,0.2740183217614762,0.007023926415277916,0.00944887923869804,-0.002424952823420125,-0.053727670515640646,0.1286833346175973,0.06436346905554025,0.03836951025927171,0.025993958796268535,0.1278318831538121,0.26627901336812887
ZERO,3,0,EX_MAJOR_SHOCKS,VOL,5.371137562493189e-16,3.608224830031759e-16,-0.04466009200274032,0.8793883620019187,0.8795720001913879,0.8795720001888072,-0.016102808719312134,0.8064380803992998,0.0,-0.02710638448090205,-0.028271632305885017,-0.016031757652953366,-0.016388459696854946,0.0,0.0,0.0,0.0,0.0,0.036622171539467036,0.022384619248607046,0.01423755229085999,0.08771997343049742,0.19828837963396606,0.009414996756716455,0.006122905028925173,0.0032920917277912826,0.0737433573432209,0.1854606882206582,0.06436346905553936,0.02658569385732712,0.03777777519821224,0.1756054679250867,0.26627901336812554
ZERO,3,0,ALL,CORE_VOL,4.954803928258755e-16,5.342948306008566e-16,-0.009715539434523218,0.915554069688369,0.9156398346273571,0.9156398346285834,0.0031825265385522217,0.9401581736950025,0.0,-0.014740076358355458,-0.012759246080125209,-0.0010188051102005013,0.003043706645602525,0.0,0.0,0.0,0.0,0.0,0.03652580674835204,0.01859777875798138,0.01792802799037066,0.08966062313996193,0.16712632232195246,0.011750904998984221,0.0053935796819803705,0.006357325317003851,0.10871564921028132,0.18398098538491692,0.09902684625007996,0.0331880468532324,0.06583879939684756,0.13447098182693462,0.18941577172075574
ZERO,3,0,GFC,CORE_VOL,4.809520837145698e-16,1.8735013540549517e-16,0.01962992126318526,0.854562617787451,0.8545650370966243,0.8545650370991056,0.01899891204644157,1.7783986055364045,0.0,-0.009853053766318821,0.0010535178013757526,0.010063414937157365,0.018576403461809693,0.0,0.0,0.0,0.0,0.0,0.07289600735558305,0.0429245847738014,0.029971422581781648,0.1200861857867439,0.2492109969389663,0.02477312445231361,0.012721065772379067,0.012052058679934544,0.1612389262455065,0.28322614111414657,0.09902684625007652,0.058282682233001926,0.04074416401707459,0.08771262648644085,0.18941577172074986
ZERO,3,0,2011,CORE_VOL,3.0943130002736297e-16,2.498001805406602e-16,-0.01614954094393984,0.894291861950478,0.8944475012540805,0.8944475012505142,-0.016452509653889974,0.3836264668755839,0.0,-0.005222530498604428,-0.0006363575618309313,-0.017741681655015273,-0.015513183382109157,0.0,0.0,0.0,0.0,0.0,0.03608610175278079,0.023179437245370083,0.012906664507410709,0.06615429587750055,0.16532110727503002,0.01550831844723459,0.009710557179937823,0.0057977612672967666,0.0705740958849832,0.16882197766397433,0.020794380694066472,0.015682324085856347,0.005112056608210125,0.03757008403769502,0.13703093375177255
ZERO,3,0,2015_2016,CORE_VOL,3.462941738918701e-16,1.1969591984239969e-15,-0.008947690974365125,0.9513039767552982,0.9512858130340581,0.9512858130309507,-0.005165678458657508,0.8970173407292503,0.0,-0.0049493079234019495,-0.0034827240995326985,-0.005676289940305239,-0.005464966874831229,0.0,0.0,0.0,0.0,0.0,0.012762117886276514,0.009510085746966684,0.0032520321393098295,0.01791111579490412,0.06679110646342656,0.004975579844861779,0.00230319386790432,0.0026723859769574587,0.0593940407216087,0.10519781037873532,0.0013872301178651236,0.008147155863777344,-0.006759925745912221,-0.04086551354940049,0.007992522560654303
ZERO,3,0,2018Q4,CORE_VOL,4.296693209560054e-16,4.2327252813834093e-16,0.04253622285228237,0.8104643416663748,0.8105879512505823,0.8105879512574912,-0.03257980198629867,,0.0,0.13435725728037728,0.07407520200706023,-0.06602492414299233,-0.03153897915477744,0.0,0.0,0.0,0.0,0.0,0.06581719900004951,0.061352859904519,0.004464339095530512,0.017034823321356973,0.20350115289308213,0.017615779392986308,0.013667879071016971,0.003947900321969337,0.06754948893217672,0.24428211041094194,0.030659050212707983,0.03910817148593182,-0.008449121273223836,-0.046346791661537434,0.1384716191290476
ZERO,3,0,COVID,CORE_VOL,2.992397996059992e-16,1.5265566588595902e-16,-0.04175190520912861,0.7437330988250324,0.7427815383471167,0.7427815383479531,-0.028943625300626705,0.5430462475447871,0.0,-0.04510241738486028,-0.006817879902194031,-0.03865843895393863,-0.03493402530693442,0.0,0.0,0.0,0.0,0.0,0.12537420530039234,0.11003512751763966,0.015339077782752675,0.049254521689835906,0.29747600634539173,0.0475902943397879,0.032672126864146445,0.014918167475641453,0.15733070160307405,0.3732789514185383,0.07172043222450752,0.06451614265002614,0.007204289574481382,0.03412492262370159,0.2602042051814347
ZERO,3,0,2022,CORE_VOL,4.876741371839799e-16,3.469446951953614e-17,0.05783609662678235,0.7784230443139677,0.7779550261574459,0.7779550261596034,-0.011638921362756849,,0.0,0.07958089102498002,0.06941875245947368,-0.016976506604245965,-0.011582655832691363,0.0,0.0,0.0,0.0,0.0,0.07252199822683897,0.07177832082124452,0.0007436774055944451,0.0029689354959802072,0.22503872091436483,0.02546768566430141,0.021700579264008216,0.0037671064002931937,0.049413482991312874,0.2600415495462861,0.060237854865160756,0.07206985776064745,-0.011832002895486693,-0.04073905339104922,0.1661716618659571
ZERO,3,0,2023_PLUS,CORE_VOL,4.866712501744308e-16,1.457167719820518e-15,-0.042499249750724444,0.916912488763046,0.9170685119737131,0.917068511966996,-0.01440511380808307,0.8655689105910283,0.0,-0.02460409459421426,-0.02758782332003942,-0.013544470447031354,-0.014911426430683567,0.0,0.0,0.0,0.0,0.0,0.02734977879581857,0.01699318944989356,0.01035658934592501,0.05558710282817825,0.13452519269308205,0.0032751037853814627,0.004210316367107239,-0.0009352125817257764,-0.020128132052582348,0.0646317755824688,0.03282774921829823,0.01824208998650456,0.014585659231793668,0.06526830970738129,0.1358121431491175
ZERO,3,0,2024_PLUS,CORE_VOL,3.857591329703425e-16,1.3600232051658168e-15,-0.0394772537235292,0.9134837186647928,0.9136172433684431,0.913617243367259,-0.0176353927553759,0.8393612891675917,0.0,-0.020991011053195948,-0.021276557359427555,-0.017405505866379786,-0.01820069636410028,0.0,0.0,0.0,0.0,0.0,0.031096932009581302,0.018396862287375082,0.01270006972220622,0.06593524995102051,0.1473710527740827,0.0036725609017177405,0.00472232084774455,-0.0010497599460268098,-0.02105385076333599,0.06728393144770006,0.032827749218298674,0.019001762413504486,0.013825986804794188,0.062079941350303924,0.13581214314911916
ZERO,3,0,EX_MAJOR_SHOCKS,CORE_VOL,4.955888130431241e-16,6.626643678231403e-16,-0.02215748887759411,0.9397234610296437,0.9398207080799921,0.9398207080872314,-0.007867162045486514,0.903966922405464,0.0,-0.013545380037570992,-0.014117838190494033,-0.008129158515751066,-0.008039650687099416,0.0,0.0,0.0,0.0,0.0,0.019836578461150806,0.011191329683851281,0.008645248777299525,0.04982848404223583,0.10740387134893714,0.0053636659723838714,0.0030599661003996304,0.002303699871984241,0.04829003508671326,0.10565581787528555,0.03282774921829823,0.013202043738146041,0.01962570548015219,0.08588466170672515,0.1358121431491175
ZERO,3,1,ALL,VOL,4.996003610813204e-16,1.0755285551056204e-16,-0.021669742423052002,0.8311265392912901,0.8312863192036947,0.8312863192010846,0.0043226565853262955,0.8665228163663163,-0.0003129621223976235,-0.029478990784947052,-0.0262067828386134,-0.0014284531102350315,0.004896679306176833,0.0,0.0,-0.0003592394326788547,-3.906100108800222e-07,-3.9945793669041516e-07,0.06645656739156469,0.03716103692780606,0.02929553046375863,0.161504612796739,0.3040762253978896,0.020643072278345574,0.010785602092450969,0.009857470185894605,0.18569355111234254,0.32320342811642044,0.2065196677839033,0.06816831913919252,0.13835134864471077,0.30431424677673025,0.39502502331553935
ZERO,3,1,GFC,VOL,4.996003610813204e-16,6.106226635438361e-16,0.034116485669159265,0.7092795620628749,0.7093024343979022,0.709302434392275,0.03437528373700005,2.3528441869239796,-0.00032730093478503566,-0.019694430324284688,-0.0012357918536326053,0.022298312995227224,0.0356937121417522,0.0,0.0,-0.00034097826870245696,-4.847355359860266e-07,-4.5635025726944114e-07,0.13476423658877745,0.08565005848844798,0.049114178100329475,0.2374304369721426,0.46072111450745645,0.04239927511596161,0.025427811654790862,0.016971463461170747,0.2735575144179013,0.4847423707189815,0.20651966778390363,0.12199014664337815,0.08452952114052548,0.2108960341052104,0.39502502331554123
ZERO,3,1,2011,VOL,3.872770160118222e-16,1.5265566588595902e-15,-0.03495304911679005,0.7884517956917989,0.7887334034014083,0.7887334034026567,-0.03478985106660096,-0.3340400480962913,-0.00031412634496946496,-0.010453056603884117,-0.002143168552138492,-0.03611308841269524,-0.03249050636544509,0.0,0.0,-0.0003193437824367384,-5.5898743709405026e-08,-3.041676820260834e-08,0.06778637062178916,0.046358989157118585,0.021427381464670575,0.12463586769628743,0.31054941667358626,0.030984306222508785,0.019432984768736755,0.01155132145377203,0.1594848024149469,0.3372920069205094,0.03292831481684344,0.03147002210643035,0.0014582927104130894,0.012124198511989981,0.21699120510532555
ZERO,3,1,2015_2016,VOL,4.0419056990259605e-16,7.147060721024445e-16,-0.018561979872639522,0.9025910005657352,0.9025577632613804,0.9025577632594122,-0.010938283372865384,0.7863625315077211,-0.00029207587996995675,-0.009900024292751412,-0.007077219915877761,-0.011111584573848088,-0.011169644947732751,0.0,0.0,-0.00031522826134806425,6.636945265639208e-08,1.132523183387803e-07,0.022713982206888417,0.018999281778543597,0.0037147004283448193,0.02158757861687599,0.11887462702566265,0.007390193459343435,0.004607088513260915,0.0027831049460825194,0.06519293846243901,0.15624956174726568,0.0027341173826892495,0.01632736355333997,-0.013593246170650719,-0.08644978772388323,0.015752609882959234
ZERO,3,1,2018Q4,VOL,4.440892098500626e-16,9.298117831235686e-16,0.0869045724022181,0.6205703919185908,0.6207877524016843,0.620787752398358,-0.07386792554487331,,-0.0004565632821206825,0.2689898443675097,0.1526127792793448,-0.13063854741796455,-0.06547780868933915,0.0,0.0,-0.00022852890036877027,-3.7752420191527187e-06,-1.8692874178387916e-06,0.12894258424545285,0.12278559573754902,0.006156988507903832,0.03068695735511051,0.39867944776779796,0.035225494072937735,0.027361083272627318,0.007864410800310417,0.17573568969425823,0.48848012003552854,0.06157397054961011,0.07960759227188174,-0.01803362172227163,-0.12717398095991062,0.27809887583127846
ZERO,3,1,COVID,VOL,3.5648567431323386e-16,2.9559688030644793e-15,-0.09568048417645166,0.4880209581242525,0.48685022370568987,0.48685022369926634,-0.06230071503792074,-0.04717511840876323,-0.0005452837152166886,-0.08997913774403529,-0.027880869076690858,-0.07135011130374858,-0.06722392556903707,0.0,0.0,-0.0005779363138721227,2.0555821918104476e-06,2.246783151367011e-06,0.23257374905096784,0.21835865370430654,0.014215095346661294,0.06999019560165132,0.5518289019873912,0.09516958513646578,0.06527173479523296,0.029897850341232823,0.4805118464963253,0.7464715955113712,0.14750377771215462,0.13297264530040476,0.014531132411749859,0.10185942776676826,0.5351488000059077
ZERO,3,1,2022,VOL,3.885780586188048e-16,5.412337245047638e-16,0.11605820829826755,0.5567797442854499,0.5561539498516692,0.5561539498448074,-0.02624186756053648,,-0.00039927192301443174,0.15907436920309548,0.14059686627316625,-0.03369296032301219,-0.02425073202794309,0.0,0.0,-0.0002875072907077528,-6.761511612726336e-07,-4.186562484102481e-07,0.1426104858595604,0.14334780231248992,-0.0007373164529295151,-0.00412100339347643,0.44252615911698145,0.04699163866368553,0.04340705896821904,0.0035845796954664944,0.06573600724696282,0.4798150367841504,0.12227378641050857,0.14894581483750224,-0.026672028426993677,-0.12489362747672161,0.33730348359779827
ZERO,3,1,2023_PLUS,VOL,4.440892098500626e-16,3.608224830031759e-16,-0.08491932617143116,0.8337579800499952,0.8340449253565543,0.8340449253601067,-0.02900619874495519,0.7313882575325529,-0.00040342470766374265,-0.04923551297696451,-0.05489253393448459,-0.026435205250915486,-0.029515356965648464,0.0,0.0,-0.0005109930732069295,-4.0960116940340343e-07,-4.421980915454566e-07,0.051036452127615095,0.033979376251584675,0.01705707587603042,0.1007347546462588,0.2510326905418466,0.006469444943352894,0.0084238133519101,-0.001954368408557207,-0.04625782905357867,0.12766975983731155,0.064239328901601,0.036817722586525825,0.027421606315075175,0.1338313930485152,0.2657654313907214
ZERO,3,1,2024_PLUS,VOL,4.440892098500626e-16,8.326672684688674e-17,-0.07904406281204018,0.8268898025198723,0.8271350163725314,0.8271350163699657,-0.035404900944169315,0.6783581644760145,-0.00041246909187265765,-0.042006193406302385,-0.04258238344487332,-0.03393083014680734,-0.03596633633959495,0.0,0.0,-0.0004951643866409865,-2.067548633193691e-07,-1.7864093084555067e-07,0.057820757632842334,0.03678041636765511,0.021040341265187223,0.12076138085013843,0.2740175758149265,0.007014173430170301,0.009448659992316942,-0.0024344865621466413,-0.05393863964983736,0.1285046529840035,0.064239328901602,0.038366618654516405,0.025872710247085595,0.12723380338053825,0.2657654313907255
ZERO,3,1,EX_MAJOR_SHOCKS,VOL,4.544975507059235e-16,2.2898349882893854e-16,-0.045014371770157297,0.8793883620019187,0.8795720001913878,0.8795720001888072,-0.016446180346407713,0.8048960234471016,-0.0002994082253638237,-0.027106384480902076,-0.028267283314967445,-0.01603175765295335,-0.016385992602400454,0.0,0.0,-0.0003606522491519274,-4.058686425084679e-07,-4.436036377030136e-07,0.0366235650652387,0.022384702416793495,0.014238862648445205,0.08772789111252899,0.19829552630645375,0.009407232246164451,0.0061227194753861736,0.003284512770778278,0.07357328174694566,0.18530773952530732,0.064239328901601,0.026583576156072763,0.03765575274552824,0.17503653811484954,0.2657654313907214
ZERO,3,1,ALL,CORE_VOL,5.169475958410885e-16,2.723515857283587e-16,-0.00989490237022611,0.915554069688369,0.9156398346273571,0.9156398346285832,0.0030120665038191052,0.9390512505906369,-0.00015595016839897082,-0.014740076358355458,-0.012758198118455447,-0.001018805110200509,0.003043442892063016,0.0,0.0,-0.0001799085199378069,-2.3781538996040277e-07,-2.3862389559946544e-07,0.03652667654066763,0.01859784047268548,0.01792883606798215,0.08966458397376098,0.16713011768082453,0.011747729034180643,0.005393369980710022,0.006354359053470621,0.10866453391211572,0.1839312600970212,0.09889517706355289,0.03318092421006136,0.06571425285349153,0.13421465204242922,0.18916391859685766
ZERO,3,1,GFC,CORE_VOL,4.475586568020162e-16,1.6618650899857812e-15,0.019458938564868723,0.854562617787451,0.8545650370966243,0.8545650370991057,0.018845427200465177,1.771618512424648,-0.00016346194414624298,-0.009853053766318821,0.0010534108308628643,0.010063414937157357,0.01857488273197313,0.0,0.0,-0.00016910400614466447,-2.8363934752132483e-07,-2.509918209452861e-07,0.07289726038547897,0.04292472619357607,0.029972534191902905,0.12009070770981856,0.2492152806966218,0.024770808004980688,0.01272057142367923,0.012050236581301457,0.16121348301788574,0.28319965763845667,0.09889517706354878,0.05827069582453659,0.04062448123901219,0.08745272091954648,0.18916391859685033
ZERO,3,1,2011,CORE_VOL,3.7339922820400773e-16,1.4988010832439613e-15,-0.016309438378721737,0.894291861950478,0.8944475012540805,0.8944475012505142,-0.016599463464331457,0.37752372084980607,-0.00015709943226579405,-0.005222530498604428,-0.0006363029777960344,-0.017741681655015325,-0.015511941233281248,0.0,0.0,-0.00016123254471076435,2.1022749487561503e-08,3.837706780761459e-08,0.03608597586896817,0.023179652822932495,0.012906323046035673,0.06615261878199175,0.16532053056404494,0.015503712704338257,0.00971041724986832,0.005793295454469938,0.0705196150086278,0.16877184001513645,0.02076976084495963,0.015681011956949154,0.005088748888010475,0.03739842775599789,0.13686869372348975
ZERO,3,1,2015_2016,CORE_VOL,3.404394821604484e-16,6.765421556309548e-17,-0.009104545215779553,0.9513039767552982,0.9512858130340581,0.9512858130309507,-0.00531815093014705,0.8952120406864743,-0.00014531325868278388,-0.0049493079234019495,-0.0034824713468652652,-0.005676289940305243,-0.005464587972863017,0.0,0.0,-0.0001575100286260771,-2.5286211507777113e-09,2.413257487436999e-08,0.012761960479736545,0.009510134780952417,0.0032518256987841276,0.017909983625694514,0.06679028266936171,0.004972663436676475,0.002303140753154048,0.0026695226835224267,0.05933033370558316,0.10513614927292858,0.0013665175788601935,0.008146906081619831,-0.006780388502759638,-0.040989154355942636,0.007873187323368613
ZERO,3,1,2018Q4,CORE_VOL,3.131175874138137e-16,7.632783294297951e-17,0.04242187051507251,0.8104643416663748,0.8105879512505824,0.8105879512574912,-0.032680555340563244,,-0.00022549793031495966,0.13435725728037726,0.07406666110485825,-0.06602492414299226,-0.03153548335287745,0.0,0.0,-0.00010793880001553389,-2.8962400156721197e-06,-1.3684368926746684e-06,0.06583118721162057,0.06135400869235458,0.00447717851926599,0.01708389030118085,0.2035444032474707,0.01761270402390258,0.013667551161907987,0.003945152861994594,0.06750210052829497,0.2442394635525026,0.030616513083434382,0.03910313470255655,-0.00848662161912217,-0.046551209826044104,0.13827950015853974
ZERO,3,1,COVID,CORE_VOL,2.654126918244515e-16,5.4539706084710815e-15,-0.04202804598296829,0.7437330988250324,0.7427815383471167,0.7427815383479531,-0.029184197060910758,0.5400240246742456,-0.00026046556926372083,-0.04510241738486028,-0.0068166926100450016,-0.0386584389539386,-0.03492946242662753,0.0,0.0,-0.00028360384332566744,1.517445975407373e-06,1.7128970353608778e-06,0.12536888991285383,0.11003417604391236,0.015334713868941474,0.049240358510694415,0.29746339449869375,0.04758575811758414,0.03267078183178607,0.014914976285798076,0.15729481528780642,0.37324337113287054,0.07169138000426001,0.06451174846929442,0.0071796315349655915,0.034007415806350916,0.26009880272297503
ZERO,3,1,2022,CORE_VOL,4.2327252813834093e-16,1.366962099069724e-15,0.05769130271735212,0.7784230443139677,0.7779550261574459,0.7779550261596034,-0.011760321648562388,,-0.0002003330993094539,0.07958089102498002,0.06941163138489771,-0.01697650660424595,-0.011581471135820743,0.0,0.0,-0.00013853442733572255,-5.424620646200504e-07,-3.231043877615886e-07,0.07252540284416581,0.07177899370957852,0.0007464091345872892,0.0029798492068726645,0.22504928558090975,0.02546602534081359,0.02170017165724894,0.003765853683564649,0.04939678688451876,0.2600245965691601,0.060135566133217466,0.0720523870587988,-0.011916820925581328,-0.041028624360532895,0.16588948899284894
ZERO,3,1,2023_PLUS,CORE_VOL,5.169475958410885e-16,5.551115123125783e-17,-0.0427546632792713,0.916912488763046,0.9170685119737131,0.917068511966996,-0.014650489801008915,0.8647610017669021,-0.0002014335080712959,-0.02460409459421426,-0.02758508063638454,-0.013544470447031361,-0.014909926129304104,0.0,0.0,-0.0002594406709611287,-2.0995754758160477e-07,-2.1584262146861419e-07,0.027350009018412003,0.016993159953569564,0.010356849064842438,0.05558848802150407,0.13452632508756968,0.0032704947471066323,0.004210199151765494,-0.0009397044046588615,-0.02022475638177612,0.06454081958627722,0.03278706559641409,0.01824058157107067,0.01454648402534342,0.06509256804618047,0.13564383036463679
ZERO,3,1,2024_PLUS,CORE_VOL,4.2847669856627135e-16,7.216449660063518e-16,-0.03972457717789224,0.9134837186647928,0.9136172433684431,0.9136172433672592,-0.017872881640180777,0.8383548939115861,-0.00020593296939356816,-0.020991011053195948,-0.021274386649043478,-0.017405505866379803,-0.01819881313496999,0.0,0.0,-0.00025134550918135505,-6.877707896754913e-08,-3.188469669879615e-08,0.03109658754900252,0.018396840852354518,0.012699746696648001,0.065933565554254,0.14736942034558087,0.003667159455892681,0.004722200537747266,-0.0010550410818545852,-0.021159717489032337,0.06718497311308347,0.03278706559641398,0.0190001964244203,0.013786869171993676,0.061903864339522,0.13564383036463623
ZERO,3,1,EX_MAJOR_SHOCKS,CORE_VOL,5.169475958410885e-16,1.5612511283791264e-16,-0.022337517844669447,0.9397234610296437,0.9398207080799921,0.9398207080872316,-0.008041258855444627,0.9031833970699641,-0.00014929955551352617,-0.013545380037570992,-0.014116704865276998,-0.008129158515751075,-0.008039022462844663,0.0,0.0,-0.0001815199559420796,-2.478755731109674e-07,-2.705606058598692e-07,0.019837447122127483,0.011191372908347513,0.00864607421377997,0.04983314741136469,0.10740835881628497,0.0053580327629913285,0.003059867269350258,0.0022981654936410703,0.048173923938589436,0.10554485247425271,0.03278706559641409,0.013200927928590511,0.019586137667823578,0.08571108924825555,0.13564383036463679
ZERO,3,3,ALL,VOL,4.594848806993568e-16,2.2898349882893854e-16,-0.022381976964174682,0.8311265392912901,0.8312863192036947,0.8312863192010846,0.00364217166218217,0.8621259742722815,-0.000938871928494561,-0.029478990784947052,-0.026198436834429278,-0.0014284531102350308,0.004895031234966353,0.0,0.0,-0.0010773734233102208,-1.171768215560886e-06,-1.1979414013082661e-06,0.06645947642350561,0.03716126482726195,0.029298211596243656,0.16151916134603295,0.30408885564958,0.020627058678836713,0.010784838007031915,0.009842220671804798,0.1854036143944786,0.32295270718748315,0.20589921130106548,0.06814077274237806,0.1377584385586874,0.3029917378503648,0.3938382315720247
ZERO,3,3,GFC,VOL,4.0874203527021803e-16,5.828670879282072e-16,0.03342244079001966,0.7092795620628749,0.7093024343979022,0.709302434392275,0.033739178841352135,2.325322753757869,-0.0009818908672030347,-0.019694430324284688,-0.001235563242593494,0.022298312995227207,0.035681970704840894,0.0,0.0,-0.0010225980347960033,-1.4542189416983528e-06,-1.368637432316912e-06,0.13476957785074226,0.08565050858988002,0.049119069260862236,0.23745459876562547,0.46073937478353255,0.04238603812881497,0.02542616928027519,0.016959868848539783,0.27336338789570314,0.4845910349116337,0.20589921130106603,0.1219458707499188,0.08395334055114723,0.20943536302399413,0.3938382315720266
ZERO,3,3,2011,VOL,3.937822290467352e-16,1.1518563880486e-15,-0.03558044828680415,0.7884517956917989,0.7887334034014083,0.7887334034026567,-0.035371643150637025,-0.3579857592742661,-0.0009423728747445305,-0.010453056603884117,-0.002142467008025972,-0.03611308841269523,-0.032480152148594864,0.0,0.0,-0.0009577385651159408,-1.6706463987789484e-07,-9.056506622106549e-08,0.06778725196449595,0.04635974760427683,0.02142750436021912,0.12463713239148855,0.3105534543652485,0.030966700494711882,0.019432487335299176,0.011534213159412707,0.1592475008602967,0.3371003527579387,0.03251837742751962,0.03146535188875765,0.0010530255387619647,0.008754480412017096,0.21428979725551944
ZERO,3,3,2015_2016,VOL,3.855422925358454e-16,7.251144129583054e-16,-0.01918676904005548,0.9025910005657352,0.9025577632613804,0.9025577632594122,-0.011546498609905836,0.7791715757484781,-0.0008762067630041845,-0.009900024292751412,-0.007075160046133833,-0.011111584573848083,-0.01116653899034519,0.0,0.0,-0.000945409808258005,1.9925400106364235e-07,3.398046822702556e-07,0.022712309204417497,0.018999467152737287,0.0037128420516802096,0.02157680210676316,0.11886587129349169,0.007378995464145811,0.004606886425589325,0.002772109038556486,0.06493505705452285,0.1560128045024517,0.0026511713176416984,0.016326406459964082,-0.013675235142322384,-0.08697068855271417,0.015274716354212736
ZERO,3,3,2018Q4,VOL,3.3480163086352377e-16,1.5126788710517758e-15,0.08640162848679894,0.6205703919185908,0.6207877524016843,0.620787752398358,-0.07432288322582903,,-0.0013697611168603475,0.2689898443675097,0.15254056729765078,-0.13063854741796457,-0.06544801612619465,0.0,0.0,-0.0006853171720825532,-1.1325978950025057e-05,-5.605512573123939e-06,0.12899341054896793,0.12278908977556488,0.006204320773403049,0.030923403933101112,0.39883659835335605,0.03521336278555609,0.027360058805810827,0.007853303979745263,0.17548348287817828,0.48831189265157704,0.061394947147985435,0.07959146810010975,-0.018196520952124318,-0.12830816456104777,0.2772903165278112
ZERO,3,3,COVID,VOL,2.469812548921979e-16,1.734723475976807e-15,-0.09677687519486661,0.4880209581242525,0.48685022370568987,0.48685022369926634,-0.06330620542009252,-0.05917457058976515,-0.001635865076168829,-0.08997913774403529,-0.02786329314490515,-0.07135011130374855,-0.0671873969245162,0.0,0.0,-0.0017329226793298884,6.167253154009892e-06,6.737553886358684e-06,0.2325517366506973,0.2183561603452672,0.014195576305430113,0.06989323257775748,0.5517766730547582,0.09514757637686144,0.06526815313511569,0.02987942324174575,0.48018804871210363,0.7462989677346139,0.14736629584675887,0.13296043199544672,0.01440586385131215,0.10097268352680722,0.5346500110499213
ZERO,3,3,2022,VOL,4.180683577104105e-16,3.7470027081099033e-16,0.11543456464666507,0.5567797442854499,0.5561539498516692,0.5561539498448074,-0.026792184934068264,,-0.0011978078541721863,0.15907436920309548,0.14053871501558504,-0.033692960323012215,-0.024240722086524356,0.0,0.0,-0.000862172874221906,-2.028311591741575e-06,-1.255408173314684e-06,0.14262288818315433,0.14334962311862678,-0.0007267349354724562,-0.004061902595585254,0.44256464403336815,0.04697701013398946,0.04340586469564181,0.0035711454383476476,0.06548820812890677,0.4796656700305356,0.12182801263575815,0.14889060460835257,-0.02706259197259442,-0.1266897158807463,0.33607377564866336
ZERO,3,3,2023_PLUS,VOL,4.0657581468206416e-16,2.914335439641036e-16,-0.08590802383432397,0.8337579800499952,0.8340449253565542,0.8340449253601067,-0.029959141805657424,0.7282608681151307,-0.0012102531384840319,-0.04923551297696455,-0.054870801517422435,-0.026435205250915455,-0.02950352806414544,0.0,0.0,-0.0015323680633720007,-1.2288851401707338e-06,-1.3261893838144284e-06,0.05103768444218598,0.03397926720543565,0.017058417236750334,0.10074261150360575,0.2510387519201248,0.006451048350432469,0.008423384565204979,-0.0019723362147725104,-0.04668263420634822,0.12730671654371528,0.06399108485234684,0.03681213232815628,0.02717895252419056,0.13264350011486137,0.264738417441973
ZERO,3,3,2024_PLUS,VOL,3.649424512586208e-16,1.249000902703301e-16,-0.08000202196730047,0.8268898025198723,0.8271350163725313,0.8271350163699657,-0.03632785939888966,0.6744600887687004,-0.0012373908230821774,-0.04200619340630241,-0.04256508071309593,-0.03393083014680731,-0.03595151043228739,0.0,0.0,-0.0014848951919608706,-6.202032355633046e-07,-5.356299564099747e-07,0.057820320150738624,0.03678033743575418,0.021039982714984445,0.12075926823773542,0.27401550254936535,0.006994670033722665,0.009448221416828988,-0.0024535513831063227,-0.054360512812922535,0.12814733687007174,0.06399108485234717,0.03836083656519729,0.02563024828714988,0.12603786834975672,0.2647384174419747
ZERO,3,3,EX_MAJOR_SHOCKS,VOL,4.594848806993568e-16,2.0816681711721685e-16,-0.045722600050191936,0.8793883620019187,0.8795720001913879,0.8795720001888072,-0.0171325911580186,0.8018130360017367,-0.0008982090002681518,-0.02710638448090205,-0.028258588024538442,-0.016031757652953366,-0.016381059938125896,0.0,0.0,-0.0010816217291320573,-1.2175488864606947e-06,-1.3303583953285528e-06,0.03662625051990531,0.02238486981916618,0.014241380700739131,0.08774308913439688,0.19830925892394446,0.00939170520015567,0.0061223483873362045,0.0032693568128194656,0.07323317864265533,0.1850018810408881,0.06399108485234684,0.026579341621547736,0.0374117432307991,0.1738988773021527,0.264738417441973
ZERO,3,3,ALL,CORE_VOL,4.928783076119103e-16,1.5959455978986625e-16,-0.010253539942472856,0.915554069688369,0.9156398346273571,0.9156398346285834,0.002671235215404938,0.936837714019119,-0.0004678473169258203,-0.014740076358355458,-0.012756102544366823,-0.001018805110200503,0.0030429154723589434,0.0,0.0,-0.0005396371433705713,-7.134200931120664e-07,-7.157270942454804e-07,0.03652839508804706,0.01859796437080191,0.01793043071724515,0.08967239535646843,0.16713760713756243,0.011741377551165125,0.005392950605545205,0.00634842694561992,0.1085623116352813,0.18383181651340352,0.0986319274540347,0.03316668068943851,0.0654652467645962,0.1337021930073059,0.18866038213346104
ZERO,3,3,GFC,CORE_VOL,4.440892098500626e-16,4.822531263215524e-16,0.019117057322791935,0.854562617787451,0.8545650370966243,0.8545650370991056,0.01853854082030554,1.7580616632390103,-0.0004903825845527185,-0.009853053766318821,0.0010531969159388254,0.010063414937157357,0.018571841754151743,0.0,0.0,-0.0005072283864814665,-8.510185360253467e-07,-7.529608176490446e-07,0.07289975447459734,0.042925008863306024,0.02997474561129132,0.12009970420718452,0.24922380728755855,0.024766175899605836,0.012719582912387312,0.012046592987218524,0.1611626060430742,0.2831466997108816,0.09863192745403371,0.05824672608619608,0.04038520136783763,0.08693313504356681,0.1886603821334596
ZERO,3,3,2011,CORE_VOL,3.200564813177209e-16,1.0824674490095276e-15,-0.01662916173348634,0.894291861950478,0.8944475012540805,0.8944475012505143,-0.016893300016801373,0.36532095827701677,-0.0004712991709850184,-0.005222530498604428,-0.0006361937986555747,-0.017741681655015298,-0.0155094572890375,0.0,0.0,-0.0004836262085919113,6.349964964867941e-08,1.1556279973037183e-07,0.03608570428760635,0.023180083943663277,0.012905620343943075,0.06614916318701891,0.16531928636948612,0.01549449950815486,0.009710137464791602,0.005784362043363259,0.0704106321434621,0.16867154609832158,0.020720510776492063,0.015678388142046473,0.005042122634445589,0.03705504577787044,0.13654414532896242
ZERO,3,3,2015_2016,CORE_VOL,3.7296554733501353e-16,1.6046192152785466e-15,-0.009418185671901669,0.9513039767552982,0.9512858130340581,0.9512858130309508,-0.005623027700684555,0.8916022235483013,-0.0004359348370133846,-0.0049493079234019495,-0.0034819659130809586,-0.00567628994030522,-0.005463830284572581,0.0,0.0,-0.00047246192902479186,-7.517084200419074e-09,7.24547782674595e-08,0.012761616556618255,0.009510232813804281,0.0032513837428139736,0.017907559146825847,0.06678848273256333,0.004966831989937158,0.0023030345330194227,0.0026637974569177353,0.05920295036900758,0.10501285601918853,0.0013250941239041358,0.008146406561930553,-0.006821312438026417,-0.04123642531800664,0.007634526200017255
ZERO,3,3,2018Q4,CORE_VOL,3.443426099813962e-16,1.186550857568136e-15,0.04219321312300639,0.8104643416663748,0.8105879512505824,0.8105879512574912,-0.03288201867544305,,-0.0006765451154309767,0.13435725728037726,0.07404958100021602,-0.06602492414299235,-0.031528492424125934,0.0,0.0,-0.0003237707848231953,-8.689228171367127e-06,-4.104668261693839e-06,0.065859146131648,0.061356305840956304,0.004502840290691701,0.017181960364495708,0.20363084983811397,0.01760655189095195,0.013666895184195171,0.003939656706756778,0.06740730399610528,0.24415415049384293,0.03053143512300427,0.03909306232547394,-0.008561627202469668,-0.046960039407247356,0.1378952454979674
ZERO,3,3,COVID,CORE_VOL,4.928783076119103e-16,3.649858193455202e-15,-0.042580139518172924,0.7437330988250324,0.7427815383471167,0.7427815383479534,-0.029665155000862864,0.5339816366358009,-0.000781416218880355,-0.04510241738486028,-0.006814318460577496,-0.038658438953938654,-0.03492033854719463,0.0,0.0,-0.0008506207564716495,4.553042778106738e-06,5.138246074505972e-06,0.12535823069619745,0.11003227297281326,0.015325957723384187,0.04921194146307395,0.29743810332181964,0.047576683967087696,0.0326680923671383,0.014908591599949395,0.15722302238606034,0.37317219717966643,0.0716332645910297,0.06450296211693718,0.00713030247409252,0.03377235567902548,0.2598879579965929
ZERO,3,3,2022,CORE_VOL,4.354155924701786e-16,1.8735013540549517e-16,0.05740179953340668,0.7784230443139677,0.7779550261574459,0.7779550261596034,-0.012003042387254359,,-0.0006009990082992739,0.07958089102498002,0.06939739201439267,-0.016976506604245968,-0.011579102196803354,0.0,0.0,-0.00041552129262411246,-1.6271701565652922e-06,-9.689915587083656e-07,0.07253219683308595,0.07178033881753454,0.0007518580155514154,0.003001618601177536,0.22507036760586607,0.025462704400660938,0.021699356422771418,0.0037633479778895196,0.049363391622305186,0.2599906876213809,0.059931029269068126,0.07201744906791041,-0.012086419798842285,-0.041607534278330194,0.1653252552447413
ZERO,3,3,2023_PLUS,CORE_VOL,4.827952274077951e-16,2.3592239273284576e-16,-0.04326533579634034,0.916912488763046,0.9170685119737131,0.9170685119669961,-0.015141086055361519,0.8631456729504293,-0.0006042950595798448,-0.02460409459421426,-0.027579596375064824,-0.01354447044703137,-0.014906926126494427,0.0,0.0,-0.0007781658564268297,-6.299080507450344e-07,-6.474383545004123e-07,0.027350445334075768,0.016993100957466728,0.01035734437660904,0.05559112891360318,0.13452847119080436,0.0032612769730362492,0.004209964685718978,-0.0009486877126827289,-0.02041799629090635,0.06435891356310142,0.03270569811291668,0.01823756538244492,0.014468132730471761,0.06474108808053436,0.1353072038038896
ZERO,3,3,2024_PLUS,CORE_VOL,4.828223324621073e-16,2.983724378680108e-16,-0.04021907527025331,0.9134837186647928,0.9136172433684433,0.913617243367259,-0.018347709757292774,0.836342708955097,-0.0006177965107499921,-0.0209910110531959,-0.02127004607854118,-0.01740550586637987,-0.018195047405119062,0.0,0.0,-0.0007538862895690111,-2.0622965664649854e-07,-9.549702435885506e-08,0.03109587228468383,0.01839679799457819,0.012699074290105639,0.0659300599360062,0.14736603064605602,0.0036563574913922245,0.004721959867650415,-0.00106560237625819,-0.021371429786774643,0.06698707342989263,0.03270569811291679,0.018997065110738842,0.01370863300217795,0.061551713869966496,0.13530720380389016
ZERO,3,3,EX_MAJOR_SHOCKS,CORE_VOL,4.883246584874712e-16,1.2836953722228372e-16,-0.022697488639486063,0.9397234610296437,0.9398207080799921,0.9398207080872316,-0.008389364591312981,0.9016165668858123,-0.00044789494006486455,-0.013545380037570992,-0.014114438591366638,-0.008129158515751064,-0.00803776622425598,0.0,0.0,-0.0005444722933613433,-7.436060209507966e-07,-8.115305019716598e-07,0.019839161151948143,0.011191459899544676,0.008647701252403467,0.04984233405573346,0.10741720186666037,0.0053467678397626645,0.0030596696181651103,0.002287098221597554,0.04794173421739023,0.10532295113230583,0.03270569811291668,0.013198696795271858,0.019507001317644823,0.08536394642303524,0.1353072038038896
ZERO,4,0,ALL,VOL,5.342948306008566e-16,3.608224830031759e-16,-0.02193713836918368,0.8287710943477578,0.8288741251067495,0.8288741251092533,0.004522620932722543,0.8655846668012132,0.0,-0.03001848676105667,-0.02673934944792894,-0.0014214280776861726,0.00480221107874562,0.0,0.0,0.0,0.0,0.0,0.06647457939426787,0.037697636383046795,0.02877694301122108,0.1591269733602939,0.3041754063854706,0.020768562252644118,0.011248936711242385,0.009519625541401733,0.17484405808331638,0.3161346070101554,0.24092449795026882,0.06905338600744271,0.17187111194282612,0.3787808991380912,0.4608336166784578
ZERO,4,0,GFC,VOL,5.360295540768334e-16,9.020562075079397e-17,0.05896143651056252,0.7093852514590253,0.7091935902846807,0.7091935902877858,0.058968491386560476,3.3380379037137806,0.0,-0.019701804389490936,-0.001293361160390786,0.04498150733910069,0.060254797670953215,0.0,0.0,0.0,0.0,0.0,0.1357324487488726,0.08610511707924054,0.04962733166963207,0.24044008863681865,0.4640311602344981,0.03562482208093739,0.02489475543390801,0.010730066647029378,0.1765753399723291,0.4158746904887082,0.24092449795027115,0.12175898431132937,0.11916551363894179,0.2971393660267153,0.46083361667846245
ZERO,4,0,2011,VOL,3.191891195797325e-16,2.1441182163073336e-15,-0.044404790283071593,0.7792687942783232,0.7791495338392218,0.7791495338366473,-0.04382692265467644,-0.6947811438996654,0.0,-0.010927247662152171,-0.002244028750136054,-0.04559574849087744,-0.0421607615329334,0.0,0.0,0.0,0.0,0.0,0.06867678305381142,0.04847525073795478,0.02020153231585664,0.1189699864378656,0.31462865943030827,0.02810141374316634,0.017749099044745656,0.010352314698420684,0.1652104837860624,0.34947458022377886,0.030598173938469198,0.03294130363934833,-0.002343129700879132,-0.019721947232678172,0.20163602886639498
ZERO,4,0,2015_2016,VOL,4.414871246360974e-16,3.400058012914542e-16,-0.025216601326832254,0.9044046414273907,0.9044023338089144,0.9044023338105276,-0.01766920799000573,0.7097717534224772,0.0,-0.009712617949860648,-0.00693180395998856,-0.01805123002770549,-0.018284797366844033,0.0,0.0,0.0,0.0,0.0,0.023938247412547603,0.018495234179090436,0.005443013233457167,0.03153909613229278,0.12528187294043214,0.0017346571568208416,0.004384002462746374,-0.0026493453059255323,-0.06387660137291351,0.0378250638123383,0.0052095008051886715,0.01575934718086791,-0.01054984637567924,-0.0668529914909739,0.03001452475620603
ZERO,4,0,2018Q4,VOL,2.8959040027087823e-16,8.604228440844963e-16,0.10944918100306306,0.619955372538243,0.6169468967254053,0.6169468967238518,-0.05029121930125052,,0.0,0.27171431114605826,0.15726228036119977,-0.09403818650991866,-0.04781309935813758,0.0,0.0,0.0,0.0,0.0,0.1301276597018643,0.12395941841146918,0.006168241290395116,0.030923960733804545,0.4023435997722744,0.019254833087519185,0.023658139731462136,-0.00440330664394295,-0.11409654866526964,0.3093098591286557,0.07000542054792713,0.07919889030579863,-0.009193469757871497,-0.06464647446793337,0.3161795249307294
ZERO,4,0,COVID,VOL,3.2612801348363973e-16,3.191891195797325e-15,-0.16948764301754027,0.48311406897119014,0.48271687796962665,0.48271687797182844,-0.14189447599042615,-0.8549576141191122,0.0,-0.09070390642271353,-0.026938336775157147,-0.14738203623574359,-0.14254930624237994,0.0,0.0,0.0,0.0,0.0,0.23270250387015531,0.21904019608546899,0.013662307784686328,0.0674949528494232,0.5521343991932783,0.05690969111672495,0.07192594845455769,-0.015016257337832739,-0.2233680903572366,0.4089736640180025,0.13090632819663495,0.1350796266426837,-0.0041732984460487454,-0.029692264293239568,0.47493267992305876
ZERO,4,0,2022,VOL,3.9118014383277e-16,6.38378239159465e-16,0.08566419940564585,0.5549540184365469,0.5541371467306571,0.5541371467318296,-0.05365659232932832,,0.0,0.15979719119097768,0.13837396613875314,-0.07448003931549532,-0.052709766733107934,0.0,0.0,0.0,0.0,0.0,0.14280979067725996,0.14419507072488852,-0.0013852800476285565,-0.007779436364557135,0.44314461010211426,0.027351835688749986,0.0316725918029164,-0.004320756114166414,-0.1094016905604116,0.3843330737632008,0.09552303514163696,0.1470013265967658,-0.05147829145512883,-0.23887566769778257,0.2635090763357597
ZERO,4,0,2023_PLUS,VOL,4.727121472036799e-16,1.7763568394002505e-15,-0.09291660496924242,0.8235925769768073,0.8238392154983885,0.8238392154977219,-0.034355216773047426,0.707147750464185,0.0,-0.052396236389339386,-0.05832426808302581,-0.030170310368778507,-0.03459233688621483,0.0,0.0,0.0,0.0,0.0,0.051300104833316706,0.035849858363141224,0.015450246470175483,0.09232289664005677,0.2524611910348511,0.014183290184228772,0.010671790729513776,0.003511499454714996,0.07047900060852375,0.2344534047571163,0.055295202896501805,0.03927431963463468,0.016020883261867125,0.07913889429829457,0.22876256185889376
ZERO,4,0,2024_PLUS,VOL,4.727121472036799e-16,1.3322676295501878e-15,-0.08625631097685704,0.8171794345762464,0.817423521489577,0.8174235214875976,-0.04113036002117809,0.6512178796831708,0.0,-0.044570240911861306,-0.04515270668080539,-0.03786804281938734,-0.04110360429605031,0.0,0.0,0.0,0.0,0.0,0.05779345889303597,0.03857000082923709,0.01922345806379888,0.11157600796711298,0.27408418259168565,0.016729631368584283,0.012149723442538958,0.004579907926045325,0.0843330823464804,0.2517358259717226,0.05529520289650203,0.04072833741996218,0.014566865476539848,0.07247699704678767,0.2287625618588942
ZERO,4,0,EX_MAJOR_SHOCKS,VOL,4.727121472036799e-16,5.551115123125783e-16,-0.045592501309853206,0.876571812426846,0.8767208519249101,0.8767208519279492,-0.01630426847239705,0.8033978258042097,0.0,-0.027856672863537366,-0.029093874164508322,-0.015997757310588123,-0.016498627145344325,0.0,0.0,0.0,0.0,0.0,0.0364607182920168,0.022872220491661183,0.01358849780035562,0.08398306285123447,0.19743428826657028,0.010824963137105986,0.006624544525616158,0.004200418611489828,0.08928189537405118,0.20169018041808984,0.055295202896501805,0.027333393187284005,0.0279618097092178,0.1304304497033819,0.22876256185889376
ZERO,4,0,ALL,CORE_VOL,5.096292311768114e-16,5.516420653606247e-16,-0.00998891167799515,0.9143563631441793,0.9144108290019238,0.9144108289985078,0.003149878212074242,0.9387949846103407,0.0,-0.015013845206625156,-0.013025086389539956,-0.0009725929561401022,0.0030361747115453578,0.0,0.0,0.0,0.0,0.0,0.03651489266019614,0.018872080948311498,0.017642811711884643,0.0883606479662905,0.16708540941884853,0.012021643478974081,0.005626385609614121,0.0063952578693599604,0.1064653232187146,0.18299088259505392,0.11339636238688733,0.03360257129874089,0.07979379108814644,0.16311113797170784,0.21690137882000315
ZERO,4,0,GFC,CORE_VOL,5.096292311768114e-16,2.1718737919229625e-15,0.03171518380147781,0.8544971989686019,0.8543687847477685,0.8543687847525521,0.030954310244605245,2.2576237323834665,0.0,-0.009866349640340033,0.0010413708438010672,0.02139579631814918,0.03067381295767891,0.0,0.0,0.0,0.0,0.0,0.07362322157509615,0.04323799704886233,0.030385224526233823,0.12189723364074756,0.25169713832321294,0.023150166666480496,0.012464118441375474,0.010686048225105022,0.14598770219191115,0.2702488836382494,0.11339636238688833,0.05819651180849861,0.05519985057838972,0.11881028845918884,0.21690137882000515
ZERO,4,0,2011,CORE_VOL,4.448481513708025e-16,6.765421556309548e-16,-0.02118081193301178,0.8896622375395964,0.8895893048997509,0.8895893049038492,-0.021269196019946264,0.19159981507134125,0.0,-0.005462904520348522,-0.0006682269417514824,-0.022531134931746157,-0.02051258499125962,0.0,0.0,0.0,0.0,0.0,0.036492521113461934,0.024255289658130758,0.012237231455331177,0.06307085188004546,0.16718303459503037,0.014510380625845365,0.008872310862808944,0.005638069763036421,0.07881206576449573,0.18045388123356332,0.021132216630670997,0.016423488403642827,0.004708728227028169,0.03479543140773422,0.13925720701900368
ZERO,4,0,2015_2016,CORE_VOL,3.1750860621237997e-16,1.196959198423997e-16,-0.012480088488126623,0.9522017655035597,0.9522000278383571,0.9522000278314835,-0.008728361735383092,0.8563615234227789,0.0,-0.004856424702795772,-0.003414305067330661,-0.009146930215334708,-0.009065783420796081,0.0,0.0,0.0,0.0,0.0,0.013283482490544507,0.00925474964994022,0.004028732840604288,0.022157765364629545,0.06951969109963108,0.0012963544487074388,0.0021920266933060303,-0.0008956722445985915,-0.02051096771787364,0.02826765482329363,0.002603932199900183,0.007858237321788253,-0.00525430512188807,-0.03170826307001784,0.015002548305500296
ZERO,4,0,2018Q4,CORE_VOL,3.6857452853644723e-16,8.881784197001252e-16,0.052454435775041,0.8099782318095095,0.8079947453137072,0.8079947453157292,-0.022098217517321328,,0.0,0.1361967180725609,0.07580048587055208,-0.04881779611821482,-0.023346050095511963,0.0,0.0,0.0,0.0,0.0,0.0668437107665169,0.06214897163991279,0.004694739126604119,0.017968557639822302,0.2066750395231448,0.013686058739937668,0.011829035905322582,0.0018570228346150852,0.03682967628156919,0.21985300426315157,0.0345490082125085,0.038865226378227535,-0.004316218165719032,-0.023644663769134322,0.15604061682595316
ZERO,4,0,COVID,CORE_VOL,3.413068438984368e-16,1.304512053934559e-15,-0.07958793616217673,0.7415733247980825,0.7412031359223749,0.741203135917431,-0.07151507092651856,0.12894978331383664,0.0,-0.04537918509626211,-0.00666074852305619,-0.0744197188208793,-0.07292718763911923,0.0,0.0,0.0,0.0,0.0,0.12440210664949358,0.10988518799142977,0.014516918658063815,0.046592096545847506,0.29516950299607636,0.05181660763996243,0.03596070739023416,0.015855900249728272,0.15365472495538757,0.3723729204580192,0.06419960021793625,0.06561935992859191,-0.0014197597106556659,-0.006760375049792211,0.23291836690808077
ZERO,4,0,2022,CORE_VOL,4.0939474033052647e-16,5.204170427930421e-16,0.04262680827980714,0.7776051032633404,0.7770101797254324,0.7770101797257605,-0.02478208869470383,,0.0,0.07991952386876926,0.06896294808037987,-0.03860780001816721,-0.026336139800573248,0.0,0.0,0.0,0.0,0.0,0.07281093280629436,0.07223284572418898,0.000578087082105383,0.002312055280592751,0.22593529670899748,0.013675917844375066,0.015827179831277044,-0.0021512619869019783,-0.03887366444510265,0.19216653688160146,0.04709839936745608,0.07067414455514265,-0.02357574518768657,-0.08078598832932826,0.12992526562633666
ZERO,4,0,2023_PLUS,CORE_VOL,5.014435047745458e-16,7.91033905045424e-16,-0.04646083307081489,0.9118472241461859,0.9119816266039817,0.9119816265968954,-0.017079763157952454,0.8535658993933314,0.0,-0.026179671668189707,-0.029357590227546596,-0.015032681979162334,-0.017103242843267506,0.0,0.0,0.0,0.0,0.0,0.02724483438823455,0.01791615386901263,0.009328680519221921,0.050348060803825034,0.1340789333969138,0.007972928397515136,0.005332814005303825,0.002640114392211311,0.047860829329400834,0.13179454022316228,0.028493197280867966,0.019452452676824383,0.009040744604043582,0.0406760813306265,0.1178796073453704
ZERO,4,0,2024_PLUS,CORE_VOL,5.014977148831701e-16,1.0408340855860843e-15,-0.04289396981958174,0.908658340900729,0.9087914608125354,0.9087914608156634,-0.02038298116769091,0.8265558824270399,0.0,-0.022265664219020223,-0.022596289224951438,-0.018842552587933624,-0.020297680594629264,0.0,0.0,0.0,0.0,0.0,0.030707575545117605,0.019273481575159984,0.01143409396995762,0.0596810215255319,0.14562998830426754,0.009052393688580268,0.006070301195418029,0.002982092493162239,0.04938319077052067,0.13621410729319627,0.02849319728086841,0.020162602732886947,0.008330594547981462,0.037601116575475824,0.11787960734537206
ZERO,4,0,EX_MAJOR_SHOCKS,CORE_VOL,5.014435047745458e-16,1.8735013540549517e-16,-0.022557769078498296,0.9382987031203811,0.9383775587575384,0.9383775587520274,-0.007900603873343515,0.9027272836886252,0.0,-0.013924465033601795,-0.014537875541990859,-0.008029815111423571,-0.00801989353650725,0.0,0.0,0.0,0.0,0.0,0.019663596049749543,0.011437166410326743,0.0082264296394228,0.047486971190003446,0.10647810226200838,0.00599313698916662,0.0033115854368763534,0.0026815515522902664,0.05324800767930926,0.11166383342885922,0.028493197280867966,0.01357928022522592,0.014913917055642045,0.06537317788114483,0.1178796073453704
ZERO,4,1,ALL,VOL,4.575333167888829e-16,1.0755285551056204e-16,-0.02230169230947099,0.8287710943477578,0.8288741251067495,0.8288741251092531,0.004173953267451985,0.8633461227686183,-0.00032007352157186457,-0.03001848676105667,-0.026734931560493835,-0.001421428077686163,0.00480141989821836,0.0,0.0,-0.0003682419748035526,1.3178577279594332e-08,6.132760792832011e-08,0.0664733118317373,0.03769774008756194,0.02877557174417536,0.15911911600883621,0.3041690273867602,0.02076022251298678,0.011248515491815068,0.009511707021171711,0.17469726950854536,0.31600766127905144,0.2406232331290351,0.06903974453879302,0.17158348859024208,0.3781356475536144,0.4602573657852169
ZERO,4,1,GFC,VOL,4.575333167888829e-16,9.71445146547012e-17,0.058629959675338204,0.7093852514590253,0.7091935902846807,0.709193590287786,0.05866628417284932,3.3248936275423624,-0.0003054213620727825,-0.019701804389490936,-0.0012930695710176453,0.04498150733910074,0.06024560700474205,0.0,0.0,-0.00032280962713296456,1.802266232211101e-07,2.3186874667072545e-07,0.13573075858756678,0.08610519511952924,0.04962556346803754,0.24043161276129132,0.4640253820471968,0.035620162594345216,0.02489385438370676,0.010726308210638455,0.17651087339825355,0.41582029688247624,0.24062323312903167,0.12173734495946031,0.11888588816957135,0.29642612506113186,0.4602573657852119
ZERO,4,1,2011,VOL,3.677613769070831e-16,1.5751289161869408e-15,-0.04477098301868335,0.7792687942783232,0.7791495338392216,0.7791495338366473,-0.04417130521040781,-0.7087574860780398,-0.0003701772765388582,-0.010927247662152188,-0.0022437042941706844,-0.04559574849087742,-0.042153058772689586,0.0,0.0,-0.0003737808065545976,-4.655126733638688e-07,-4.3914527005326594e-07,0.06868012910320226,0.04847554461198053,0.020204584491221728,0.11898816710568927,0.3146439886724106,0.028093501116223482,0.017748757389234135,0.010344743726989347,0.1650887600617923,0.34937617727492365,0.03041403709575341,0.032937976536901004,-0.0025239394411475935,-0.021243214382631992,0.20042260280352353
ZERO,4,1,2015_2016,VOL,4.440892098500626e-16,6.140921104957897e-16,-0.02555872023599355,0.9044046414273907,0.9044023338089144,0.9044023338105277,-0.018003793530363105,0.7058341660434357,-0.00032182945602071136,-0.009712617949860648,-0.006930695517489502,-0.018051230027705492,-0.018281907730168998,0.0,0.0,-0.00034612777077850965,-3.394616587649583e-08,1.0782442846518966e-08,0.023938084780808222,0.018495129848520725,0.005442954932287497,0.03153873924465056,0.12528102180005596,0.001729898547608008,0.00438394052451916,-0.002654041976911152,-0.06398974412195901,0.03772129996688578,0.005201994089384043,0.015758855872787803,-0.01055686178340376,-0.06689723893389599,0.029971274833462624
ZERO,4,1,2018Q4,VOL,3.2612801348363973e-16,6.938893903907228e-17,0.1091864867287809,0.619955372538243,0.6169468967254053,0.6169468967238518,-0.05053396772714591,,-0.0004583612760249034,0.27171431114605826,0.1572259813018473,-0.09403818650991859,-0.047801926114515794,0.0,0.0,-0.00023930163669878113,3.2328275584307023e-06,1.733178148223055e-06,0.13011618935399208,0.12395774085544187,0.006158448498550212,0.0308746057283672,0.4023081344372015,0.019254833087519185,0.023657733123716884,-0.004402900036197699,-0.11408481084440725,0.3093098591286557,0.06990972793604222,0.07919213247007695,-0.009282404534034727,-0.06526874287310669,0.31574732919033677
ZERO,4,1,COVID,VOL,2.6150956400350367e-16,1.1379786002407855e-15,-0.16993112925165593,0.48311406897119014,0.48271687796962665,0.48271687797182833,-0.14228340460817457,-0.8598113494834638,-0.0004763224558482592,-0.09070390642271353,-0.026930225336621372,-0.1473820362357435,-0.14251586696152274,0.0,0.0,-0.00048818132637284836,2.991157764651857e-06,3.1443728621730894e-06,0.2326874386454577,0.21903952844109462,0.013647910204363095,0.06742360309614526,0.5520986538590046,0.0569042657252371,0.0719243732907997,-0.015020107565562602,-0.22342012792991683,0.40893467518864923,0.13083959597203187,0.13507279750825996,-0.004233201536228082,-0.030117000628315793,0.4746905731074098
ZERO,4,1,2022,VOL,4.0245584642661925e-16,1.3183898417423734e-15,0.08533018667564735,0.5549540184365469,0.5541371467306571,0.5541371467318297,-0.053961710889834785,,-0.0004449910560857828,0.15979719119097768,0.13834253612356662,-0.07448003931549532,-0.05269774022976388,0.0,0.0,-0.0003148048992144201,2.2062459153315698e-07,1.956810577175795e-07,0.14281147703721603,0.14419535281824644,-0.0013838757810304136,-0.007771562615309646,0.44314984294589654,0.027346008535303938,0.031671859102488625,-0.004325850567184687,-0.10952865030721148,0.3842511937818821,0.095302172741344,0.1469784035506594,-0.05167623080931538,-0.23976866509382688,0.2628998070949712
ZERO,4,1,2023_PLUS,VOL,4.0375688903360185e-16,1.3877787807814457e-15,-0.09342080489571367,0.8235925769768073,0.8238392154983885,0.8238392154977219,-0.03483920263633264,0.705558625649177,-0.00041354503384783174,-0.052396236389339386,-0.058312427551742214,-0.030170310368778507,-0.034585432718432584,0.0,0.0,-0.0005229893871234105,-1.7406297469999977e-08,4.476158592755529e-08,0.05129815612978714,0.03584998743366849,0.015448168696118647,0.09231055210354122,0.2524516009567088,0.014174122308404744,0.010671318147484177,0.003502804160920567,0.07030381127949825,0.23430185743111387,0.05516332627551035,0.039272162473250494,0.015891163802259856,0.07849727828212827,0.2282169732347996
ZERO,4,1,2024_PLUS,VOL,4.0375688903360185e-16,1.3600232051658168e-15,-0.08678084122963581,0.8171794345762464,0.817423521489577,0.8174235214875976,-0.04163431990501207,0.6490969128615827,-0.0004536004980664641,-0.044570240911861306,-0.04514266300820512,-0.03786804281938734,-0.04109458803415978,0.0,0.0,-0.0005435912611568634,-6.1479610253675e-08,1.0738873217355783e-09,0.057792254877757715,0.03857023802219944,0.01922201685555827,0.11156779656128879,0.2740784725762325,0.01671918918975638,0.012149173021515358,0.0045700161682410215,0.0841500855315449,0.25157869934685717,0.05516332627551024,0.04072611576203944,0.0144372105134708,0.07183110870720621,0.22821697323479928
ZERO,4,1,EX_MAJOR_SHOCKS,VOL,4.440892098500626e-16,2.0816681711721685e-17,-0.04596169889958815,0.876571812426846,0.8767208519249102,0.8767208519279492,-0.016662317946568028,0.8017991393877252,-0.0003118408762021948,-0.02785667286353734,-0.029089184894149377,-0.015997757310588147,-0.016496047996472692,0.0,0.0,-0.000376391008830298,-9.98423570930996e-08,-7.500013580285856e-08,0.03645992088705774,0.022872331577125316,0.013587589309932424,0.08397717598806043,0.19742929134038967,0.010816401653080572,0.006624337512516176,0.004192064140564396,0.08910392504931397,0.2015306632690833,0.05516332627551035,0.02733180752090536,0.02783151875460499,0.1298217352602139,0.2282169732347996
ZERO,4,1,ALL,CORE_VOL,4.701100619897147e-16,2.671474153004283e-16,-0.010172612450980778,0.9143563631441793,0.9144108290019238,0.9144108289985078,0.0029751055354545475,0.9376671997035669,-0.00015959910438000723,-0.015013845206625156,-0.013023974317268726,-0.0009725929561400943,0.003035914336154978,0.0,0.0,-0.00018459691898837886,1.0538970530343471e-08,4.4449121081939915e-08,0.03651433225427078,0.01887213573006355,0.017642196524207232,0.08835740711145024,0.16708252712866645,0.012018296676127395,0.005626154528217547,0.0063921421479098475,0.1064130447510816,0.18293993827884136,0.1132684272357205,0.033595510539890516,0.07967291669582999,0.16286170094979713,0.2166566680541231
ZERO,4,1,GFC,CORE_VOL,4.172009959724221e-16,8.326672684688674e-16,0.031551864889130386,0.8544971989686019,0.8543687847477683,0.8543687847525521,0.030808673624486988,2.2511475365839693,-0.0001543493085054439,-0.009866349640340033,0.0010413128506257204,0.021395796318149227,0.03067145713115731,0.0,0.0,-0.00016111961387552795,1.727983599081179e-07,2.1452122205348092e-07,0.07362233690206038,0.043238048004923424,0.030384288897136957,0.12189350506968322,0.2516941138743136,0.023147056504518607,0.012463582206640636,0.01068347429787797,0.14595146921495172,0.2702125764353578,0.11326842723571706,0.05818478688132023,0.055083640354396834,0.11855716956117812,0.21665666805411732
ZERO,4,1,2011,CORE_VOL,4.464744546295307e-16,1.5855372570428017e-15,-0.021365223682703095,0.8896622375395964,0.8895893048997509,0.8895893049038492,-0.021441144582185066,0.1845614402901178,-0.0001820940531155237,-0.005462904520348522,-0.0006681859733212857,-0.022531134931746126,-0.02051073154361883,0.0,0.0,-0.00018602518169937696,-2.958264419758208e-07,-2.8098406518497367e-07,0.03649417170520905,0.024255460231722092,0.012238711473486957,0.06307853536785846,0.16719059644410916,0.014505584044487846,0.00887211738374101,0.005633466660746836,0.07874750807084108,0.18039423002626986,0.021110307224125324,0.01642161391496999,0.004688693309155334,0.034646902256329826,0.1391128282812537
ZERO,4,1,2015_2016,CORE_VOL,3.199285793426855e-16,7.45931094670027e-17,-0.01265289745052961,0.9522017655035597,0.9522000278383571,0.9522000278314835,-0.008897190929770829,0.8543725939274424,-0.00016062154050309083,-0.004856424702795772,-0.0034140320394647544,-0.009146930215334725,-0.009065067272568,0.0,0.0,-0.0001737796304450031,-4.309895227406717e-08,-1.8508051927158786e-08,0.013283535477452785,0.009254695070669672,0.004028840406783113,0.022158350319984144,0.06951996840895103,0.001293979536576416,0.002191994203499782,-0.0008980146669233663,-0.02056459408040001,0.028215868680682488,0.002600190374764555,0.00785798070299093,-0.005257790328226375,-0.03172924617968009,0.014980989790132626
ZERO,4,1,2018Q4,CORE_VOL,3.400058012914542e-16,9.71445146547012e-17,0.0523385837637127,0.8099782318095095,0.8079947453137072,0.8079947453157291,-0.022202746428597153,,-0.00022412691479388314,0.1361967180725609,0.0757920722280655,-0.0488177961182148,-0.023343428245330616,0.0,0.0,-0.00011109703670608266,2.0341230425544234e-06,1.0368176838011562e-06,0.06683809887205883,0.06214787494870805,0.004690223923350778,0.017951200885091834,0.2066576880252159,0.013683664705588905,0.011828772662593967,0.0018548920429949378,0.03678722498717191,0.2198145464679685,0.034504170913069676,0.03886099958106726,-0.004356828667997581,-0.02386657943246817,0.1558381091354799
ZERO,4,1,COVID,CORE_VOL,2.8015784137025435e-16,3.4416913763379853e-15,-0.07982091770778987,0.7415733247980825,0.7412031359223749,0.741203135917431,-0.07170519958338878,0.12639991664336817,-0.0002279705098027377,-0.04537918509626211,-0.006659522828623263,-0.07441971882087939,-0.0729188672309618,0.0,0.0,-0.00024514475697464175,2.356801482669367e-06,2.617108773272972e-06,0.12439420506248106,0.10988469724125394,0.014509507821227119,0.04656823809351274,0.2951507548609025,0.05181287365410003,0.03595952450362161,0.015853349150478424,0.1536282419856606,0.3723460866824433,0.06417118902713548,0.06561440353486381,-0.0014432145077283298,-0.006871896011097833,0.2328152901265934
ZERO,4,1,2022,CORE_VOL,3.9811903773667723e-16,4.649058915617843e-16,0.04247145556073756,0.7776051032633404,0.7770101797254324,0.7770101797257604,-0.024918976540302284,,-0.00021958163756617387,0.07991952386876926,0.06895529342208567,-0.0386078000181672,-0.026333203120492074,0.0,0.0,-0.00015078947713935534,1.823137381669369e-07,1.5473628285246453e-07,0.0728114633490248,0.07223304563397814,0.0005784177150466585,0.0023133794943854813,0.2259369430047472,0.013673016001134436,0.015826670590732117,-0.002153654589597681,-0.03891654106415943,0.19212576176343565,0.04699758827131861,0.07065960562128848,-0.023662017349969866,-0.08107757414403483,0.12964716894747574
ZERO,4,1,2023_PLUS,CORE_VOL,4.692427002517263e-16,9.298117831235686e-16,-0.04672217907981324,0.9118472241461859,0.9119816266039817,0.9119816265968954,-0.01732967228087151,0.852742195528261,-0.00020649973329854481,-0.026179671668189707,-0.029354595049242326,-0.015032681979162339,-0.01710152764092972,0.0,0.0,-0.00026600526023424196,-7.737319029665288e-08,-5.1129406023290016e-08,0.027244269634351226,0.017916228099246895,0.009328041535104331,0.05034463229582631,0.13407615409580909,0.007968180190967435,0.005332554915872013,0.002635625275095421,0.04777922478136387,0.13171605115771,0.02846886695253603,0.019451284803225,0.009017582149311032,0.04057165572510857,0.11777895000172156
ZERO,4,1,2024_PLUS,CORE_VOL,3.5756987648571936e-16,1.1032841307212493e-15,-0.04316559233607814,0.908658340900729,0.9087914608125354,0.9087914608156634,-0.02064296408269778,0.8254575618965593,-0.00022641084924898957,-0.022265664219020223,-0.022593764638324527,-0.018842552587933617,-0.020295444686334062,0.0,0.0,-0.0002762881692274641,-1.2372548038930198e-07,-9.484219098498286e-08,0.03070747420883521,0.019273617121864817,0.011433857086970395,0.059679827322055456,0.145629507719221,0.009047215997439718,0.006069998738244778,0.0029772172591949406,0.04930221038435534,0.13613619700771673,0.02846886695253581,0.020161395895457956,0.008307471057077853,0.037496541733133326,0.11777895000172067
ZERO,4,1,EX_MAJOR_SHOCKS,CORE_VOL,4.701100619897147e-16,1.3183898417423734e-16,-0.02274542539762822,0.9382987031203811,0.9383775587575384,0.9383775587520274,-0.00808218259300239,0.9019147899939225,-0.0001554692664797178,-0.013924465033601795,-0.014536653127138964,-0.00802981511142357,-0.008019244289699724,0.0,0.0,-0.00018945388539796666,-8.492397228129885e-08,-7.409539170186561e-08,0.019663405454485555,0.011437223744054176,0.00822618171043138,0.04748538164714056,0.10647670400173259,0.00598939409162242,0.0033114751975060405,0.0026779188941163795,0.053175756987990375,0.11159409594602299,0.02846886695253603,0.01357844455133106,0.014890422401204972,0.06526995309060024,0.11777895000172156
ZERO,4,3,ALL,VOL,4.826868071905466e-16,3.3306690738754696e-16,-0.023030441051237055,0.8287710943477578,0.8288741251067495,0.8288741251092533,0.003476977626617195,0.858870763824012,-0.0009602052739490338,-0.03001848676105667,-0.026726098675929247,-0.001421428077686156,0.004799838063698659,0.0,0.0,-0.0011043644209223207,3.958697196231794e-08,1.8398191618810995e-07,0.0664706747107181,0.037697948371586076,0.028772726339132026,0.1591028277768035,0.30415579398480375,0.02074354453183857,0.011247673072668017,0.009495871459170552,0.17440372638944301,0.3157537926216125,0.24002107625805036,0.0690124651993741,0.17100861105867626,0.3768460772907182,0.4591055770255663
ZERO,4,3,GFC,VOL,4.440892098500626e-16,1.734723475976807e-16,0.05796730967161052,0.7093852514590253,0.7091935902846807,0.709193590287786,0.058062171093523324,3.2986171167024194,-0.000916254283371234,-0.019701804389490936,-0.0012924865300746905,0.04498150733910073,0.060227231312423496,0.0,0.0,-0.0009681307629409369,5.409103698247562e-07,6.956522024713107e-07,0.13572731952051087,0.08610535081898213,0.04962196870152874,0.24041437778157038,0.4640136248418212,0.03561084228127333,0.024892052285810283,0.010718789995463045,0.1763819239028881,0.4157114940285218,0.24002107625804503,0.12169407200891824,0.11832700424912679,0.29500079324564144,0.459105577025558
ZERO,4,3,2011,VOL,3.191891195797325e-16,5.204170427930421e-16,-0.04550297519443322,0.7792687942783232,0.7791495338392217,0.7791495338366472,-0.044859678370492,-0.7366951596720043,-0.001110530714074898,-0.010927247662152173,-0.0022430555622436096,-0.04559574849087742,-0.04213765861863256,0.0,0.0,-0.0011209441974099482,-1.3963804434615942e-06,-1.3168161465814273e-06,0.06868671206993326,0.048476131963709285,0.02021058010622398,0.11902388798727215,0.31467414719040676,0.028077672606217935,0.017748074237918132,0.010329598368299803,0.1648452625038591,0.3491793308834822,0.030045858190906105,0.0329313229280922,-0.002885464737186094,-0.02428470053942977,0.19799637526344005
ZERO,4,3,2015_2016,VOL,3.452099717193846e-16,8.049116928532385e-16,-0.026242628374919412,0.9044046414273907,0.9044023338089144,0.9044023338105277,-0.0186726347108356,0.69796278570126,-0.000965462998435139,-0.009712617949860648,-0.006928479347167576,-0.01805123002770549,-0.018276130327539192,0.0,0.0,-0.001038050994926352,-1.0186657753941709e-07,3.22947145124591e-08,0.0239376090375317,0.018494921181869406,0.005442687855662293,0.03153715356026099,0.1252785319766493,0.0017203817942162969,0.004383816630710122,-0.002663434836493825,-0.06421601694891677,0.03751378241627801,0.005186978619798666,0.015757873523596033,-0.010570894903797368,-0.0669857477125162,0.029884763246181945
ZERO,4,3,2018Q4,VOL,4.102621020685149e-16,4.163336342344337e-16,0.10866140301657096,0.619955372538243,0.6169468967254053,0.6169468967238518,-0.05101916573466364,,-0.0013751531553384527,0.27171431114605826,0.15715340935811056,-0.0940381865099187,-0.04777958773737695,0.0,0.0,-0.0007176166404481808,9.700138997182042e-06,5.198036285114577e-06,0.13009314628458377,0.12395438616784962,0.006138760116734143,0.03077538291666937,0.4022368872364388,0.019254833087519185,0.023656920059445197,-0.004402086971926011,-0.11406134030977166,0.3093098591286557,0.06971835621809064,0.07917861834755124,-0.009460262129460606,-0.06651301894696804,0.3148829987085898
ZERO,4,3,COVID,VOL,3.191891195797325e-16,1.3877787807814457e-15,-0.17081749958921943,0.48311406897119014,0.48271687796962665,0.48271687797182844,-0.14306066657010957,-0.8695122301926643,-0.0014289787633391408,-0.09070390642271353,-0.02691400968716676,-0.14738203623574353,-0.14244901738403937,0.0,0.0,-0.0014639026443161445,8.97453905856232e-06,9.430126301442588e-06,0.23265716703666295,0.21903819210119496,0.013618974935467987,0.06728021249197502,0.5520268282608418,0.056893418196519635,0.07192122341980792,-0.015027805223288282,-0.22352415566433748,0.4088567209162213,0.13070612298305673,0.13505914132611985,-0.00435301834306312,-0.030966425547952037,0.4742063284935355
ZERO,4,3,2022,VOL,4.2327252813834093e-16,1.8041124150158794e-16,0.08466260267909825,0.5549540184365469,0.5541371467306571,0.5541371467318295,-0.054571512284250556,,-0.0013349638759052925,0.15979719119097768,0.13827970389834127,-0.07448003931549531,-0.05267369786678831,0.0,0.0,-0.0009439902704286536,6.620538771379432e-07,5.869179741401046e-07,0.1428147658382399,0.1441959164858437,-0.0013811506476038016,-0.00775628337685097,0.44316004822972577,0.02733435612803882,0.031670393945561044,-0.0043360378175222244,-0.10978251442744202,0.38408746051176845,0.09486063952971113,0.14693256182211323,-0.052071922292402095,-0.24155322651947064,0.26168179712914086
ZERO,4,3,2023_PLUS,VOL,4.826868071905466e-16,5.551115123125783e-17,-0.09442857993001197,0.8235925769768073,0.8238392154983885,0.8238392154977219,-0.03580654811464595,0.7023823453070568,-0.0012406133197943392,-0.052396236389339386,-0.05828875622338944,-0.030170310368778503,-0.03457163003257928,0.0,0.0,-0.0015683279106465397,-5.22092356713753e-08,1.3423660323663832e-07,0.05129413945297959,0.03585024529903563,0.015443894153943954,0.09228515177109375,0.25243183384289625,0.014155786239302616,0.01067037293366091,0.003485413305641706,0.06995343714885083,0.23399875753151267,0.05489962462540998,0.03926784902130409,0.01563177560410589,0.07721433814273693,0.22712600942811467
ZERO,4,3,2024_PLUS,VOL,4.826868071905466e-16,1.3877787807814457e-16,-0.08782919517503202,0.8171794345762464,0.817423521489577,0.8174235214875976,-0.04264153236077203,0.6448578362331372,-0.001360781555315778,-0.044570240911861306,-0.04512258459555533,-0.03786804281938734,-0.04107656349907716,0.0,0.0,-0.0016300502890701132,-1.8444490172335684e-07,3.208670434428668e-09,0.05778970841905812,0.03857071207476731,0.019218996344290806,0.11155057193856366,0.27406639605296224,0.016698303258013462,0.01214807208683237,0.004550231171181092,0.08378407560859902,0.2512644224113616,0.05489962462540876,0.0407216733364868,0.014177951288921964,0.0705396274320198,0.22712600942811
ZERO,4,3,EX_MAJOR_SHOCKS,VOL,4.826868071905466e-16,4.926614671774132e-16,-0.04669973478016187,0.876571812426846,0.8767208519249102,0.8767208519279491,-0.01737805638260395,0.798602996487894,-0.0009355053140949675,-0.02785667286353734,-0.02907980938920974,-0.015997757310588143,-0.01649089136100937,0.0,0.0,-0.0011288090708892263,-2.995413800679118e-07,-2.2495905304826455e-07,0.03645821617099568,0.022872554755648117,0.01358566141534756,0.08396471247458503,0.19741869229298403,0.010799280921463497,0.00662392347303338,0.004175357448430117,0.08874803689147559,0.20121167064019374,0.05489962462540998,0.027328636866773448,0.027570987758636534,0.12860457127879277,0.22712600942811467
ZERO,4,3,ALL,CORE_VOL,5.019856058607886e-16,2.185751579730777e-16,-0.010539921478337044,0.9143563631441793,0.9144108290019238,0.9144108289985078,0.002625653196072969,0.935411959142107,-0.0004787939297277161,-0.015013845206625156,-0.013021750552469971,-0.0009725929561400963,0.0030353936793241754,0.0,0.0,-0.0005536979830716507,3.166153251057449e-08,1.3337788062065546e-07,0.03651318957219288,0.018872245753117772,0.017640943819075106,0.08835081101966347,0.16707665769273794,0.012011602840169958,0.0056256923779714404,0.006385910462198517,0.10630848500251733,0.1828380461413861,0.11301263830934827,0.03358139081305722,0.07943124749629105,0.16236301177808998,0.21616740217601926
ZERO,4,3,GFC,CORE_VOL,5.019856058607886e-16,6.071532165918825e-16,0.03122530322454383,0.8544971989686019,0.8543687847477683,0.8543687847525521,0.03051747566744736,2.2381981650135385,-0.00046304493615176073,-0.009866349640340033,0.0010411969036983962,0.021395796318149182,0.03066674622758568,0.0,0.0,-0.00048328362524676505,5.186315192762208e-07,6.437185059140622e-07,0.0736205561312272,0.0432381498029446,0.030382406328282596,0.12188600249187542,0.2516880259184604,0.023140835387922165,0.012462509742449737,0.010678325645472428,0.14587899396313464,0.2701399527761249,0.11301263830934505,0.058161340092629854,0.054851298216715194,0.1180511394075967,0.21616740217601393
ZERO,4,3,2011,CORE_VOL,3.7577092045631977e-16,7.563394355258879e-16,-0.021733955318680498,0.8896622375395964,0.8895893048997509,0.8895893049038492,-0.021784950319589803,0.17048819684437364,-0.0005462873396104784,-0.005462904520348522,-0.0006681040418093372,-0.022531134931746112,-0.020507025233566598,0.0,0.0,-0.0005579833100100497,-8.874083670574274e-07,-8.427332937554176e-07,0.036497450617090976,0.024255801222706985,0.012241649394383991,0.06309378834978219,0.16720561810942203,0.014495988528760065,0.008871730528856328,0.005624257999903737,0.07861835950985196,0.180274898349165,0.02106648162757596,0.016417865319744096,0.004648616307831865,0.03434980344596861,0.13882402610408195
ZERO,4,3,2015_2016,CORE_VOL,4.498354813642358e-16,1.878705524482882e-15,-0.012998432663638093,0.9522017655035597,0.9522000278383571,0.9522000278314835,-0.009234766444767145,0.8503956868997481,-0.00048185866826745753,-0.004856424702795772,-0.003413486072127573,-0.009146930215334702,-0.009063635210518037,0.0,0.0,-0.0005212558111387926,-1.293456662423862e-07,-5.556985180962189e-08,0.013283606362745004,0.009254585916585928,0.004029020446159076,0.02215932722126801,0.06952033939025215,0.001289229912347166,0.0021919292143203414,-0.0009026993019731755,-0.020671841761690013,0.02811230075727489,0.0025927056447975216,0.007857467612085056,-0.0052647619672875345,-0.031771219633014436,0.014937866538732969
ZERO,4,3,2018Q4,CORE_VOL,2.92300905702092e-16,6.036837696399289e-16,0.05210692975193515,0.8099782318095095,0.8079947453137072,0.8079947453157292,-0.022411758030513762,,-0.0006724276922367625,0.1361967180725609,0.07577524676591638,-0.048817796118214886,-0.023338185111219805,0.0,0.0,-0.00033324230853853986,6.1036329996248954e-06,3.1104057777262736e-06,0.0668268533187944,0.06214568209588461,0.004681171222909786,0.017916402522748287,0.20662291773585373,0.013678877757247743,0.011828246305038204,0.001850631452209539,0.036702343503931534,0.21973764887501968,0.03441449331646129,0.03885254720405429,-0.0044380538875929965,-0.02431040318168165,0.15543308021528157
ZERO,4,3,COVID,CORE_VOL,4.475586568020162e-16,1.2906342661267445e-15,-0.08028674479775684,0.7415733247980825,0.7412031359223749,0.741203135917431,-0.0720853246954708,0.12130167176831494,-0.0006839288056968699,-0.04537918509626211,-0.006657071790938649,-0.0744197188208793,-0.07290222935506638,0.0,0.0,-0.0007352945163088102,7.071501368587239e-06,7.850864558294535e-06,0.12437837740759555,0.10988371550200399,0.014494661905591566,0.046520443574357806,0.2951132005046945,0.051805404275980044,0.03595715925659829,0.015848245019381757,0.15357525992311472,0.3722924090244256,0.06411435579694158,0.06560449301353122,-0.0014901372165896376,-0.007094984662703974,0.23260909720455136
ZERO,4,3,2022,CORE_VOL,3.41740524767431e-16,3.400058012914542e-16,0.042160849965462655,0.7776051032633404,0.7770101797254324,0.7770101797257605,-0.025192656242850775,,-0.0006587447135461423,0.07991952386876926,0.06893998736741662,-0.03860780001816721,-0.026327331008350777,0.0,0.0,-0.00045227061788384755,5.47107223016706e-07,4.642242803137669e-07,0.07281250905677664,0.07223344528221975,0.0005790637745568816,0.002315967108809991,0.22594018787858805,0.01366721338445022,0.01582565234717944,-0.0021584389627292214,-0.03900227706376458,0.19204422655930953,0.04679600640485626,0.07063053083312154,-0.02383452442826528,-0.08166053187623157,0.12909108683221693
ZERO,4,3,2023_PLUS,CORE_VOL,4.440892098500626e-16,1.1171619185290638e-15,-0.047244709346283886,0.9118472241461859,0.9119816266039817,0.9119816265968954,-0.017829327605540735,0.8510952976025655,-0.0006194937756750336,-0.026179671668189707,-0.029348605926950672,-0.015032681979162332,-0.017098097942857576,0.0,0.0,-0.0007978521079096385,-2.3213133068349257e-07,-1.53368567115085e-07,0.02724311458965689,0.01791637643929042,0.00932673815036647,0.05033763806264768,0.13407046981972082,0.007958683471875123,0.005332036707407645,0.0026266467644674787,0.04761601294888851,0.1315590679685985,0.02842020545073054,0.019448949574594865,0.008971255876135675,0.040362801764909584,0.11757763181797665
ZERO,4,3,2024_PLUS,CORE_VOL,3.608224830031759e-16,1.5404344466674047e-15,-0.04370865668628093,0.908658340900729,0.9087914608125354,0.9087914608156636,-0.021162748459924552,0.8232616514363601,-0.0006792292411362442,-0.022265664219020223,-0.022588716572617747,-0.018842552587933617,-0.020290973850522153,0.0,0.0,-0.0008286817651806647,-3.7120984525141083e-07,-2.844979619126855e-07,0.03070724246785847,0.019273888064671063,0.011433354403187407,0.059677287924357114,0.14562840869283633,0.009036859991505816,0.0060693937679356935,0.0029674662235701227,0.049140242599311046,0.1359803670524654,0.028420205450730984,0.02015898275472716,0.008261222696003823,0.037287389330746046,0.11757763181797876
ZERO,4,3,EX_MAJOR_SHOCKS,CORE_VOL,4.499439015814843e-16,3.8163916471489756e-16,-0.02312064361121624,0.9382987031203811,0.9383775587575384,0.9383775587520274,-0.008445244843208632,0.9002900473741379,-0.00046640367513113855,-0.013924465033601795,-0.01453420872176875,-0.008029815111423562,-0.008017946022677745,0.0,0.0,-0.0005682665843562799,-2.5479554089879487e-07,-2.222824130834103e-07,0.01966299947732708,0.01143733892415244,0.00822566055317464,0.0474820540894304,0.10647376781038842,0.005981908570053339,0.0033112547113317917,0.0026706538587215473,0.053031262125368905,0.1114546260765491,0.02842020545073054,0.01357677358461118,0.014843431866119361,0.06506350051200382,0.11757763181797665
