cash_mode,offset,cost_bps,period,rule,cycles,high_positive_n,high_negative_n,high_positive_participation,rebound_participation,rebound_n,high_missed_upside,high_downside_avoided,missed_upside_per_downside_avoided,all_positive_participation,all_negative_participation
PROXY,0,0,ALL,VOL,1254,123,93,0.4511433336876751,0.44231972683183474,42,2.108437158502654,1.787490398269009,1.179551599574715,0.7533038503572732,0.736555359069741
PROXY,0,0,DOTCOM,VOL,63,18,14,0.4103213544518335,0.4465236986757036,8,0.272679311344177,0.22414101949699783,1.216552471993326,0.5116574783247807,0.6193070628775276
PROXY,0,0,GFC,VOL,150,31,28,0.37099820388926763,0.3688502987809084,12,0.6564571621077939,0.7255974676679147,0.904712587018338,0.5525456537691525,0.5398464395455543
PROXY,0,0,2011,VOL,50,13,8,0.4575466632622149,0.46169132976836147,4,0.21574013881108817,0.16237345408695147,1.3286663144799438,0.5953359934828334,0.6390928250873352
PROXY,0,0,2015_2016,VOL,99,5,6,0.5364695399929336,,0,0.05141783295646252,0.055977734150190084,0.9185408044296112,0.8367173207382639,0.8894162699473824
PROXY,0,0,2018Q4,VOL,12,3,1,0.5151368184984354,0.4998068631334775,1,0.02777749167641614,0.028908930484617724,0.9608619624028079,0.5211392546828297,0.7688606872713996
PROXY,0,0,COVID,VOL,17,8,7,0.31423549409961715,0.3706144049426552,4,0.2136042711623509,0.23086251359701554,0.9252445008686427,0.31563365274191624,0.32032966014435027
PROXY,0,0,2022,VOL,49,15,15,0.5347884990623567,0.5128155124294029,6,0.24021958714433714,0.22263310079500653,1.0789931339343994,0.5742736284743014,0.6405667039224712
PROXY,0,0,2023_PLUS,VOL,183,8,3,0.5355959011490549,0.4660661136510085,4,0.12253904911011937,0.012754627696009059,9.607418737001787,0.8535767614972296,0.9048179067560687
PROXY,0,0,2024_PLUS,VOL,133,6,3,0.5181711419025636,0.4660661136510085,4,0.10032524402904647,0.012754627696009059,7.865791649915299,0.8353849478596611,0.8951439411769926
PROXY,0,0,EX_MAJOR_SHOCKS,VOL,1032,67,43,0.49201437459964686,0.4729367860412537,20,0.9763927163206768,0.6083973162090722,1.6048603277946498,0.8218675207617636,0.8332773554869216
PROXY,0,0,ALL,CORE_VOL,1254,123,93,0.7255716668438378,0.7211598634159173,42,1.054218579251327,0.8937451991345045,1.179551599574715,0.8766519251786367,0.8682776795348703
PROXY,0,0,DOTCOM,CORE_VOL,63,18,14,0.7051606772259168,0.7232618493378519,8,0.1363396556720885,0.11207050974849893,1.2165524719933258,0.7558287391623905,0.8096535314387636
PROXY,0,0,GFC,CORE_VOL,150,31,28,0.6854991019446339,0.6844251493904542,12,0.32822858105389696,0.3627987338339573,0.9047125870183381,0.7762728268845761,0.7699232197727771
PROXY,0,0,2011,CORE_VOL,50,13,8,0.7287733316311074,0.7308456648841807,4,0.10787006940554408,0.08118672704347574,1.3286663144799438,0.7976679967414166,0.8195464125436676
PROXY,0,0,2015_2016,CORE_VOL,99,5,6,0.7682347699964668,,0,0.02570891647823126,0.027988867075095042,0.9185408044296112,0.9183586603691319,0.9447081349736912
PROXY,0,0,2018Q4,CORE_VOL,12,3,1,0.7575684092492176,0.7499034315667388,1,0.013888745838208075,0.014454465242308862,0.9608619624028082,0.7605696273414148,0.8844303436356997
PROXY,0,0,COVID,CORE_VOL,17,8,7,0.6571177470498085,0.6853072024713275,4,0.10680213558117545,0.11543125679850777,0.9252445008686427,0.6578168263709581,0.6601648300721751
PROXY,0,0,2022,CORE_VOL,49,15,15,0.7673942495311784,0.7564077562147014,6,0.12010979357216858,0.1113165503975033,1.0789931339343992,0.7871368142371508,0.8202833519612357
PROXY,0,0,2023_PLUS,CORE_VOL,183,8,3,0.7677979505745274,0.7330330568255042,4,0.061269524555059685,0.006377313848004529,9.607418737001787,0.9267883807486148,0.9524089533780342
PROXY,0,0,2024_PLUS,CORE_VOL,133,6,3,0.7590855709512818,0.7330330568255042,4,0.050162622014523234,0.006377313848004529,7.865791649915299,0.9176924739298306,0.9475719705884964
PROXY,0,0,EX_MAJOR_SHOCKS,CORE_VOL,1032,67,43,0.7460071872998234,0.7364683930206268,20,0.4881963581603384,0.3041986581045361,1.6048603277946498,0.910933760380882,0.9166386777434608
PROXY,0,1,ALL,VOL,1254,123,93,0.4511433336876752,0.44231972683183474,42,2.108437158502654,1.787490398269009,1.179551599574715,0.7533038503572731,0.736555359069741
PROXY,0,1,DOTCOM,VOL,63,18,14,0.4103213544518335,0.4465236986757036,8,0.272679311344177,0.22414101949699786,1.2165524719933258,0.5116574783247806,0.6193070628775275
PROXY,0,1,GFC,VOL,150,31,28,0.37099820388926763,0.3688502987809085,12,0.6564571621077939,0.7255974676679147,0.904712587018338,0.5525456537691527,0.5398464395455544
PROXY,0,1,2011,VOL,50,13,8,0.4575466632622149,0.46169132976836136,4,0.21574013881108817,0.16237345408695147,1.3286663144799438,0.5953359934828334,0.6390928250873352
PROXY,0,1,2015_2016,VOL,99,5,6,0.5364695399929336,,0,0.051417832956462524,0.05597773415019007,0.9185408044296115,0.8367173207382639,0.8894162699473824
PROXY,0,1,2018Q4,VOL,12,3,1,0.5151368184984353,0.4998068631334775,1,0.02777749167641615,0.028908930484617724,0.9608619624028082,0.5211392546828296,0.7688606872713998
PROXY,0,1,COVID,VOL,17,8,7,0.31423549409961715,0.3706144049426552,4,0.2136042711623509,0.23086251359701557,0.9252445008686426,0.31563365274191624,0.32032966014435027
PROXY,0,1,2022,VOL,49,15,15,0.5347884990623567,0.5128155124294029,6,0.24021958714433717,0.22263310079500653,1.0789931339343997,0.5742736284743014,0.6405667039224712
PROXY,0,1,2023_PLUS,VOL,183,8,3,0.5355959011490549,0.4660661136510085,4,0.12253904911011938,0.012754627696009057,9.60741873700179,0.8535767614972296,0.9048179067560687
PROXY,0,1,2024_PLUS,VOL,133,6,3,0.5181711419025636,0.4660661136510085,4,0.10032524402904647,0.012754627696009059,7.865791649915299,0.8353849478596612,0.8951439411769926
PROXY,0,1,EX_MAJOR_SHOCKS,VOL,1032,67,43,0.4920143745996469,0.4729367860412538,20,0.9763927163206768,0.6083973162090722,1.6048603277946498,0.8218675207617637,0.8332773554869216
PROXY,0,1,ALL,CORE_VOL,1254,123,93,0.7255716668438378,0.7211598634159173,42,1.054218579251327,0.8937451991345045,1.179551599574715,0.8766519251786367,0.8682776795348703
PROXY,0,1,DOTCOM,CORE_VOL,63,18,14,0.7051606772259167,0.7232618493378519,8,0.1363396556720885,0.11207050974849891,1.216552471993326,0.7558287391623902,0.8096535314387636
PROXY,0,1,GFC,CORE_VOL,150,31,28,0.6854991019446339,0.6844251493904541,12,0.32822858105389685,0.36279873383395733,0.9047125870183377,0.776272826884576,0.7699232197727771
PROXY,0,1,2011,CORE_VOL,50,13,8,0.7287733316311072,0.7308456648841809,4,0.10787006940554411,0.08118672704347574,1.328666314479944,0.7976679967414165,0.8195464125436674
PROXY,0,1,2015_2016,CORE_VOL,99,5,6,0.7682347699964668,,0,0.02570891647823126,0.027988867075095045,0.9185408044296111,0.9183586603691319,0.9447081349736912
PROXY,0,1,2018Q4,CORE_VOL,12,3,1,0.7575684092492176,0.7499034315667389,1,0.013888745838208073,0.014454465242308855,0.9608619624028085,0.7605696273414148,0.8844303436356997
PROXY,0,1,COVID,CORE_VOL,17,8,7,0.6571177470498086,0.6853072024713277,4,0.10680213558117543,0.11543125679850777,0.9252445008686426,0.6578168263709582,0.6601648300721752
PROXY,0,1,2022,CORE_VOL,49,15,15,0.7673942495311786,0.7564077562147014,6,0.12010979357216856,0.1113165503975033,1.078993133934399,0.7871368142371508,0.8202833519612357
PROXY,0,1,2023_PLUS,CORE_VOL,183,8,3,0.7677979505745274,0.7330330568255042,4,0.06126952455505968,0.006377313848004529,9.607418737001787,0.9267883807486148,0.9524089533780344
PROXY,0,1,2024_PLUS,CORE_VOL,133,6,3,0.7590855709512818,0.7330330568255042,4,0.050162622014523234,0.006377313848004529,7.865791649915299,0.9176924739298306,0.9475719705884962
PROXY,0,1,EX_MAJOR_SHOCKS,CORE_VOL,1032,67,43,0.7460071872998234,0.7364683930206268,20,0.4881963581603384,0.3041986581045361,1.6048603277946498,0.910933760380882,0.9166386777434608
PROXY,0,3,ALL,VOL,1254,123,93,0.4511433336876751,0.44231972683183474,42,2.108437158502654,1.787490398269009,1.179551599574715,0.7533038503572734,0.736555359069741
PROXY,0,3,DOTCOM,VOL,63,18,14,0.4103213544518335,0.4465236986757036,8,0.272679311344177,0.22414101949699783,1.216552471993326,0.5116574783247807,0.6193070628775275
PROXY,0,3,GFC,VOL,150,31,28,0.3709982038892677,0.3688502987809085,12,0.6564571621077939,0.7255974676679147,0.904712587018338,0.5525456537691525,0.5398464395455543
PROXY,0,3,2011,VOL,50,13,8,0.4575466632622149,0.46169132976836147,4,0.21574013881108817,0.16237345408695147,1.3286663144799438,0.5953359934828333,0.6390928250873351
PROXY,0,3,2015_2016,VOL,99,5,6,0.5364695399929336,,0,0.05141783295646252,0.055977734150190084,0.9185408044296112,0.8367173207382637,0.8894162699473824
PROXY,0,3,2018Q4,VOL,12,3,1,0.5151368184984355,0.4998068631334776,1,0.02777749167641614,0.028908930484617724,0.9608619624028079,0.5211392546828298,0.7688606872713998
PROXY,0,3,COVID,VOL,17,8,7,0.3142354940996172,0.3706144049426552,4,0.21360427116235087,0.23086251359701557,0.9252445008686425,0.31563365274191624,0.32032966014435027
PROXY,0,3,2022,VOL,49,15,15,0.5347884990623568,0.5128155124294028,6,0.24021958714433714,0.22263310079500653,1.0789931339343994,0.5742736284743014,0.6405667039224712
PROXY,0,3,2023_PLUS,VOL,183,8,3,0.5355959011490549,0.4660661136510086,4,0.12253904911011937,0.012754627696009059,9.607418737001787,0.8535767614972294,0.9048179067560687
PROXY,0,3,2024_PLUS,VOL,133,6,3,0.5181711419025637,0.4660661136510086,4,0.10032524402904647,0.012754627696009059,7.865791649915299,0.8353849478596611,0.8951439411769926
PROXY,0,3,EX_MAJOR_SHOCKS,VOL,1032,67,43,0.4920143745996469,0.47293678604125383,20,0.9763927163206767,0.6083973162090721,1.6048603277946498,0.8218675207617637,0.8332773554869216
PROXY,0,3,ALL,CORE_VOL,1254,123,93,0.7255716668438378,0.7211598634159173,42,1.054218579251327,0.8937451991345045,1.179551599574715,0.8766519251786365,0.8682776795348703
PROXY,0,3,DOTCOM,CORE_VOL,63,18,14,0.7051606772259167,0.7232618493378515,8,0.1363396556720885,0.11207050974849893,1.2165524719933258,0.7558287391623904,0.8096535314387636
PROXY,0,3,GFC,CORE_VOL,150,31,28,0.6854991019446339,0.6844251493904542,12,0.328228581053897,0.3627987338339573,0.9047125870183382,0.7762728268845761,0.7699232197727771
PROXY,0,3,2011,CORE_VOL,50,13,8,0.7287733316311074,0.7308456648841807,4,0.10787006940554406,0.08118672704347574,1.3286663144799433,0.7976679967414166,0.8195464125436676
PROXY,0,3,2015_2016,CORE_VOL,99,5,6,0.7682347699964668,,0,0.025708916478231265,0.027988867075095035,0.9185408044296116,0.9183586603691319,0.9447081349736912
PROXY,0,3,2018Q4,CORE_VOL,12,3,1,0.7575684092492178,0.7499034315667388,1,0.013888745838208068,0.014454465242308848,0.9608619624028086,0.7605696273414149,0.8844303436356998
PROXY,0,3,COVID,CORE_VOL,17,8,7,0.6571177470498085,0.6853072024713275,4,0.10680213558117546,0.11543125679850776,0.925244500868643,0.6578168263709581,0.6601648300721752
PROXY,0,3,2022,CORE_VOL,49,15,15,0.7673942495311784,0.7564077562147014,6,0.12010979357216856,0.1113165503975033,1.078993133934399,0.7871368142371508,0.8202833519612355
PROXY,0,3,2023_PLUS,CORE_VOL,183,8,3,0.7677979505745274,0.7330330568255042,4,0.06126952455505967,0.006377313848004527,9.607418737001789,0.9267883807486148,0.9524089533780342
PROXY,0,3,2024_PLUS,CORE_VOL,133,6,3,0.7590855709512819,0.7330330568255042,4,0.05016262201452322,0.006377313848004527,7.8657916499153,0.9176924739298306,0.9475719705884962
PROXY,0,3,EX_MAJOR_SHOCKS,CORE_VOL,1032,67,43,0.7460071872998234,0.7364683930206268,20,0.48819635816033835,0.30419865810453606,1.6048603277946498,0.910933760380882,0.9166386777434608
PROXY,1,0,ALL,VOL,1254,125,97,0.4480862050453742,0.4789400778361686,47,2.027967908481454,1.6988406139575507,1.193736417542539,0.7548384624675498,0.7395153900202377
PROXY,1,0,DOTCOM,VOL,63,16,15,0.4408353649315819,0.44841201281812026,10,0.26030868889612824,0.20802969188002185,1.2513054580990177,0.527468919514242,0.6419204037930446
PROXY,1,0,GFC,VOL,150,29,34,0.38637467932971004,0.5036766675775128,10,0.62319635870249,0.8031874227149105,0.775904030713006,0.5606329698305368,0.5233690276759426
PROXY,1,0,2011,VOL,50,11,8,0.4420747434347351,0.5532945154926547,3,0.1935313733520589,0.11830448726550583,1.635875171139743,0.6038809414412573,0.678791629771324
PROXY,1,0,2015_2016,VOL,100,9,3,0.5443083639215008,0.5974885321845138,3,0.07009278827188763,0.04404822976031644,1.59127367100312,0.831189191945134,0.8793902254605469
PROXY,1,0,2018Q4,VOL,12,3,2,0.5536488801411709,0.5559336427148421,2,0.02967631328815923,0.03251226238355239,0.9127729389626285,0.5536488801411709,0.7318961358400331
PROXY,1,0,COVID,VOL,18,10,6,0.3516874835464219,0.3274433527071422,3,0.2450816848328404,0.22396354742880356,1.094292743825868,0.3516874835464219,0.46622034672969587
PROXY,1,0,2022,VOL,49,16,16,0.5143788550268138,0.48364384279006634,8,0.18686684029239714,0.1375113656470532,1.3589192385160607,0.5592389033126155,0.6859653740981192
PROXY,1,0,2023_PLUS,VOL,183,10,3,0.48112353360116883,0.45874860302397946,1,0.19880344048609022,0.034970420048218195,5.684902846805228,0.8268032759362369,0.864636384497149
PROXY,1,0,2024_PLUS,VOL,133,9,2,0.46774721931436586,0.45874860302397946,1,0.1865144793535064,0.033567977352436655,5.556321651294476,0.802319785711811,0.8521987131694764
PROXY,1,0,EX_MAJOR_SHOCKS,VOL,1031,69,41,0.48564185270411214,0.495758558729195,25,0.9580707736082741,0.5341782781667834,1.7935412441258818,0.8211697754111539,0.8336895351968387
PROXY,1,0,ALL,CORE_VOL,1254,125,97,0.7240431025226871,0.7394700389180842,47,1.013983954240727,0.8494203069787754,1.193736417542539,0.877419231233775,0.8697576950101188
PROXY,1,0,DOTCOM,CORE_VOL,63,16,15,0.7204176824657911,0.7242060064090602,10,0.13015434444806412,0.10401484594001092,1.2513054580990177,0.763734459757121,0.8209602018965224
PROXY,1,0,GFC,CORE_VOL,150,29,34,0.693187339664855,0.7518383337887564,10,0.31159817935124506,0.40159371135745525,0.7759040307130061,0.7803164849152686,0.7616845138379716
PROXY,1,0,2011,CORE_VOL,50,11,8,0.7210373717173675,0.7766472577463273,3,0.09676568667602947,0.05915224363275293,1.635875171139743,0.8019404707206286,0.8393958148856621
PROXY,1,0,2015_2016,CORE_VOL,100,9,3,0.7721541819607504,0.7987442660922569,3,0.03504639413594382,0.02202411488015822,1.5912736710031203,0.915594595972567,0.9396951127302734
PROXY,1,0,2018Q4,CORE_VOL,12,3,2,0.7768244400705855,0.7779668213574211,2,0.014838156644079614,0.016256131191776206,0.9127729389626279,0.7768244400705855,0.8659480679200167
PROXY,1,0,COVID,CORE_VOL,18,10,6,0.6758437417732109,0.663721676353571,3,0.1225408424164202,0.11198177371440177,1.0942927438258683,0.6758437417732109,0.733110173364848
PROXY,1,0,2022,CORE_VOL,49,16,16,0.7571894275134068,0.7418219213950331,8,0.09343342014619858,0.06875568282352659,1.3589192385160611,0.7796194516563077,0.8429826870490598
PROXY,1,0,2023_PLUS,CORE_VOL,183,10,3,0.7405617668005844,0.7293743015119898,1,0.09940172024304511,0.01748521002410909,5.68490284680523,0.9134016379681185,0.9323181922485747
PROXY,1,0,2024_PLUS,CORE_VOL,133,9,2,0.7338736096571831,0.7293743015119898,1,0.0932572396767532,0.01678398867621832,5.556321651294478,0.9011598928559055,0.9260993565847382
PROXY,1,0,EX_MAJOR_SHOCKS,CORE_VOL,1031,69,41,0.742820926352056,0.7478792793645974,25,0.47903538680413704,0.2670891390833917,1.7935412441258818,0.910584887705577,0.9168447675984195
PROXY,1,1,ALL,VOL,1254,125,97,0.44808620504537416,0.4789400778361686,47,2.027967908481454,1.6988406139575507,1.193736417542539,0.7548384624675498,0.7395153900202377
PROXY,1,1,DOTCOM,VOL,63,16,15,0.4408353649315819,0.44841201281812026,10,0.2603086888961282,0.20802969188002188,1.2513054580990173,0.5274689195142421,0.6419204037930446
PROXY,1,1,GFC,VOL,150,29,34,0.38637467932971004,0.5036766675775128,10,0.6231963587024901,0.8031874227149105,0.7759040307130061,0.5606329698305367,0.5233690276759426
PROXY,1,1,2011,VOL,50,11,8,0.4420747434347352,0.5532945154926547,3,0.1935313733520589,0.11830448726550585,1.6358751711397426,0.6038809414412571,0.678791629771324
PROXY,1,1,2015_2016,VOL,100,9,3,0.5443083639215008,0.5974885321845138,3,0.07009278827188764,0.04404822976031644,1.5912736710031203,0.8311891919451339,0.8793902254605468
PROXY,1,1,2018Q4,VOL,12,3,2,0.5536488801411709,0.5559336427148422,2,0.029676313288159225,0.0325122623835524,0.9127729389626281,0.5536488801411709,0.7318961358400331
PROXY,1,1,COVID,VOL,18,10,6,0.3516874835464219,0.3274433527071422,3,0.2450816848328404,0.22396354742880356,1.094292743825868,0.3516874835464219,0.46622034672969587
PROXY,1,1,2022,VOL,49,16,16,0.5143788550268138,0.48364384279006645,8,0.18686684029239714,0.13751136564705324,1.3589192385160604,0.5592389033126155,0.6859653740981192
PROXY,1,1,2023_PLUS,VOL,183,10,3,0.48112353360116883,0.45874860302397946,1,0.19880344048609022,0.034970420048218195,5.684902846805228,0.8268032759362369,0.864636384497149
PROXY,1,1,2024_PLUS,VOL,133,9,2,0.46774721931436586,0.45874860302397946,1,0.1865144793535064,0.033567977352436655,5.556321651294476,0.8023197857118112,0.8521987131694764
PROXY,1,1,EX_MAJOR_SHOCKS,VOL,1031,69,41,0.48564185270411214,0.495758558729195,25,0.9580707736082741,0.5341782781667834,1.7935412441258818,0.821169775411154,0.8336895351968387
PROXY,1,1,ALL,CORE_VOL,1254,125,97,0.7240431025226871,0.7394700389180842,47,1.013983954240727,0.8494203069787756,1.1937364175425387,0.877419231233775,0.8697576950101188
PROXY,1,1,DOTCOM,CORE_VOL,63,16,15,0.720417682465791,0.7242060064090602,10,0.1301543444480641,0.10401484594001092,1.2513054580990175,0.7637344597571211,0.8209602018965224
PROXY,1,1,GFC,CORE_VOL,150,29,34,0.6931873396648551,0.7518383337887564,10,0.31159817935124495,0.4015937113574553,0.7759040307130057,0.7803164849152685,0.7616845138379716
PROXY,1,1,2011,CORE_VOL,50,11,8,0.7210373717173675,0.7766472577463275,3,0.09676568667602944,0.05915224363275293,1.6358751711397426,0.8019404707206286,0.8393958148856621
PROXY,1,1,2015_2016,CORE_VOL,100,9,3,0.7721541819607504,0.798744266092257,3,0.035046394135943806,0.02202411488015821,1.5912736710031203,0.915594595972567,0.9396951127302734
PROXY,1,1,2018Q4,CORE_VOL,12,3,2,0.7768244400705855,0.7779668213574211,2,0.014838156644079612,0.016256131191776206,0.9127729389626278,0.7768244400705855,0.8659480679200166
PROXY,1,1,COVID,CORE_VOL,18,10,6,0.6758437417732109,0.6637216763535712,3,0.12254084241642021,0.11198177371440181,1.094292743825868,0.6758437417732109,0.733110173364848
PROXY,1,1,2022,CORE_VOL,49,16,16,0.7571894275134068,0.7418219213950331,8,0.09343342014619858,0.0687556828235266,1.358919238516061,0.7796194516563079,0.8429826870490598
PROXY,1,1,2023_PLUS,CORE_VOL,183,10,3,0.7405617668005844,0.7293743015119899,1,0.0994017202430451,0.01748521002410909,5.684902846805229,0.9134016379681185,0.9323181922485747
PROXY,1,1,2024_PLUS,CORE_VOL,133,9,2,0.7338736096571831,0.7293743015119899,1,0.09325723967675317,0.01678398867621832,5.556321651294477,0.9011598928559055,0.9260993565847383
PROXY,1,1,EX_MAJOR_SHOCKS,CORE_VOL,1031,69,41,0.742820926352056,0.7478792793645974,25,0.47903538680413704,0.2670891390833917,1.7935412441258818,0.910584887705577,0.9168447675984195
PROXY,1,3,ALL,VOL,1254,125,97,0.4480862050453742,0.4789400778361685,47,2.027967908481454,1.6988406139575507,1.193736417542539,0.7548384624675498,0.7395153900202377
PROXY,1,3,DOTCOM,VOL,63,16,15,0.44083536493158193,0.44841201281812026,10,0.2603086888961282,0.20802969188002185,1.2513054580990175,0.5274689195142421,0.6419204037930446
PROXY,1,3,GFC,VOL,150,29,34,0.38637467932971004,0.5036766675775128,10,0.62319635870249,0.8031874227149105,0.775904030713006,0.5606329698305368,0.5233690276759426
PROXY,1,3,2011,VOL,50,11,8,0.4420747434347351,0.5532945154926546,3,0.1935313733520589,0.11830448726550585,1.6358751711397426,0.6038809414412573,0.678791629771324
PROXY,1,3,2015_2016,VOL,100,9,3,0.5443083639215008,0.5974885321845138,3,0.07009278827188763,0.044048229760316436,1.5912736710031203,0.831189191945134,0.8793902254605469
PROXY,1,3,2018Q4,VOL,12,3,2,0.5536488801411709,0.5559336427148421,2,0.02967631328815923,0.0325122623835524,0.9127729389626282,0.5536488801411709,0.7318961358400331
PROXY,1,3,COVID,VOL,18,10,6,0.3516874835464219,0.3274433527071422,3,0.24508168483284037,0.22396354742880356,1.094292743825868,0.3516874835464219,0.46622034672969587
PROXY,1,3,2022,VOL,49,16,16,0.5143788550268137,0.48364384279006645,8,0.18686684029239717,0.1375113656470532,1.358919238516061,0.5592389033126155,0.6859653740981192
PROXY,1,3,2023_PLUS,VOL,183,10,3,0.48112353360116883,0.4587486030239794,1,0.1988034404860902,0.034970420048218195,5.684902846805227,0.8268032759362368,0.864636384497149
PROXY,1,3,2024_PLUS,VOL,133,9,2,0.46774721931436586,0.4587486030239794,1,0.1865144793535064,0.033567977352436655,5.556321651294476,0.8023197857118112,0.8521987131694764
PROXY,1,3,EX_MAJOR_SHOCKS,VOL,1031,69,41,0.48564185270411214,0.4957585587291951,25,0.9580707736082741,0.5341782781667834,1.7935412441258818,0.821169775411154,0.8336895351968389
PROXY,1,3,ALL,CORE_VOL,1254,125,97,0.7240431025226871,0.7394700389180842,47,1.013983954240727,0.8494203069787754,1.193736417542539,0.877419231233775,0.8697576950101189
PROXY,1,3,DOTCOM,CORE_VOL,63,16,15,0.7204176824657911,0.7242060064090602,10,0.1301543444480641,0.10401484594001092,1.2513054580990175,0.7637344597571211,0.8209602018965222
PROXY,1,3,GFC,CORE_VOL,150,29,34,0.6931873396648549,0.7518383337887564,10,0.31159817935124495,0.40159371135745525,0.7759040307130058,0.7803164849152686,0.7616845138379716
PROXY,1,3,2011,CORE_VOL,50,11,8,0.7210373717173675,0.7766472577463271,3,0.09676568667602946,0.059152243632752934,1.6358751711397426,0.8019404707206286,0.8393958148856621
PROXY,1,3,2015_2016,CORE_VOL,100,9,3,0.7721541819607504,0.798744266092257,3,0.03504639413594382,0.022024114880158218,1.5912736710031206,0.915594595972567,0.9396951127302734
PROXY,1,3,2018Q4,CORE_VOL,12,3,2,0.7768244400705855,0.7779668213574211,2,0.01483815664407961,0.0162561311917762,0.912772938962628,0.7768244400705855,0.8659480679200167
PROXY,1,3,COVID,CORE_VOL,18,10,6,0.6758437417732109,0.663721676353571,3,0.1225408424164202,0.11198177371440177,1.0942927438258683,0.6758437417732109,0.733110173364848
PROXY,1,3,2022,CORE_VOL,49,16,16,0.7571894275134068,0.7418219213950331,8,0.09343342014619858,0.0687556828235266,1.358919238516061,0.7796194516563077,0.8429826870490594
PROXY,1,3,2023_PLUS,CORE_VOL,183,10,3,0.7405617668005844,0.7293743015119898,1,0.09940172024304512,0.017485210024109098,5.684902846805229,0.9134016379681185,0.9323181922485747
PROXY,1,3,2024_PLUS,CORE_VOL,133,9,2,0.733873609657183,0.7293743015119898,1,0.0932572396767532,0.016783988676218328,5.556321651294476,0.9011598928559055,0.9260993565847382
PROXY,1,3,EX_MAJOR_SHOCKS,CORE_VOL,1031,69,41,0.742820926352056,0.7478792793645975,25,0.479035386804137,0.2670891390833917,1.7935412441258816,0.910584887705577,0.9168447675984195
PROXY,2,0,ALL,VOL,1254,121,97,0.448314169895568,0.4395244282347381,48,2.002134855467626,1.6685771261979871,1.1999054907516813,0.7575337610534413,0.7482767009456883
PROXY,2,0,DOTCOM,VOL,64,17,16,0.4250906927908879,0.39462696785459866,7,0.3679466284646421,0.30273679635800527,1.2154010774082518,0.49748464417215366,0.591670679206206
PROXY,2,0,GFC,VOL,151,30,30,0.4070007784061704,0.4119368420922925,15,0.5516050114444607,0.6698347069679398,0.8234942228379667,0.5925828801658035,0.5631645347323159
PROXY,2,0,2011,VOL,49,9,10,0.45771628971075884,0.3974769583632835,3,0.19222204378234156,0.13555580318505348,1.4180288801057848,0.6199811390260345,0.6918660448667877
PROXY,2,0,2015_2016,VOL,100,6,5,0.536794121459054,0.517681872703348,2,0.044659684783925666,0.055834408112813275,0.7998595542320587,0.8578990602334541,0.9046125098034934
PROXY,2,0,2018Q4,VOL,11,1,2,0.5215993341642697,,0,0.014989638956950027,0.03656362032332467,0.40996046957056476,0.6431789829083412,0.7339232173934026
PROXY,2,0,COVID,VOL,18,9,8,0.3330587147826105,0.3219393467300552,2,0.2750718029101693,0.2344333164328079,1.1733477438093105,0.3330587147826105,0.5090136984462024
PROXY,2,0,2022,VOL,49,17,14,0.5183152480400899,0.5415385186967997,7,0.19243265576927526,0.13536717171203116,1.4215607324546933,0.572396438798577,0.6914708047718406
PROXY,2,0,2023_PLUS,VOL,182,9,1,0.46371821371111727,0.33685940664033137,4,0.10261503660618423,0.0029296090638989483,35.02687026425849,0.8496957004734333,0.8839775115788777
PROXY,2,0,2024_PLUS,VOL,132,8,1,0.4452964609691367,0.33685940664033137,4,0.0957499196187884,0.0029296090638989483,32.68351426089495,0.8389613470099422,0.8751641601980836
PROXY,2,0,EX_MAJOR_SHOCKS,VOL,1030,64,45,0.4760325967895652,0.43785453319009476,24,0.9644355467703392,0.6289419310852084,1.5334254230851696,0.8189665677405907,0.8288777300642256
PROXY,2,0,ALL,CORE_VOL,1254,121,97,0.724157084947784,0.719762214117369,48,1.0010674277338132,0.8342885630989936,1.1999054907516817,0.8787668805267206,0.8741383504728443
PROXY,2,0,DOTCOM,CORE_VOL,64,17,16,0.7125453463954439,0.6973134839272993,7,0.18397331423232105,0.15136839817900263,1.2154010774082518,0.7487423220860767,0.795835339603103
PROXY,2,0,GFC,CORE_VOL,151,30,30,0.7035003892030851,0.7059684210461462,15,0.27580250572223036,0.3349173534839699,0.8234942228379667,0.7962914400829019,0.7815822673661578
PROXY,2,0,2011,CORE_VOL,49,9,10,0.7288581448553794,0.6987384791816418,3,0.0961110218911708,0.06777790159252674,1.418028880105785,0.8099905695130172,0.8459330224333939
PROXY,2,0,2015_2016,CORE_VOL,100,6,5,0.7683970607295271,0.758840936351674,2,0.022329842391962833,0.02791720405640664,0.7998595542320586,0.9289495301167271,0.9523062549017466
PROXY,2,0,2018Q4,CORE_VOL,11,1,2,0.7607996670821349,,0,0.007494819478475014,0.018281810161662342,0.40996046957056465,0.8215894914541707,0.8669616086967014
PROXY,2,0,COVID,CORE_VOL,18,9,8,0.6665293573913054,0.6609696733650275,2,0.13753590145508465,0.11721665821640394,1.1733477438093107,0.6665293573913054,0.7545068492231012
PROXY,2,0,2022,CORE_VOL,49,17,14,0.7591576240200448,0.7707692593483998,7,0.09621632788463763,0.06768358585601557,1.4215607324546935,0.7861982193992885,0.8457354023859203
PROXY,2,0,2023_PLUS,CORE_VOL,182,9,1,0.7318591068555585,0.6684297033201656,4,0.05130751830309212,0.0014648045319494742,35.02687026425849,0.9248478502367167,0.9419887557894387
PROXY,2,0,2024_PLUS,CORE_VOL,132,8,1,0.7226482304845683,0.6684297033201656,4,0.047874959809394206,0.0014648045319494742,32.68351426089496,0.9194806735049712,0.9375820800990419
PROXY,2,0,EX_MAJOR_SHOCKS,CORE_VOL,1030,64,45,0.7380162983947827,0.7189272665950474,24,0.48221777338516963,0.31447096554260423,1.5334254230851694,0.9094832838702953,0.9144388650321129
PROXY,2,1,ALL,VOL,1254,121,97,0.448314169895568,0.4395244282347381,48,2.002134855467626,1.6685771261979871,1.1999054907516813,0.7575337610534413,0.7482767009456883
PROXY,2,1,DOTCOM,VOL,64,17,16,0.4250906927908879,0.3946269678545986,7,0.36794662846464204,0.3027367963580053,1.2154010774082513,0.49748464417215366,0.5916706792062062
PROXY,2,1,GFC,VOL,151,30,30,0.4070007784061704,0.4119368420922926,15,0.5516050114444607,0.6698347069679398,0.8234942228379667,0.5925828801658035,0.5631645347323159
PROXY,2,1,2011,VOL,49,9,10,0.4577162897107589,0.3974769583632835,3,0.1922220437823416,0.13555580318505348,1.418028880105785,0.6199811390260345,0.6918660448667876
PROXY,2,1,2015_2016,VOL,100,6,5,0.536794121459054,0.517681872703348,2,0.044659684783925666,0.055834408112813275,0.7998595542320587,0.8578990602334541,0.9046125098034936
PROXY,2,1,2018Q4,VOL,11,1,2,0.5215993341642698,,0,0.014989638956950024,0.03656362032332468,0.4099604695705646,0.6431789829083413,0.7339232173934027
PROXY,2,1,COVID,VOL,18,9,8,0.3330587147826105,0.32193934673005525,2,0.2750718029101693,0.2344333164328079,1.1733477438093105,0.3330587147826105,0.5090136984462024
PROXY,2,1,2022,VOL,49,17,14,0.5183152480400898,0.5415385186967996,7,0.19243265576927526,0.13536717171203116,1.4215607324546933,0.5723964387985769,0.6914708047718406
PROXY,2,1,2023_PLUS,VOL,182,9,1,0.46371821371111743,0.33685940664033137,4,0.10261503660618422,0.002929609063898949,35.02687026425848,0.8496957004734332,0.8839775115788776
PROXY,2,1,2024_PLUS,VOL,132,8,1,0.4452964609691368,0.33685940664033137,4,0.0957499196187884,0.002929609063898949,32.683514260894945,0.8389613470099422,0.8751641601980839
PROXY,2,1,EX_MAJOR_SHOCKS,VOL,1030,64,45,0.4760325967895652,0.43785453319009476,24,0.964435546770339,0.6289419310852084,1.5334254230851694,0.8189665677405907,0.8288777300642256
PROXY,2,1,ALL,CORE_VOL,1254,121,97,0.724157084947784,0.719762214117369,48,1.0010674277338127,0.8342885630989936,1.199905490751681,0.8787668805267206,0.874138350472844
PROXY,2,1,DOTCOM,CORE_VOL,64,17,16,0.7125453463954439,0.6973134839272993,7,0.183973314232321,0.15136839817900266,1.215401077408251,0.7487423220860768,0.7958353396031029
PROXY,2,1,GFC,CORE_VOL,151,30,30,0.7035003892030851,0.7059684210461462,15,0.2758025057222304,0.3349173534839699,0.8234942228379668,0.7962914400829019,0.7815822673661579
PROXY,2,1,2011,CORE_VOL,49,9,10,0.7288581448553795,0.6987384791816419,3,0.09611102189117078,0.06777790159252675,1.4180288801057845,0.8099905695130174,0.8459330224333937
PROXY,2,1,2015_2016,CORE_VOL,100,6,5,0.768397060729527,0.7588409363516738,2,0.022329842391962843,0.027917204056406637,0.799859554232059,0.9289495301167271,0.9523062549017466
PROXY,2,1,2018Q4,CORE_VOL,11,1,2,0.7607996670821349,,0,0.007494819478475014,0.018281810161662332,0.40996046957056487,0.8215894914541707,0.8669616086967014
PROXY,2,1,COVID,CORE_VOL,18,9,8,0.6665293573913054,0.6609696733650275,2,0.13753590145508462,0.11721665821640394,1.1733477438093103,0.6665293573913054,0.7545068492231013
PROXY,2,1,2022,CORE_VOL,49,17,14,0.7591576240200448,0.7707692593483996,7,0.09621632788463763,0.06768358585601557,1.4215607324546935,0.7861982193992886,0.8457354023859204
PROXY,2,1,2023_PLUS,CORE_VOL,182,9,1,0.7318591068555585,0.6684297033201656,4,0.05130751830309212,0.001464804531949476,35.026870264258456,0.9248478502367167,0.9419887557894389
PROXY,2,1,2024_PLUS,CORE_VOL,132,8,1,0.7226482304845683,0.6684297033201656,4,0.047874959809394206,0.001464804531949476,32.683514260894924,0.9194806735049712,0.9375820800990419
PROXY,2,1,EX_MAJOR_SHOCKS,CORE_VOL,1030,64,45,0.7380162983947827,0.7189272665950474,24,0.4822177733851695,0.3144709655426042,1.5334254230851694,0.9094832838702953,0.9144388650321129
PROXY,2,3,ALL,VOL,1254,121,97,0.448314169895568,0.439524428234738,48,2.0021348554676264,1.6685771261979871,1.1999054907516817,0.7575337610534413,0.7482767009456883
PROXY,2,3,DOTCOM,VOL,64,17,16,0.42509069279088785,0.3946269678545986,7,0.3679466284646421,0.30273679635800527,1.2154010774082518,0.4974846441721536,0.591670679206206
PROXY,2,3,GFC,VOL,151,30,30,0.4070007784061704,0.4119368420922925,15,0.5516050114444607,0.6698347069679398,0.8234942228379667,0.5925828801658035,0.5631645347323159
PROXY,2,3,2011,VOL,49,9,10,0.4577162897107589,0.3974769583632835,3,0.19222204378234156,0.13555580318505348,1.4180288801057848,0.6199811390260346,0.6918660448667877
PROXY,2,3,2015_2016,VOL,100,6,5,0.536794121459054,0.5176818727033481,2,0.044659684783925666,0.055834408112813275,0.7998595542320587,0.8578990602334541,0.9046125098034934
PROXY,2,3,2018Q4,VOL,11,1,2,0.5215993341642698,,0,0.014989638956950024,0.036563620323324685,0.40996046957056453,0.6431789829083413,0.7339232173934026
PROXY,2,3,COVID,VOL,18,9,8,0.33305871478261057,0.3219393467300552,2,0.2750718029101693,0.23443331643280788,1.1733477438093107,0.33305871478261057,0.5090136984462024
PROXY,2,3,2022,VOL,49,17,14,0.5183152480400898,0.5415385186967997,7,0.1924326557692752,0.13536717171203114,1.4215607324546933,0.5723964387985772,0.6914708047718406
PROXY,2,3,2023_PLUS,VOL,182,9,1,0.4637182137111174,0.33685940664033137,4,0.10261503660618423,0.0029296090638989483,35.02687026425849,0.8496957004734332,0.8839775115788776
PROXY,2,3,2024_PLUS,VOL,132,8,1,0.4452964609691368,0.33685940664033137,4,0.0957499196187884,0.0029296090638989483,32.68351426089495,0.8389613470099422,0.8751641601980836
PROXY,2,3,EX_MAJOR_SHOCKS,VOL,1030,64,45,0.4760325967895652,0.43785453319009476,24,0.9644355467703392,0.6289419310852084,1.5334254230851696,0.8189665677405907,0.8288777300642256
PROXY,2,3,ALL,CORE_VOL,1254,121,97,0.724157084947784,0.719762214117369,48,1.001067427733813,0.8342885630989936,1.1999054907516813,0.8787668805267206,0.8741383504728443
PROXY,2,3,DOTCOM,CORE_VOL,64,17,16,0.7125453463954439,0.6973134839272993,7,0.18397331423232105,0.15136839817900263,1.2154010774082518,0.7487423220860767,0.795835339603103
PROXY,2,3,GFC,CORE_VOL,151,30,30,0.7035003892030851,0.7059684210461462,15,0.27580250572223036,0.3349173534839699,0.8234942228379667,0.7962914400829019,0.7815822673661578
PROXY,2,3,2011,CORE_VOL,49,9,10,0.7288581448553794,0.6987384791816419,3,0.0961110218911708,0.06777790159252675,1.4180288801057848,0.8099905695130172,0.8459330224333939
PROXY,2,3,2015_2016,CORE_VOL,100,6,5,0.768397060729527,0.758840936351674,2,0.02232984239196283,0.02791720405640664,0.7998595542320585,0.9289495301167271,0.9523062549017466
PROXY,2,3,2018Q4,CORE_VOL,11,1,2,0.760799667082135,,0,0.00749481947847501,0.018281810161662332,0.40996046957056465,0.8215894914541707,0.8669616086967014
PROXY,2,3,COVID,CORE_VOL,18,9,8,0.6665293573913054,0.6609696733650275,2,0.13753590145508462,0.11721665821640394,1.1733477438093103,0.6665293573913054,0.7545068492231014
PROXY,2,3,2022,CORE_VOL,49,17,14,0.759157624020045,0.7707692593483998,7,0.0962163278846376,0.06768358585601558,1.4215607324546928,0.7861982193992886,0.8457354023859203
PROXY,2,3,2023_PLUS,CORE_VOL,182,9,1,0.7318591068555585,0.6684297033201656,4,0.05130751830309211,0.0014648045319494742,35.02687026425849,0.9248478502367167,0.9419887557894387
PROXY,2,3,2024_PLUS,CORE_VOL,132,8,1,0.7226482304845683,0.6684297033201656,4,0.04787495980939421,0.0014648045319494742,32.68351426089497,0.9194806735049712,0.9375820800990418
PROXY,2,3,EX_MAJOR_SHOCKS,CORE_VOL,1030,64,45,0.7380162983947827,0.7189272665950474,24,0.4822177733851696,0.3144709655426042,1.5334254230851696,0.9094832838702953,0.9144388650321127
PROXY,3,0,ALL,VOL,1254,126,90,0.45250943268983757,0.42956939219641194,46,2.2026312537279567,1.6720502453148964,1.3173236031032884,0.7504908639441216,0.7525956919413701
PROXY,3,0,DOTCOM,VOL,64,13,17,0.391275418256098,0.43490262064395824,4,0.42284517481398515,0.3236920553994993,1.3063192863726962,0.4853728944273808,0.5833714653113111
PROXY,3,0,GFC,VOL,150,31,30,0.40312948002452254,0.33953519231260615,12,0.6271813503337684,0.713685542770874,0.878792287004646,0.5697959625118175,0.5599117406324077
PROXY,3,0,2011,VOL,49,12,7,0.46111999096073547,0.3984389313793139,4,0.17863901118826925,0.11630643302250587,1.5359340540836783,0.6286959987965702,0.6921039998965144
PROXY,3,0,2015_2016,VOL,100,4,8,0.5161234522448352,0.5851345906633144,1,0.053779013982164295,0.05726496079219657,0.9391260072161387,0.8572435827196287,0.8879147555764451
PROXY,3,0,2018Q4,VOL,11,2,3,0.6106676738524764,0.5619899416110364,1,0.01899285147273956,0.060154767898379057,0.3157331020680631,0.6576693007628491,0.7196077602135014
PROXY,3,0,COVID,VOL,18,10,6,0.3557103182223015,0.18563930713553192,2,0.21100680964617982,0.15795818926912952,1.3358396334023932,0.3557103182223015,0.5734248746865079
PROXY,3,0,2022,VOL,49,17,12,0.5247700110718738,0.5183740476603547,9,0.20830221572318094,0.16999183375682544,1.2253660138825184,0.559990757969932,0.6832604338762859
PROXY,3,0,2023_PLUS,VOL,182,10,0,0.447446571843485,0.5556286877801577,3,0.16236723988046925,0.0,,0.835408344789322,0.8979299592882487
PROXY,3,0,2024_PLUS,VOL,132,9,0,0.4339496785335059,0.4248279703184337,2,0.1543657755735405,0.0,,0.8143223612892037,0.8813234546536111
PROXY,3,0,EX_MAJOR_SHOCKS,VOL,1031,67,42,0.474429635106711,0.491558985171398,23,1.1413289012751981,0.6304146795180672,1.810441505181493,0.8096859684677347,0.8272457881237026
PROXY,3,0,ALL,CORE_VOL,1254,126,90,0.7262547163449186,0.714784696098206,46,1.1013156268639783,0.8360251226574482,1.3173236031032884,0.8752454319720607,0.8762978459706848
PROXY,3,0,DOTCOM,CORE_VOL,64,13,17,0.695637709128049,0.7174513103219792,4,0.2114225874069926,0.16184602769974962,1.3063192863726965,0.7426864472136904,0.7916857326556554
PROXY,3,0,GFC,CORE_VOL,150,31,30,0.7015647400122613,0.6697675961563031,12,0.3135906751668842,0.356842771385437,0.878792287004646,0.7848979812559087,0.7799558703162037
PROXY,3,0,2011,CORE_VOL,49,12,7,0.7305599954803678,0.6992194656896571,4,0.08931950559413462,0.05815321651125292,1.5359340540836788,0.8143479993982851,0.8460519999482574
PROXY,3,0,2015_2016,CORE_VOL,100,4,8,0.7580617261224175,0.7925672953316572,1,0.026889506991082147,0.028632480396098284,0.9391260072161387,0.9286217913598144,0.9439573777882224
PROXY,3,0,2018Q4,CORE_VOL,11,2,3,0.8053338369262383,0.7809949708055182,1,0.00949642573636978,0.030077383949189535,0.31573310206806304,0.8288346503814246,0.8598038801067506
PROXY,3,0,COVID,CORE_VOL,18,10,6,0.6778551591111508,0.5928196535677659,2,0.10550340482308991,0.07897909463456476,1.3358396334023932,0.6778551591111508,0.7867124373432538
PROXY,3,0,2022,CORE_VOL,49,17,12,0.762385005535937,0.7591870238301772,9,0.10415110786159046,0.08499591687841275,1.225366013882518,0.7799953789849658,0.8416302169381428
PROXY,3,0,2023_PLUS,CORE_VOL,182,10,0,0.7237232859217425,0.777814343890079,3,0.08118361994023462,0.0,,0.917704172394661,0.9489649796441244
PROXY,3,0,2024_PLUS,CORE_VOL,132,9,0,0.716974839266753,0.7124139851592168,2,0.07718288778677027,0.0,,0.9071611806446017,0.9406617273268055
PROXY,3,0,EX_MAJOR_SHOCKS,CORE_VOL,1031,67,42,0.7372148175533554,0.7457794925856991,23,0.5706644506375992,0.31520733975903353,1.8104415051814937,0.9048429842338672,0.9136228940618513
PROXY,3,1,ALL,VOL,1254,126,90,0.45250943268983757,0.42956939219641194,46,2.202631253727956,1.6720502453148964,1.3173236031032882,0.7504908639441216,0.7525956919413702
PROXY,3,1,DOTCOM,VOL,64,13,17,0.391275418256098,0.43490262064395824,4,0.42284517481398515,0.3236920553994993,1.3063192863726962,0.48537289442738074,0.583371465311311
PROXY,3,1,GFC,VOL,150,31,30,0.40312948002452254,0.3395351923126061,12,0.6271813503337684,0.713685542770874,0.878792287004646,0.5697959625118175,0.5599117406324077
PROXY,3,1,2011,VOL,49,12,7,0.46111999096073547,0.3984389313793139,4,0.17863901118826925,0.11630643302250586,1.5359340540836786,0.6286959987965702,0.6921039998965144
PROXY,3,1,2015_2016,VOL,100,4,8,0.5161234522448352,0.5851345906633143,1,0.053779013982164295,0.05726496079219657,0.9391260072161387,0.8572435827196287,0.8879147555764451
PROXY,3,1,2018Q4,VOL,11,2,3,0.6106676738524764,0.5619899416110364,1,0.01899285147273956,0.06015476789837905,0.31573310206806315,0.6576693007628491,0.7196077602135015
PROXY,3,1,COVID,VOL,18,10,6,0.3557103182223015,0.18563930713553195,2,0.21100680964617982,0.15795818926912952,1.3358396334023932,0.3557103182223015,0.5734248746865079
PROXY,3,1,2022,VOL,49,17,12,0.5247700110718738,0.5183740476603547,9,0.20830221572318094,0.16999183375682544,1.2253660138825184,0.559990757969932,0.6832604338762859
PROXY,3,1,2023_PLUS,VOL,182,10,0,0.447446571843485,0.5556286877801577,3,0.16236723988046928,0.0,,0.835408344789322,0.8979299592882488
PROXY,3,1,2024_PLUS,VOL,132,9,0,0.4339496785335059,0.4248279703184336,2,0.15436577557354053,0.0,,0.8143223612892037,0.8813234546536111
PROXY,3,1,EX_MAJOR_SHOCKS,VOL,1031,67,42,0.4744296351067109,0.491558985171398,23,1.1413289012751981,0.6304146795180672,1.810441505181493,0.8096859684677347,0.8272457881237024
PROXY,3,1,ALL,CORE_VOL,1254,126,90,0.7262547163449187,0.714784696098206,46,1.1013156268639783,0.8360251226574481,1.3173236031032887,0.8752454319720607,0.876297845970685
PROXY,3,1,DOTCOM,CORE_VOL,64,13,17,0.695637709128049,0.7174513103219792,4,0.2114225874069926,0.16184602769974965,1.3063192863726962,0.7426864472136904,0.7916857326556554
PROXY,3,1,GFC,CORE_VOL,150,31,30,0.7015647400122612,0.669767596156303,12,0.31359067516688427,0.3568427713854371,0.878792287004646,0.7848979812559087,0.7799558703162038
PROXY,3,1,2011,CORE_VOL,49,12,7,0.7305599954803678,0.6992194656896571,4,0.08931950559413462,0.05815321651125292,1.5359340540836788,0.8143479993982851,0.8460519999482574
PROXY,3,1,2015_2016,CORE_VOL,100,4,8,0.7580617261224175,0.7925672953316572,1,0.026889506991082154,0.02863248039609828,0.939126007216139,0.9286217913598144,0.9439573777882224
PROXY,3,1,2018Q4,CORE_VOL,11,2,3,0.8053338369262383,0.7809949708055183,1,0.009496425736369782,0.03007738394918953,0.31573310206806315,0.8288346503814246,0.8598038801067508
PROXY,3,1,COVID,CORE_VOL,18,10,6,0.6778551591111508,0.592819653567766,2,0.10550340482308991,0.07897909463456473,1.3358396334023936,0.6778551591111508,0.7867124373432539
PROXY,3,1,2022,CORE_VOL,49,17,12,0.762385005535937,0.7591870238301773,9,0.10415110786159046,0.08499591687841274,1.2253660138825182,0.7799953789849658,0.841630216938143
PROXY,3,1,2023_PLUS,CORE_VOL,182,10,0,0.7237232859217425,0.7778143438900791,3,0.08118361994023462,0.0,,0.9177041723946611,0.9489649796441245
PROXY,3,1,2024_PLUS,CORE_VOL,132,9,0,0.716974839266753,0.712413985159217,2,0.07718288778677025,0.0,,0.9071611806446017,0.9406617273268055
PROXY,3,1,EX_MAJOR_SHOCKS,CORE_VOL,1031,67,42,0.7372148175533554,0.7457794925856991,23,0.5706644506375992,0.3152073397590336,1.8104415051814935,0.9048429842338672,0.9136228940618514
PROXY,3,3,ALL,VOL,1254,126,90,0.45250943268983745,0.42956939219641194,46,2.2026312537279567,1.6720502453148962,1.3173236031032887,0.7504908639441216,0.7525956919413701
PROXY,3,3,DOTCOM,VOL,64,13,17,0.391275418256098,0.43490262064395835,4,0.42284517481398515,0.3236920553994993,1.3063192863726962,0.48537289442738074,0.5833714653113112
PROXY,3,3,GFC,VOL,150,31,30,0.40312948002452254,0.3395351923126061,12,0.6271813503337684,0.713685542770874,0.878792287004646,0.5697959625118175,0.5599117406324076
PROXY,3,3,2011,VOL,49,12,7,0.46111999096073547,0.3984389313793139,4,0.17863901118826925,0.11630643302250587,1.5359340540836783,0.6286959987965702,0.6921039998965144
PROXY,3,3,2015_2016,VOL,100,4,8,0.5161234522448352,0.5851345906633143,1,0.053779013982164295,0.05726496079219657,0.9391260072161387,0.8572435827196287,0.8879147555764451
PROXY,3,3,2018Q4,VOL,11,2,3,0.6106676738524764,0.5619899416110364,1,0.01899285147273956,0.060154767898379057,0.3157331020680631,0.6576693007628491,0.7196077602135014
PROXY,3,3,COVID,VOL,18,10,6,0.3557103182223015,0.1856393071355319,2,0.21100680964617985,0.15795818926912952,1.3358396334023934,0.3557103182223015,0.5734248746865078
PROXY,3,3,2022,VOL,49,17,12,0.5247700110718738,0.5183740476603547,9,0.20830221572318094,0.16999183375682547,1.2253660138825182,0.559990757969932,0.6832604338762859
PROXY,3,3,2023_PLUS,VOL,182,10,0,0.447446571843485,0.5556286877801576,3,0.16236723988046928,0.0,,0.8354083447893221,0.8979299592882487
PROXY,3,3,2024_PLUS,VOL,132,9,0,0.4339496785335059,0.4248279703184336,2,0.15436577557354053,0.0,,0.8143223612892037,0.8813234546536111
PROXY,3,3,EX_MAJOR_SHOCKS,VOL,1031,67,42,0.4744296351067109,0.491558985171398,23,1.1413289012751981,0.6304146795180672,1.810441505181493,0.8096859684677347,0.8272457881237024
PROXY,3,3,ALL,CORE_VOL,1254,126,90,0.7262547163449187,0.7147846960982059,46,1.1013156268639783,0.8360251226574481,1.3173236031032887,0.8752454319720607,0.8762978459706852
PROXY,3,3,DOTCOM,CORE_VOL,64,13,17,0.695637709128049,0.7174513103219793,4,0.2114225874069926,0.1618460276997496,1.3063192863726967,0.7426864472136904,0.7916857326556554
PROXY,3,3,GFC,CORE_VOL,150,31,30,0.7015647400122613,0.6697675961563031,12,0.31359067516688427,0.3568427713854371,0.878792287004646,0.7848979812559087,0.7799558703162037
PROXY,3,3,2011,CORE_VOL,49,12,7,0.7305599954803677,0.6992194656896571,4,0.08931950559413462,0.05815321651125293,1.5359340540836786,0.8143479993982851,0.8460519999482574
PROXY,3,3,2015_2016,CORE_VOL,100,4,8,0.7580617261224175,0.7925672953316572,1,0.026889506991082144,0.028632480396098302,0.939126007216138,0.9286217913598144,0.9439573777882224
PROXY,3,3,2018Q4,CORE_VOL,11,2,3,0.8053338369262383,0.7809949708055183,1,0.009496425736369779,0.03007738394918954,0.31573310206806293,0.8288346503814247,0.8598038801067506
PROXY,3,3,COVID,CORE_VOL,18,10,6,0.6778551591111508,0.592819653567766,2,0.10550340482308991,0.07897909463456476,1.3358396334023932,0.6778551591111508,0.7867124373432539
PROXY,3,3,2022,CORE_VOL,49,17,12,0.762385005535937,0.7591870238301773,9,0.10415110786159046,0.08499591687841276,1.2253660138825178,0.779995378984966,0.841630216938143
PROXY,3,3,2023_PLUS,CORE_VOL,182,10,0,0.7237232859217424,0.7778143438900791,3,0.08118361994023464,0.0,,0.9177041723946611,0.9489649796441245
PROXY,3,3,2024_PLUS,CORE_VOL,132,9,0,0.716974839266753,0.712413985159217,2,0.07718288778677027,0.0,,0.9071611806446017,0.9406617273268055
PROXY,3,3,EX_MAJOR_SHOCKS,CORE_VOL,1031,67,42,0.7372148175533554,0.7457794925856991,23,0.5706644506375992,0.3152073397590336,1.8104415051814935,0.9048429842338672,0.9136228940618514
PROXY,4,0,ALL,VOL,1254,123,89,0.4321519944647133,0.46224459811233565,43,2.1434898407939875,1.684400424887976,1.272553609654037,0.7490882821593152,0.7408132601671201
PROXY,4,0,DOTCOM,VOL,64,13,15,0.37667939914875126,0.3653468570181604,2,0.2558228084695278,0.1755030600261837,1.4576544046090194,0.5009811327883161,0.6195736982587173
PROXY,4,0,GFC,VOL,150,33,29,0.37787581061755504,0.37244413532419973,14,0.6972082470587508,0.7971306704218156,0.8746473732967908,0.5525671044044008,0.5317959941170676
PROXY,4,0,2011,VOL,49,10,9,0.4355766771462105,0.4637733882266049,3,0.1629155497989911,0.1313632472774458,1.2401912496491903,0.6269733880313739,0.6853116006038974
PROXY,4,0,2015_2016,VOL,100,8,4,0.5096374763590992,0.5420019129716649,4,0.09168522053023401,0.028506660053818134,3.216273683312607,0.8220746023238684,0.9012171877088238
PROXY,4,0,2018Q4,VOL,12,2,2,0.5361028142327353,0.5117423641662645,1,0.014369987508338317,0.03927221655176817,0.36590721813208504,0.6204619357353883,0.7317393617611017
PROXY,4,0,COVID,VOL,17,8,7,0.28084660088939956,0.5541460136101345,1,0.2520161089441409,0.2058710505414852,1.2241454458083556,0.31621582188415015,0.4699213641101342
PROXY,4,0,2022,VOL,50,15,13,0.4976406320938159,0.4789277480148744,5,0.21020310198918044,0.17262620623500102,1.2176778171387541,0.5643792197359079,0.6732583962659993
PROXY,4,0,2023_PLUS,VOL,182,9,2,0.4940118266397229,0.45683783405318523,4,0.11053166895838436,0.01536910930495279,7.191807069962398,0.8632601542246094,0.8986530447644727
PROXY,4,0,2024_PLUS,VOL,132,7,2,0.45621764776352824,0.39923200528669595,3,0.08725252441104252,0.01536910930495279,5.67713604476252,0.8517159504923668,0.8835987470085578
PROXY,4,0,EX_MAJOR_SHOCKS,VOL,1031,67,39,0.47800743949923175,0.5142381690302988,23,0.9840623828019153,0.508433815941835,1.9354778379148807,0.8212734404708247,0.8332923079946922
PROXY,4,0,ALL,CORE_VOL,1254,123,89,0.7160759972323566,0.7311222990561679,43,1.0717449203969938,0.8422002124439879,1.272553609654037,0.8745441410796576,0.8704066300835601
PROXY,4,0,DOTCOM,CORE_VOL,64,13,15,0.6883396995743757,0.6826734285090802,2,0.1279114042347639,0.08775153001309187,1.4576544046090192,0.7504905663941582,0.8097868491293587
PROXY,4,0,GFC,CORE_VOL,150,33,29,0.6889379053087775,0.6862220676620999,14,0.3486041235293754,0.3985653352109078,0.8746473732967908,0.7762835522022004,0.7658979970585339
PROXY,4,0,2011,CORE_VOL,49,10,9,0.7177883385731052,0.7318866941133024,3,0.08145777489949554,0.06568162363872289,1.2401912496491905,0.813486694015687,0.842655800301949
PROXY,4,0,2015_2016,CORE_VOL,100,8,4,0.7548187381795497,0.7710009564858324,4,0.045842610265117004,0.014253330026909069,3.2162736833126067,0.9110373011619343,0.950608593854412
PROXY,4,0,2018Q4,CORE_VOL,12,2,2,0.7680514071163677,0.7558711820831323,1,0.0071849937541691574,0.019636108275884086,0.365907218132085,0.8102309678676941,0.8658696808805508
PROXY,4,0,COVID,CORE_VOL,17,8,7,0.6404233004446998,0.7770730068050672,1,0.12600805447207047,0.10293552527074258,1.224145445808356,0.658107910942075,0.7349606820550671
PROXY,4,0,2022,CORE_VOL,50,15,13,0.748820316046908,0.7394638740074373,5,0.1051015509945902,0.08631310311750053,1.217677817138754,0.7821896098679539,0.8366291981329995
PROXY,4,0,2023_PLUS,CORE_VOL,182,9,2,0.7470059133198615,0.7284189170265927,4,0.05526583447919217,0.007684554652476394,7.191807069962398,0.9316300771123046,0.9493265223822362
PROXY,4,0,2024_PLUS,CORE_VOL,132,7,2,0.7281088238817641,0.6996160026433479,3,0.04362626220552126,0.007684554652476394,5.677136044762521,0.9258579752461833,0.9417993735042789
PROXY,4,0,EX_MAJOR_SHOCKS,CORE_VOL,1031,67,39,0.7390037197496158,0.7571190845151494,23,0.4920311914009576,0.25421690797091756,1.93547783791488,0.9106367202354125,0.916646153997346
PROXY,4,1,ALL,VOL,1254,123,89,0.43215199446471336,0.46224459811233565,43,2.143489840793988,1.6844004248879758,1.2725536096540375,0.7490882821593152,0.7408132601671202
PROXY,4,1,DOTCOM,VOL,64,13,15,0.37667939914875126,0.3653468570181604,2,0.2558228084695278,0.1755030600261837,1.4576544046090194,0.5009811327883161,0.6195736982587174
PROXY,4,1,GFC,VOL,150,33,29,0.37787581061755504,0.37244413532419973,14,0.6972082470587508,0.7971306704218156,0.8746473732967908,0.5525671044044008,0.5317959941170676
PROXY,4,1,2011,VOL,49,10,9,0.4355766771462105,0.4637733882266049,3,0.1629155497989911,0.13136324727744578,1.2401912496491905,0.6269733880313739,0.6853116006038974
PROXY,4,1,2015_2016,VOL,100,8,4,0.5096374763590992,0.542001912971665,4,0.09168522053023401,0.028506660053818134,3.216273683312607,0.8220746023238684,0.9012171877088238
PROXY,4,1,2018Q4,VOL,12,2,2,0.5361028142327353,0.5117423641662645,1,0.014369987508338317,0.039272216551768165,0.3659072181320851,0.6204619357353882,0.7317393617611017
PROXY,4,1,COVID,VOL,17,8,7,0.28084660088939956,0.5541460136101344,1,0.2520161089441409,0.2058710505414852,1.2241454458083556,0.31621582188415015,0.46992136411013424
PROXY,4,1,2022,VOL,50,15,13,0.4976406320938159,0.4789277480148745,5,0.21020310198918046,0.17262620623500102,1.2176778171387543,0.5643792197359079,0.6732583962659993
PROXY,4,1,2023_PLUS,VOL,182,9,2,0.4940118266397228,0.45683783405318523,4,0.11053166895838437,0.015369109304952788,7.1918070699624,0.8632601542246097,0.8986530447644727
PROXY,4,1,2024_PLUS,VOL,132,7,2,0.4562176477635282,0.3992320052866961,3,0.08725252441104252,0.015369109304952788,5.677136044762521,0.851715950492367,0.8835987470085578
PROXY,4,1,EX_MAJOR_SHOCKS,VOL,1031,67,39,0.47800743949923175,0.5142381690302988,23,0.9840623828019153,0.508433815941835,1.9354778379148807,0.8212734404708247,0.8332923079946922
PROXY,4,1,ALL,CORE_VOL,1254,123,89,0.7160759972323567,0.7311222990561678,43,1.0717449203969938,0.8422002124439879,1.272553609654037,0.8745441410796576,0.8704066300835601
PROXY,4,1,DOTCOM,CORE_VOL,64,13,15,0.6883396995743757,0.6826734285090803,2,0.12791140423476388,0.08775153001309184,1.4576544046090194,0.7504905663941582,0.8097868491293588
PROXY,4,1,GFC,CORE_VOL,150,33,29,0.6889379053087776,0.6862220676620999,14,0.3486041235293754,0.3985653352109078,0.8746473732967908,0.7762835522022004,0.7658979970585339
PROXY,4,1,2011,CORE_VOL,49,10,9,0.7177883385731052,0.7318866941133023,3,0.08145777489949554,0.06568162363872287,1.2401912496491907,0.813486694015687,0.842655800301949
PROXY,4,1,2015_2016,CORE_VOL,100,8,4,0.7548187381795497,0.7710009564858324,4,0.045842610265117,0.014253330026909067,3.2162736833126067,0.9110373011619343,0.950608593854412
PROXY,4,1,2018Q4,CORE_VOL,12,2,2,0.7680514071163677,0.7558711820831323,1,0.007184993754169156,0.019636108275884093,0.36590721813208477,0.8102309678676941,0.8658696808805508
PROXY,4,1,COVID,CORE_VOL,17,8,7,0.6404233004446999,0.7770730068050672,1,0.12600805447207042,0.1029355252707426,1.2241454458083554,0.6581079109420752,0.7349606820550671
PROXY,4,1,2022,CORE_VOL,50,15,13,0.748820316046908,0.7394638740074373,5,0.1051015509945902,0.08631310311750051,1.217677817138754,0.782189609867954,0.8366291981329995
PROXY,4,1,2023_PLUS,CORE_VOL,182,9,2,0.7470059133198615,0.7284189170265924,4,0.0552658344791922,0.007684554652476393,7.191807069962403,0.9316300771123046,0.9493265223822362
PROXY,4,1,2024_PLUS,CORE_VOL,132,7,2,0.7281088238817641,0.6996160026433478,3,0.04362626220552128,0.007684554652476393,5.677136044762523,0.9258579752461833,0.9417993735042789
PROXY,4,1,EX_MAJOR_SHOCKS,CORE_VOL,1031,67,39,0.7390037197496158,0.7571190845151493,23,0.49203119140095763,0.2542169079709175,1.9354778379148807,0.9106367202354125,0.9166461539973462
PROXY,4,3,ALL,VOL,1254,123,89,0.4321519944647133,0.46224459811233565,43,2.1434898407939875,1.684400424887976,1.272553609654037,0.7490882821593152,0.7408132601671202
PROXY,4,3,DOTCOM,VOL,64,13,15,0.37667939914875115,0.3653468570181604,2,0.25582280846952776,0.17550306002618374,1.457654404609019,0.5009811327883161,0.6195736982587172
PROXY,4,3,GFC,VOL,150,33,29,0.37787581061755504,0.37244413532419973,14,0.6972082470587508,0.7971306704218156,0.8746473732967908,0.5525671044044008,0.5317959941170676
PROXY,4,3,2011,VOL,49,10,9,0.4355766771462105,0.4637733882266049,3,0.1629155497989911,0.13136324727744578,1.2401912496491905,0.6269733880313739,0.6853116006038974
PROXY,4,3,2015_2016,VOL,100,8,4,0.5096374763590992,0.542001912971665,4,0.09168522053023401,0.028506660053818134,3.216273683312607,0.8220746023238684,0.9012171877088238
PROXY,4,3,2018Q4,VOL,12,2,2,0.5361028142327353,0.5117423641662645,1,0.014369987508338317,0.03927221655176817,0.36590721813208504,0.6204619357353882,0.7317393617611017
PROXY,4,3,COVID,VOL,17,8,7,0.2808466008893996,0.5541460136101345,1,0.2520161089441409,0.20587105054148513,1.2241454458083558,0.3162158218841502,0.4699213641101342
PROXY,4,3,2022,VOL,50,15,13,0.49764063209381587,0.4789277480148744,5,0.21020310198918046,0.17262620623500105,1.2176778171387541,0.564379219735908,0.6732583962659993
PROXY,4,3,2023_PLUS,VOL,182,9,2,0.49401182663972293,0.45683783405318534,4,0.11053166895838434,0.015369109304952786,7.191807069962399,0.8632601542246096,0.8986530447644727
PROXY,4,3,2024_PLUS,VOL,132,7,2,0.45621764776352824,0.39923200528669595,3,0.08725252441104252,0.015369109304952786,5.677136044762521,0.851715950492367,0.8835987470085578
PROXY,4,3,EX_MAJOR_SHOCKS,VOL,1031,67,39,0.47800743949923175,0.5142381690302988,23,0.9840623828019153,0.5084338159418351,1.9354778379148803,0.8212734404708247,0.8332923079946922
PROXY,4,3,ALL,CORE_VOL,1254,123,89,0.7160759972323566,0.7311222990561679,43,1.0717449203969938,0.8422002124439879,1.272553609654037,0.8745441410796576,0.8704066300835601
PROXY,4,3,DOTCOM,CORE_VOL,64,13,15,0.6883396995743757,0.6826734285090802,2,0.1279114042347639,0.08775153001309187,1.4576544046090192,0.7504905663941581,0.8097868491293587
PROXY,4,3,GFC,CORE_VOL,150,33,29,0.6889379053087775,0.6862220676620999,14,0.3486041235293754,0.3985653352109078,0.8746473732967908,0.7762835522022004,0.7658979970585339
PROXY,4,3,2011,CORE_VOL,49,10,9,0.7177883385731052,0.7318866941133024,3,0.08145777489949554,0.06568162363872289,1.2401912496491905,0.813486694015687,0.8426558003019486
PROXY,4,3,2015_2016,CORE_VOL,100,8,4,0.7548187381795497,0.7710009564858324,4,0.045842610265117004,0.01425333002690907,3.216273683312606,0.9110373011619343,0.950608593854412
PROXY,4,3,2018Q4,CORE_VOL,12,2,2,0.7680514071163677,0.7558711820831323,1,0.0071849937541691574,0.01963610827588408,0.3659072181320851,0.8102309678676941,0.8658696808805509
PROXY,4,3,COVID,CORE_VOL,17,8,7,0.6404233004446998,0.7770730068050673,1,0.12600805447207045,0.1029355252707426,1.2241454458083556,0.658107910942075,0.7349606820550671
PROXY,4,3,2022,CORE_VOL,50,15,13,0.748820316046908,0.7394638740074373,5,0.10510155099459023,0.08631310311750053,1.2176778171387541,0.782189609867954,0.8366291981329995
PROXY,4,3,2023_PLUS,CORE_VOL,182,9,2,0.7470059133198617,0.7284189170265928,4,0.055265834479192165,0.007684554652476394,7.1918070699623975,0.9316300771123047,0.9493265223822362
PROXY,4,3,2024_PLUS,CORE_VOL,132,7,2,0.7281088238817642,0.6996160026433481,3,0.04362626220552125,0.007684554652476394,5.67713604476252,0.9258579752461833,0.9417993735042789
PROXY,4,3,EX_MAJOR_SHOCKS,CORE_VOL,1031,67,39,0.7390037197496158,0.7571190845151494,23,0.49203119140095763,0.25421690797091745,1.9354778379148811,0.9106367202354125,0.916646153997346
ZERO,0,0,ALL,VOL,1254,123,93,0.4511433336876751,0.44231972683183474,42,2.108437158502654,1.787490398269009,1.179551599574715,0.7533038503572734,0.736555359069741
ZERO,0,0,DOTCOM,VOL,63,18,14,0.4103213544518335,0.4465236986757036,8,0.272679311344177,0.22414101949699783,1.216552471993326,0.5116574783247807,0.6193070628775276
ZERO,0,0,GFC,VOL,150,31,28,0.37099820388926763,0.3688502987809085,12,0.6564571621077939,0.7255974676679147,0.904712587018338,0.5525456537691525,0.5398464395455544
ZERO,0,0,2011,VOL,50,13,8,0.4575466632622149,0.46169132976836147,4,0.21574013881108817,0.16237345408695147,1.3286663144799438,0.5953359934828334,0.6390928250873352
ZERO,0,0,2015_2016,VOL,99,5,6,0.5364695399929336,,0,0.051417832956462524,0.055977734150190084,0.9185408044296113,0.8367173207382639,0.8894162699473824
ZERO,0,0,2018Q4,VOL,12,3,1,0.5151368184984354,0.4998068631334775,1,0.027777491676416136,0.028908930484617724,0.9608619624028076,0.5211392546828297,0.7688606872713998
ZERO,0,0,COVID,VOL,17,8,7,0.31423549409961715,0.3706144049426552,4,0.2136042711623509,0.23086251359701557,0.9252445008686426,0.31563365274191624,0.32032966014435027
ZERO,0,0,2022,VOL,49,15,15,0.5347884990623567,0.5128155124294028,6,0.24021958714433717,0.22263310079500653,1.0789931339343997,0.5742736284743014,0.6405667039224712
ZERO,0,0,2023_PLUS,VOL,183,8,3,0.5355959011490549,0.4660661136510085,4,0.12253904911011937,0.012754627696009059,9.607418737001787,0.8535767614972297,0.9048179067560687
ZERO,0,0,2024_PLUS,VOL,133,6,3,0.5181711419025636,0.4660661136510085,4,0.10032524402904645,0.012754627696009059,7.865791649915298,0.8353849478596612,0.8951439411769926
ZERO,0,0,EX_MAJOR_SHOCKS,VOL,1032,67,43,0.49201437459964686,0.4729367860412537,20,0.9763927163206768,0.6083973162090721,1.60486032779465,0.8218675207617637,0.8332773554869215
ZERO,0,0,ALL,CORE_VOL,1254,123,93,0.7255716668438378,0.7211598634159173,42,1.054218579251327,0.8937451991345045,1.179551599574715,0.8766519251786367,0.8682776795348703
ZERO,0,0,DOTCOM,CORE_VOL,63,18,14,0.7051606772259167,0.7232618493378518,8,0.1363396556720885,0.11207050974849891,1.216552471993326,0.7558287391623905,0.8096535314387636
ZERO,0,0,GFC,CORE_VOL,150,31,28,0.6854991019446339,0.6844251493904542,12,0.32822858105389696,0.36279873383395733,0.904712587018338,0.7762728268845761,0.7699232197727771
ZERO,0,0,2011,CORE_VOL,50,13,8,0.7287733316311074,0.7308456648841807,4,0.10787006940554408,0.08118672704347574,1.3286663144799438,0.7976679967414166,0.8195464125436676
ZERO,0,0,2015_2016,CORE_VOL,99,5,6,0.7682347699964668,,0,0.02570891647823126,0.027988867075095042,0.9185408044296112,0.9183586603691319,0.9447081349736912
ZERO,0,0,2018Q4,CORE_VOL,12,3,1,0.7575684092492176,0.7499034315667387,1,0.013888745838208075,0.014454465242308862,0.9608619624028082,0.7605696273414148,0.8844303436356998
ZERO,0,0,COVID,CORE_VOL,17,8,7,0.6571177470498085,0.6853072024713275,4,0.10680213558117545,0.11543125679850777,0.9252445008686427,0.6578168263709581,0.6601648300721752
ZERO,0,0,2022,CORE_VOL,49,15,15,0.7673942495311784,0.7564077562147012,6,0.12010979357216858,0.11131655039750327,1.0789931339343997,0.7871368142371508,0.8202833519612357
ZERO,0,0,2023_PLUS,CORE_VOL,183,8,3,0.7677979505745274,0.7330330568255042,4,0.061269524555059685,0.0063773138480045285,9.607418737001789,0.9267883807486148,0.9524089533780342
ZERO,0,0,2024_PLUS,CORE_VOL,133,6,3,0.7590855709512818,0.7330330568255042,4,0.050162622014523234,0.006377313848004529,7.865791649915299,0.9176924739298306,0.9475719705884964
ZERO,0,0,EX_MAJOR_SHOCKS,CORE_VOL,1032,67,43,0.7460071872998234,0.7364683930206268,20,0.4881963581603384,0.3041986581045361,1.6048603277946498,0.910933760380882,0.9166386777434608
ZERO,0,1,ALL,VOL,1254,123,93,0.4511433336876752,0.44231972683183474,42,2.108437158502654,1.787490398269009,1.179551599574715,0.7533038503572734,0.736555359069741
ZERO,0,1,DOTCOM,VOL,63,18,14,0.4103213544518335,0.4465236986757036,8,0.272679311344177,0.22414101949699783,1.216552471993326,0.5116574783247807,0.6193070628775275
ZERO,0,1,GFC,VOL,150,31,28,0.37099820388926763,0.36885029878090847,12,0.6564571621077939,0.7255974676679147,0.904712587018338,0.5525456537691525,0.5398464395455544
ZERO,0,1,2011,VOL,50,13,8,0.4575466632622149,0.46169132976836136,4,0.21574013881108817,0.16237345408695147,1.3286663144799438,0.5953359934828333,0.6390928250873352
ZERO,0,1,2015_2016,VOL,99,5,6,0.5364695399929336,,0,0.05141783295646253,0.05597773415019008,0.9185408044296115,0.8367173207382637,0.8894162699473824
ZERO,0,1,2018Q4,VOL,12,3,1,0.5151368184984354,0.4998068631334775,1,0.02777749167641614,0.028908930484617724,0.9608619624028079,0.5211392546828297,0.7688606872713998
ZERO,0,1,COVID,VOL,17,8,7,0.31423549409961715,0.37061440494265513,4,0.2136042711623509,0.23086251359701554,0.9252445008686427,0.31563365274191624,0.32032966014435027
ZERO,0,1,2022,VOL,49,15,15,0.5347884990623567,0.5128155124294028,6,0.24021958714433717,0.22263310079500653,1.0789931339343997,0.5742736284743013,0.6405667039224712
ZERO,0,1,2023_PLUS,VOL,183,8,3,0.5355959011490549,0.4660661136510085,4,0.12253904911011937,0.012754627696009062,9.607418737001785,0.8535767614972297,0.9048179067560687
ZERO,0,1,2024_PLUS,VOL,133,6,3,0.5181711419025635,0.4660661136510085,4,0.10032524402904647,0.012754627696009062,7.865791649915297,0.8353849478596612,0.8951439411769926
ZERO,0,1,EX_MAJOR_SHOCKS,VOL,1032,67,43,0.4920143745996469,0.4729367860412538,20,0.9763927163206768,0.6083973162090721,1.60486032779465,0.8218675207617637,0.8332773554869217
ZERO,0,1,ALL,CORE_VOL,1254,123,93,0.7255716668438378,0.7211598634159173,42,1.054218579251327,0.8937451991345045,1.179551599574715,0.8766519251786367,0.8682776795348703
ZERO,0,1,DOTCOM,CORE_VOL,63,18,14,0.7051606772259168,0.7232618493378519,8,0.13633965567208847,0.11207050974849891,1.2165524719933258,0.7558287391623904,0.8096535314387636
ZERO,0,1,GFC,CORE_VOL,150,31,28,0.6854991019446339,0.6844251493904543,12,0.32822858105389696,0.36279873383395733,0.904712587018338,0.7762728268845761,0.7699232197727771
ZERO,0,1,2011,CORE_VOL,50,13,8,0.7287733316311072,0.7308456648841807,4,0.1078700694055441,0.08118672704347574,1.3286663144799438,0.7976679967414165,0.8195464125436676
ZERO,0,1,2015_2016,CORE_VOL,99,5,6,0.7682347699964668,,0,0.02570891647823126,0.02798886707509503,0.9185408044296115,0.9183586603691318,0.9447081349736912
ZERO,0,1,2018Q4,CORE_VOL,12,3,1,0.7575684092492175,0.7499034315667389,1,0.013888745838208075,0.014454465242308869,0.9608619624028077,0.7605696273414146,0.8844303436356997
ZERO,0,1,COVID,CORE_VOL,17,8,7,0.6571177470498085,0.6853072024713275,4,0.10680213558117546,0.11543125679850776,0.925244500868643,0.6578168263709581,0.6601648300721751
ZERO,0,1,2022,CORE_VOL,49,15,15,0.7673942495311784,0.7564077562147014,6,0.12010979357216856,0.11131655039750327,1.0789931339343992,0.7871368142371508,0.8202833519612356
ZERO,0,1,2023_PLUS,CORE_VOL,183,8,3,0.7677979505745274,0.7330330568255042,4,0.06126952455505969,0.006377313848004527,9.607418737001792,0.9267883807486148,0.9524089533780342
ZERO,0,1,2024_PLUS,CORE_VOL,133,6,3,0.7590855709512818,0.7330330568255042,4,0.05016262201452324,0.006377313848004527,7.8657916499153036,0.9176924739298306,0.9475719705884962
ZERO,0,1,EX_MAJOR_SHOCKS,CORE_VOL,1032,67,43,0.7460071872998234,0.7364683930206268,20,0.48819635816033835,0.30419865810453606,1.6048603277946498,0.910933760380882,0.9166386777434609
ZERO,0,3,ALL,VOL,1254,123,93,0.4511433336876751,0.44231972683183474,42,2.108437158502654,1.787490398269009,1.179551599574715,0.7533038503572732,0.736555359069741
ZERO,0,3,DOTCOM,VOL,63,18,14,0.4103213544518335,0.4465236986757036,8,0.272679311344177,0.22414101949699783,1.216552471993326,0.5116574783247807,0.6193070628775276
ZERO,0,3,GFC,VOL,150,31,28,0.37099820388926763,0.3688502987809084,12,0.6564571621077939,0.7255974676679147,0.904712587018338,0.5525456537691527,0.5398464395455544
ZERO,0,3,2011,VOL,50,13,8,0.4575466632622149,0.4616913297683613,4,0.21574013881108817,0.16237345408695147,1.3286663144799438,0.5953359934828333,0.6390928250873351
ZERO,0,3,2015_2016,VOL,99,5,6,0.5364695399929336,,0,0.05141783295646252,0.055977734150190084,0.9185408044296112,0.8367173207382639,0.8894162699473824
ZERO,0,3,2018Q4,VOL,12,3,1,0.5151368184984354,0.4998068631334777,1,0.027777491676416147,0.028908930484617724,0.9608619624028081,0.5211392546828297,0.7688606872713996
ZERO,0,3,COVID,VOL,17,8,7,0.31423549409961715,0.3706144049426552,4,0.2136042711623509,0.23086251359701554,0.9252445008686427,0.31563365274191624,0.32032966014435027
ZERO,0,3,2022,VOL,49,15,15,0.5347884990623568,0.5128155124294028,6,0.24021958714433714,0.22263310079500653,1.0789931339343994,0.5742736284743014,0.6405667039224714
ZERO,0,3,2023_PLUS,VOL,183,8,3,0.5355959011490549,0.4660661136510085,4,0.12253904911011937,0.012754627696009059,9.607418737001787,0.8535767614972294,0.9048179067560687
ZERO,0,3,2024_PLUS,VOL,133,6,3,0.5181711419025636,0.4660661136510085,4,0.10032524402904647,0.012754627696009059,7.865791649915299,0.8353849478596612,0.8951439411769928
ZERO,0,3,EX_MAJOR_SHOCKS,VOL,1032,67,43,0.49201437459964686,0.47293678604125367,20,0.9763927163206768,0.6083973162090722,1.6048603277946498,0.8218675207617637,0.8332773554869216
ZERO,0,3,ALL,CORE_VOL,1254,123,93,0.7255716668438378,0.7211598634159173,42,1.054218579251327,0.8937451991345045,1.179551599574715,0.8766519251786367,0.8682776795348703
ZERO,0,3,DOTCOM,CORE_VOL,63,18,14,0.7051606772259167,0.7232618493378519,8,0.13633965567208847,0.11207050974849891,1.2165524719933258,0.7558287391623904,0.8096535314387636
ZERO,0,3,GFC,CORE_VOL,150,31,28,0.6854991019446339,0.6844251493904542,12,0.328228581053897,0.36279873383395733,0.9047125870183381,0.776272826884576,0.7699232197727773
ZERO,0,3,2011,CORE_VOL,50,13,8,0.7287733316311074,0.7308456648841807,4,0.10787006940554408,0.08118672704347574,1.3286663144799438,0.7976679967414166,0.8195464125436676
ZERO,0,3,2015_2016,CORE_VOL,99,5,6,0.7682347699964668,,0,0.025708916478231248,0.027988867075095035,0.9185408044296111,0.9183586603691319,0.9447081349736914
ZERO,0,3,2018Q4,CORE_VOL,12,3,1,0.7575684092492176,0.7499034315667388,1,0.013888745838208072,0.014454465242308862,0.960861962402808,0.7605696273414148,0.8844303436356997
ZERO,0,3,COVID,CORE_VOL,17,8,7,0.6571177470498085,0.6853072024713275,4,0.10680213558117548,0.11543125679850777,0.925244500868643,0.6578168263709581,0.6601648300721752
ZERO,0,3,2022,CORE_VOL,49,15,15,0.7673942495311785,0.7564077562147014,6,0.12010979357216858,0.1113165503975033,1.0789931339343992,0.7871368142371508,0.8202833519612354
ZERO,0,3,2023_PLUS,CORE_VOL,183,8,3,0.7677979505745274,0.7330330568255042,4,0.0612695245550597,0.0063773138480045285,9.60741873700179,0.9267883807486148,0.9524089533780342
ZERO,0,3,2024_PLUS,CORE_VOL,133,6,3,0.7590855709512817,0.7330330568255042,4,0.05016262201452324,0.006377313848004529,7.865791649915301,0.9176924739298306,0.9475719705884964
ZERO,0,3,EX_MAJOR_SHOCKS,CORE_VOL,1032,67,43,0.7460071872998234,0.7364683930206268,20,0.4881963581603384,0.30419865810453606,1.60486032779465,0.910933760380882,0.9166386777434608
ZERO,1,0,ALL,VOL,1254,125,97,0.4480862050453742,0.4789400778361685,47,2.027967908481454,1.6988406139575507,1.193736417542539,0.7548384624675498,0.7395153900202377
ZERO,1,0,DOTCOM,VOL,63,16,15,0.44083536493158193,0.44841201281812026,10,0.26030868889612824,0.20802969188002185,1.2513054580990177,0.527468919514242,0.6419204037930446
ZERO,1,0,GFC,VOL,150,29,34,0.38637467932971004,0.5036766675775128,10,0.6231963587024901,0.8031874227149105,0.7759040307130061,0.5606329698305367,0.5233690276759426
ZERO,1,0,2011,VOL,50,11,8,0.4420747434347352,0.5532945154926547,3,0.1935313733520589,0.11830448726550585,1.6358751711397426,0.6038809414412573,0.678791629771324
ZERO,1,0,2015_2016,VOL,100,9,3,0.5443083639215008,0.5974885321845138,3,0.07009278827188763,0.04404822976031644,1.59127367100312,0.831189191945134,0.8793902254605469
ZERO,1,0,2018Q4,VOL,12,3,2,0.5536488801411709,0.5559336427148421,2,0.029676313288159225,0.032512262383552384,0.9127729389626286,0.5536488801411709,0.7318961358400331
ZERO,1,0,COVID,VOL,18,10,6,0.3516874835464219,0.32744335270714214,3,0.2450816848328404,0.22396354742880356,1.094292743825868,0.3516874835464219,0.46622034672969587
ZERO,1,0,2022,VOL,49,16,16,0.5143788550268137,0.48364384279006645,8,0.18686684029239714,0.13751136564705324,1.3589192385160604,0.5592389033126155,0.6859653740981192
ZERO,1,0,2023_PLUS,VOL,183,10,3,0.48112353360116883,0.4587486030239795,1,0.19880344048609022,0.034970420048218195,5.684902846805228,0.8268032759362369,0.864636384497149
ZERO,1,0,2024_PLUS,VOL,133,9,2,0.46774721931436586,0.4587486030239795,1,0.1865144793535064,0.033567977352436655,5.556321651294476,0.8023197857118112,0.8521987131694764
ZERO,1,0,EX_MAJOR_SHOCKS,VOL,1031,69,41,0.48564185270411214,0.495758558729195,25,0.9580707736082741,0.5341782781667834,1.7935412441258818,0.821169775411154,0.8336895351968387
ZERO,1,0,ALL,CORE_VOL,1254,125,97,0.724043102522687,0.7394700389180842,47,1.013983954240727,0.8494203069787752,1.1937364175425391,0.877419231233775,0.8697576950101188
ZERO,1,0,DOTCOM,CORE_VOL,63,16,15,0.7204176824657911,0.7242060064090602,10,0.13015434444806412,0.10401484594001092,1.2513054580990177,0.763734459757121,0.8209602018965224
ZERO,1,0,GFC,CORE_VOL,150,29,34,0.693187339664855,0.7518383337887564,10,0.31159817935124506,0.40159371135745525,0.7759040307130061,0.7803164849152686,0.7616845138379716
ZERO,1,0,2011,CORE_VOL,50,11,8,0.7210373717173675,0.7766472577463275,3,0.09676568667602947,0.05915224363275291,1.6358751711397435,0.8019404707206286,0.8393958148856621
ZERO,1,0,2015_2016,CORE_VOL,100,9,3,0.7721541819607504,0.7987442660922569,3,0.03504639413594382,0.022024114880158215,1.5912736710031208,0.915594595972567,0.9396951127302734
ZERO,1,0,2018Q4,CORE_VOL,12,3,2,0.7768244400705855,0.7779668213574211,2,0.014838156644079614,0.0162561311917762,0.9127729389626282,0.7768244400705855,0.8659480679200166
ZERO,1,0,COVID,CORE_VOL,18,10,6,0.6758437417732109,0.663721676353571,3,0.1225408424164202,0.11198177371440177,1.0942927438258683,0.6758437417732109,0.733110173364848
ZERO,1,0,2022,CORE_VOL,49,16,16,0.7571894275134068,0.7418219213950332,8,0.0934334201461986,0.0687556828235266,1.3589192385160611,0.7796194516563077,0.8429826870490597
ZERO,1,0,2023_PLUS,CORE_VOL,183,10,3,0.7405617668005844,0.7293743015119898,1,0.0994017202430451,0.017485210024109098,5.684902846805227,0.9134016379681185,0.9323181922485747
ZERO,1,0,2024_PLUS,CORE_VOL,133,9,2,0.7338736096571831,0.7293743015119898,1,0.0932572396767532,0.016783988676218328,5.556321651294476,0.9011598928559055,0.9260993565847382
ZERO,1,0,EX_MAJOR_SHOCKS,CORE_VOL,1031,69,41,0.742820926352056,0.7478792793645975,25,0.47903538680413704,0.2670891390833917,1.7935412441258818,0.910584887705577,0.9168447675984195
ZERO,1,1,ALL,VOL,1254,125,97,0.44808620504537416,0.4789400778361686,47,2.0279679084814535,1.6988406139575507,1.1937364175425387,0.7548384624675498,0.7395153900202377
ZERO,1,1,DOTCOM,VOL,63,16,15,0.4408353649315818,0.4484120128181202,10,0.2603086888961282,0.20802969188002188,1.2513054580990173,0.527468919514242,0.6419204037930446
ZERO,1,1,GFC,VOL,150,29,34,0.38637467932971004,0.5036766675775127,10,0.62319635870249,0.8031874227149105,0.775904030713006,0.5606329698305367,0.5233690276759426
ZERO,1,1,2011,VOL,50,11,8,0.4420747434347352,0.5532945154926548,3,0.1935313733520589,0.11830448726550585,1.6358751711397426,0.6038809414412573,0.678791629771324
ZERO,1,1,2015_2016,VOL,100,9,3,0.5443083639215008,0.5974885321845138,3,0.07009278827188764,0.04404822976031644,1.5912736710031203,0.8311891919451339,0.8793902254605469
ZERO,1,1,2018Q4,VOL,12,3,2,0.553648880141171,0.5559336427148422,2,0.029676313288159218,0.03251226238355239,0.9127729389626281,0.553648880141171,0.7318961358400331
ZERO,1,1,COVID,VOL,18,10,6,0.3516874835464219,0.3274433527071422,3,0.2450816848328404,0.22396354742880356,1.094292743825868,0.3516874835464219,0.46622034672969587
ZERO,1,1,2022,VOL,49,16,16,0.5143788550268138,0.48364384279006645,8,0.18686684029239714,0.1375113656470532,1.3589192385160607,0.5592389033126155,0.6859653740981192
ZERO,1,1,2023_PLUS,VOL,183,10,3,0.48112353360116883,0.4587486030239794,1,0.19880344048609022,0.034970420048218195,5.684902846805228,0.8268032759362369,0.864636384497149
ZERO,1,1,2024_PLUS,VOL,133,9,2,0.46774721931436586,0.4587486030239794,1,0.1865144793535064,0.033567977352436655,5.556321651294476,0.802319785711811,0.8521987131694764
ZERO,1,1,EX_MAJOR_SHOCKS,VOL,1031,69,41,0.48564185270411214,0.495758558729195,25,0.9580707736082741,0.5341782781667834,1.7935412441258818,0.821169775411154,0.8336895351968387
ZERO,1,1,ALL,CORE_VOL,1254,125,97,0.7240431025226871,0.7394700389180842,47,1.013983954240727,0.8494203069787754,1.193736417542539,0.877419231233775,0.8697576950101189
ZERO,1,1,DOTCOM,CORE_VOL,63,16,15,0.7204176824657911,0.7242060064090602,10,0.13015434444806412,0.10401484594001091,1.251305458099018,0.763734459757121,0.8209602018965224
ZERO,1,1,GFC,CORE_VOL,150,29,34,0.693187339664855,0.7518383337887564,10,0.311598179351245,0.40159371135745525,0.775904030713006,0.7803164849152685,0.7616845138379716
ZERO,1,1,2011,CORE_VOL,50,11,8,0.7210373717173675,0.7766472577463275,3,0.09676568667602944,0.05915224363275291,1.635875171139743,0.8019404707206286,0.8393958148856621
ZERO,1,1,2015_2016,CORE_VOL,100,9,3,0.7721541819607504,0.7987442660922569,3,0.03504639413594382,0.022024114880158218,1.5912736710031206,0.915594595972567,0.9396951127302734
ZERO,1,1,2018Q4,CORE_VOL,12,3,2,0.7768244400705855,0.7779668213574211,2,0.014838156644079616,0.016256131191776206,0.912772938962628,0.7768244400705855,0.8659480679200167
ZERO,1,1,COVID,CORE_VOL,18,10,6,0.6758437417732109,0.6637216763535712,3,0.1225408424164202,0.11198177371440178,1.094292743825868,0.6758437417732109,0.733110173364848
ZERO,1,1,2022,CORE_VOL,49,16,16,0.7571894275134068,0.7418219213950331,8,0.09343342014619858,0.0687556828235266,1.358919238516061,0.7796194516563077,0.8429826870490598
ZERO,1,1,2023_PLUS,CORE_VOL,183,10,3,0.7405617668005844,0.72937430151199,1,0.0994017202430451,0.017485210024109098,5.684902846805227,0.9134016379681185,0.9323181922485747
ZERO,1,1,2024_PLUS,CORE_VOL,133,9,2,0.7338736096571831,0.72937430151199,1,0.09325723967675317,0.016783988676218328,5.556321651294474,0.9011598928559055,0.9260993565847382
ZERO,1,1,EX_MAJOR_SHOCKS,CORE_VOL,1031,69,41,0.742820926352056,0.7478792793645974,25,0.47903538680413704,0.2670891390833917,1.7935412441258818,0.910584887705577,0.9168447675984195
ZERO,1,3,ALL,VOL,1254,125,97,0.4480862050453743,0.4789400778361685,47,2.027967908481454,1.6988406139575507,1.193736417542539,0.7548384624675498,0.7395153900202377
ZERO,1,3,DOTCOM,VOL,63,16,15,0.4408353649315819,0.4484120128181202,10,0.26030868889612824,0.20802969188002185,1.2513054580990177,0.527468919514242,0.6419204037930446
ZERO,1,3,GFC,VOL,150,29,34,0.3863746793297101,0.5036766675775128,10,0.62319635870249,0.8031874227149105,0.775904030713006,0.5606329698305367,0.5233690276759426
ZERO,1,3,2011,VOL,50,11,8,0.4420747434347351,0.5532945154926546,3,0.1935313733520589,0.11830448726550585,1.6358751711397426,0.6038809414412571,0.678791629771324
ZERO,1,3,2015_2016,VOL,100,9,3,0.5443083639215008,0.5974885321845138,3,0.07009278827188764,0.04404822976031644,1.5912736710031203,0.8311891919451339,0.8793902254605469
ZERO,1,3,2018Q4,VOL,12,3,2,0.5536488801411711,0.5559336427148422,2,0.02967631328815922,0.0325122623835524,0.912772938962628,0.5536488801411711,0.7318961358400331
ZERO,1,3,COVID,VOL,18,10,6,0.3516874835464219,0.3274433527071422,3,0.24508168483284037,0.22396354742880353,1.094292743825868,0.3516874835464219,0.46622034672969587
ZERO,1,3,2022,VOL,49,16,16,0.5143788550268138,0.48364384279006634,8,0.18686684029239714,0.13751136564705324,1.3589192385160604,0.5592389033126155,0.6859653740981192
ZERO,1,3,2023_PLUS,VOL,183,10,3,0.48112353360116883,0.45874860302397946,1,0.19880344048609022,0.034970420048218195,5.684902846805228,0.8268032759362369,0.864636384497149
ZERO,1,3,2024_PLUS,VOL,133,9,2,0.46774721931436586,0.45874860302397946,1,0.1865144793535064,0.033567977352436655,5.556321651294476,0.8023197857118112,0.8521987131694764
ZERO,1,3,EX_MAJOR_SHOCKS,VOL,1031,69,41,0.48564185270411214,0.495758558729195,25,0.9580707736082742,0.5341782781667834,1.793541244125882,0.8211697754111539,0.8336895351968389
ZERO,1,3,ALL,CORE_VOL,1254,125,97,0.724043102522687,0.7394700389180842,47,1.013983954240727,0.8494203069787754,1.193736417542539,0.877419231233775,0.869757695010119
ZERO,1,3,DOTCOM,CORE_VOL,63,16,15,0.7204176824657911,0.7242060064090601,10,0.13015434444806412,0.10401484594001094,1.2513054580990175,0.763734459757121,0.8209602018965224
ZERO,1,3,GFC,CORE_VOL,150,29,34,0.6931873396648549,0.7518383337887564,10,0.31159817935124506,0.4015937113574553,0.775904030713006,0.7803164849152685,0.7616845138379716
ZERO,1,3,2011,CORE_VOL,50,11,8,0.7210373717173677,0.7766472577463271,3,0.09676568667602947,0.05915224363275292,1.6358751711397432,0.8019404707206286,0.8393958148856621
ZERO,1,3,2015_2016,CORE_VOL,100,9,3,0.7721541819607505,0.7987442660922569,3,0.035046394135943806,0.02202411488015821,1.5912736710031203,0.915594595972567,0.9396951127302734
ZERO,1,3,2018Q4,CORE_VOL,12,3,2,0.7768244400705855,0.7779668213574212,2,0.014838156644079606,0.016256131191776192,0.9127729389626281,0.7768244400705855,0.8659480679200166
ZERO,1,3,COVID,CORE_VOL,18,10,6,0.6758437417732109,0.6637216763535712,3,0.12254084241642021,0.11198177371440175,1.0942927438258685,0.6758437417732109,0.733110173364848
ZERO,1,3,2022,CORE_VOL,49,16,16,0.7571894275134068,0.7418219213950332,8,0.09343342014619857,0.06875568282352659,1.358919238516061,0.7796194516563077,0.8429826870490598
ZERO,1,3,2023_PLUS,CORE_VOL,183,10,3,0.7405617668005844,0.7293743015119898,1,0.09940172024304508,0.0174852100241091,5.684902846805225,0.9134016379681185,0.9323181922485746
ZERO,1,3,2024_PLUS,CORE_VOL,133,9,2,0.7338736096571831,0.7293743015119898,1,0.09325723967675317,0.01678398867621833,5.556321651294473,0.9011598928559055,0.9260993565847383
ZERO,1,3,EX_MAJOR_SHOCKS,CORE_VOL,1031,69,41,0.742820926352056,0.7478792793645974,25,0.47903538680413704,0.2670891390833917,1.7935412441258818,0.910584887705577,0.9168447675984195
ZERO,2,0,ALL,VOL,1254,121,97,0.448314169895568,0.4395244282347381,48,2.002134855467626,1.6685771261979871,1.1999054907516813,0.7575337610534413,0.7482767009456883
ZERO,2,0,DOTCOM,VOL,64,17,16,0.4250906927908879,0.3946269678545986,7,0.3679466284646421,0.30273679635800527,1.2154010774082518,0.49748464417215366,0.591670679206206
ZERO,2,0,GFC,VOL,151,30,30,0.4070007784061704,0.4119368420922925,15,0.5516050114444607,0.6698347069679398,0.8234942228379667,0.5925828801658035,0.5631645347323159
ZERO,2,0,2011,VOL,49,9,10,0.4577162897107589,0.3974769583632835,3,0.19222204378234156,0.13555580318505348,1.4180288801057848,0.6199811390260345,0.6918660448667877
ZERO,2,0,2015_2016,VOL,100,6,5,0.536794121459054,0.517681872703348,2,0.044659684783925666,0.055834408112813275,0.7998595542320587,0.8578990602334541,0.9046125098034934
ZERO,2,0,2018Q4,VOL,11,1,2,0.5215993341642697,,0,0.014989638956950027,0.03656362032332467,0.40996046957056476,0.6431789829083412,0.7339232173934026
ZERO,2,0,COVID,VOL,18,9,8,0.33305871478261057,0.3219393467300552,2,0.2750718029101693,0.2344333164328079,1.1733477438093105,0.33305871478261057,0.5090136984462024
ZERO,2,0,2022,VOL,49,17,14,0.5183152480400899,0.5415385186967997,7,0.19243265576927526,0.13536717171203116,1.4215607324546933,0.572396438798577,0.6914708047718406
ZERO,2,0,2023_PLUS,VOL,182,9,1,0.46371821371111727,0.33685940664033137,4,0.10261503660618423,0.0029296090638989483,35.02687026425849,0.8496957004734333,0.8839775115788777
ZERO,2,0,2024_PLUS,VOL,132,8,1,0.4452964609691368,0.33685940664033137,4,0.0957499196187884,0.0029296090638989483,32.68351426089495,0.8389613470099422,0.8751641601980836
ZERO,2,0,EX_MAJOR_SHOCKS,VOL,1030,64,45,0.4760325967895652,0.43785453319009476,24,0.9644355467703392,0.6289419310852084,1.5334254230851696,0.8189665677405907,0.8288777300642256
ZERO,2,0,ALL,CORE_VOL,1254,121,97,0.724157084947784,0.719762214117369,48,1.0010674277338132,0.8342885630989936,1.1999054907516817,0.8787668805267206,0.8741383504728443
ZERO,2,0,DOTCOM,CORE_VOL,64,17,16,0.7125453463954439,0.6973134839272993,7,0.18397331423232105,0.15136839817900266,1.2154010774082515,0.7487423220860767,0.795835339603103
ZERO,2,0,GFC,CORE_VOL,151,30,30,0.7035003892030851,0.7059684210461462,15,0.27580250572223036,0.3349173534839699,0.8234942228379667,0.7962914400829019,0.7815822673661578
ZERO,2,0,2011,CORE_VOL,49,9,10,0.7288581448553794,0.6987384791816418,3,0.0961110218911708,0.06777790159252674,1.418028880105785,0.8099905695130172,0.8459330224333937
ZERO,2,0,2015_2016,CORE_VOL,100,6,5,0.768397060729527,0.758840936351674,2,0.022329842391962836,0.027917204056406637,0.7998595542320588,0.9289495301167271,0.9523062549017468
ZERO,2,0,2018Q4,CORE_VOL,11,1,2,0.7607996670821349,,0,0.007494819478475014,0.018281810161662342,0.40996046957056465,0.8215894914541707,0.8669616086967014
ZERO,2,0,COVID,CORE_VOL,18,9,8,0.6665293573913054,0.6609696733650275,2,0.13753590145508465,0.11721665821640398,1.1733477438093103,0.6665293573913054,0.7545068492231012
ZERO,2,0,2022,CORE_VOL,49,17,14,0.759157624020045,0.7707692593483998,7,0.09621632788463762,0.06768358585601557,1.4215607324546935,0.7861982193992886,0.8457354023859203
ZERO,2,0,2023_PLUS,CORE_VOL,182,9,1,0.7318591068555585,0.6684297033201656,4,0.05130751830309212,0.0014648045319494742,35.02687026425849,0.9248478502367167,0.9419887557894387
ZERO,2,0,2024_PLUS,CORE_VOL,132,8,1,0.7226482304845684,0.6684297033201656,4,0.0478749598093942,0.0014648045319494742,32.68351426089495,0.9194806735049712,0.9375820800990419
ZERO,2,0,EX_MAJOR_SHOCKS,CORE_VOL,1030,64,45,0.7380162983947824,0.7189272665950474,24,0.4822177733851696,0.3144709655426042,1.5334254230851696,0.9094832838702953,0.9144388650321129
ZERO,2,1,ALL,VOL,1254,121,97,0.448314169895568,0.439524428234738,48,2.0021348554676264,1.6685771261979871,1.1999054907516817,0.7575337610534413,0.7482767009456883
ZERO,2,1,DOTCOM,VOL,64,17,16,0.4250906927908879,0.3946269678545985,7,0.3679466284646421,0.3027367963580053,1.2154010774082515,0.4974846441721536,0.591670679206206
ZERO,2,1,GFC,VOL,151,30,30,0.4070007784061704,0.4119368420922925,15,0.5516050114444607,0.6698347069679398,0.8234942228379667,0.5925828801658035,0.5631645347323159
ZERO,2,1,2011,VOL,49,9,10,0.4577162897107589,0.39747695836328345,3,0.1922220437823416,0.13555580318505348,1.418028880105785,0.6199811390260345,0.6918660448667876
ZERO,2,1,2015_2016,VOL,100,6,5,0.536794121459054,0.5176818727033481,2,0.044659684783925666,0.055834408112813275,0.7998595542320587,0.8578990602334541,0.9046125098034934
ZERO,2,1,2018Q4,VOL,11,1,2,0.5215993341642697,,0,0.014989638956950027,0.03656362032332467,0.40996046957056476,0.6431789829083412,0.7339232173934027
ZERO,2,1,COVID,VOL,18,9,8,0.33305871478261057,0.32193934673005525,2,0.27507180291016925,0.2344333164328079,1.1733477438093103,0.33305871478261057,0.5090136984462024
ZERO,2,1,2022,VOL,49,17,14,0.5183152480400898,0.5415385186967997,7,0.19243265576927526,0.13536717171203116,1.4215607324546933,0.5723964387985772,0.6914708047718406
ZERO,2,1,2023_PLUS,VOL,182,9,1,0.46371821371111727,0.3368594066403314,4,0.10261503660618423,0.0029296090638989475,35.026870264258505,0.8496957004734332,0.8839775115788776
ZERO,2,1,2024_PLUS,VOL,132,8,1,0.4452964609691368,0.3368594066403314,4,0.0957499196187884,0.0029296090638989475,32.68351426089497,0.8389613470099422,0.8751641601980836
ZERO,2,1,EX_MAJOR_SHOCKS,VOL,1030,64,45,0.4760325967895652,0.43785453319009476,24,0.9644355467703393,0.6289419310852084,1.5334254230851698,0.8189665677405907,0.8288777300642256
ZERO,2,1,ALL,CORE_VOL,1254,121,97,0.724157084947784,0.719762214117369,48,1.001067427733813,0.8342885630989937,1.1999054907516813,0.8787668805267206,0.874138350472844
ZERO,2,1,DOTCOM,CORE_VOL,64,17,16,0.7125453463954439,0.6973134839272993,7,0.183973314232321,0.15136839817900266,1.215401077408251,0.7487423220860767,0.795835339603103
ZERO,2,1,GFC,CORE_VOL,151,30,30,0.7035003892030851,0.7059684210461462,15,0.2758025057222304,0.33491735348396995,0.8234942228379667,0.7962914400829019,0.7815822673661578
ZERO,2,1,2011,CORE_VOL,49,9,10,0.7288581448553795,0.6987384791816418,3,0.0961110218911708,0.06777790159252675,1.4180288801057848,0.8099905695130174,0.8459330224333939
ZERO,2,1,2015_2016,CORE_VOL,100,6,5,0.768397060729527,0.7588409363516739,2,0.02232984239196284,0.02791720405640664,0.7998595542320588,0.9289495301167271,0.9523062549017468
ZERO,2,1,2018Q4,CORE_VOL,11,1,2,0.7607996670821349,,0,0.007494819478475014,0.018281810161662342,0.40996046957056465,0.8215894914541705,0.8669616086967014
ZERO,2,1,COVID,CORE_VOL,18,9,8,0.6665293573913054,0.6609696733650278,2,0.13753590145508462,0.11721665821640397,1.17334774380931,0.6665293573913054,0.7545068492231013
ZERO,2,1,2022,CORE_VOL,49,17,14,0.759157624020045,0.7707692593483998,7,0.09621632788463762,0.06768358585601555,1.4215607324546937,0.7861982193992886,0.8457354023859203
ZERO,2,1,2023_PLUS,CORE_VOL,182,9,1,0.7318591068555585,0.6684297033201656,4,0.05130751830309213,0.0014648045319494742,35.026870264258505,0.9248478502367167,0.9419887557894387
ZERO,2,1,2024_PLUS,CORE_VOL,132,8,1,0.7226482304845683,0.6684297033201656,4,0.04787495980939421,0.0014648045319494742,32.68351426089497,0.9194806735049712,0.9375820800990418
ZERO,2,1,EX_MAJOR_SHOCKS,CORE_VOL,1030,64,45,0.7380162983947827,0.7189272665950474,24,0.4822177733851696,0.31447096554260423,1.5334254230851692,0.9094832838702953,0.9144388650321129
ZERO,2,3,ALL,VOL,1254,121,97,0.448314169895568,0.4395244282347381,48,2.002134855467626,1.6685771261979871,1.1999054907516813,0.7575337610534413,0.7482767009456883
ZERO,2,3,DOTCOM,VOL,64,17,16,0.42509069279088785,0.3946269678545986,7,0.3679466284646421,0.30273679635800527,1.2154010774082518,0.4974846441721536,0.591670679206206
ZERO,2,3,GFC,VOL,151,30,30,0.4070007784061704,0.4119368420922925,15,0.5516050114444607,0.6698347069679398,0.8234942228379667,0.5925828801658035,0.5631645347323159
ZERO,2,3,2011,VOL,49,9,10,0.4577162897107589,0.3974769583632835,3,0.19222204378234156,0.13555580318505348,1.4180288801057848,0.6199811390260345,0.6918660448667877
ZERO,2,3,2015_2016,VOL,100,6,5,0.536794121459054,0.517681872703348,2,0.04465968478392567,0.05583440811281326,0.799859554232059,0.8578990602334541,0.9046125098034936
ZERO,2,3,2018Q4,VOL,11,1,2,0.5215993341642697,,0,0.014989638956950027,0.036563620323324685,0.40996046957056465,0.6431789829083412,0.7339232173934026
ZERO,2,3,COVID,VOL,18,9,8,0.3330587147826105,0.32193934673005514,2,0.2750718029101693,0.23443331643280788,1.1733477438093107,0.3330587147826105,0.5090136984462024
ZERO,2,3,2022,VOL,49,17,14,0.5183152480400899,0.5415385186967995,7,0.19243265576927523,0.13536717171203116,1.421560732454693,0.5723964387985772,0.6914708047718406
ZERO,2,3,2023_PLUS,VOL,182,9,1,0.46371821371111727,0.33685940664033137,4,0.10261503660618423,0.0029296090638989483,35.02687026425849,0.8496957004734333,0.8839775115788776
ZERO,2,3,2024_PLUS,VOL,132,8,1,0.4452964609691367,0.33685940664033137,4,0.09574991961878841,0.0029296090638989483,32.68351426089496,0.8389613470099422,0.8751641601980836
ZERO,2,3,EX_MAJOR_SHOCKS,VOL,1030,64,45,0.4760325967895652,0.43785453319009476,24,0.9644355467703392,0.6289419310852084,1.5334254230851696,0.8189665677405906,0.8288777300642256
ZERO,2,3,ALL,CORE_VOL,1254,121,97,0.724157084947784,0.719762214117369,48,1.0010674277338132,0.8342885630989936,1.1999054907516817,0.8787668805267206,0.874138350472844
ZERO,2,3,DOTCOM,CORE_VOL,64,17,16,0.7125453463954439,0.6973134839272992,7,0.18397331423232105,0.15136839817900266,1.2154010774082515,0.7487423220860767,0.7958353396031029
ZERO,2,3,GFC,CORE_VOL,151,30,30,0.7035003892030851,0.7059684210461462,15,0.2758025057222304,0.3349173534839699,0.8234942228379668,0.7962914400829019,0.7815822673661578
ZERO,2,3,2011,CORE_VOL,49,9,10,0.7288581448553795,0.6987384791816417,3,0.0961110218911708,0.06777790159252675,1.4180288801057848,0.8099905695130172,0.8459330224333937
ZERO,2,3,2015_2016,CORE_VOL,100,6,5,0.768397060729527,0.758840936351674,2,0.022329842391962833,0.027917204056406637,0.7998595542320587,0.9289495301167271,0.9523062549017468
ZERO,2,3,2018Q4,CORE_VOL,11,1,2,0.7607996670821349,,0,0.007494819478475014,0.018281810161662332,0.40996046957056487,0.8215894914541705,0.8669616086967014
ZERO,2,3,COVID,CORE_VOL,18,9,8,0.6665293573913054,0.6609696733650275,2,0.13753590145508465,0.11721665821640391,1.173347743809311,0.6665293573913054,0.7545068492231014
ZERO,2,3,2022,CORE_VOL,49,17,14,0.759157624020045,0.7707692593483999,7,0.09621632788463759,0.06768358585601555,1.4215607324546933,0.7861982193992886,0.8457354023859203
ZERO,2,3,2023_PLUS,CORE_VOL,182,9,1,0.7318591068555587,0.6684297033201657,4,0.05130751830309212,0.0014648045319494733,35.02687026425851,0.9248478502367167,0.9419887557894387
ZERO,2,3,2024_PLUS,CORE_VOL,132,8,1,0.7226482304845684,0.6684297033201657,4,0.047874959809394206,0.0014648045319494733,32.68351426089498,0.9194806735049712,0.9375820800990419
ZERO,2,3,EX_MAJOR_SHOCKS,CORE_VOL,1030,64,45,0.7380162983947824,0.7189272665950474,24,0.4822177733851696,0.3144709655426042,1.5334254230851696,0.9094832838702953,0.9144388650321129
ZERO,3,0,ALL,VOL,1254,126,90,0.45250943268983757,0.42956939219641194,46,2.2026312537279567,1.6720502453148964,1.3173236031032884,0.7504908639441216,0.7525956919413701
ZERO,3,0,DOTCOM,VOL,64,13,17,0.391275418256098,0.43490262064395835,4,0.42284517481398515,0.3236920553994993,1.3063192863726962,0.4853728944273808,0.5833714653113111
ZERO,3,0,GFC,VOL,150,31,30,0.40312948002452254,0.3395351923126061,12,0.6271813503337684,0.713685542770874,0.878792287004646,0.5697959625118175,0.5599117406324076
ZERO,3,0,2011,VOL,49,12,7,0.46111999096073547,0.3984389313793139,4,0.17863901118826925,0.11630643302250586,1.5359340540836786,0.6286959987965702,0.6921039998965144
ZERO,3,0,2015_2016,VOL,100,4,8,0.5161234522448352,0.5851345906633144,1,0.053779013982164295,0.05726496079219657,0.9391260072161387,0.8572435827196287,0.8879147555764451
ZERO,3,0,2018Q4,VOL,11,2,3,0.6106676738524764,0.5619899416110364,1,0.01899285147273956,0.060154767898379057,0.3157331020680631,0.6576693007628491,0.7196077602135014
ZERO,3,0,COVID,VOL,18,10,6,0.3557103182223015,0.18563930713553192,2,0.21100680964617985,0.15795818926912952,1.3358396334023934,0.3557103182223015,0.5734248746865079
ZERO,3,0,2022,VOL,49,17,12,0.5247700110718738,0.5183740476603547,9,0.20830221572318094,0.16999183375682544,1.2253660138825184,0.559990757969932,0.6832604338762859
ZERO,3,0,2023_PLUS,VOL,182,10,0,0.4474465718434851,0.5556286877801577,3,0.16236723988046925,0.0,,0.835408344789322,0.8979299592882488
ZERO,3,0,2024_PLUS,VOL,132,9,0,0.4339496785335059,0.4248279703184337,2,0.1543657755735405,0.0,,0.8143223612892037,0.8813234546536111
ZERO,3,0,EX_MAJOR_SHOCKS,VOL,1031,67,42,0.474429635106711,0.491558985171398,23,1.1413289012751981,0.6304146795180672,1.810441505181493,0.8096859684677347,0.8272457881237024
ZERO,3,0,ALL,CORE_VOL,1254,126,90,0.7262547163449187,0.7147846960982059,46,1.1013156268639783,0.8360251226574482,1.3173236031032884,0.8752454319720607,0.8762978459706848
ZERO,3,0,DOTCOM,CORE_VOL,64,13,17,0.695637709128049,0.7174513103219792,4,0.21142258740699257,0.16184602769974962,1.3063192863726965,0.7426864472136904,0.7916857326556554
ZERO,3,0,GFC,CORE_VOL,150,31,30,0.7015647400122613,0.6697675961563031,12,0.3135906751668842,0.356842771385437,0.878792287004646,0.7848979812559087,0.7799558703162038
ZERO,3,0,2011,CORE_VOL,49,12,7,0.7305599954803678,0.6992194656896569,4,0.08931950559413462,0.05815321651125293,1.5359340540836786,0.8143479993982851,0.8460519999482574
ZERO,3,0,2015_2016,CORE_VOL,100,4,8,0.7580617261224175,0.7925672953316572,1,0.026889506991082147,0.028632480396098284,0.9391260072161387,0.9286217913598144,0.9439573777882224
ZERO,3,0,2018Q4,CORE_VOL,11,2,3,0.8053338369262383,0.7809949708055182,1,0.00949642573636978,0.030077383949189535,0.31573310206806304,0.8288346503814246,0.8598038801067508
ZERO,3,0,COVID,CORE_VOL,18,10,6,0.6778551591111508,0.5928196535677659,2,0.10550340482308991,0.07897909463456476,1.3358396334023932,0.6778551591111508,0.7867124373432538
ZERO,3,0,2022,CORE_VOL,49,17,12,0.762385005535937,0.7591870238301772,9,0.10415110786159047,0.08499591687841272,1.2253660138825184,0.7799953789849658,0.841630216938143
ZERO,3,0,2023_PLUS,CORE_VOL,182,10,0,0.7237232859217424,0.777814343890079,3,0.08118361994023465,0.0,,0.917704172394661,0.9489649796441244
ZERO,3,0,2024_PLUS,CORE_VOL,132,9,0,0.7169748392667528,0.7124139851592168,2,0.07718288778677027,0.0,,0.9071611806446017,0.9406617273268055
ZERO,3,0,EX_MAJOR_SHOCKS,CORE_VOL,1031,67,42,0.7372148175533554,0.7457794925856991,23,0.5706644506375992,0.3152073397590336,1.8104415051814935,0.9048429842338672,0.9136228940618513
ZERO,3,1,ALL,VOL,1254,126,90,0.45250943268983757,0.42956939219641194,46,2.2026312537279567,1.6720502453148962,1.3173236031032887,0.7504908639441216,0.7525956919413701
ZERO,3,1,DOTCOM,VOL,64,13,17,0.391275418256098,0.43490262064395835,4,0.42284517481398515,0.3236920553994993,1.3063192863726962,0.4853728944273808,0.583371465311311
ZERO,3,1,GFC,VOL,150,31,30,0.40312948002452254,0.33953519231260615,12,0.6271813503337684,0.713685542770874,0.878792287004646,0.5697959625118176,0.5599117406324077
ZERO,3,1,2011,VOL,49,12,7,0.46111999096073547,0.3984389313793139,4,0.17863901118826925,0.11630643302250587,1.5359340540836783,0.6286959987965702,0.6921039998965144
ZERO,3,1,2015_2016,VOL,100,4,8,0.5161234522448352,0.5851345906633144,1,0.05377901398216429,0.057264960792196576,0.9391260072161385,0.8572435827196287,0.8879147555764451
ZERO,3,1,2018Q4,VOL,11,2,3,0.6106676738524764,0.5619899416110364,1,0.018992851472739564,0.06015476789837905,0.3157331020680632,0.6576693007628491,0.7196077602135014
ZERO,3,1,COVID,VOL,18,10,6,0.3557103182223015,0.1856393071355319,2,0.21100680964617982,0.15795818926912952,1.3358396334023932,0.3557103182223015,0.5734248746865079
ZERO,3,1,2022,VOL,49,17,12,0.5247700110718738,0.5183740476603546,9,0.20830221572318092,0.16999183375682542,1.2253660138825186,0.559990757969932,0.6832604338762859
ZERO,3,1,2023_PLUS,VOL,182,10,0,0.4474465718434851,0.5556286877801577,3,0.16236723988046925,0.0,,0.835408344789322,0.8979299592882487
ZERO,3,1,2024_PLUS,VOL,132,9,0,0.4339496785335059,0.4248279703184337,2,0.1543657755735405,0.0,,0.8143223612892037,0.8813234546536111
ZERO,3,1,EX_MAJOR_SHOCKS,VOL,1031,67,42,0.474429635106711,0.49155898517139796,23,1.1413289012751981,0.6304146795180672,1.810441505181493,0.8096859684677347,0.8272457881237024
ZERO,3,1,ALL,CORE_VOL,1254,126,90,0.7262547163449186,0.7147846960982059,46,1.101315626863978,0.8360251226574482,1.3173236031032882,0.8752454319720607,0.8762978459706852
ZERO,3,1,DOTCOM,CORE_VOL,64,13,17,0.6956377091280489,0.7174513103219792,4,0.2114225874069926,0.16184602769974965,1.3063192863726962,0.7426864472136904,0.7916857326556554
ZERO,3,1,GFC,CORE_VOL,150,31,30,0.7015647400122613,0.6697675961563032,12,0.31359067516688416,0.356842771385437,0.8787922870046457,0.7848979812559088,0.7799558703162037
ZERO,3,1,2011,CORE_VOL,49,12,7,0.7305599954803678,0.6992194656896571,4,0.08931950559413462,0.05815321651125294,1.5359340540836781,0.8143479993982852,0.8460519999482574
ZERO,3,1,2015_2016,CORE_VOL,100,4,8,0.7580617261224175,0.7925672953316572,1,0.02688950699108216,0.028632480396098288,0.939126007216139,0.9286217913598144,0.9439573777882226
ZERO,3,1,2018Q4,CORE_VOL,11,2,3,0.8053338369262383,0.7809949708055182,1,0.00949642573636978,0.030077383949189542,0.315733102068063,0.8288346503814246,0.8598038801067506
ZERO,3,1,COVID,CORE_VOL,18,10,6,0.6778551591111508,0.5928196535677659,2,0.10550340482308991,0.07897909463456476,1.3358396334023932,0.6778551591111508,0.7867124373432539
ZERO,3,1,2022,CORE_VOL,49,17,12,0.762385005535937,0.7591870238301773,9,0.10415110786159046,0.08499591687841274,1.2253660138825182,0.7799953789849658,0.8416302169381428
ZERO,3,1,2023_PLUS,CORE_VOL,182,10,0,0.7237232859217424,0.777814343890079,3,0.08118361994023464,0.0,,0.917704172394661,0.9489649796441245
ZERO,3,1,2024_PLUS,CORE_VOL,132,9,0,0.7169748392667528,0.7124139851592168,2,0.07718288778677027,0.0,,0.9071611806446017,0.9406617273268055
ZERO,3,1,EX_MAJOR_SHOCKS,CORE_VOL,1031,67,42,0.7372148175533554,0.7457794925856991,23,0.5706644506375992,0.3152073397590336,1.8104415051814935,0.9048429842338672,0.9136228940618513
ZERO,3,3,ALL,VOL,1254,126,90,0.45250943268983745,0.42956939219641194,46,2.2026312537279567,1.6720502453148964,1.3173236031032884,0.7504908639441216,0.7525956919413701
ZERO,3,3,DOTCOM,VOL,64,13,17,0.391275418256098,0.43490262064395835,4,0.42284517481398515,0.3236920553994993,1.3063192863726962,0.4853728944273808,0.5833714653113111
ZERO,3,3,GFC,VOL,150,31,30,0.40312948002452254,0.3395351923126061,12,0.6271813503337687,0.713685542770874,0.8787922870046462,0.5697959625118175,0.5599117406324077
ZERO,3,3,2011,VOL,49,12,7,0.46111999096073547,0.39843893137931385,4,0.17863901118826925,0.11630643302250586,1.5359340540836786,0.6286959987965702,0.6921039998965144
ZERO,3,3,2015_2016,VOL,100,4,8,0.5161234522448351,0.5851345906633142,1,0.053779013982164295,0.05726496079219658,0.9391260072161385,0.8572435827196287,0.8879147555764451
ZERO,3,3,2018Q4,VOL,11,2,3,0.6106676738524764,0.5619899416110364,1,0.01899285147273956,0.06015476789837907,0.31573310206806304,0.6576693007628491,0.7196077602135014
ZERO,3,3,COVID,VOL,18,10,6,0.3557103182223014,0.1856393071355319,2,0.21100680964617985,0.15795818926912952,1.3358396334023934,0.3557103182223014,0.5734248746865079
ZERO,3,3,2022,VOL,49,17,12,0.5247700110718738,0.5183740476603547,9,0.20830221572318094,0.16999183375682544,1.2253660138825184,0.559990757969932,0.6832604338762859
ZERO,3,3,2023_PLUS,VOL,182,10,0,0.447446571843485,0.5556286877801578,3,0.16236723988046925,0.0,,0.8354083447893221,0.8979299592882488
ZERO,3,3,2024_PLUS,VOL,132,9,0,0.4339496785335059,0.4248279703184336,2,0.15436577557354053,0.0,,0.8143223612892037,0.8813234546536111
ZERO,3,3,EX_MAJOR_SHOCKS,VOL,1031,67,42,0.4744296351067109,0.49155898517139796,23,1.1413289012751984,0.6304146795180672,1.8104415051814935,0.8096859684677347,0.8272457881237024
ZERO,3,3,ALL,CORE_VOL,1254,126,90,0.7262547163449186,0.7147846960982059,46,1.1013156268639783,0.8360251226574482,1.3173236031032884,0.8752454319720607,0.876297845970685
ZERO,3,3,DOTCOM,CORE_VOL,64,13,17,0.6956377091280489,0.717451310321979,4,0.2114225874069926,0.1618460276997497,1.3063192863726958,0.7426864472136904,0.7916857326556554
ZERO,3,3,GFC,CORE_VOL,150,31,30,0.7015647400122613,0.669767596156303,12,0.31359067516688427,0.356842771385437,0.8787922870046461,0.7848979812559087,0.7799558703162038
ZERO,3,3,2011,CORE_VOL,49,12,7,0.7305599954803678,0.6992194656896571,4,0.08931950559413462,0.05815321651125291,1.535934054083679,0.8143479993982851,0.8460519999482574
ZERO,3,3,2015_2016,CORE_VOL,100,4,8,0.7580617261224175,0.7925672953316572,1,0.02688950699108214,0.02863248039609828,0.9391260072161386,0.9286217913598144,0.9439573777882224
ZERO,3,3,2018Q4,CORE_VOL,11,2,3,0.8053338369262383,0.7809949708055183,1,0.009496425736369779,0.03007738394918954,0.31573310206806293,0.8288346503814246,0.8598038801067506
ZERO,3,3,COVID,CORE_VOL,18,10,6,0.6778551591111507,0.5928196535677659,2,0.10550340482308994,0.07897909463456478,1.3358396334023934,0.6778551591111507,0.7867124373432538
ZERO,3,3,2022,CORE_VOL,49,17,12,0.762385005535937,0.7591870238301772,9,0.10415110786159046,0.08499591687841272,1.2253660138825184,0.779995378984966,0.841630216938143
ZERO,3,3,2023_PLUS,CORE_VOL,182,10,0,0.7237232859217425,0.7778143438900789,3,0.08118361994023462,0.0,,0.917704172394661,0.9489649796441245
ZERO,3,3,2024_PLUS,CORE_VOL,132,9,0,0.716974839266753,0.7124139851592168,2,0.07718288778677025,0.0,,0.9071611806446017,0.9406617273268055
ZERO,3,3,EX_MAJOR_SHOCKS,CORE_VOL,1031,67,42,0.7372148175533554,0.745779492585699,23,0.5706644506375992,0.3152073397590336,1.8104415051814935,0.9048429842338672,0.9136228940618513
ZERO,4,0,ALL,VOL,1254,123,89,0.4321519944647133,0.46224459811233565,43,2.1434898407939875,1.684400424887976,1.272553609654037,0.7490882821593153,0.7408132601671201
ZERO,4,0,DOTCOM,VOL,64,13,15,0.37667939914875126,0.3653468570181604,2,0.2558228084695278,0.1755030600261837,1.4576544046090194,0.5009811327883161,0.6195736982587174
ZERO,4,0,GFC,VOL,150,33,29,0.37787581061755504,0.37244413532419973,14,0.6972082470587508,0.7971306704218156,0.8746473732967908,0.5525671044044008,0.5317959941170675
ZERO,4,0,2011,VOL,49,10,9,0.4355766771462105,0.463773388226605,3,0.1629155497989911,0.13136324727744578,1.2401912496491905,0.6269733880313739,0.6853116006038974
ZERO,4,0,2015_2016,VOL,100,8,4,0.5096374763590992,0.5420019129716648,4,0.09168522053023401,0.028506660053818134,3.216273683312607,0.8220746023238684,0.9012171877088238
ZERO,4,0,2018Q4,VOL,12,2,2,0.5361028142327353,0.5117423641662645,1,0.014369987508338317,0.03927221655176817,0.36590721813208504,0.6204619357353882,0.7317393617611017
ZERO,4,0,COVID,VOL,17,8,7,0.28084660088939956,0.5541460136101344,1,0.2520161089441409,0.2058710505414852,1.2241454458083556,0.31621582188415015,0.4699213641101342
ZERO,4,0,2022,VOL,50,15,13,0.4976406320938159,0.4789277480148745,5,0.2102031019891804,0.17262620623500102,1.217677817138754,0.564379219735908,0.6732583962659993
ZERO,4,0,2023_PLUS,VOL,182,9,2,0.4940118266397229,0.45683783405318523,4,0.11053166895838434,0.015369109304952791,7.191807069962397,0.8632601542246097,0.8986530447644727
ZERO,4,0,2024_PLUS,VOL,132,7,2,0.45621764776352824,0.39923200528669606,3,0.08725252441104252,0.015369109304952791,5.677136044762519,0.851715950492367,0.8835987470085578
ZERO,4,0,EX_MAJOR_SHOCKS,VOL,1031,67,39,0.47800743949923175,0.5142381690302988,23,0.9840623828019153,0.508433815941835,1.9354778379148807,0.8212734404708247,0.8332923079946922
ZERO,4,0,ALL,CORE_VOL,1254,123,89,0.7160759972323566,0.7311222990561679,43,1.0717449203969938,0.8422002124439879,1.272553609654037,0.8745441410796576,0.8704066300835601
ZERO,4,0,DOTCOM,CORE_VOL,64,13,15,0.6883396995743757,0.6826734285090803,2,0.1279114042347639,0.08775153001309186,1.4576544046090194,0.7504905663941582,0.8097868491293587
ZERO,4,0,GFC,CORE_VOL,150,33,29,0.6889379053087776,0.6862220676620999,14,0.3486041235293754,0.3985653352109078,0.8746473732967908,0.7762835522022004,0.7658979970585339
ZERO,4,0,2011,CORE_VOL,49,10,9,0.7177883385731052,0.7318866941133023,3,0.08145777489949554,0.06568162363872289,1.2401912496491905,0.813486694015687,0.842655800301949
ZERO,4,0,2015_2016,CORE_VOL,100,8,4,0.7548187381795497,0.7710009564858324,4,0.045842610265117004,0.014253330026909069,3.2162736833126067,0.9110373011619343,0.950608593854412
ZERO,4,0,2018Q4,CORE_VOL,12,2,2,0.7680514071163677,0.7558711820831323,1,0.0071849937541691574,0.019636108275884086,0.365907218132085,0.8102309678676941,0.8658696808805508
ZERO,4,0,COVID,CORE_VOL,17,8,7,0.6404233004446998,0.7770730068050672,1,0.12600805447207045,0.10293552527074258,1.2241454458083558,0.658107910942075,0.7349606820550671
ZERO,4,0,2022,CORE_VOL,50,15,13,0.7488203160469079,0.7394638740074373,5,0.10510155099459022,0.08631310311750051,1.2176778171387541,0.7821896098679539,0.8366291981329995
ZERO,4,0,2023_PLUS,CORE_VOL,182,9,2,0.7470059133198615,0.7284189170265926,4,0.05526583447919217,0.007684554652476394,7.191807069962398,0.9316300771123046,0.9493265223822362
ZERO,4,0,2024_PLUS,CORE_VOL,132,7,2,0.7281088238817641,0.6996160026433479,3,0.04362626220552126,0.007684554652476394,5.677136044762521,0.9258579752461833,0.9417993735042789
ZERO,4,0,EX_MAJOR_SHOCKS,CORE_VOL,1031,67,39,0.7390037197496158,0.7571190845151494,23,0.4920311914009577,0.2542169079709175,1.935477837914881,0.9106367202354125,0.916646153997346
ZERO,4,1,ALL,VOL,1254,123,89,0.4321519944647133,0.46224459811233565,43,2.1434898407939875,1.684400424887976,1.272553609654037,0.7490882821593153,0.7408132601671201
ZERO,4,1,DOTCOM,VOL,64,13,15,0.37667939914875126,0.36534685701816033,2,0.2558228084695278,0.1755030600261837,1.4576544046090194,0.5009811327883161,0.6195736982587173
ZERO,4,1,GFC,VOL,150,33,29,0.37787581061755504,0.37244413532419973,14,0.6972082470587508,0.7971306704218156,0.8746473732967908,0.5525671044044008,0.5317959941170676
ZERO,4,1,2011,VOL,49,10,9,0.4355766771462105,0.4637733882266049,3,0.1629155497989911,0.1313632472774458,1.2401912496491903,0.6269733880313739,0.6853116006038974
ZERO,4,1,2015_2016,VOL,100,8,4,0.5096374763590992,0.5420019129716648,4,0.09168522053023401,0.028506660053818134,3.216273683312607,0.8220746023238684,0.9012171877088238
ZERO,4,1,2018Q4,VOL,12,2,2,0.5361028142327353,0.5117423641662645,1,0.014369987508338317,0.03927221655176817,0.36590721813208504,0.6204619357353883,0.7317393617611017
ZERO,4,1,COVID,VOL,17,8,7,0.28084660088939956,0.5541460136101344,1,0.2520161089441409,0.2058710505414852,1.2241454458083556,0.31621582188415015,0.46992136411013424
ZERO,4,1,2022,VOL,50,15,13,0.4976406320938159,0.4789277480148745,5,0.21020310198918044,0.17262620623500102,1.2176778171387541,0.5643792197359079,0.6732583962659993
ZERO,4,1,2023_PLUS,VOL,182,9,2,0.4940118266397229,0.45683783405318523,4,0.11053166895838436,0.01536910930495279,7.191807069962398,0.8632601542246096,0.8986530447644727
ZERO,4,1,2024_PLUS,VOL,132,7,2,0.45621764776352824,0.3992320052866961,3,0.08725252441104252,0.01536910930495279,5.67713604476252,0.851715950492367,0.8835987470085578
ZERO,4,1,EX_MAJOR_SHOCKS,VOL,1031,67,39,0.47800743949923175,0.5142381690302987,23,0.9840623828019153,0.508433815941835,1.9354778379148807,0.8212734404708247,0.8332923079946922
ZERO,4,1,ALL,CORE_VOL,1254,123,89,0.7160759972323567,0.7311222990561678,43,1.0717449203969938,0.8422002124439879,1.272553609654037,0.8745441410796576,0.8704066300835601
ZERO,4,1,DOTCOM,CORE_VOL,64,13,15,0.6883396995743757,0.6826734285090804,2,0.1279114042347639,0.08775153001309188,1.457654404609019,0.7504905663941582,0.8097868491293588
ZERO,4,1,GFC,CORE_VOL,150,33,29,0.6889379053087776,0.6862220676620999,14,0.3486041235293754,0.3985653352109078,0.8746473732967908,0.7762835522022004,0.7658979970585339
ZERO,4,1,2011,CORE_VOL,49,10,9,0.7177883385731052,0.7318866941133024,3,0.08145777489949554,0.06568162363872289,1.2401912496491905,0.813486694015687,0.8426558003019488
ZERO,4,1,2015_2016,CORE_VOL,100,8,4,0.7548187381795497,0.7710009564858326,4,0.045842610265117,0.014253330026909067,3.2162736833126067,0.9110373011619343,0.950608593854412
ZERO,4,1,2018Q4,CORE_VOL,12,2,2,0.7680514071163678,0.7558711820831323,1,0.007184993754169153,0.019636108275884093,0.36590721813208466,0.8102309678676944,0.8658696808805507
ZERO,4,1,COVID,CORE_VOL,17,8,7,0.6404233004446998,0.7770730068050672,1,0.12600805447207045,0.10293552527074258,1.2241454458083558,0.658107910942075,0.7349606820550671
ZERO,4,1,2022,CORE_VOL,50,15,13,0.748820316046908,0.7394638740074373,5,0.10510155099459019,0.08631310311750053,1.2176778171387537,0.782189609867954,0.8366291981329995
ZERO,4,1,2023_PLUS,CORE_VOL,182,9,2,0.7470059133198615,0.7284189170265924,4,0.05526583447919217,0.007684554652476395,7.1918070699623975,0.9316300771123046,0.9493265223822362
ZERO,4,1,2024_PLUS,CORE_VOL,132,7,2,0.7281088238817641,0.6996160026433479,3,0.04362626220552125,0.007684554652476395,5.677136044762519,0.9258579752461833,0.9417993735042789
ZERO,4,1,EX_MAJOR_SHOCKS,CORE_VOL,1031,67,39,0.7390037197496158,0.7571190845151494,23,0.4920311914009576,0.25421690797091756,1.93547783791488,0.9106367202354125,0.916646153997346
ZERO,4,3,ALL,VOL,1254,123,89,0.4321519944647133,0.46224459811233565,43,2.143489840793988,1.6844004248879758,1.2725536096540375,0.7490882821593153,0.7408132601671201
ZERO,4,3,DOTCOM,VOL,64,13,15,0.37667939914875115,0.36534685701816033,2,0.2558228084695278,0.1755030600261837,1.4576544046090194,0.5009811327883161,0.6195736982587172
ZERO,4,3,GFC,VOL,150,33,29,0.37787581061755504,0.37244413532419973,14,0.6972082470587508,0.7971306704218155,0.8746473732967909,0.5525671044044008,0.5317959941170676
ZERO,4,3,2011,VOL,49,10,9,0.4355766771462105,0.4637733882266049,3,0.1629155497989911,0.1313632472774458,1.2401912496491903,0.6269733880313739,0.6853116006038974
ZERO,4,3,2015_2016,VOL,100,8,4,0.5096374763590992,0.542001912971665,4,0.09168522053023401,0.02850666005381814,3.216273683312606,0.8220746023238684,0.9012171877088238
ZERO,4,3,2018Q4,VOL,12,2,2,0.5361028142327353,0.5117423641662645,1,0.014369987508338317,0.039272216551768165,0.3659072181320851,0.6204619357353882,0.7317393617611017
ZERO,4,3,COVID,VOL,17,8,7,0.28084660088939956,0.5541460136101344,1,0.2520161089441409,0.2058710505414852,1.2241454458083556,0.31621582188415015,0.46992136411013424
ZERO,4,3,2022,VOL,50,15,13,0.49764063209381587,0.4789277480148744,5,0.21020310198918046,0.17262620623500105,1.2176778171387541,0.5643792197359079,0.6732583962659993
ZERO,4,3,2023_PLUS,VOL,182,9,2,0.4940118266397229,0.45683783405318523,4,0.11053166895838436,0.015369109304952791,7.1918070699623975,0.8632601542246094,0.8986530447644727
ZERO,4,3,2024_PLUS,VOL,132,7,2,0.45621764776352836,0.39923200528669606,3,0.08725252441104252,0.015369109304952791,5.677136044762519,0.8517159504923668,0.8835987470085578
ZERO,4,3,EX_MAJOR_SHOCKS,VOL,1031,67,39,0.47800743949923175,0.5142381690302988,23,0.9840623828019153,0.508433815941835,1.9354778379148807,0.8212734404708247,0.8332923079946922
ZERO,4,3,ALL,CORE_VOL,1254,123,89,0.7160759972323566,0.7311222990561679,43,1.0717449203969938,0.8422002124439879,1.272553609654037,0.8745441410796576,0.8704066300835601
ZERO,4,3,DOTCOM,CORE_VOL,64,13,15,0.6883396995743757,0.6826734285090802,2,0.12791140423476388,0.08775153001309186,1.4576544046090192,0.7504905663941582,0.8097868491293587
ZERO,4,3,GFC,CORE_VOL,150,33,29,0.6889379053087776,0.6862220676620999,14,0.34860412352937536,0.3985653352109078,0.8746473732967907,0.7762835522022004,0.7658979970585338
ZERO,4,3,2011,CORE_VOL,49,10,9,0.7177883385731052,0.7318866941133023,3,0.08145777489949554,0.06568162363872289,1.2401912496491905,0.813486694015687,0.8426558003019489
ZERO,4,3,2015_2016,CORE_VOL,100,8,4,0.7548187381795497,0.7710009564858324,4,0.045842610265117004,0.014253330026909065,3.2162736833126075,0.9110373011619343,0.950608593854412
ZERO,4,3,2018Q4,CORE_VOL,12,2,2,0.7680514071163677,0.7558711820831324,1,0.007184993754169156,0.019636108275884075,0.3659072181320851,0.8102309678676943,0.8658696808805509
ZERO,4,3,COVID,CORE_VOL,17,8,7,0.6404233004446999,0.7770730068050672,1,0.12600805447207042,0.10293552527074257,1.2241454458083556,0.6581079109420752,0.7349606820550671
ZERO,4,3,2022,CORE_VOL,50,15,13,0.748820316046908,0.7394638740074373,5,0.1051015509945902,0.08631310311750054,1.2176778171387537,0.782189609867954,0.8366291981329995
ZERO,4,3,2023_PLUS,CORE_VOL,182,9,2,0.7470059133198615,0.7284189170265927,4,0.05526583447919219,0.007684554652476394,7.191807069962401,0.9316300771123046,0.9493265223822362
ZERO,4,3,2024_PLUS,CORE_VOL,132,7,2,0.7281088238817641,0.6996160026433481,3,0.04362626220552126,0.007684554652476394,5.677136044762521,0.9258579752461833,0.9417993735042789
ZERO,4,3,EX_MAJOR_SHOCKS,CORE_VOL,1031,67,39,0.7390037197496158,0.7571190845151493,23,0.49203119140095763,0.2542169079709175,1.9354778379148807,0.9106367202354125,0.916646153997346
