cash_mode,offset,cost_bps,period,rule,identity_error,CAGR_link_error,CAGR_gap,matched_target,dynamic_average,static_average,matched_CAGR_gap,Return_Retention,annual_cost,annual_exposure_opportunity,CAGR_exposure_opportunity,annual_dynamic_timing,CAGR_dynamic_timing,annual_cash,CAGR_cash,CAGR_cost,annual_interaction,CAGR_interaction,annual_vol_total_reduction,annual_vol_lower_exposure_effect,annual_vol_dynamic_effect,annual_vol_dynamic_fraction,annual_vol_BH_reduction,ES95_5D_total_reduction,ES95_5D_lower_exposure_effect,ES95_5D_dynamic_effect,ES95_5D_dynamic_fraction,ES95_5D_BH_reduction,MaxDD_total_reduction,MaxDD_lower_exposure_effect,MaxDD_dynamic_effect,MaxDD_dynamic_fraction,MaxDD_BH_reduction
PROXY,0,0,ALL,VOL,4.989498397778291e-16,5.377642775528102e-16,-0.013512347548525816,0.8461631214377121,0.8462354939197128,0.8462354939266753,-0.0016576267890074797,0.870839476709101,0.0,-0.017964724057559577,-0.015062303819097587,-0.006182896193400146,-0.000706463026777868,0.0020591252689334495,0.002256419297350178,0.0,0.0,0.0,0.06346328354536923,0.028714487806133476,0.034748795739235755,0.22230633303852798,0.3429986002497434,0.020149950290434253,0.00847985610585536,0.011670094184578893,0.25166581751265527,0.3673562794100719,0.2361271125551071,0.06499154102885529,0.1711355715262518,0.3498004898183592,0.42604596444999465
PROXY,0,0,DOTCOM,VOL,4.2869353900076845e-16,5.204170427930421e-17,-0.008301448362110636,0.6277348462972441,0.6273176278419275,0.6273176278468114,-0.049973860436317234,,0.0,0.02193368907116852,0.0369855800188285,-0.060506906301983764,-0.05108343575465544,0.006378458623315446,0.005796407373716356,0.0,0.0,0.0,0.11658167992397003,0.09668018738041351,0.019901492543556526,0.12377975422293386,0.45281178905988817,0.026529816056572165,0.021394372724555258,0.005135443332016907,0.14363080685552976,0.46422315711082807,0.10480620519910033,0.11249932372809124,-0.007693118528990905,-0.035054318094517756,0.31571736700848463
PROXY,0,0,GFC,VOL,4.440892098500626e-16,7.632783294297951e-17,0.04302481168380526,0.6726608712415327,0.6725347197582598,0.6725347197629117,0.012603180760142139,,0.0,0.004303643740725436,0.023224402925650808,0.0031848950622929612,0.016432422897394626,0.00347644502581823,0.0033679858607597543,0.0,0.0,0.0,0.1561769709226276,0.09649980816323722,0.05967716275939039,0.30526114473889865,0.5348613384427456,0.050472626601898454,0.028431765501401217,0.022040861100497237,0.377744048735292,0.5816129983092893,0.23612711255510543,0.14752393462874702,0.08860317792635841,0.2178559911314355,0.426045964449992
PROXY,0,0,2011,VOL,3.79362340152678e-16,3.469446951953614e-16,-0.022795107764330302,0.7356049584559514,0.7359363536575545,0.7359363536636947,-0.02395409664786058,-0.4609706588399076,0.0,-0.010279187550768062,-0.0005762375653629406,-0.027434327849512365,-0.022280181948722454,6.052754332275085e-05,6.13117497547455e-05,0.0,0.0,0.0,0.08717978587447059,0.057694796994549824,0.029484988879920765,0.18491630757156896,0.4014814330855564,0.034589258981636166,0.02278206190236856,0.011807197079267605,0.18629754084356143,0.4014527179026335,0.055594981625575746,0.05150652293815039,0.004088458687425356,0.0272577106668207,0.275906626325796
PROXY,0,0,2015_2016,VOL,4.4373684414400483e-16,2.480654570646834e-15,-0.027847140744242535,0.9050308887308347,0.9050044204785912,0.9050044204822026,-0.022416759314768095,0.5762330379849835,0.0,-0.007017818221483322,-0.005493514186768118,-0.022302551210250952,-0.02251759377073324,0.00015591743728562033,0.0001639672132613003,0.0,0.0,0.0,0.020426567865653167,0.013737206739330016,0.006689361126323151,0.05160905382272707,0.14249114332116708,0.005643992016294744,0.003923522913263824,0.0017204691030309194,0.04606678969616951,0.13675509520714446,0.014796900264767654,0.012553022016196791,0.002243878248570863,0.01857487964234361,0.11095889826867267
PROXY,0,0,2018Q4,VOL,3.0184188481996443e-16,3.1780134079895106e-15,0.052466489872645516,0.7238929974773782,0.7235959785623117,0.7235959785564786,-0.0537990930504178,,0.0,0.16244136634357298,0.09895741221667854,-0.0903062704781876,-0.050371188942606636,0.006874459988022081,0.0038802665985767874,0.0,0.0,0.0,0.07025580657918945,0.06552271613327432,0.0047330904459151335,0.02760917459106016,0.29649490657785216,0.024964854463994213,0.01738688545364897,0.007577969010345242,0.16794224310709793,0.39937788264209095,0.04249427547049767,0.05068770029210201,-0.008193424821604345,-0.05914494595451747,0.22457724031064608
PROXY,0,0,COVID,VOL,3.8033812210791496e-16,2.192690473634684e-15,0.09440142817690272,0.42528260079416214,0.4237049918689202,0.42370499187009825,-0.04943853940229491,,0.0,0.09763146888709885,0.13868201976765576,-0.06207972335205364,-0.04579247157587082,0.0018189320818973937,0.0015118799851155927,0.0,0.0,0.0,0.25864680203646284,0.24788487678870333,0.010761925247759513,0.060361677035804084,0.6069019910729735,0.10657795315950513,0.08002483083630252,0.026553122323202616,0.4493041931087045,0.7660691527006944,0.19219430269017013,0.17331507508270716,0.018879227607462967,0.1282779390904697,0.5996899206638457
PROXY,0,0,2022,VOL,4.917941054394248e-16,4.163336342344337e-17,0.04253444827833702,0.6314042069207062,0.6311953878531206,0.6311953878481938,-0.035559751764668385,,0.0,0.06661251167456742,0.07012513934949521,-0.04068414152894128,-0.03389496207868027,0.007556182917380541,0.006304271007522038,0.0,0.0,0.0,0.08893090456594685,0.0891816690106749,-0.0002507644447280466,-0.0016464797644826223,0.36826669957016733,0.03472426180706085,0.028672868491203866,0.006051393315856982,0.12382003370195627,0.44779291292667933,0.07301209992505964,0.09590894655508331,-0.02289684663002367,-0.13714859851128347,0.27776237975475393
PROXY,0,0,2023_PLUS,VOL,4.440892098500626e-16,1.6653345369377348e-16,-0.044795477948707696,0.9052712504417286,0.9053685440996764,0.9053685440962636,-0.027766992975005622,0.8001789259545279,0.0,-0.020344923819530545,-0.02198887497919952,-0.02585806697971216,-0.027953555898552963,0.004308149381916419,0.005146952929044619,0.0,0.0,0.0,0.03246857939407724,0.0146652002150027,0.01780337917907454,0.12821852806556855,0.21149820437544642,0.0034610011056291565,0.0036101841221856112,-0.00014918301655645477,-0.004445511792130485,0.09311700443192583,0.05344769187181653,0.017839512205859664,0.03560817966595686,0.1980181073252837,0.2703989383335792
PROXY,0,0,2024_PLUS,VOL,4.440892098500626e-16,1.1796119636642288e-16,-0.04886339612053467,0.8987465834870818,0.8988556842799535,0.8988556842871134,-0.031418092756893834,0.7730791868546539,0.0,-0.0211096600220374,-0.022377980487499873,-0.030083469583996998,-0.031837772251584934,0.004519638930749948,0.005352356618550254,0.0,0.0,0.0,0.03893734760725502,0.016378990822645406,0.022558356784609615,0.15698201635824427,0.24323794038537105,0.0041475757809890865,0.004053792279262551,9.378350172653538e-05,0.002672840826543066,0.10596399968533965,0.05344769187181664,0.019078724968123573,0.034368966903693066,0.1924530609816597,0.27039893833357964
PROXY,0,0,EX_MAJOR_SHOCKS,VOL,4.989498397778291e-16,6.938893903907228e-16,-0.028823451619412868,0.889471257578407,0.8895639084504521,0.8895639084440919,-0.014095159920189601,0.8113738316107831,0.0,-0.016999451059427084,-0.016810299916818018,-0.014656931645688404,-0.013811104213681,0.0015826437384785029,0.0017979525110868467,0.0,0.0,0.0,0.035167373817745956,0.016868017435387767,0.01829935638235819,0.13566325843114124,0.23173615122159563,0.008990447710896778,0.004712842848127868,0.004277604862768909,0.11359212551649922,0.21218686361391081,0.09520538328048811,0.032119196503720526,0.06308618677676758,0.21039745374034335,0.28679592851633295
PROXY,0,0,ALL,CORE_VOL,5.427109499647753e-16,5.663872149064275e-16,-0.00593959833404048,0.92307962851919,0.9231177504614115,0.9231177504631621,-8.671244621916152e-05,0.9432251408419319,0.0,-0.008982361619683608,-0.007265512836643721,-0.0033657665656076255,0.00019409520878809055,0.0010293277145092391,0.0011318192938157175,0.0,0.0,0.0,0.03521016721527573,0.014371049850136541,0.020839117365139187,0.12211336980616716,0.1902996093917081,0.011194058691282899,0.0042400345603873235,0.006954024130895575,0.13740085831060622,0.2040802926585802,0.10956863002565276,0.03157735352076774,0.07799127650488502,0.14922223570138815,0.19769552148252123
PROXY,0,0,DOTCOM,CORE_VOL,3.5995512126518747e-16,7.962380754733545e-16,-0.003179555921483543,0.8139632371967309,0.8136822745510349,0.8136822745496397,-0.02433563158871141,,0.0,0.01096546379368756,0.019860837146586978,-0.031265131421279194,-0.02594567209340771,0.003188215046931688,0.0029052790253363946,0.0,0.0,0.0,0.06043189584471512,0.04845240210729615,0.011979493737418967,0.05731560993811058,0.2347219124957899,0.014389489075588839,0.01069167985317488,0.0036978092224139586,0.07959610569324316,0.25178968574969895,0.05183593310796508,0.054546318583845066,-0.002710385475879984,-0.009770119443320846,0.15615014670348115
PROXY,0,0,GFC,CORE_VOL,3.9768535686768303e-16,2.671474153004283e-16,0.024153825067242524,0.8362847152675386,0.8361927424436264,0.8361927424475702,0.008263322318429734,,0.0,0.0021528025143534805,0.013489903572155501,0.00018022663942962605,0.008995582433565732,0.0017388423028050675,0.0016683390615215548,0.0,0.0,0.0,0.08429356483243058,0.04840036970043235,0.035893195131998235,0.14734790360999372,0.28868128663297055,0.028546720426214332,0.014219853893309,0.014326866532905332,0.19744697639936826,0.328953430340458,0.10956863002565242,0.06942014379328165,0.04014848623237077,0.08281298793219483,0.19769552148252068
PROXY,0,0,2011,CORE_VOL,3.881443777498106e-16,3.122502256758253e-16,-0.009982069088988577,0.8678888837384875,0.8680787558024884,0.8680787558006435,-0.011033877849328598,0.36023509060372416,0.0,-0.005135289275216384,0.00041035003486940524,-0.013693170574086776,-0.010423247255209267,3.023800862871819e-05,3.0828131350974046e-05,0.0,0.0,0.0,0.046377396097535994,0.028857485936493177,0.017519910161042818,0.09304858610345323,0.2135777607302859,0.017812210801338157,0.011383585755179046,0.006428625046159112,0.0859710275820138,0.2067335539581311,0.02800880001990025,0.025564065345830222,0.002444734674070026,0.013895654300828175,0.13900199793158108
PROXY,0,0,2015_2016,CORE_VOL,4.0484109120608736e-16,1.8457457784393227e-15,-0.013861220842199908,0.9525374677104992,0.9525231677250705,0.9525231677199344,-0.011165007230781128,0.7890653298998845,0.0,-0.0035073608721153107,-0.00272021650858924,-0.01119233249930023,-0.011223443001571118,7.788327472922833e-05,8.243866796229623e-05,0.0,0.0,0.0,0.011216202100035128,0.0068690014444300895,0.004347200655605038,0.031851300362240376,0.078241703230166,0.0038397702920491966,0.0019608515913304495,0.0018789187007187472,0.04779753815871113,0.0930384292441796,0.007607535192309833,0.006267703364022936,0.001339831828286897,0.010542627842392904,0.05704733480489599
PROXY,0,0,2018Q4,CORE_VOL,2.54679090316845e-16,8.881784197001252e-16,0.02603825938516019,0.8619510614153114,0.8617677731775923,0.8617677731749513,-0.024951938686977482,,0.0,0.08123844103624485,0.048706044259209026,-0.0453326087661327,-0.024564653199586516,0.0034370964775503102,0.0018968683255385693,0.0,0.0,0.0,0.03651585604428603,0.032769758948816896,0.0037460970954691364,0.018346605206211897,0.15410491820711503,0.014561341002994221,0.008693155408013069,0.005868185594981153,0.1090412453969184,0.2329465828287811,0.02119545012042101,0.025060213932802444,-0.003864763812381433,-0.02354284206939017,0.11201545719942485
PROXY,0,0,COVID,CORE_VOL,3.2938062000109625e-16,4.579669976578771e-16,0.05385673572819655,0.7124329181315261,0.7110207474431635,0.7110207474495193,-0.020285544070705902,,0.0,0.04895664287725828,0.07483393916398107,-0.032588592464365025,-0.021726165743920084,0.0009207956991979876,0.0007489623081351042,0.0,0.0,0.0,0.1377377249475758,0.1250820672780663,0.01265565766950949,0.042032317373726924,0.32319479250611705,0.05328897657975251,0.040041430992716176,0.013247545587036336,0.13370322804143897,0.38303457635034677,0.09205341670116818,0.08303862572168663,0.009014790979481546,0.037964872868098576,0.28722758888098343
PROXY,0,0,2022,CORE_VOL,4.0722633598555547e-16,1.9532986339498848e-15,0.022130503185246148,0.8157503910260857,0.8156029301872272,0.8156029301926747,-0.01688870041019261,,0.0,0.0333053100777587,0.03547713739500511,-0.020139554202671356,-0.016459035267929058,0.003776335852285299,0.0031124010581720465,0.0,0.0,0.0,0.04533979678623226,0.044610090414280795,0.0007297063719514663,0.0037064457119146965,0.1877540479672738,0.017362130903530476,0.014332677981835615,0.0030294529216948612,0.04792476626434461,0.22389645646334033,0.03651662938346101,0.04716318436717626,-0.01064655498371525,-0.04935931584872133,0.138921437523141
PROXY,0,0,2023_PLUS,CORE_VOL,5.032866484677712e-16,3.3306690738754696e-16,-0.02247307454475153,0.9526696195316617,0.9527204702158298,0.9527204702186606,-0.013957696131344288,0.8997534104273184,0.0,-0.010164679625085193,-0.011006933461602147,-0.013170082565086807,-0.014061121618702887,0.0021522205111105474,0.0025949805355538337,0.0,0.0,0.0,0.017857943357794337,0.00733094065514725,0.010527002702647087,0.0720109666901646,0.11632547602932397,0.0017908189906102462,0.0018037965122582877,-1.2977521648041557e-05,-0.0003669645828339174,0.04818134834288579,0.026498190893004314,0.00887785439160449,0.017620336501399825,0.09333571412457164,0.1340578504758051
PROXY,0,0,2024_PLUS,CORE_VOL,5.032866484677712e-16,4.996003610813204e-16,-0.024523701068100173,0.9494096032358357,0.9494668352810577,0.9494668352768882,-0.01580159615469537,0.8861123329623003,0.0,-0.010546691818125214,-0.011187664523544536,-0.015365580294230066,-0.016036951123189064,0.0022577035924969554,0.0027009145786329237,0.0,0.0,0.0,0.02141238899293918,0.008188924888309024,0.013223464104630156,0.08705929032710202,0.13376117577157398,0.0021455925975586362,0.002025442368961787,0.0001201502285968492,0.003237161148117007,0.05481649651217513,0.026498190893004647,0.009491947941643986,0.01700624295136066,0.09037681804457687,0.13405785047580676
PROXY,0,0,EX_MAJOR_SHOCKS,CORE_VOL,5.427109499647753e-16,4.597017211338539e-16,-0.01421499489714928,0.9447586700189277,0.9448073882442832,0.9448073882504868,-0.006863625644939614,0.9069743604435062,0.0,-0.00849581046575084,-0.008358592542886834,-0.007443852366788736,-0.006760536818785115,0.000790831349118792,0.0009041344645231294,0.0,0.0,0.0,0.019180070005154037,0.00843383932496694,0.010746230680187097,0.07497949629558498,0.1263874756810046,0.005128786894760963,0.0023554389674437237,0.0027733479273172393,0.06930773100390131,0.12104638615765961,0.05183593310796508,0.015905691771157526,0.035930241336807556,0.11368299640936086,0.15615014670348115
PROXY,0,1,ALL,VOL,4.822531263215524e-16,2.3245294578089215e-16,-0.013797703284759141,0.8461631214377121,0.846235493919713,0.8462354939266751,-0.0019317889407964861,0.8681062577269775,-0.00026202188701966023,-0.017964724057559552,-0.015060299018662763,-0.0061828961934001616,-0.0007063918492040091,0.0020591252689334495,0.0022561181550272173,-0.00028702324666700195,-1.235331596847826e-07,-1.0732525281896891e-07,0.06346381387832314,0.028714460845633255,0.03474935303268989,0.22231034227770774,0.3430020951620776,0.020144623322046903,0.008479512883329092,0.011665110438717811,0.25155648101156214,0.36725916277905746,0.23577970001753867,0.06497734437313474,0.17080235564440394,0.34910926733756,0.42541912533766846
PROXY,0,1,DOTCOM,VOL,4.0419056990259605e-16,1.0772632785815972e-15,-0.008539317290598591,0.6277348462972441,0.6273176278419275,0.6273176278468113,-0.050212419939450255,,-0.0002637407652537296,0.02193368907116852,0.03697767304371472,-0.060506906301983784,-0.051072916860467325,0.006378458623315446,0.005795190815969931,-0.00024085215134908377,1.7211681839492703e-06,1.5878615320885663e-06,0.11657441251362785,0.09667819279877615,0.0198962197148517,0.12374928953822972,0.45279239442587305,0.026524074990760045,0.021393837261004342,0.005130237729755703,0.14348306498558494,0.46412269898134806,0.10461460840380599,0.11249212474091952,-0.007877516337113533,-0.03589336425070999,0.31514020236806284
PROXY,0,1,GFC,VOL,4.3368086899420177e-16,1.734723475976807e-15,0.04271281339798042,0.6726608712415327,0.67253471975826,0.6725347197629117,0.01231797581339785,,-0.000315250010760432,0.004303643740725432,0.02322064901049502,0.003184895062292952,0.016429825004794642,0.00347644502581823,0.00336745329485063,-0.00030482141938421544,-3.375190018221143e-07,-2.924927739173053e-07,0.15617964590052588,0.09650022374673156,0.05967942215379432,0.305273350961876,0.534870499474942,0.0504644258861173,0.028430895744325765,0.022033530141791532,0.3776127794073312,0.5815184987118859,0.23577970001753845,0.14749618099329742,0.08828351902424103,0.21705520736064,0.4254191253376681
PROXY,0,1,2011,VOL,3.404394821604484e-16,1.5959455978986625e-16,-0.023159004771409072,0.7356049584559514,0.7359363536575545,0.7359363536636949,-0.024294854530561336,-0.4842933320940644,-0.0003637754315254185,-0.010279187550768062,-0.0005760716888420111,-0.027434327849512385,-0.02227604159838656,6.052754332275085e-05,6.130060752576323e-05,-0.0003683837453973729,1.6012646337565705e-07,1.9165369094756122e-07,0.08717870110823159,0.057695141610419776,0.029483559497811812,0.18490774277951838,0.40147643750659456,0.034578637563277455,0.0227817352985131,0.011796902264764354,0.18613414693755914,0.40132944271855564,0.055458575468546156,0.051498627891413906,0.00395994757713225,0.02639953888752633,0.27522967021401046
PROXY,0,1,2015_2016,VOL,4.404029224636119e-16,6.938893903907228e-18,-0.02812598625166296,0.9050308887308347,0.9050044204785912,0.9050044204822025,-0.022689206816782152,0.5719896754567899,-0.0002683176906711546,-0.007017818221483322,-0.005492815308810605,-0.02230255121025094,-0.022514729146344,0.0001559174372856203,0.0001639454975460805,-0.0002819960841737759,-3.919386029994109e-07,-3.9120988066663775e-07,0.020429484092696848,0.013737279739387792,0.006692204353309056,0.051631018666569606,0.14251148626513954,0.005640038104170457,0.003923419781997083,0.0017166183221733744,0.045963555362530384,0.13665929109767083,0.01453998703940551,0.012549502450404648,0.0019904845890008627,0.016476800608463904,0.109032359066086
PROXY,0,1,2018Q4,VOL,2.1684043449710089e-16,2.7269853042355408e-15,0.052118198061958054,0.7238929974773782,0.7235959785623117,0.7235959785564786,-0.05413326566625232,,-0.0005913230348526161,0.16244136634357298,0.0989275124453672,-0.09030627047818768,-0.05035650867531037,0.006874459988022079,0.0038791213070231653,-0.00032942975725773856,-4.515362265894817e-06,-2.4972578669218535e-06,0.07029099128060709,0.06552364633015734,0.004767344950449753,0.027809139666834848,0.29664339373169424,0.0249648544639941,0.017386851124077785,0.007578003339916317,0.16794287614344283,0.39937788264208995,0.04237737059894453,0.050683118343769595,-0.008305747744825065,-0.05995377571120408,0.22395941183512424
PROXY,0,1,COVID,VOL,3.7795287732844685e-16,3.8441472227646045e-15,0.09394527225969912,0.42528260079416214,0.4237049918689202,0.4237049918700983,-0.049851592751798,,-0.0005234483350514323,0.09763146888709885,0.13864571313547072,-0.06207972335205356,-0.04578008467193058,0.001818932081897394,0.0015114746744182082,-0.00043328274736908703,1.6756815843782498e-06,1.4518691060122e-06,0.25863865338381586,0.2478830221595898,0.010755631224226098,0.06032574747996333,0.6068828706605924,0.10656496702188079,0.08002291206072476,0.026542054961156025,0.44910234153412065,0.765975809948729,0.19212496225068443,0.173308500547121,0.018816461703563436,0.12784575500064288,0.5994735627277782
PROXY,0,1,2022,VOL,3.963843142607004e-16,1.6514567491299204e-15,0.04212977225845049,0.6314042069207062,0.6311953878531206,0.6311953878481938,-0.035934258845860295,,-0.0004729363626606131,0.06661251167456742,0.07010840594013636,-0.040684141528941266,-0.03388676896345929,0.007556182917380541,0.00630276821558524,-0.00039462827424109734,-7.276695399743913e-08,-4.659569065606915e-09,0.08893353681942473,0.08918217789107369,-0.00024864107164895843,-0.0016325434866901745,0.3682775998449982,0.034717803780226576,0.02867239861375452,0.006045405166472055,0.12369631846791462,0.44770963228952865,0.07271493373385485,0.09588734394830811,-0.023172410214453265,-0.13878122432844742,0.2766318604499205
PROXY,0,1,2023_PLUS,VOL,3.7903707950093235e-16,5.898059818321144e-16,-0.04514626446091488,0.9052712504417286,0.9053685440996764,0.9053685440962636,-0.028110455439197768,0.7986141577939978,-0.0002987735534867744,-0.020344923819530545,-0.02198561766362609,-0.025858066979712158,-0.027949375783283742,0.004308149381916419,0.005146199900715419,-0.00035749613781930914,-1.5490685143135927e-08,2.5223099434823605e-08,0.03246722216625712,0.014665154895667998,0.017802067270589125,0.12820903795879912,0.21148936348211989,0.003453785262277971,0.0036100932549693043,-0.00015630799269133328,-0.004657816681965299,0.09292286473164668,0.05336657427239866,0.017838083101682778,0.03552849117071588,0.19757338714724937,0.2699885536753355
PROXY,0,1,2024_PLUS,VOL,3.7903707950093235e-16,4.579669976578771e-16,-0.049232010091887934,0.8987465834870818,0.8988556842799535,0.8988556842871136,-0.03177928550928141,0.7713673495949227,-0.0003174147244903259,-0.0211096600220374,-0.02237445872680733,-0.030083469583996998,-0.031832645646988844,0.004519638930749948,0.005351525662608693,-0.0003763257644489794,-1.263678229885988e-07,-1.0561625101384131e-07,0.03893690683908313,0.016378928958049904,0.022557977881033225,0.15697931201355975,0.2432351869481464,0.00414050691255375,0.0040536895631955935,8.681734935815644e-05,0.0024742974216360736,0.10578340127985886,0.053366574272398326,0.019077206610327413,0.03428936766207091,0.19200570321755017,0.26998855367533403
PROXY,0,1,EX_MAJOR_SHOCKS,VOL,4.822531263215524e-16,6.487865800153259e-16,-0.029092227977533802,0.889471257578407,0.8895639084504521,0.8895639084440918,-0.01435646176231456,0.8096079112827382,-0.00023956628240744967,-0.016999451059427084,-0.016808237456539418,-0.014656931645688404,-0.013809454775021017,0.0015826437384785026,0.001797731696708072,-0.000272147665434114,-1.2643482519303323e-07,-1.197772479788029e-07,0.035167728730771106,0.016867961457523256,0.01829976727324785,0.13566674807112322,0.23173924873651564,0.00898555390142982,0.004712700803473253,0.0042728530979565665,0.11346551404444105,0.21207136301646456,0.0949442109665658,0.03211645808666752,0.06282775287989828,0.20953364248932405,0.2860091751449031
PROXY,0,1,ALL,CORE_VOL,5.251875323519783e-16,3.3480163086352377e-16,-0.006082596900220769,0.92307962851919,0.9231177504614115,0.9231177504631621,-0.00022353685616327557,0.9418557964792176,-0.00013038935397571675,-0.008982361619683608,-0.007265019337485819,-0.003365766565607627,0.00019406628083278285,0.001029327714509239,0.00113174180275449,-0.00014333364292583236,-6.637787359037647e-08,-5.2003396725420106e-08,0.03521043494984785,0.01437103861782879,0.02083939633201906,0.12211523911539879,0.19030140518376548,0.01119055170811633,0.004239847696533183,0.006950704011583146,0.13733475078219237,0.20401635640715232,0.10942749871364721,0.03157009945338829,0.07785739926025892,0.14896401822552807,0.1974408771712992
PROXY,0,1,DOTCOM,CORE_VOL,4.702997973698997e-16,7.533036694429285e-16,-0.003297337291096908,0.8139632371967309,0.8136822745510349,0.8136822745496397,-0.02445017877497435,,-0.00012976733278064368,0.01096546379368756,0.019857843190559454,-0.031265131421279194,-0.025942092490415805,0.003188215046931688,0.0029048629002584687,-0.00011894012111652032,1.0663903841262807e-06,9.892296167417515e-07,0.06042829735101801,0.048451387615383895,0.011976909735634117,0.057304345653105715,0.23471251416727024,0.01438688948352497,0.01069133651665613,0.0036955529668688397,0.07954695144464063,0.2517441976531165,0.05174770645286486,0.05454197561167895,-0.002794269158814089,-0.010072337052577485,0.15588437343943307
PROXY,0,1,GFC,CORE_VOL,3.86843335142828e-16,6.696032617270475e-16,0.02400225369196489,0.8362847152675386,0.8361927424436264,0.8361927424475704,0.008128191532497046,,-0.0001561193331819467,0.0021528025143534805,0.013488833239262185,0.00018022663942960867,0.008994884848630832,0.0017388423028050673,0.001668208835692304,-0.00014953428369585166,-1.7658525670974515e-07,-1.3894792391181336e-07,0.0842945711020118,0.048400641647623976,0.035893929454387824,0.14735108263451857,0.28868473281771767,0.028544394631742583,0.014219316196135923,0.01432507843560666,0.19742087062649216,0.32892662943098994,0.10942749871364799,0.06940508688296887,0.04002241183067912,0.08255037452891223,0.19744087717130065
PROXY,0,1,2011,CORE_VOL,3.191891195797325e-16,2.2898349882893854e-15,-0.010165516410145055,0.8678888837384875,0.8680787558024884,0.8680787558006435,-0.011203667003630298,0.34847769263821204,-0.0001810334779054653,-0.005135289275216384,0.0004103265250168355,-0.013693170574086795,-0.010422281978055893,3.0238008628718184e-05,3.082533718627921e-05,-0.0001845358024891514,1.2615265826372067e-07,1.4950819458565847e-07,0.04637667534712103,0.028857691074224784,0.01751898427289625,0.09304377006367204,0.21357444152151983,0.017808017156301065,0.011383395162349985,0.00642462199395108,0.08591727513829528,0.20668488132831409,0.027943225919104253,0.025559535888175167,0.0023836900309290865,0.013548333180017469,0.13867656695928954
PROXY,0,1,2015_2016,CORE_VOL,4.9243107421576e-16,5.620504062164855e-16,-0.014002136800212464,0.9525374677104992,0.9525231677250705,0.9525231677199342,-0.011302549310963639,0.7869209256332115,-0.00013378449416967926,-0.0035073608721153107,-0.0027200437014583264,-0.011192332499300227,-0.011222729742136365,7.788327472922831e-05,8.24332114286629e-05,-0.000141508182894274,-2.864149240504797e-07,-2.883851527228449e-07,0.011218228396162266,0.006869039993183695,0.004349188402978571,0.031865873295368385,0.07825583821621773,0.0038354063158520663,0.001960797460114877,0.0018746088557371893,0.047687834974388665,0.09293268919731257,0.0074879616922028935,0.006265864620685346,0.0012220970715175472,0.009616078623301272,0.05615067782967864
PROXY,0,1,2018Q4,CORE_VOL,2.6281060661048627e-16,1.474514954580286e-15,0.025873389357890353,0.8619510614153114,0.8617677731775925,0.8617677731749515,-0.02510909010347745,,-0.00029284537366556335,0.0812384410362448,0.04869880890285798,-0.04533260876613265,-0.02456113488504308,0.0034370964775503094,0.0018965930992921067,-0.00015926814181243883,-2.987282689406943e-06,-1.6096174056914878e-06,0.03653453735674078,0.03277031453142665,0.003764222825314134,0.018435426588673254,0.15418375744134682,0.014554842211990326,0.008693135161125909,0.005861707050864418,0.10892082163442929,0.23284261773679138,0.021139053274183417,0.025057557718804913,-0.003918504444621496,-0.023869825704994296,0.11171740651024231
PROXY,0,1,COVID,CORE_VOL,5.247538514829841e-16,2.1996293675385914e-15,0.05364495552798684,0.7124329181315261,0.7110207474431635,0.7110207474495193,-0.020463718057002367,,-0.0002549712013467201,0.04895664287725828,0.07482442067722365,-0.032588592464365074,-0.0217233414407505,0.0009207956991979877,0.0007488652575405834,-0.00020611151540260217,1.3135076387081002e-06,1.1225493735140322e-06,0.13773389857690194,0.1250805347190463,0.012653363857855648,0.04202448519988178,0.3231858141156545,0.05328359379368497,0.040039853250060875,0.013243740543624094,0.13366269656080088,0.38299588554948516,0.0920253899878194,0.08303354765132942,0.008991842336489975,0.03786741717439657,0.28714013916333136
PROXY,0,1,2022,CORE_VOL,4.0050428251614534e-16,2.2898349882893854e-16,0.021933373805311546,0.8157503910260857,0.8156029301872273,0.8156029301926746,-0.017067170797569975,,-0.00023600179836172043,0.0333053100777587,0.035472926430713134,-0.020139554202671342,-0.016457057316437002,0.003776335852285299,0.003112032289911459,-0.00019456843079871254,1.2113014915785364e-09,4.0831922895363376e-08,0.04534079816620637,0.04461043367027659,0.0007303644959297806,0.0037097950325648554,0.18775819472480293,0.017359012505331235,0.01433237889716435,0.0030266336081668857,0.047879939282216566,0.22385624260304104,0.036375051684299886,0.04715002175887195,-0.010774970074572066,-0.0499516227125425,0.1383828287352885
PROXY,0,1,2023_PLUS,CORE_VOL,4.55581752878409e-16,5.863365348801608e-16,-0.02265161518430836,0.9526696195316617,0.9527204702158298,0.9527204702186606,-0.01413235905331986,0.8989569866812018,-0.00014923233345655803,-0.010164679625085193,-0.011006116388156508,-0.013170082565086802,-0.014060067750706432,0.002152220511110546,0.0025947902947619835,-0.00018026820229156076,1.110583511778876e-08,4.6862084740677836e-08,0.017857186612409287,0.007330916902530182,0.010526269709879105,0.07200594088350543,0.11632054663933833,0.0017871332882778354,0.0018037488035326787,-1.6615515254843338e-05,-0.00046983527084965004,0.048082185831824,0.026458971724756863,0.008877109532085425,0.017581862192671438,0.09313154652702038,0.13385943551933033
PROXY,0,1,2024_PLUS,CORE_VOL,4.553649124439119e-16,1.412064909445121e-15,-0.024711729122287113,0.9494096032358357,0.9494668352810579,0.9494668352768882,-0.015985679027831823,0.8852391337510758,-0.00015859040123513093,-0.010546691818125167,-0.011186781623498003,-0.015365580294230113,-0.016035656031039784,0.0022577035924969554,0.00270070433531181,-0.0001900213934469591,-8.936165786774047e-09,2.5590387232029704e-08,0.02141179251928213,0.008188892266587894,0.013222900252694236,0.08705555939934584,0.1337574496568601,0.002141939614746742,0.002025388192083137,0.00011655142266360496,0.003140195327843709,0.05472316858039772,0.026458971724756752,0.009491154022564396,0.016967817702192356,0.0901722330701289,0.13385943551932988
PROXY,0,1,EX_MAJOR_SHOCKS,CORE_VOL,4.924039691614479e-16,5.950101522600448e-16,-0.014350693974997275,0.9447586700189277,0.9448073882442832,0.9448073882504868,-0.006995309676286393,0.906082868505227,-0.00011939168518702301,-0.00849581046575084,-0.008358062476993677,-0.007443852366788733,-0.006760130577638837,0.0007908313491187918,0.000904076856031758,-0.0001365054007052805,-7.795800607449018e-08,-7.237569183454923e-08,0.019180330117133992,0.008433811530694363,0.01074651858643963,0.07498175052630174,0.12638960354507767,0.005126052712342732,0.0023553637743533792,0.002770688937989353,0.06924115105447581,0.12098185571262177,0.05174770645286486,0.015903799412602337,0.035843907040262524,0.11340915635832216,0.15588437343943307
PROXY,0,3,ALL,VOL,5.447031714567174e-16,2.2898349882893854e-16,-0.014368184429241967,0.8461631214377121,0.8462354939197128,0.8462354939266753,-0.0024798826068586216,0.8626413285953356,-0.0007860537234881257,-0.017964724057559577,-0.015056290486134025,-0.006182896193400142,-0.0007062495253210518,0.002059125268933449,0.0022555160322302713,-0.0008608385940706927,-3.705814189104198e-07,-3.218559462379123e-07,0.06346477605174772,0.02871440791349228,0.03475036813825544,0.22231771592694716,0.3430085398694468,0.020133969653449345,0.008478826509375995,0.01165514314407335,0.2513378175001072,0.36706493440620025,0.2350853901402581,0.06494895490938302,0.17013643523087507,0.34772799055392567,0.4241663766884676
PROXY,0,3,DOTCOM,VOL,3.8120548384590336e-16,1.0980799602933189e-15,-0.009014763418803556,0.6277348462972441,0.6273176278419275,0.6273176278468114,-0.05068923422080094,,-0.0007912449777010618,0.02193368907116852,0.036961865568660636,-0.06050690630198376,-0.0510518873949987,0.006378458623315446,0.00579275867306852,-0.0007222618445463574,5.16302133042696e-06,4.761579011246596e-06,0.11655989910207967,0.09667424102273445,0.019885658079345225,0.12368821097822835,0.45275351431103594,0.026512594018908944,0.021392766343526166,0.005119827675382778,0.14318762672579244,0.46392180301629327,0.10423154150037717,0.11247772895957997,-0.008246187459202803,-0.03757072460462263,0.313986254718601
PROXY,0,3,GFC,VOL,5.186823193170653e-16,9.228728892196614e-16,0.04208911224326017,0.6726608712415327,0.6725347197582598,0.6725347197629117,0.011747858469516708,,-0.0009457371698636237,0.004303643740725436,0.023213143546356504,0.003184895062292957,0.016424630825708927,0.00347644502581823,0.003366388500136856,-0.0009141733718463371,-1.012596688879635e-06,-8.772570948657621e-07,0.1561849104231517,0.09650105431492298,0.05968385610822871,0.30529732868009984,0.534888528955225,0.05044802545451372,0.02842915651969282,0.022018868934820898,0.3773502665387648,0.5813295110399397,0.2350853901402603,0.14744068160804513,0.08764470853221518,0.21545521891762576,0.424166376688471
PROXY,0,3,2011,VOL,3.2959746043559335e-16,2.1510571102112408e-16,-0.023886407688298833,0.7356049584559514,0.7359363536575545,0.7359363536636947,-0.024975980635290093,-0.5309136126260489,-0.0010913180881331295,-0.010279187550768062,-0.0005757399217213461,-0.027434327849512344,-0.022267763865662735,6.052754332275081e-05,6.127833093766874e-05,-0.0011047578674077555,4.812373453643256e-07,5.756355551203682e-07,0.08717640441251945,0.05769583054261446,0.02948057386990499,0.18488981710106722,0.4014658607349655,0.03455738993460784,0.022781082234921146,0.011776307699686697,0.1858072867184234,0.4010828367336473,0.055185807896158234,0.05148283893264305,0.0037029689635151852,0.024683757179521648,0.27387598003428426
PROXY,0,3,2015_2016,VOL,3.905296225292787e-16,7.979727989493313e-17,-0.028683453495506016,0.9050308887308347,0.9050044204785912,0.9050044204822026,-0.023233877901247,0.5635063556604853,-0.0008049353276199453,-0.007017818221483322,-0.005491417923736752,-0.022302551210250942,-0.022509001434801657,0.00015591743728562033,0.0001639020776477444,-0.0008457628612183538,-1.1758022458018997e-06,-1.1733533969150529e-06,0.020435170643720343,0.013737425671949077,0.006697744971771266,0.05167382326489478,0.14255115436612553,0.0056321324888765,0.003923213523525426,0.0017089189653510736,0.0457571474477414,0.13646773640215126,0.014026366100029053,0.01254246377076007,0.0014839023292689824,0.01228270665895348,0.10518082174805554
PROXY,0,3,2018Q4,VOL,2.5066754227864863e-16,7.632783294297951e-16,0.0514221668453288,0.7238929974773782,0.7235959785623117,0.7235959785564786,-0.054801062953280244,,-0.0017740277977466514,0.16244136634357298,0.09886774346061772,-0.09030627047818764,-0.050327162913159924,0.006874459988022079,0.0038768318797504707,-0.0009877579378300661,-1.3546270212439416e-05,-7.487644050157764e-06,0.07036116811907442,0.06552550635418605,0.004835661764888366,0.028207955135276852,0.2969395553755265,0.0249648544639941,0.017386782450022342,0.0075780720139717594,0.16794414248824197,0.3993778826420892,0.04214359039539539,0.05067395571750899,-0.008530365322113598,-0.06157107124881778,0.2227239109971637
PROXY,0,3,COVID,VOL,3.365363543395006e-16,1.8041124150158794e-16,0.09303363322766298,0.42528260079416214,0.4237049918689202,0.4237049918700983,-0.05067703393640595,,-0.0015703670969639586,0.09763146888709885,0.13857313445359518,-0.06207972335205364,-0.04575532279395433,0.001818932081897394,0.0015106644401335582,-0.0012991969609773735,5.0277494480698455e-06,4.354088865761823e-06,0.25862215920435305,0.2478793116769317,0.010742847527421356,0.06025279286745422,0.6068441678802821,0.10653899291869096,0.08001907499911998,0.02651991791957098,0.4486986422089889,0.7657891113057835,0.19198627331060492,0.17329535325584267,0.01869092005476225,0.12698143732212108,0.5990408217031528
PROXY,0,3,2022,VOL,5.447031714567174e-16,7.7021722333370235e-16,0.041320986718315994,0.6314042069207062,0.6311953878531206,0.631195387848194,-0.036682711397085024,,-0.0014187996175459997,0.06661251167456742,0.07007495474892947,-0.040684141528941294,-0.033870390378370654,0.007556182917380541,0.006299764025994225,-0.0011833280320164411,-2.1788111627325414e-07,-1.3646219837040563e-08,0.08893867968672828,0.08918319481938669,-0.00024451513265841274,-0.001605463851687139,0.3682988966796299,0.03470488719472337,0.028671458853969232,0.006033428340754141,0.12344888434214674,0.44754306415685885,0.0721209171934516,0.09584414215081949,-0.023723224957367894,-0.14204334116819495,0.27437202340858835
PROXY,0,3,2023_PLUS,VOL,4.0115480381963664e-16,4.0939474033052647e-16,-0.045847518984057006,0.9052712504417286,0.9053685440996764,0.9053685440962634,-0.028797061144919256,0.7954860422249679,-0.0008962989933705257,-0.020344923819530545,-0.021979105023501436,-0.025858066979712168,-0.027941018075171416,0.004308149381916419,0.005144694302457323,-0.0010721656363431708,-4.6650402150128656e-08,7.544850210354223e-08,0.03246437805523332,0.014665064251357052,0.01779931380387627,0.12818912403236826,0.21147083712877135,0.003439354005394815,0.0036099115231980825,-0.00017055751780326728,-0.005082410284053429,0.09253459689522181,0.0532043480211718,0.017835225472986105,0.035369122548185694,0.19668401516389777,0.26916782962598285
PROXY,0,3,2024_PLUS,VOL,3.770584105361463e-16,3.0531133177191805e-16,-0.04996888962359827,0.8987465834870818,0.8988556842799535,0.8988556842871134,-0.0325013219075625,0.7679452930904299,-0.0009522266709862058,-0.0211096600220374,-0.02236741740398596,-0.03008346958399701,-0.03182239560814543,0.004519638930749947,0.005349864271660558,-0.0011286241805388963,-3.7908438661728855e-07,-3.16702588842616e-07,0.038935883535937896,0.01637880524936089,0.022557078286577006,0.15697291666698643,0.2432287944698518,0.004126369581649275,0.004053484160417911,7.288542123136399e-05,0.0020772248341830446,0.10542221484069125,0.05320434802117169,0.019074170506492072,0.034130177514679616,0.1911110578410089,0.26916782962598207
PROXY,0,3,EX_MAJOR_SHOCKS,VOL,4.440892098500626e-16,1.5959455978986625e-16,-0.0296295787997215,0.889471257578407,0.8895639084504524,0.8895639084440919,-0.014878862840504214,0.8060770048392862,-0.0007186863791552885,-0.01699945105942703,-0.01680411356676272,-0.01465693164568845,-0.01380615671512019,0.0015826437384785026,0.0017972901789576712,-0.0008162394636475285,-3.793098974535285e-07,-3.5923314857559103e-07,0.03516834309040316,0.016867850644418036,0.018300492445985125,0.13567300204952193,0.23174479911118495,0.008975766463711725,0.004712416705201693,0.004263349758510032,0.1132122989889629,0.2118403660985133,0.09442212275097628,0.03211098237022236,0.062311140380753915,0.20780691949932384,0.28443644081625485
PROXY,0,3,ALL,CORE_VOL,4.926614671774132e-16,1.9949319973733282e-17,-0.006368535082959828,0.92307962851919,0.9231177504614115,0.9231177504631619,-0.0004971264689972305,0.939117323966901,-0.00039116571654586557,-0.008982361619683608,-0.007264032476783201,-0.003365766565607624,0.00019400843478039841,0.001029327714509239,0.0011315868426648218,-0.0004299419166159518,-1.9913123599722776e-07,-1.5596700591524512e-07,0.03521095266021995,0.014371016663885405,0.020839935996334547,0.1221188661112057,0.19030489368695502,0.011183537539076582,0.004239474011305588,0.006944063527770994,0.13720253246050818,0.2038884802087274,0.10914533732740506,0.03155559315808376,0.0775897441693213,0.1484477954715122,0.1969317712129396
PROXY,0,3,DOTCOM,CORE_VOL,3.5583515300974256e-16,2.0209528495129803e-16,-0.0035328038772504955,0.8139632371967309,0.8136822745510349,0.8136822745496397,-0.024679171878529374,,-0.0003893194599394241,0.01096546379368756,0.019851857139756943,-0.03126513142127918,-0.025934935413899143,0.003188215046931688,0.0029040309009441827,-0.0003567233164493647,3.1987725874247633e-06,2.9668123970891876e-06,0.060421134511648905,0.048449377580054936,0.011971756931593969,0.0572818669416475,0.23469376002849318,0.014381690787779615,0.010690649852276912,0.0036910409355027027,0.0794486554677396,0.2516532300057489,0.051571277084874634,0.05453329131650597,-0.002962014231631338,-0.010676663592480207,0.15535289903465932
PROXY,0,3,GFC,CORE_VOL,4.926614671774132e-16,4.5102810375396984e-17,0.023699182447100543,0.8362847152675386,0.8361927424436264,0.8361927424475704,0.007858000020756158,,-0.0004683543833342506,0.0021528025143534805,0.01348669290021073,0.00018022663942964226,0.008993489884267663,0.0017388423028050673,0.0016679484252425138,-0.0004485318750286174,-5.29866368672757e-07,-4.1688759179095166e-07,0.08429657030446139,0.04840118526392859,0.0358953850405328,0.14735738692846578,0.288691579512795,0.02853974339037333,0.014218241024828368,0.014321502365544962,0.1973686625643517,0.3288730316172689,0.10914533732740361,0.0693749771690968,0.03977036015830682,0.08202539767943073,0.1969317712129367
PROXY,0,3,2011,CORE_VOL,4.0722633598555547e-16,3.86843335142828e-16,-0.010532315661410685,0.8678888837384875,0.8680787558024884,0.8680787558006435,-0.011543150435445152,0.3249690104541422,-0.0005431010890325836,-0.005135289275216384,0.00041027955535194476,-0.013693170574086795,-0.010420351754017742,3.0238008628718177e-05,3.081974980030823e-05,-0.0005535122481126583,3.7903089571879024e-07,4.490355678485411e-07,0.046375207703800186,0.02885810127376351,0.017517106430036677,0.0930339994746151,0.21356768271226378,0.017799627698911677,0.011383014075914452,0.006416613622997225,0.08580974087620863,0.2065875109142068,0.027812081303509872,0.02555047768674834,0.0022616036167615317,0.012853760960750638,0.138025722811285
PROXY,0,3,2015_2016,CORE_VOL,3.426078865054194e-16,8.187894806610529e-16,-0.014283912744369187,0.9525374677104992,0.9525231677250705,0.9525231677199343,-0.011577577388269158,0.7826329688580146,-0.00040134946042945575,-0.0035073608721153107,-0.0027196981334496645,-0.011192332499300245,-0.01122130342047058,7.788327472922829e-05,8.242229979386265e-05,-0.0004244684040462384,-8.592706915801411e-07,-8.65086197385833e-07,0.01122224735523486,0.006869117061062607,0.004353130294172253,0.031894772970890384,0.07828387357080979,0.0038266783381071118,0.001960689199952445,0.0018659891381546667,0.04746842881226787,0.09272120848932586,0.007248854361902701,0.00626218737317541,0.0009866669887272916,0.00776337088231327,0.05435766135573228
PROXY,0,3,2018Q4,CORE_VOL,3.3371742869103826e-16,2.5916768731093498e-15,0.025543759291811186,0.8619510614153114,0.8617677731775925,0.8617677731749515,-0.025423285574811272,,-0.0008785851500928889,0.0812384410362448,0.04868434098013214,-0.04533260876613266,-0.024554099597380235,0.003437096477550308,0.001896042751257744,-0.0004776971191122647,-8.9622353349398e-06,-4.827723088793281e-06,0.03657186272192339,0.03277142553002943,0.003800437191893963,0.01861288912257908,0.15434127866559333,0.01454184163167238,0.008693094656877731,0.00584874697479465,0.10867991884092654,0.232634639587029,0.021026260592692414,0.025052246150050972,-0.004025985557358558,-0.02452376043670923,0.111121310474811
PROXY,0,3,COVID,CORE_VOL,3.3133218391157016e-16,3.6012859361278515e-15,0.053221531911589626,0.7124329181315261,0.7110207474431632,0.7110207474495193,-0.02081993526047682,,-0.0007649370858032876,0.048956642877258254,0.0748053875140761,-0.03258859246436516,-0.02171769394112968,0.0009207956991979876,0.0007486711943505209,-0.000618200461933734,3.941434268780452e-06,3.367606230018665e-06,0.13772621536438484,0.1250774691207287,0.01264874624365614,0.042008721419322215,0.3231677858356302,0.053272826227527825,0.04003669843902803,0.013236127788499794,0.13358161145180225,0.3829184896149779,0.09196932596207374,0.0830233937487983,0.008945932213275443,0.03767246458703477,0.2869652066565871
PROXY,0,3,2022,CORE_VOL,3.988779792574171e-16,5.655198531684391e-16,0.021539249663618643,0.8157503910260857,0.8156029301872273,0.8156029301926746,-0.01742397973561785,,-0.0007080067720317048,0.0333053100777587,0.03546450641720705,-0.020139554202671328,-0.016453102300038217,0.003776335852285299,0.00311129491804058,-0.0005835721409106904,4.01340459914707e-09,1.2276932048395603e-07,0.04534277595061456,0.044611119766481105,0.0007316561841334557,0.0037163689524283283,0.1877663848150759,0.01735277530920891,0.014331780724464324,0.003020994584744585,0.04779028031769894,0.2237758097277326,0.03609196755524002,0.04712369864057242,-0.011031731085332397,-0.051135699476882346,0.1373058822916282
PROXY,0,3,2023_PLUS,CORE_VOL,4.810740564589744e-16,4.0939474033052647e-16,-0.02300861401123419,0.9526696195316617,0.9527204702158298,0.9527204702186606,-0.01448160200956844,0.897364506986913,-0.0004476903767038643,-0.010164679625085193,-0.01100448249846548,-0.013170082565086802,-0.014057960335975044,0.002152220511110546,0.0025944098730439763,-0.000540721536038694,3.324174005486302e-08,1.404862006396844e-07,0.017855644645712127,0.007330869400876544,0.010524775244835582,0.07199569446015575,0.1163105023690395,0.0017797620207409964,0.0018036533875830582,-2.389136684206178e-05,-0.0006755719791593506,0.04788386449908011,0.02638053036602772,0.008875620129719652,0.01750491023630807,0.09272319863459222,0.13346259031649765
PROXY,0,3,2024_PLUS,CORE_VOL,4.810198463503501e-16,1.0269562977782698e-15,-0.025087697101757706,0.9494096032358357,0.9494668352810577,0.9494668352768882,-0.016353756219969318,0.883493144597812,-0.00047576742470648503,-0.010546691818125214,-0.011185016093451967,-0.015365580294230057,-0.016033066229795164,0.0022577035924969545,0.002700283914315836,-0.0005699755600691466,-2.6735019866553318e-08,7.686724170927586e-08,0.021410568393182533,0.008188827042046376,0.013221741351136157,0.08704789216347042,0.1337498026564985,0.0021346332788545128,0.0020252798547250317,0.00010935342412948107,0.002946254120030689,0.054536503257069824,0.026380530366028276,0.00948956652087285,0.016890963845155427,0.0897630506116952,0.13346259031650043
PROXY,0,3,EX_MAJOR_SHOCKS,CORE_VOL,4.810740564589744e-16,1.491862189340054e-16,-0.014622039148200427,0.9447586700189277,0.9448073882442832,0.9448073882504868,-0.007258624327558055,0.904300035915364,-0.00035817228993160046,-0.00849581046575084,-0.0083570024892335,-0.007443852366788733,-0.006759318204897403,0.0007908313491187918,0.0009039616549089415,-0.0004094630145435421,-2.338896921487102e-07,-2.170944350728549e-07,0.019180832837208645,0.008433756522865238,0.010747076314343407,0.074986127797536,0.12639373544604426,0.005120584258739749,0.0023552133831786642,0.002765370875561085,0.069107989804151,0.12085279272753502,0.051571277084874634,0.01590001533862928,0.03567126174624535,0.11286156004003278,0.15535289903465932
PROXY,1,0,ALL,VOL,5.110929041096668e-16,7.28583859910259e-17,-0.013851763280097823,0.8445511818208615,0.8446038130874894,0.8446038130826107,-0.001977936636635577,0.8669456614928899,0.0,-0.018082669664698625,-0.015138093730878394,-0.006467286073085901,-0.0010195680649723936,0.002105575021014984,0.002305898515752893,0.0,0.0,0.0,0.06379817341786392,0.02904937951474562,0.0347487939031183,0.22281830318708373,0.3448538096344853,0.01997468361574955,0.00883775119575713,0.011136932419992418,0.23327605421563558,0.3530394605053645,0.26225617320111017,0.06573904369210848,0.1965171295090017,0.402294966180612,0.4731908294451179
PROXY,1,0,DOTCOM,VOL,4.255493527005605e-16,1.214306433183765e-15,-0.008845896148859653,0.6318003445994691,0.6315278539664005,0.6315278539683936,-0.055438605746251694,,0.0,0.02639110868326651,0.04032534947856155,-0.06545915397565642,-0.05481093773073603,0.0062935103488539566,0.005639692103316044,0.0,0.0,0.0,0.11551466029091817,0.09536860586253876,0.020146054428379412,0.12428392150404244,0.4486604993020247,0.03652849077397975,0.029715753876823146,0.006812736897156606,0.13447616154542508,0.4544641774012663,0.09019348734208799,0.11121052712188184,-0.021017039779793856,-0.09520674297257448,0.2716981336254084
PROXY,1,0,GFC,VOL,4.722784663346857e-16,9.367506770274758e-16,0.059235604415873375,0.6720532902618288,0.6716618250412327,0.671661825039478,0.028935247737960683,,0.0,0.004315115576403632,0.023385115193702444,0.019043376971649234,0.032368841397273126,0.0035635991083437304,0.003481647824898742,0.0,0.0,0.0,0.15830226366806813,0.0974660165850445,0.060836247083023626,0.31273575499351436,0.5421398566243547,0.04273575478889847,0.026476014484476985,0.016259740304421483,0.30076671940127464,0.5306351556905293,0.26225617320110994,0.14790847379517724,0.1143476994059327,0.281422268204353,0.47319082944511814
PROXY,1,0,2011,VOL,2.7950732006676304e-16,1.3530843112619095e-15,-0.03875160405978255,0.7325194353834377,0.7324980373553993,0.7324980373550039,-0.03959605332836556,-1.4836450478602263,0.0,-0.01041303065495242,-0.0005546364859827154,-0.043266830874784924,-0.03826244909170996,6.517775932846258e-05,6.54815179114849e-05,0.0,0.0,0.0,0.08631685144480103,0.05852346820484916,0.02779338323995187,0.1752179495717925,0.3975074367284025,0.025835768542860828,0.020111735337420833,0.005724033205439995,0.10394010385200159,0.3436419436719641,0.05549444720965835,0.05266801374540919,0.002826433464249156,0.018990860418369948,0.2754076943949946
PROXY,1,0,2015_2016,VOL,4.2674197509029455e-16,3.677613769070831e-16,-0.024943711980333537,0.9071996974016656,0.9071934859054573,0.9071934859102048,-0.019514591337318157,0.6204162881796317,0.0,-0.006856100557165919,-0.005387191011035281,-0.01993711444774831,-0.019718094008258694,0.00015337905347523884,0.000161573038960068,0.0,0.0,0.0,0.022493480879774444,0.013378490106463803,0.009114990773310641,0.0701289318687709,0.15690946364128155,0.0037396085552333647,0.0035468466299680493,0.00019276192526531538,0.005563974375770053,0.09791731746619725,0.019993950050909648,0.012197588208540333,0.007796361842369315,0.06434914233995581,0.149930500982709
PROXY,1,0,2018Q4,VOL,3.174543961037557e-16,1.2212453270876722e-15,0.07530734651860665,0.7132382328636595,0.7111284890911571,0.7111284890932734,-0.03513504083344293,,0.0,0.16976845230286688,0.10534291003918794,-0.06061125077766648,-0.034156925226743816,0.007163067022535082,0.004121361706161312,0.0,0.0,0.0,0.07423044714482693,0.06838338546281036,0.005847061682016569,0.03468602080624583,0.3132687611611158,0.022240295195203985,0.01624939306818185,0.005990902127022135,0.14994669362557977,0.395714095185819,0.05051727115704485,0.05253197521551645,-0.0020147040584715947,-0.014739543959567891,0.26697782745702203
PROXY,1,0,COVID,VOL,4.2847669856627135e-16,2.491062911502695e-15,0.035762187834238485,0.4257745118011371,0.4253160605445798,0.4253160605444337,-0.11115657406940346,,0.0,0.09735853402029739,0.13342321069275764,-0.13152284329108116,-0.099015778461998,0.001692360459419811,0.0013547556034763457,0.0,0.0,0.0,0.26029639199629834,0.24618873431238308,0.014107657683915253,0.07838160842531916,0.6107726727253101,0.08845865266476016,0.09098046920659408,-0.002521816541833921,-0.03743036580085479,0.55861325340158,0.17393965486776197,0.17382598370108848,0.0001136711666734902,0.0007750475071728324,0.5427312691786668
PROXY,1,0,2022,VOL,3.7296554733501353e-16,2.2169766022983595e-15,0.015126525374400485,0.6305115588984336,0.6301577159864595,0.6301577159803217,-0.06108520723960506,,0.0,0.06679993321718307,0.06918453318188994,-0.07332175134489816,-0.060345499303762054,0.007662694632089733,0.006287491496270382,0.0,0.0,0.0,0.08779101208409676,0.0895767950617497,-0.0017857829776529444,-0.011755667313344764,0.36354635579086314,0.018118482429016432,0.02268894138050318,-0.00457045895148675,-0.11933933623847515,0.2970878584732305,0.046665439825688715,0.0948768507992449,-0.04821141097355619,-0.28700466503152633,0.17753089736618655
PROXY,1,0,2023_PLUS,VOL,4.440892098500626e-16,1.3877787807814457e-17,-0.0468157322821412,0.8994228473966359,0.8995191653238173,0.8995191653187874,-0.02900577058227774,0.7923110441737217,0.0,-0.021696168511233356,-0.023462794198434722,-0.026339592749839064,-0.02874016766547618,0.00450672549080842,0.00538722958176972,0.0,0.0,0.0,0.03224160083496469,0.015428357680240978,0.01681324315472371,0.12182179092841283,0.21012044021599985,0.00879948455501741,0.0047893953229562886,0.004010089232061122,0.09570644193244848,0.18846904174511425,0.03709387234345973,0.019124967342369015,0.017968905001090718,0.1006450519423372,0.18766280355769338
PROXY,1,0,2024_PLUS,VOL,4.440892098500626e-16,2.7755575615628914e-17,-0.05516052309862665,0.8952602158606169,0.895376315052363,0.8953763150511865,-0.037487960926051805,0.7458369906033024,0.0,-0.02197097797210339,-0.02326418713521062,-0.034407633749922874,-0.03730485994352703,0.0045715636057589255,0.0054085239801109726,0.0,0.0,0.0,0.03724903537699094,0.016749948642436036,0.020499086734554903,0.1431273772430166,0.23284630247712135,0.010686809828569399,0.0055376941467318724,0.005149115681837527,0.11089226857775303,0.20562950068246222,0.0370938723434594,0.019922644476138007,0.017171227867321393,0.09660884156935945,0.18766280355769205
PROXY,1,0,EX_MAJOR_SHOCKS,VOL,5.110929041096668e-16,0.0,-0.028825992112013046,0.8875969331929809,0.887684775082641,0.8876847750883362,-0.01399067429555946,0.8105552230450752,0.0,-0.01722495493090801,-0.01701340252952478,-0.014503331748567981,-0.01365873208900345,0.001625933233036941,0.0018461425065151818,0.0,0.0,0.0,0.035279039191262185,0.017115627012682155,0.01816341217858003,0.13493850647911676,0.23252615597117765,0.010478630108826811,0.005130493144320063,0.005348136964506749,0.13308101282621854,0.23122665183072355,0.08422578981561446,0.03267468432898446,0.05155110548663,0.17224614212764322,0.2537210897415846
PROXY,1,0,ALL,CORE_VOL,4.95371972608627e-16,4.423544863740858e-17,-0.006130292080308589,0.9222601852452499,0.9222875423376179,0.9222875423378611,-0.00026990070258325893,0.9411149366974256,0.0,-0.009043006322490403,-0.007302188492039797,-0.0035317995626822016,1.492923785510978e-05,0.0010527746204434592,0.0011569671738761427,0.0,0.0,0.0,0.03539780038064022,0.014543326517509114,0.020854473863131107,0.12234426421362365,0.19133880579920726,0.011127563748489347,0.004419762988326914,0.006707800760162433,0.12860190904810875,0.19667240683643317,0.12000586132054725,0.031934616319795994,0.08807124500075125,0.16862370076293332,0.21652749814586691
PROXY,1,0,DOTCOM,CORE_VOL,4.95371972608627e-16,1.0842021724855044e-17,-0.0032599466378083336,0.8159869038427132,0.8158013841677363,0.8158013841701545,-0.027012462850534033,,0.0,0.013192871542841815,0.02149703482428675,-0.033463902094083633,-0.027585016464777304,0.003146212554007594,0.0028280350026822078,0.0,0.0,0.0,0.05982184593886766,0.04775314162465219,0.012068704314215473,0.057548809457321215,0.23234885685078122,0.01826424538698996,0.014850877221962405,0.003413368165027554,0.05209167453714314,0.22723208870063416,0.04513724607786729,0.053947022711474224,-0.008809776633606936,-0.03168812358531414,0.1359710759362619
PROXY,1,0,GFC,CORE_VOL,4.440892098500626e-16,4.0939474033052647e-16,0.031881396039141356,0.8358457721988088,0.8355868277156335,0.8355868277211267,0.016061092145446307,,0.0,0.002160765621540338,0.0135561091452506,0.00773942137426883,0.01660668472646682,0.00178351208572612,0.0017186021674243449,0.0,0.0,0.0,0.08577928889237305,0.04902604627718932,0.03675324261518373,0.15126708182464688,0.29376946547625915,0.025985341652511144,0.013252609597523932,0.012732732054987213,0.1892375794368989,0.32265104200368,0.1200058613205458,0.06964674466766729,0.05035911665287851,0.10392269976144175,0.2165274981458647
PROXY,1,0,2011,CORE_VOL,3.968179951296946e-16,2.0816681711721685e-15,-0.01829007362994305,0.8662836892253836,0.8662652337683711,0.8662652337709884,-0.019165694761343062,-0.1722366569891578,0.0,-0.005205884123747593,0.0004194024786603086,-0.021797674428696467,-0.018742562463325434,3.259236219421264e-05,3.308635472415941e-05,0.0,0.0,0.0,0.04605624644333889,0.029301492342319574,0.016754754101019315,0.08919516077015988,0.21209879835261225,0.014740250120553182,0.010054065260593936,0.004686184859959246,0.07195327384223249,0.19606028724225844,0.028160696889815706,0.026191790674962467,0.001968906214853239,0.011231159735192953,0.13975583131190517
PROXY,1,0,2015_2016,CORE_VOL,4.215378046623641e-16,6.626643678231403e-16,-0.01240944442270469,0.9536081078622374,0.953604539015193,0.9536045390177823,-0.0097090326323852,0.8111578990603856,0.0,-0.00342747434284475,-0.0026633177107991887,-0.01002168909689393,-0.009827333154274193,7.664312789882204e-05,8.120644236935563e-05,0.0,0.0,0.0,0.012137911879265856,0.006690183273840383,0.0054477286054254725,0.03986248011959315,0.08467134334967563,0.0022322612765669075,0.0017731076481384694,0.0004591536284284381,0.012607742562491642,0.058449175323234015,0.010837284703106853,0.006090774520216891,0.0047465101828899625,0.037296562347418405,0.08126655916873893
PROXY,1,0,2018Q4,CORE_VOL,2.5977484052752686e-16,1.8735013540549517e-16,0.03676124510160733,0.8565777393305325,0.8553036911367055,0.8553036911334134,-0.016146127623883066,,0.0,0.08503735218600658,0.051446637883827126,-0.030824550757179915,-0.0166833531593592,0.0035863778097979973,0.0019979603771392226,0.0,0.0,0.0,0.038345128532708855,0.034244455756388126,0.00410067277632073,0.020229251601411202,0.1618248491561537,0.011120147597602048,0.008127041172951488,0.00299310642465056,0.06225794115805672,0.19785704759291045,0.025045612929780692,0.02595480071526246,-0.0009091877854817687,-0.005568813753850765,0.13236311412260182
PROXY,1,0,COVID,CORE_VOL,4.425713268085829e-16,3.885780586188048e-16,0.02584635587239678,0.7130021668490372,0.7125296897718995,0.7125296897768977,-0.050745543920151986,,0.0,0.04870100947085726,0.07318811091777032,-0.06645403108898229,-0.04802255375778412,0.0008537826007028118,0.0006807987124109743,0.0,0.0,0.0,0.13756305993457674,0.12359571830929406,0.013967341625282681,0.04616084495685291,0.32278494964966054,0.060435512856302664,0.04547202807602946,0.014963484780273206,0.13255865628886043,0.38164811966553347,0.08411210895347243,0.08340390274983756,0.0007082062036348757,0.002987133390476404,0.2624489032148426
PROXY,1,0,2022,CORE_VOL,4.692427002517263e-16,2.3418766925686896e-16,0.008179161486618458,0.8153539723498398,0.8151150821078897,0.8151150821009293,-0.029635975094193162,,0.0,0.03339342390499941,0.03527262854126736,-0.03706851719049396,-0.030222828879351748,0.003830353001524007,0.0031293618247030825,0.0,0.0,0.0,0.04517191273882573,0.04482452233662029,0.0003473904022054386,0.0017664469619154133,0.18705883290845216,0.009213200628440811,0.011338441021340719,-0.0021252403928999075,-0.04280572424350759,0.15106839411695083,0.023535896480716634,0.04648537696640043,-0.022949480485683793,-0.10606455798235248,0.08953840011252123
PROXY,1,0,2023_PLUS,CORE_VOL,4.440892098500626e-16,2.0816681711721685e-16,-0.023257870430762856,0.9497550647574826,0.9498054959942166,0.94980549599502,-0.014365160934822901,0.8968209490904264,0.0,-0.01083817049049046,-0.011751717165089862,-0.013154538585766417,-0.014223769934040146,0.0022515687497968134,0.0027176166683669433,0.0,0.0,0.0,0.017377121692974146,0.00770771207118906,0.009669409621785086,0.06634893511500395,0.11324774096995383,0.005105796331231122,0.002392619512721267,0.002713176818509855,0.061250138571097734,0.10935692151924525,0.018450148977209646,0.009518603497688738,0.008931545479520908,0.04747192104282849,0.09334174256764405
PROXY,1,0,2024_PLUS,CORE_VOL,4.440892098500626e-16,3.469446951953614e-16,-0.027413181148596227,0.9476857690679026,0.94774669893928,0.947746698936535,-0.01859868119985736,0.8736883512615292,0.0,-0.010973195286988374,-0.01165066695341179,-0.017171879553131986,-0.01849531092175871,0.0022834101321273213,0.002732796726573923,0.0,0.0,0.0,0.020106309760719282,0.008366346535646857,0.011739963225072425,0.07743718111242026,0.12568593620910395,0.006398808535244001,0.002765904214944083,0.003632904320299918,0.07383158678746604,0.12312222498311642,0.018450148977209535,0.009912140314203732,0.008538008663005803,0.04547535948584247,0.09334174256764372
PROXY,1,0,EX_MAJOR_SHOCKS,CORE_VOL,4.95371972608627e-16,1.3877787807814457e-17,-0.014187357375487958,0.9438150280257105,0.9438612527717716,0.9438612527653676,-0.006784475009480151,0.9067605117237567,0.0,-0.008609584244659404,-0.008460749216067168,-0.0073260634009700756,-0.006655150394347837,0.0008126098511355968,0.0009285422349270623,0.0,0.0,0.0,0.019125022333681685,0.008557606861762906,0.010567415471918779,0.07381380695504103,0.12605411111126175,0.00576828582484766,0.0025644906470639606,0.0032037951777837,0.07493717843458803,0.12728585742888465,0.04513724607786729,0.016212781673033083,0.028924464404834205,0.09160578111645179,0.1359710759362619
PROXY,1,1,ALL,VOL,4.874572967494828e-16,1.8041124150158794e-16,-0.014143851771771146,0.8445511818208615,0.8446038130874894,0.8446038130826107,-0.0022588982713572375,0.8641341976582863,-0.0002684142337038475,-0.018082669664698625,-0.01513599978812043,-0.006467286073085902,-0.0010193986947126738,0.002105575021014984,0.002305583348190052,-0.0002940088724189873,-5.050534507006147e-08,-2.776470892393794e-08,0.06379778844126546,0.029049470858927118,0.034748317582338345,0.22281503370014455,0.344851277657533,0.01996868134217538,0.008837427497161772,0.011131253845013608,0.23315552898016545,0.3529333742481203,0.2618704610047605,0.06572456975241159,0.19614589125234894,0.40152309826150334,0.4724948859640177
PROXY,1,1,DOTCOM,VOL,4.631711680858075e-16,2.1701390684469857e-15,-0.009091297556405323,0.6318003445994691,0.6315278539664005,0.6315278539683937,-0.05568341532516411,,-0.00027606235438970697,0.02639110868326651,0.04031687719017799,-0.06545915397565641,-0.05479893304018726,0.0062935103488539566,0.005638473249355879,-0.00024741405361022206,-3.56747237433652e-07,-3.0090213954332397e-07,0.1155155410245855,0.0953698544133437,0.020145686611241803,0.12428014825661116,0.44865832571047015,0.036521629403280964,0.029715144825279698,0.0068064845780012664,0.1343511322594242,0.4543788126045174,0.08998861506794165,0.11120391688256337,-0.021215301814621723,-0.09610198807012171,0.2710809780395952
PROXY,1,1,GFC,VOL,4.75097391983148e-16,4.996003610813204e-16,0.05890894993923594,0.6720532902618288,0.6716618250412327,0.6716618250394779,0.028635170545044112,,-0.00032473603214085774,0.004315115576403632,0.02338145061408937,0.019043376971649238,0.03236365389885299,0.0035635991083437304,0.003481078731340784,-0.0003176866372158763,4.2954774080293105e-07,4.5333216917358323e-07,0.1582990841854905,0.09746619702394782,0.06083288716154267,0.31271877299667694,0.5421289678083084,0.04272605909145736,0.026474781475818762,0.016251277615638597,0.30060332360128816,0.5305147675530879,0.26187046100475875,0.1478803915717556,0.11399006943300316,0.2805227136061962,0.4724948859640139
PROXY,1,1,2011,VOL,4.0050428251614534e-16,1.824929096727601e-15,-0.03918800851572021,0.7325194353834377,0.7324980373553994,0.7324980373550039,-0.04001027300634644,-1.5116148259416808,-0.0004434025487713459,-0.01041303065495243,-0.0005547335168605914,-0.043266830874784924,-0.038254082928807685,6.517775932846258e-05,6.546704916295049e-05,-0.00044370330204807296,-9.829524314296362e-07,-9.558171649921356e-07,0.08632476175386788,0.05852373212621528,0.0278010296276526,0.1752664463432182,0.3975438653819995,0.025827874548956388,0.020111227226046323,0.005716647322910065,0.10380502922194079,0.34353694554101344,0.055329938972715986,0.05265880077720153,0.0026711381955144553,0.01794631762738963,0.27459127335607336
PROXY,1,1,2015_2016,VOL,3.903127820947816e-16,7.73686670285656e-16,-0.025267233258587818,0.9071996974016656,0.9071934859054573,0.9071934859102048,-0.019832456073983755,0.6154930671390165,-0.00031044482919958584,-0.006856100557165919,-0.005386343958494417,-0.01993711444774831,-0.01971511233802242,0.00015337905347523881,0.00016154831047947667,-0.0003277199539247814,3.340347537125884e-07,3.9468137355025197e-07,0.022490491741397597,0.013378449472181392,0.009112042269216206,0.07010622474538253,0.15688861208424731,0.003732045021329067,0.003546794619806337,0.00018525040152272965,0.005347150057665506,0.09771927509370426,0.01971745726886931,0.012194190771590452,0.007523266497278858,0.062093343216002794,0.1478571387294354
PROXY,1,1,2018Q4,VOL,2.42861286636753e-16,9.43689570931383e-16,0.07496801785687435,0.7132382328636595,0.711128489091157,0.7111284890932733,-0.03545911355290371,,-0.0005548546333598969,0.16976845230286697,0.10531377044631282,-0.06061125077766647,-0.034147175350147475,0.007163067022535083,0.004120214419768096,-0.00032005951990384267,2.1553597328522818e-06,1.2678608456806201e-06,0.074223670665823,0.06838213566105036,0.0058415350047726355,0.03465297845411852,0.313240162934051,0.022235757306908632,0.016248902093389916,0.005986855213518716,0.14984356178063474,0.3956333540650242,0.05039970071237121,0.05252696234435483,-0.0021272616319836235,-0.015562442700859824,0.2663564815059609
PROXY,1,1,COVID,VOL,3.8337388819087437e-16,1.4363510381087963e-15,0.035359042535323515,0.4257745118011371,0.4253160605445798,0.4253160605444337,-0.11150842951354385,,-0.0004963420955174957,0.09735853402029739,0.13339129992330523,-0.13152284329108113,-0.0989907836961687,0.0016923604594198114,0.0013544155650295044,-0.00039854187842496187,3.2272389815576277e-06,2.6526215838831833e-06,0.26027948482995633,0.24618804826702306,0.014091436562933268,0.07829118607739416,0.6107330008916142,0.08845865266476015,0.09097850096919735,-0.0025198483044372028,-0.03740005940231983,0.5586132534015795,0.1738730396926279,0.17381848828662294,5.4551406004965663e-05,0.0003719304711793381,0.542523414686978
PROXY,1,1,2022,VOL,3.7990444123892075e-16,5.898059818321144e-17,0.014698976693067134,0.6305115588984336,0.6301577159864596,0.6301577159803216,-0.06148877737274669,,-0.0005162723116588329,0.06679993321718307,0.06916659155456277,-0.07332175134489814,-0.060329755902450356,0.007662694632089733,0.006285866827979866,-0.0004237056585692229,-6.428829939159385e-08,-2.0128455981185628e-08,0.08779402204914569,0.08957721723603801,-0.0017831951868923224,-0.011738664715971847,0.3635588201855501,0.018108850140708573,0.022688459844554434,-0.004579609703845862,-0.11957676821281127,0.29692991831920335,0.04640369391649024,0.09485801426802665,-0.048454320351536406,-0.28841837360906664,0.17653512862779064
PROXY,1,1,2023_PLUS,VOL,4.874572967494828e-16,2.220446049250313e-16,-0.04717989746474871,0.8994228473966359,0.8995191653238173,0.8995191653187874,-0.029361414530603896,0.7906954956639118,-0.0003102712827597103,-0.021696168511233356,-0.023459219790222002,-0.026339592749839054,-0.028735978229965806,0.00450672549080842,0.005386408660936547,-0.00037105322447369255,-8.439181409096354e-08,-5.488102398453431e-08,0.03224078092570416,0.015428500261242234,0.01681228066446193,0.12181494296784812,0.2101150968183303,0.008792126040425702,0.004789181809970969,0.004002944230454733,0.0955354295516988,0.1883114356734067,0.03704188037793499,0.019123924462789987,0.017917955915145,0.10035909644537988,0.18739976933137925
PROXY,1,1,2024_PLUS,VOL,4.874572967494828e-16,2.42861286636753e-16,-0.05557300499600584,0.8952602158606169,0.895376315052363,0.8953763150511865,-0.037891440095815576,0.7439363987584405,-0.00035643583243911287,-0.02197097797210339,-0.02326011800821773,-0.03440763374992285,-0.03729859294423936,0.0045715636057589255,0.005407577397474787,-0.000421971057973136,3.529477368150004e-08,9.96169498320235e-08,0.03724721539567462,0.016750153333623535,0.020497062062051083,0.143113445242688,0.23283492564774055,0.010678517424160032,0.005537425306482956,0.005141092117677076,0.11071883063800347,0.20546994296547183,0.03704188037793488,0.019921562547138283,0.017120317830796594,0.09632182496084973,0.1873997693313787
PROXY,1,1,EX_MAJOR_SHOCKS,VOL,4.874572967494828e-16,2.1163626406917047e-16,-0.0291000861417723,0.8875969331929809,0.887684775082641,0.8876847750883365,-0.01425722287522753,0.8087468195826174,-0.0002444455177771352,-0.01722495493090801,-0.01701126311596106,-0.014503331748567981,-0.013657049039847305,0.001625933233036941,0.0018459110179477585,-0.0002775067031756062,-1.7840351642169573e-07,-1.783007358803366e-07,0.03527957700256175,0.01711571072718923,0.018163866275372517,0.1349416003460865,0.23252914484026888,0.010473760550923937,0.005130341791496733,0.005343418759427204,0.132963106033135,0.2311191977496,0.0839396427678869,0.03267210039358215,0.05126754237430475,0.17129720240211532,0.25285910268352674
PROXY,1,1,ALL,CORE_VOL,4.521123059264553e-16,3.139849491518021e-16,-0.006277056756711419,0.9222601852452499,0.9222875423376179,0.9222875423378613,-0.00041051953337736813,0.9397026095609119,-0.00013390923716421623,-0.009043006322490403,-0.0073016673874105415,-0.003531799562682193,1.4941255973165109e-05,0.0010527746204434592,0.0011568859100753934,-0.0001472067557701059,-2.732349634966907e-08,-9.779579644173842e-09,0.03539766014285342,0.01454337538624223,0.02085428475661119,0.12234301621740495,0.19133779750983482,0.011124300883185292,0.0044195867182288545,0.006704714164956438,0.12854229846435183,0.19661473782756145,0.1198484385241615,0.0319272194951884,0.0879212190289731,0.1683340728113396,0.21624345898413422
PROXY,1,1,DOTCOM,CORE_VOL,4.291543249240748e-16,7.719519468096792e-17,-0.0033835146461123067,0.8159869038427132,0.8158013841677363,0.8158013841701545,-0.027132142912161775,,-0.0001380275145281246,0.013192871542841815,0.021493991904040045,-0.033463902094083633,-0.027580841789576472,0.003146212554007593,0.002827617923698744,-0.00012408139303169975,-2.3983805419459305e-07,-2.012912428462539e-07,0.059822431668569515,0.047753775967067064,0.012068655701502451,0.05754787075521017,0.2323482346556036,0.01826100026757793,0.01485048521401433,0.003410515053563601,0.05204782160909116,0.22719171499526325,0.04504178781750878,0.05394303107879672,-0.008901243261287939,-0.03201666268675307,0.13568351824287594
PROXY,1,1,GFC,CORE_VOL,4.4116186398435175e-16,1.3877787807814457e-17,0.03172120385050642,0.8358457721988088,0.8355868277156335,0.8355868277211268,0.0159172197891032,,-0.00016369510052115403,0.002160765621540338,0.01355503545610106,0.00773942137426883,0.016605347265066024,0.00178351208572612,0.001718461198257662,-0.0001580151109919928,3.574416620436429e-07,3.7504207364828853e-07,0.08577768554295936,0.04902616394171114,0.03675152160124823,0.15126007181697365,0.2937639744643108,0.02598085054624033,0.013251852449940399,0.012728998096299932,0.1891799554209891,0.3225952774831513,0.11984843852416216,0.06963150551281871,0.050216933011343445,0.10362602617360006,0.21624345898413522
PROXY,1,1,2011,CORE_VOL,3.604972223514302e-16,0.0,-0.01851046451450815,0.8662836892253836,0.8662652337683711,0.8662652337709885,-0.01937295727061284,-0.18636182012301505,-0.00021930693848444267,-0.005205884123747593,0.0004193019704426245,-0.021797674428696477,-0.018740527767162583,3.259236219421262e-05,3.30827259776661e-05,-0.00022167726813351267,-6.559426994172416e-07,-6.441756323470249e-07,0.04606014075636805,0.029301650712127342,0.01675849004424071,0.0892151245542342,0.21211673249135943,0.014736388349240272,0.0100537681199874,0.004682620229252872,0.07189821326351276,0.19600892176428575,0.028083132237133324,0.026186498820184867,0.0018966334169484567,0.010818570085704415,0.1393708936607364
PROXY,1,1,2015_2016,CORE_VOL,4.451179244043688e-16,6.314393452555578e-16,-0.012572882251357505,0.9536081078622374,0.953604539015193,0.9536045390177822,-0.009869490395619428,0.8086707657218991,-0.00015495435600289338,-0.00342747434284475,-0.0026631081966869744,-0.010021689096893922,-0.009826590114583825,7.664312789882204e-05,8.120022574547258e-05,-0.00016455442902529126,1.3700300857501075e-07,1.702631924816634e-07,0.012136739162472265,0.006690162104588809,0.005446577057883456,0.03985404776630985,0.08466316274107755,0.0022281713404978185,0.0017730804012315651,0.0004550909392662533,0.012496177220069682,0.058342085085692164,0.010714592769038966,0.006089000678494716,0.0046255920905442505,0.036345919964526074,0.08034651770147072
PROXY,1,1,2018Q4,CORE_VOL,3.46077333457373e-16,2.3869795029440866e-15,0.036603401198031404,0.8565777393305325,0.8553036911367056,0.8553036911334134,-0.016295588524823323,,-0.000275188159785559,0.08503735218600653,0.05143965301598004,-0.03082455075717986,-0.016681016466658892,0.0035863778097979973,0.0019976874065704637,-0.00015378580865719183,1.5134331493641425e-06,8.63050799372882e-07,0.038340505754544146,0.03424370382437872,0.004096801930165428,0.020210081152789994,0.16180534001880542,0.011117790939563665,0.008126747712230431,0.0029910432273332344,0.06221464597353232,0.19781511636874527,0.024989024934067516,0.025951873732907194,-0.0009628487988396772,-0.005897384009311724,0.13206405323095816
PROXY,1,1,COVID,CORE_VOL,3.0661237437890065e-16,3.608224830031759e-16,0.025654100526051965,0.7130021668490372,0.7125296897718995,0.7125296897768977,-0.050897775484547575,,-0.00023962486115636922,0.04870100947085726,0.07317962134240143,-0.06645403108898223,-0.04801672173649621,0.0008537826007028118,0.0006807163779997615,-0.00019159813325830328,2.5162059678405873e-06,2.082675404931877e-06,0.1375551921913114,0.12359515891757022,0.01396003327374118,0.04613660619827753,0.3227664883773177,0.060431755744745574,0.045470421320520815,0.01496133442422476,0.13253772016094945,0.3816243936393382,0.08408447077055803,0.0833980969661543,0.0006863738044037282,0.002894975915778253,0.26236266580047996
PROXY,1,1,2022,CORE_VOL,4.521123059264553e-16,1.205632815803881e-15,0.007969254235423828,0.8153539723498398,0.8151150821078896,0.8151150821009294,-0.02983103432178097,,-0.00025558609858988444,0.033393423904999414,0.03526810651086321,-0.037068517190493935,-0.03021893045397107,0.003830353001524007,0.0031289620620448193,-0.00020893260434886834,3.2086636599394366e-08,4.872083452742961e-08,0.04517280939174692,0.04482479620799515,0.0003480131837517719,0.0017696162108845614,0.1870625459867522,0.009209271367145742,0.011338132503930475,-0.002128861136784732,-0.042878385340815006,0.15100396621422185,0.023410813162089483,0.04647388539646846,-0.02306307223437898,-0.10658387906436961,0.08906254144957149
PROXY,1,1,2023_PLUS,CORE_VOL,3.949612989093132e-16,1.1587952819525071e-15,-0.023443626182231586,0.9497550647574826,0.9498054959942168,0.9498054959950198,-0.0145463887885727,0.8959968795697625,-0.00015515243853117275,-0.010838170490490412,-0.011750818864521732,-0.013154538585766444,-0.014222730309489916,0.002251568749796813,0.0027174088900486244,-0.00018733772116543825,-1.5054855188631648e-07,-1.481771042836651e-07,0.01737753197204045,0.007707788131857574,0.009669743840182876,0.06635126306265149,0.11325041478315756,0.005102011217928158,0.002392507434144077,0.0027095037837840813,0.06116706481571432,0.10927585123920258,0.01842477772108808,0.009518058960171993,0.008906718760916088,0.04733982791582447,0.09321338602914431
PROXY,1,1,2024_PLUS,CORE_VOL,3.949612989093132e-16,4.3021142204224816e-16,-0.027624388905039265,0.9476857690679026,0.94774669893928,0.947746698936535,-0.018805094150804946,0.872715169790978,-0.00017823785469826708,-0.010973195286988374,-0.011649643828728708,-0.017171879553131972,-0.018493751904508617,0.0022834101321273204,0.002732556597376856,-0.00021343636311573811,-1.3060560971495418e-07,-1.1340606348780813e-07,0.020106540604617335,0.008366455993280925,0.01174008461133641,0.07743803768937374,0.12568737923031414,0.006394329560876502,0.0027657628708437146,0.0036285666900327876,0.07374322121096255,0.12303604311242411,0.01842477772108775,0.009911574346922802,0.008513203374164946,0.045343104238409926,0.09321338602914264
PROXY,1,1,EX_MAJOR_SHOCKS,CORE_VOL,4.512669670450956e-16,2.463307335887066e-16,-0.014325882156823538,0.9438150280257105,0.9438612527717716,0.9438612527653678,-0.006918940720403499,0.905846652431584,-0.00012194292708579586,-0.008609584244659404,-0.008460194936414638,-0.007326063400970071,-0.0066547157341491445,0.0008126098511355966,0.0009284818225108644,-0.00013931881738212423,-1.3173976875296263e-07,-1.3449138874223887e-07,0.019125554860704608,0.00855765038461076,0.010567904476093848,0.07381705809660477,0.12605731967909828,0.0057655343722888205,0.002564410454546223,0.0032011239177425974,0.07487455687782496,0.12722514251135786,0.04504178781750878,0.016210764116478482,0.0288310237010303,0.09130926449633336,0.13568351824287594
PROXY,1,3,ALL,VOL,4.848552115355176e-16,8.153200337090993e-17,-0.01472778736831501,0.8445511818208615,0.8446038130874894,0.8446038130826107,-0.0028205798369076024,0.8585128728586177,-0.0008052309792491075,-0.018082669664698625,-0.015131813053355966,-0.0064672860730859,-0.0010190600482273915,0.002105575021014984,0.0023049531863612326,-0.0008817842295843181,-1.5146372566359634e-07,-8.322350864449176e-08,0.06379692179286921,0.029049654393682012,0.034747267399187196,0.22280786159685317,0.34484567944223243,0.01995667651568496,0.008836780137239805,0.011119896378445154,0.2329144769624385,0.35272119679644376,0.26109964980712685,0.06569562584128641,0.19540402396584045,0.399980749934567,0.47110410539438696
PROXY,1,3,DOTCOM,VOL,4.701100619897147e-16,9.367506770274758e-16,-0.009581788890674237,0.6318003445994691,0.6315278539664005,0.6315278539683935,-0.056172710887935136,,-0.0008282075041845812,0.02639110868326651,0.04029993941274421,-0.06545915397565642,-0.05477493361561286,0.006293510348853955,0.005636036545200186,-0.0007419288880277152,-1.0699877114400246e-06,-9.023449789939952e-07,0.1155173102547036,0.09537238274714172,0.02014492750756189,0.12427241354294372,0.44865385506167577,0.03650790826524084,0.029713926953028443,0.006793981312212399,0.1341011104078731,0.45420810295896974,0.08957901962408577,0.11119069881057275,-0.021611679186486987,-0.09789165402398803,0.26984711602897027
PROXY,1,3,GFC,VOL,4.307941807099591e-16,1.1657341758564144e-15,0.05825595933822242,0.6720532902618288,0.6716618250412327,0.6716618250394779,0.028035331666665744,,-0.0009741958654056451,0.004315115576403632,0.023374123838596713,0.019043376971649238,0.0323532822908929,0.0035635991083437304,0.003479940915330382,-0.0009527473576804345,1.2887117972589263e-06,1.3596510840332942e-06,0.15829264192058423,0.09746655750316713,0.0608260844174171,0.3126843821036098,0.5421069048984567,0.04270666729174468,0.026472315538689332,0.01623435175305535,0.30027654583422037,0.5302739862515645,0.2610996498071244,0.1478242351862572,0.11327541462086721,0.2787254718811054,0.47110410539438297
PROXY,1,3,2011,VOL,4.2226964112879184e-16,9.71445146547012e-16,-0.04006025266428345,0.7325194353834377,0.7324980373553993,0.7324980373550039,-0.04083814900115214,-1.5675181856263158,-0.001330206945000753,-0.01041303065495242,-0.0005549274039437137,-0.043266830874784924,-0.038237357669045235,6.517775932846258e-05,6.543812387253647e-05,-0.001330539600010078,-2.948730918708122e-06,-2.8661151579351263e-06,0.08634043810198014,0.0585242595660756,0.02781617853590454,0.17536253293798754,0.39761605829509905,0.0258120838377524,0.020110211075076517,0.0057018727626758844,0.10353483681931575,0.3433269130551948,0.055000996722481266,0.05264037614949546,0.0023606205729858054,0.015858109895142025,0.27295879963516056
PROXY,1,3,2015_2016,VOL,4.0427188506553247e-16,9.71445146547012e-17,-0.02591396777733073,0.9071996974016656,0.9071934859054573,0.9071934859102048,-0.020467877330095884,0.6056513126567498,-0.0009313067954417299,-0.006856100557165919,-0.005384650403210421,-0.0199371144477483,-0.019709150898787196,0.0001533790534752388,0.00016149886933147035,-0.0009828489700335393,1.0020331035000364e-06,1.1836253690511079e-06,0.022484345179016138,0.01337836818286664,0.009105976996149498,0.07005951593461945,0.1568457350474889,0.003707156937541402,0.0035466905711648983,0.00016046636637650352,0.004631758723479984,0.09706760945400728,0.01916471301227718,0.012187396338512513,0.006977316673764666,0.05758411256600948,0.14371222373789228
PROXY,1,3,2018Q4,VOL,3.0747973611688906e-16,1.7208456881689926e-15,0.07428986477747551,0.7132382328636595,0.7111284890911572,0.7111284890932735,-0.03610675960420451,,-0.0016646216262144681,0.16976845230286683,0.10525551888403861,-0.06061125077766642,-0.03412768495343898,0.007163067022535082,0.004117920934223239,-0.0009596923440678361,6.467407785788509e-06,3.8022567187720175e-06,0.07420995001523017,0.06837963650313703,0.005830313512093149,0.0345858979015895,0.31318225878044725,0.022226683184113687,0.01624792035387012,0.005978762830243567,0.14963734261521222,0.39547190124886744,0.05016458948651081,0.0525169379346796,-0.002352348448168784,-0.01720785205156683,0.26511394637187014
PROXY,1,3,COVID,VOL,3.5301622736128024e-16,1.2004286453759505e-15,0.03455331208755083,0.4257745118011371,0.4253160605445798,0.4253160605444337,-0.11221158984518387,,-0.0014890508731924853,0.09735853402029739,0.13332750648845007,-0.13152284329108116,-0.09894081651868813,0.001692360459419811,0.0013537357908677088,-0.0011950686576277546,9.682762911211865e-06,7.954984547738794e-06,0.2602454956466874,0.24618667510627618,0.014058820540411215,0.07810937747799196,0.6106532469459304,0.08845865266476038,0.09097456499715495,-0.0025159123323945654,-0.037339459657067975,0.5586132534015814,0.17373980088268537,0.17380349945717777,-6.369857449239902e-05,-0.0004342513180497498,0.5421076793074927
PROXY,1,3,2022,VOL,3.608224830031759e-16,5.48172618408671e-16,0.013844532162242518,0.6305115588984336,0.6301577159864595,0.6301577159803216,-0.062295268499201556,,-0.0015488049509548769,0.06679993321718307,0.06913072648550675,-0.07332175134489816,-0.060298285012932454,0.007662694632089733,0.006282619129171401,-0.001270468260216333,-1.9268915714254064e-07,-6.017928629751142e-08,0.0877998925948236,0.08957806117097367,-0.0017781685761500687,-0.011705639876800511,0.363583130367618,0.01808958683020126,0.022687496879032154,-0.004597910048830894,-0.1200515843029708,0.2966140587714655,0.045880449419515745,0.09482034434290432,-0.04893989492338857,-0.29124339221687867,0.17454453204417797
PROXY,1,3,2023_PLUS,VOL,4.448481513708025e-16,6.938893903907228e-17,-0.047907885788721905,0.8994228473966359,0.8995191653238173,0.8995191653187874,-0.03007235969777486,0.7874659160442121,-0.0009307945313576363,-0.021696168511233356,-0.023452073217661632,-0.026339592749839054,-0.02872760197341458,0.00450672549080842,0.005384767334643927,-0.0011128133260051307,-2.531882561872697e-07,-1.6460628455807362e-07,0.03223902297993059,0.015428785297556591,0.016810237682373996,0.12180039190027514,0.21010364018062466,0.008777407934897244,0.004788754742232379,0.003988653192664865,0.09519338523261967,0.18799620047662802,0.0369378975577066,0.019121839139368713,0.017816058418337888,0.09978719949795856,0.1868737064985425
PROXY,1,3,2024_PLUS,VOL,4.44956571588051e-16,1.942890293094024e-16,-0.056397530247946165,0.8952602158606169,0.895376315052363,0.8953763150511865,-0.03869795925959249,0.740137235741403,-0.0010692891202042194,-0.02197097797210339,-0.023251982627338963,-0.03440763374992285,-0.03728606332506676,0.0045715636057589255,0.005405684899400963,-0.0012654678512729089,1.0579887337223803e-07,2.9865633169628753e-07,0.03724343363747075,0.016750562537802494,0.020492871099668256,0.14308459214876068,0.23281128561503306,0.010661930276526774,0.005536887562965401,0.005125042713561373,0.110371911622553,0.20515078252935603,0.03693789755770671,0.01991939913920049,0.017018498418506223,0.09574780618626655,0.18687370649854318
PROXY,1,3,EX_MAJOR_SHOCKS,VOL,4.848552115355176e-16,2.0122792321330962e-16,-0.02964806405686654,0.8875969331929809,0.887684775082641,0.8876847750883362,-0.014790109174593946,0.8051309958964273,-0.0007333242584552379,-0.01722495493090801,-0.01700698538801958,-0.014503331748567976,-0.01365368381642243,0.001625933233036941,0.0018454481595384742,-0.000832308247077807,-5.351842201252363e-07,-5.347648854009429e-07,0.035280560343922754,0.017115879097741843,0.01816468124618091,0.1349470871909113,0.23253450019253996,0.010464021359940567,0.005130039087410249,0.005333982272530319,0.13272729320696575,0.2309042879284462,0.0833676631615452,0.03266693379175356,0.05070072936979164,0.16940041935058125,0.25113607593187814
PROXY,1,3,ALL,CORE_VOL,4.647974713445358e-16,5.898059818321144e-16,-0.006570524055446211,0.9222601852452499,0.9222875423376179,0.9222875423378611,-0.0006916948805298917,0.9368781916000197,-0.00040172540569455707,-0.009043006322490403,-0.00730062532818588,-0.003531799562682193,1.4965290719920292e-05,0.001052774620443459,0.0011567234060900237,-0.0004415581313978719,-8.192404744840741e-08,-2.9292672993116753e-08,0.03539736180165176,0.014543473564396309,0.020853888237255452,0.12234040868513985,0.19133567792792006,0.011117774945287658,0.00441923420106681,0.0066985407442208475,0.12842307414652587,0.19649939614611156,0.11953371766450993,0.031912427743417515,0.08762128992109242,0.16775507730175232,0.2156756057175956
PROXY,1,3,DOTCOM,CORE_VOL,3.7686867515596134e-16,2.17057274931598e-15,-0.0036305457524274942,0.8159869038427132,0.8158013841677363,0.8158013841701545,-0.027371393557779802,,-0.00041409882651196646,0.013192871542841815,0.02148790788742697,-0.03346390209408364,-0.027572495039756312,0.003146212554007593,0.0028267840229777327,-0.00037213888639360857,-7.193248129284246e-07,-6.037366844466438e-07,0.05982363015511849,0.047755060233541285,0.012068569921577205,0.05754602805529374,0.23234701564378712,0.018254511177930983,0.014849701389995432,0.003404809787935552,0.0519601320883647,0.22711098188184964,0.04485090033152328,0.05393504963670437,-0.009084149305181088,-0.032673614929446204,0.13510849032009453
PROXY,1,3,GFC,CORE_VOL,3.874938564463193e-16,2.0122792321330962e-16,0.031400898715093335,0.8358457721988088,0.8355868277156338,0.8355868277211267,0.01562955287717839,,-0.0004910816719167655,0.0021607656215403377,0.013552888446745457,0.00773942137426883,0.016602672801244337,0.0017835120857261197,0.0017181793066955364,-0.00047396693672651117,1.0724715582549815e-06,1.125097134717166e-06,0.08577446464835159,0.04902639914545748,0.03674806550289411,0.15124599379261616,0.29375294382393713,0.02597186673013923,0.013250338221430166,0.012721528508709064,0.18906468664456944,0.32248372853124796,0.1195337176645096,0.06960103140429375,0.04993268626021585,0.10303298457472787,0.21567560571759525
PROXY,1,3,2011,CORE_VOL,4.2977774117325396e-16,8.326672684688674e-16,-0.018951112172638358,0.8662836892253836,0.8662652337683711,0.8662652337709884,-0.019787348711966406,-0.2146035510273919,-0.0006579275402927373,-0.005205884123747593,0.0004191010026970405,-0.021797674428696494,-0.01873645917307098,3.259236219421264e-05,3.307546988916012e-05,-0.0006648973507027274,-1.9678267177551636e-06,-1.9321214516829903e-06,0.04606790218797885,0.02930196729929163,0.016765934888687217,0.08925490819052107,0.2121524755326465,0.014728663100420161,0.01005317388868028,0.0046754892117398805,0.07178806670492055,0.19590616811422568,0.02792801244307752,0.02617591592675561,0.0017520965163219104,0.009993515148521426,0.1386010655610963
PROXY,1,3,2015_2016,CORE_VOL,3.7708551559045844e-16,3.0184188481996443e-16,-0.012899678481711876,0.9536081078622374,0.9536045390151933,0.9536045390177823,-0.010190326373455502,0.8036977077333916,-0.00046485451136744416,-0.003427474342844733,-0.002662689239221589,-0.010021689096893927,-0.009825104280974077,7.664312789882202e-05,8.118779456159057e-05,-0.0004935834272927259,4.109634525482759e-07,5.106712146231647e-07,0.01213435528634596,0.006690119760869362,0.005444235525476598,0.03983690181006949,0.0846465333573746,0.0022199913444658215,0.0017730258918235778,0.0004469654526422437,0.012273044057028004,0.058127901366592294,0.01046925206540783,0.006085453228041993,0.004383798837365838,0.03444505208842985,0.0785067584486363
PROXY,1,3,2018Q4,CORE_VOL,2.1532255145562118e-16,7.840950111415168e-16,0.036287813261709545,0.8565777393305325,0.8553036911367056,0.8553036911334133,-0.016594413330777158,,-0.0008256074178995072,0.08503735218600653,0.051425685839609575,-0.03082455075717993,-0.01667634393848137,0.0035863778097979973,0.0019971415645811987,-0.00046125925444669125,4.541360421821262e-06,2.5890504460515394e-06,0.038331223149527804,0.03424220036395592,0.004089022785571883,0.020171555966533417,0.16176616539052724,0.01111307875972111,0.008126160941572362,0.002986917818148749,0.062128077882405264,0.19773127413704872,0.024875850111811704,0.02594602067944085,-0.0010701705676291473,-0.006554487635560102,0.13146593762659808
PROXY,1,3,COVID,CORE_VOL,4.1904413966564746e-16,8.604228440844963e-16,0.02526970373767315,0.7130021668490372,0.7125296897718995,0.7125296897768977,-0.05120213220857073,,-0.0007188987137564717,0.04870100947085726,0.0731626452452101,-0.06645403108898225,-0.04800505975818962,0.0008537826007028118,0.0006805517381522106,-0.0005746811033632133,7.549844518555026e-06,6.247615862808372e-06,0.1375394288192175,0.12359404009362829,0.013945388725589203,0.04608803691881225,0.3227295004005304,0.060424240126972895,0.04546720849672792,0.014957031630244977,0.13249583205745608,0.3815769327797295,0.08402918413895633,0.08338648791054193,0.0006426962284143967,0.002710620644491568,0.26219015894020925
PROXY,1,3,2022,CORE_VOL,4.464744546295307e-16,1.2750217548429532e-16,0.007549594798811815,0.8153539723498398,0.8151150821078896,0.8151150821009294,-0.03022099995619812,,-0.0007667597390580124,0.033393423904999414,0.03525906465352365,-0.037068517190493956,-0.030211135480046676,0.003830353001524008,0.003128162729302762,-0.0006266434125912912,9.647259541147072e-08,1.463086234960697e-07,0.045174572923985606,0.04482534379373057,0.00034922913025503544,0.0017758041357333054,0.187069848849579,0.009201413940472906,0.01133751555748444,-0.0021361016170115335,-0.04302368460981265,0.1508751283784654,0.02316069984975022,0.04645090427939069,-0.02329020442964047,-0.10762211971076407,0.08811102698943407
PROXY,1,3,2023_PLUS,CORE_VOL,4.647974713445358e-16,1.0061396160665481e-16,-0.023815049484700257,0.9497550647574826,0.9498054959942166,0.9498054959950198,-0.014908755864694423,0.8943491318127825,-0.00046545170834158973,-0.01083817049049046,-0.011749022551679953,-0.013154538585766392,-0.01422065139876093,0.0022515687497968117,0.002716993400015143,-0.0005619244257851632,-4.5168447953223456e-07,-4.445084894533294e-07,0.01737832654389232,0.007707940194270152,0.009670386349622168,0.06635574103145714,0.11325559305541988,0.005094440387958837,0.0023922832539209,0.002702157134037937,0.0610009054342322,0.10911369775616475,0.01837403309585295,0.009516970124721191,0.008857062971131757,0.047075631511590554,0.09295666226223942
PROXY,1,3,2024_PLUS,CORE_VOL,4.647974713445358e-16,1.3530843112619095e-16,-0.02804669284636041,0.9476857690679026,0.94774669893928,0.9477466989365347,-0.01921780807421483,0.8707693209379066,-0.0005347096025261476,-0.010973195286988374,-0.011647597940201104,-0.017171879553131965,-0.018490634421110142,0.0022834101321273195,0.0027320764231872465,-0.0006401966443383692,-3.9190902522841856e-07,-3.402638979048908e-07,0.020106971734065893,0.008366674821667947,0.011740296912397946,0.07743954981138934,0.1256900742503857,0.006385370541380123,0.0027654801476634863,0.0036198903937166363,0.07356647047861198,0.12286365876805971,0.018374033095852838,0.009910442660859275,0.008463590434993562,0.04507858361755068,0.09295666226223886
PROXY,1,3,EX_MAJOR_SHOCKS,CORE_VOL,4.647974713445358e-16,6.713379852030243e-16,-0.014602876489047734,0.9438150280257105,0.9438612527717716,0.9438612527653676,-0.007187816479947984,0.9040190957153187,-0.0003658260141237887,-0.008609584244659404,-0.00845908653302919,-0.007326063400970069,-0.006653846541355899,0.0008126098511355965,0.0009283610145977448,-0.0004179009927490611,-3.9521649865375577e-07,-4.034365119991023e-07,0.019126602689721633,0.00855773790820033,0.010568864781521303,0.07382343217839482,0.12606361558545454,0.005760031407968727,0.002564250070461467,0.00319578133750726,0.07474931306373578,0.12710371136991439,0.04485090033152328,0.016206729714327017,0.028644170617196263,0.09071633252975564,0.13510849032009453
PROXY,2,0,ALL,VOL,5.12719207368395e-16,4.579669976578771e-16,-0.016041345645186986,0.8466030653144117,0.8466623286629389,0.8466623286577691,-0.004315643733381724,0.8467841729782086,0.0,-0.01795016132317087,-0.015011511459990587,-0.008706868963649247,-0.0033149962040155373,0.0020880928873054476,0.002285162018819596,0.0,0.0,0.0,0.06436439135362475,0.02871166920093529,0.035652722152689456,0.22703037932443826,0.3465087981895667,0.019033267914513527,0.008924339906568067,0.01010892800794546,0.20646558086254463,0.3288052288036345,0.23790057914188845,0.0644483699883589,0.17345220915352955,0.3541425057080858,0.429245843846347
PROXY,2,0,DOTCOM,VOL,4.479923376710104e-16,2.463307335887066e-16,-0.008757634561117097,0.6230530300890678,0.622810324036442,0.6228103240357039,-0.052421028824250156,,0.0,0.01886411899568364,0.03550375335900878,-0.06045589719965903,-0.05021869963253808,0.006525781845336908,0.005957311712412452,0.0,0.0,0.0,0.1261079281924037,0.10085385800069566,0.025254070191708056,0.1525694622733763,0.4734155640876806,0.041405374432175325,0.02945856349051372,0.011946810941661605,0.2470741527741328,0.5321227130966549,0.10611452075830652,0.1139730286825612,-0.007858507924254687,-0.03605000609074205,0.3196585262440863
PROXY,2,0,GFC,VOL,4.955888130431241e-16,1.5057399771478686e-15,0.051800867650701105,0.6706098827489768,0.6702300279687011,0.6702300279676976,0.021791095381435775,,0.0,0.004333932669026826,0.0234687263593464,0.01153826747870073,0.024802247445238915,0.00362556976275903,0.0035298938461173,0.0,0.0,0.0,0.1583870712767708,0.09708669975479675,0.06130037152197404,0.3145083734904658,0.5424302983638304,0.045932030842088446,0.027554270886525012,0.018377759955563434,0.32889346458879143,0.5505337426749543,0.23790057914188856,0.14786951791406766,0.0900310612278209,0.22155510492093333,0.4292458438463469
PROXY,2,0,2011,VOL,4.2283884726934673e-16,5.134781488891349e-16,-0.04077207279895462,0.7421455071380478,0.7418979671263709,0.7418979671283431,-0.04143311507201506,-1.6131397436324675,0.0,-0.010047120229878,-0.0005379828068519484,-0.045614852560801576,-0.04029994850625357,6.562720951021583e-05,6.585851415038253e-05,0.0,0.0,0.0,0.08574205967767323,0.05650076627462844,0.029241293403044794,0.18202488410031614,0.394860398540851,0.01865924704171136,0.017735658084071675,0.0009235889576396858,0.01809648710252687,0.2713181280225839,0.04575617885290839,0.0502946070240925,-0.004538428171184106,-0.03001513523213828,0.22707864220352614
PROXY,2,0,2015_2016,VOL,4.440892098500626e-16,3.400058012914542e-16,-0.024210719381416286,0.9103852514890605,0.9104630913837948,0.9104630913860209,-0.019221516846592755,0.6315706845923725,0.0,-0.006614557771506434,-0.005192223514717598,-0.019324241991783182,-0.01916939164191365,0.00014321874406115405,0.00015089577521530158,0.0,0.0,0.0,0.021513237192452017,0.01290371025012127,0.008609526942330747,0.06599890845630674,0.15007150414370019,0.005455142791837474,0.00461489409564253,0.0008402486961949437,0.017935675811722174,0.10600168893151751,0.007289560978071763,0.012239798679709701,-0.004950237701637938,-0.04087221377617345,0.05466291186101002
PROXY,2,0,2018Q4,VOL,3.5648567431323386e-16,4.510281037539698e-16,0.052122373872807104,0.7147620860705501,0.7145351886765501,0.7145351886827773,-0.060448098459180255,,0.0,0.16776635069633125,0.10220684492036698,-0.0961085552042667,-0.054035529691325954,0.007004802158245699,0.003951058643766526,0.0,0.0,0.0,0.0688480920393908,0.0678222522289269,0.001025839810463891,0.0060653112418093125,0.2905540425939561,0.02468391424647509,0.020985993434242123,0.0036979208122329688,0.07094791784000176,0.33763805422093485,0.043822253854511994,0.05283949077578909,-0.009017236921277094,-0.06611871938652958,0.23159544964289258
PROXY,2,0,COVID,VOL,3.616898447411643e-16,2.598615767013257e-15,-0.029268168277202522,0.42626263786951313,0.4268370294866245,0.4268370294874174,-0.18057075662960687,,0.0,0.09710086315754764,0.12813737991233226,-0.21361262384729363,-0.1586201421360328,0.0015838752277710787,0.0012145939465006046,0.0,0.0,0.0,0.25496441683347004,0.24521249375229623,0.009751923081173841,0.05388902133152029,0.5982614554313266,0.06502431609713577,0.0922671025483397,-0.027242786451203926,-0.39867191219755416,0.40488126168949956,0.1536836744856903,0.17396922365667233,-0.02028554917098202,-0.13844878215184542,0.4795280050950522
PROXY,2,0,2022,VOL,4.3194614551822497e-16,2.6298407895808396e-15,0.009582006683806127,0.6368068137890077,0.6359991996453975,0.6359991996436135,-0.06641768076527305,,0.0,0.06574485991925794,0.0677748067192207,-0.07924512053347679,-0.06433297546459697,0.007509103009094671,0.006140175429179766,0.0,0.0,0.0,0.09061415007356455,0.08815441681417105,0.0024597332593934984,0.01604202051574055,0.3752370915917279,0.023841069401295094,0.02793349562998689,-0.004092426228691798,-0.08448537214220853,0.31216636356628646,0.058687326614142,0.09356733189887911,-0.034880005284737114,-0.20603603697794348,0.22326616435522617
PROXY,2,0,2023_PLUS,VOL,4.959140736948697e-16,6.938893903907228e-18,-0.04023321260272916,0.9013864571825252,0.9015390228245522,0.901539022824272,-0.022699321895851526,0.8196667902789808,0.0,-0.02110543446831397,-0.02280560520985211,-0.021483165446620642,-0.022699983829474357,0.0044123026777359185,0.0052723764365973005,0.0,0.0,0.0,0.033205209242928704,0.01536640028234762,0.017838808960581085,0.12891102368372997,0.21597279108437162,0.00592088708684764,0.003821628517144314,0.002099258569703326,0.06170374545995361,0.15645840265595234,0.04756976681638181,0.018868712241047914,0.028701054575333895,0.16052614388056397,0.24066173848581618
PROXY,2,0,2024_PLUS,VOL,4.959140736948697e-16,2.914335439641036e-16,-0.04190128678223437,0.8979229426840902,0.8980522645667116,0.8980522645620587,-0.024498028152864698,0.8040513006862837,0.0,-0.021184854462535728,-0.02244246756314112,-0.02400622120445473,-0.024719604760038556,0.004440083518721982,0.005260785540945596,0.0,0.0,0.0,0.038523727946482664,0.01665645274334035,0.021867275203142314,0.15211393810460405,0.24015438127904787,0.006729306088512094,0.003759704691370429,0.0029696013971416656,0.09224412928694214,0.1871718487773265,0.04756976681638192,0.019535969620753768,0.028033797195628152,0.1573814940099545,0.24066173848581685
PROXY,2,0,EX_MAJOR_SHOCKS,VOL,5.127734174770193e-16,5.620504062164855e-16,-0.02838853199631275,0.8899710496261832,0.8900642159752329,0.890064215979502,-0.013817179746743319,0.814328770876966,0.0,-0.016953154425992503,-0.01674368350205181,-0.01449365292238002,-0.013469143379729863,0.0016059047275192473,0.0018242948854694865,0.0,0.0,0.0,0.03612692230719591,0.01691394001373875,0.019212982293457165,0.1413606476436443,0.23638851473361455,0.010867623728792318,0.00513779783533605,0.005729825893456268,0.1389066080210557,0.23428024489425148,0.09938852413295152,0.03195955954805296,0.06742896458489855,0.2247613000041856,0.29939718827243667
PROXY,2,0,ALL,CORE_VOL,4.735795089416683e-16,1.8474805019152996e-16,-0.0072594060521601195,0.9232884722659946,0.9233195548267982,0.9233195548219036,-0.0014754812846859144,0.9306631796003704,0.0,-0.008976439704538899,-0.007241702936764202,-0.004679173487266901,-0.0011648966688102755,0.0010441185748209262,0.0011471935534145422,0.0,0.0,0.0,0.035640961464937504,0.014369619135573386,0.021271342329364118,0.1241169226037192,0.19187483115756454,0.010373579679743686,0.004462929781834192,0.005910649897909494,0.11063822379384569,0.1792066005391505,0.10940970835513342,0.03131360111381065,0.07809610724132277,0.14934744331266625,0.19740877789066646
PROXY,2,0,DOTCOM,CORE_VOL,4.3194614551822497e-16,4.189357194483989e-16,-0.002241508667871442,0.8115782147724531,0.8114069296621703,0.8114069296613674,-0.02492038513856038,,0.0,0.009431971093922176,0.019329321525464307,-0.030336645594435874,-0.024560841927407085,0.003264170196373176,0.002990011734070917,0.0,0.0,0.0,0.06552041210634554,0.05048984568287562,0.015030566423469921,0.069621708497968,0.24596695307893668,0.020867425912501812,0.01472524138987824,0.006142184522623571,0.09736137326912919,0.26817850204670957,0.05330558497004889,0.05524372922612841,-0.0019381442560795215,-0.007004031350858586,0.16057731411627663
PROXY,2,0,GFC,CORE_VOL,4.170383656465493e-16,3.5041414214731503e-16,0.027760146223877798,0.8351722478182637,0.8349247139978537,0.8349247139974758,0.01212010887402381,,0.0,0.002169467312159463,0.013612742765956398,0.003678245009623808,0.012403155659800836,0.001813433400089033,0.0017442477981209146,0.0,0.0,0.0,0.0848725402491603,0.04870659088197518,0.03616594936718512,0.14865448026588135,0.2906641114021288,0.024419772561117346,0.013788235576513666,0.01063153698460368,0.1526563778664377,0.29269136454171674,0.10940970835513453,0.06954937594770016,0.03986033240743436,0.08224054461535124,0.19740877789066835
PROXY,2,0,2011,CORE_VOL,4.166317898318672e-16,4.85722573273506e-16,-0.019437679958386862,0.8710407269754796,0.8708894819821179,0.8708894819855154,-0.020166978824382172,-0.24578836778127514,0.0,-0.005025876328926922,0.00040298495025997076,-0.023114142372752965,-0.019873984799748765,3.284490952013931e-05,3.3319891101445905e-05,0.0,0.0,0.0,0.04599997026079744,0.028305482265947257,0.017694487994850183,0.09370106875939987,0.2118396345775615,0.011153820909523458,0.008870031884058868,0.00228378902546459,0.038125074556281,0.16218413329895565,0.023293234942711627,0.02499104724200829,-0.0016978122992966638,-0.009618885445243253,0.11559960416105586
PROXY,2,0,2015_2016,CORE_VOL,4.2435673031082644e-16,1.5439038936193583e-16,-0.012048592165355365,0.9552006255762535,0.9552412190857429,0.9552412190909673,-0.009574170715149419,0.8166492084281097,0.0,-0.0033065642617682426,-0.002568005626098345,-0.009728582136401643,-0.009556432404555358,7.158747636017309e-05,7.584586529849294e-05,0.0,0.0,0.0,0.011721154108606607,0.0064522284072037195,0.005268925701402888,0.038487118716065694,0.08176413487393985,0.003424326194812123,0.002307035080184261,0.0011172911146278622,0.02272960892504028,0.06653984578472538,0.0047373136011306105,0.006122635319721681,-0.0013853217185910705,-0.010888141859543676,0.03552413603721105
PROXY,2,0,2018Q4,CORE_VOL,2.8362728832220796e-16,8.500145032286355e-16,0.026154672562438752,0.8574473811531789,0.8573067371913986,0.857306737191,-0.027932566039452267,,0.0,0.08386017127423463,0.05029210258378562,-0.0476387436151198,-0.026068758991318112,0.003501066145300019,0.001931328969972092,0.0,0.0,0.0,0.0356562163768086,0.03391774787440058,0.0017384685024080249,0.008562333478085549,0.15047705034380843,0.015062130877134476,0.01048811597988808,0.0045740148972463965,0.07304457353734739,0.20602682828161956,0.02182486203118117,0.02614131616700155,-0.00431645413582038,-0.0264687029307078,0.11534182500713785
PROXY,2,0,COVID,CORE_VOL,3.404394821604484e-16,2.498001805406602e-16,-0.006568493634501321,0.7133824412667309,0.7137889635288374,0.7137889635352247,-0.0865217302207173,,0.0,0.048487672994076844,0.07153975179871863,-0.10642066137642035,-0.07872913415238461,0.0007958951940068868,0.0006208887191649085,0.0,0.0,0.0,0.13442750342128296,0.12279188892937515,0.011635614491907809,0.03835280278509601,0.3154275206149433,0.05150674937004729,0.0460931663672669,0.005413583002780387,0.04727698619093523,0.320712602948671,0.0745594400383327,0.08352805001206898,-0.008968609973736275,-0.03784839789423611,0.23264240435580474
PROXY,2,0,2022,CORE_VOL,4.447397311535539e-16,1.2923689896027213e-16,0.005541345513089685,0.8185106226374046,0.817978603845931,0.8179786038441048,-0.032312600070930786,,0.0,0.032876222197311206,0.03464830893370784,-0.03994708164601463,-0.03216830692223097,0.0037535703219905743,0.0030613435016126856,0.0,0.0,0.0,0.04652818354153354,0.04412223528608514,0.0024059482554484035,0.012190483733635737,0.19267520861804788,0.012334658581354713,0.013958501761379236,-0.0016238431800245229,-0.026017099385408304,0.16150557050784076,0.029395297149326316,0.045902772547684045,-0.01650747539835773,-0.07608696801896331,0.11182951453492695
PROXY,2,0,2023_PLUS,CORE_VOL,4.735795089416683e-16,1.1275702593849246e-15,-0.02012019943128257,0.9506978010977036,0.9507778961240213,0.9507778961280985,-0.011348805643272092,0.9098172900211283,0.0,-0.010550919943602386,-0.011409153935917531,-0.010977242150432097,-0.011368855472201234,0.0022060100032119676,0.0026578099768350652,0.0,0.0,0.0,0.018380960440739003,0.007688962546342687,0.010691997894396316,0.07320366850402404,0.11955314903016967,0.003079698380460856,0.0019107507459066378,0.0011689476345542182,0.03253180794671251,0.0813804894775606,0.02428811374001627,0.00940223476231361,0.01488587897770266,0.07907080207202088,0.12287677801272323
PROXY,2,0,2024_PLUS,CORE_VOL,4.161710039085609e-16,1.4849232954361469e-15,-0.020946141546331593,0.9489609968222794,0.9490289336574788,0.9490289336575324,-0.012239404269123316,0.9020467029335989,0.0,-0.010591845102563996,-0.011210636344678488,-0.012324518184190834,-0.012388948597032262,0.00222017056592525,0.0026534433953776734,0.0,0.0,0.0,0.021446533701114018,0.008337455826374435,0.013109077874739583,0.08620146148013474,0.1336962777518924,0.0035290801680495504,0.0018809324754879009,0.0016481476925616495,0.04837303292466244,0.09815937198411562,0.024288113740016493,0.009734592345291726,0.014553521394724767,0.07744210287194608,0.12287677801272434
PROXY,2,0,EX_MAJOR_SHOCKS,CORE_VOL,4.735795089416683e-16,1.6306400674181987e-16,-0.013932116462103544,0.9449911889169016,0.9450401887748111,0.945040188779692,-0.0066603139971427305,0.9088789378704046,0.0,-0.008475331077951054,-0.008323685801788777,-0.007330357816354241,-0.006526248948979102,0.0008029212579320457,0.0009178182886644969,0.0,0.0,0.0,0.01978232024075252,0.008459574720924956,0.011322745519827565,0.07842919659843428,0.12944123111103656,0.0059581834068702585,0.0025686344325466445,0.003389548974323614,0.07735403034300514,0.1284443317620778,0.05330558497004889,0.01585683452706721,0.03744875044298168,0.11846923364458317,0.16057731411627663
PROXY,2,1,ALL,VOL,4.640385298237959e-16,2.983724378680108e-16,-0.016325717974144657,0.8466030653144117,0.8466623286629388,0.8466623286577694,-0.0045887293045629995,0.8440614446046374,-0.0002617731370901436,-0.01795016132317088,-0.015009455732606744,-0.008706868963649235,-0.0033144242694808455,0.0020880928873054476,0.0022848572226770816,-0.00028653234428763983,-1.6736390256940557e-07,-1.6285044681327935e-07,0.06436440512560827,0.028711851379238623,0.03565255374636965,0.22702786178108392,0.34650666771680794,0.01902682142356177,0.008924017286945411,0.010102804136616357,0.20633914679661325,0.328693863800951,0.2375760787311989,0.06443461505982839,0.1731414636713705,0.353498119879893,0.42866034526068864
PROXY,2,1,DOTCOM,VOL,3.4867941867133823e-16,5.898059818321144e-17,-0.009013379339031777,0.6230530300890678,0.622810324036442,0.6228103240357039,-0.05267116084981037,,-0.00028218515870817796,0.01886411899568364,0.035497008456862204,-0.06045589719965904,-0.050206778670708926,0.006525781845336907,0.005956013052673154,-0.0002557065011157263,-4.164863457668522e-06,-3.915676742423184e-06,0.12612257157845694,0.10085948030679207,0.025263091271664873,0.15261447688984642,0.4734422590554571,0.04139719210074791,0.029457882848274858,0.011939309252473052,0.24691553328362492,0.53201755755928,0.10593179068449488,0.11396494097143717,-0.008033150286942292,-0.03684979076986594,0.3191080716439265
PROXY,2,1,GFC,VOL,4.0419056990259605e-16,6.938893903907228e-18,0.05150987411603606,0.6706098827489768,0.6702300279687011,0.6702300279676975,0.021526482568568664,,-0.0002914361498964961,0.004333932669026826,0.02346532792117145,0.011538267478700737,0.024798621774687085,0.00362556976275903,0.003529377389003903,-0.00028362053480193337,1.4303987789036185e-07,1.6756597555075763e-07,0.1583860838070628,0.09708667789038455,0.061299405916678235,0.31450338406481104,0.5424269165632583,0.04592405152189365,0.027553502876217585,0.01837054864567606,0.3287598903483143,0.5504381038597244,0.23757607873120268,0.147842462718204,0.08973361601299867,0.22080842840237103,0.42866034526069496
PROXY,2,1,2011,VOL,3.5128150388530344e-16,2.636779683484747e-16,-0.04118069517436416,0.7421455071380478,0.7418979671263709,0.741897967128343,-0.04181946229249039,-1.6393289289256636,-0.0004160295672275388,-0.010047120229878,-0.0005377721402226896,-0.04561485256080158,-0.04029142580630353,6.562720951021582e-05,6.58449239935688e-05,-0.00041764078233080153,2.761430349777238e-07,2.9863049955382977e-07,0.08574026857976108,0.05650076893380343,0.02923949964595765,0.18201372110830383,0.3948521501544926,0.01864150443056719,0.01773517267496185,0.0009063317556053385,0.017758186473321613,0.27106013840322185,0.045550487918010085,0.050285090087995976,-0.004734602169985891,-0.031310571658586195,0.2260578397811822
PROXY,2,1,2015_2016,VOL,4.553649124439119e-16,1.078998002057574e-15,-0.024517086642266137,0.9103852514890605,0.9104630913837947,0.9104630913860209,-0.01952171330587437,0.6269085067198373,-0.00029377468872209813,-0.006614557771506445,-0.00519147859959631,-0.019324241991783175,-0.019166568652190775,0.00014321874406115405,0.00015087388107715618,-0.0003095597197037803,-3.6749977442467723e-07,-3.535518535053979e-07,0.021515992247708282,0.012903836578189914,0.008612155669518368,0.06601912368550444,0.15009072278953262,0.005438964893617039,0.004614771812711221,0.0008241930809058176,0.017592911940338074,0.10568732785974244,0.007008628794096694,0.01223529910567156,-0.005226670311574866,-0.04315300860752802,0.052556259449740184
PROXY,2,1,2018Q4,VOL,3.616898447411643e-16,6.661338147750939e-16,0.05183215638672206,0.7147620860705501,0.7145351886765501,0.7145351886827772,-0.060717535392737276,,-0.0004929871199438284,0.16776635069633125,0.1021814510005073,-0.09610855520426667,-0.05402220724422877,0.007004802158245698,0.003950086494300185,-0.000276521034598925,-1.207351615173941e-06,-6.528292583860095e-07,0.06886163911483761,0.06782287351591074,0.0010387655989268774,0.006141757947477955,0.29061121422238934,0.024683914246475203,0.020985689954246878,0.003698224292228325,0.0709533272468762,0.3376380542209363,0.0437186039941454,0.05283268228213811,-0.00911407828799271,-0.06682547074053269,0.2310476723401379
PROXY,2,1,COVID,VOL,3.5995512126518747e-16,2.255140518769849e-16,-0.029611371243671886,0.42626263786951313,0.4268370294866245,0.42683702948741736,-0.180857820217376,,-0.000459706737226573,0.09710086315754764,0.12810878938314996,-0.21361262384729363,-0.15858379179243276,0.0015838752277710787,0.0012143157040685113,-0.00035257092676963214,2.238073073053527e-06,1.8863883118121103e-06,0.2549551154548373,0.24521402682705853,0.009741088627778782,0.0538296062906094,0.5982396302041539,0.06502431609713577,0.09226706004425334,-0.027242743947117565,-0.3986710422153237,0.40488126168949923,0.15361666284909947,0.1739620408040371,-0.020345377954937627,-0.13885030648429786,0.47931891355348066
PROXY,2,1,2022,VOL,4.401860820291148e-16,2.445960101127298e-16,0.009209255435685265,0.6368068137890077,0.6359991996453975,0.6359991996436135,-0.06676521931928621,,-0.00045313413349388435,0.06574485991925794,0.06775959502399236,-0.07924512053347676,-0.06431845339432611,0.007509103009094671,0.00613878202422761,-0.00037172486739138504,1.2190342661059715e-06,1.056649182550428e-06,0.09060865012633992,0.08815416314355484,0.0024544869827850813,0.01600777858379787,0.37521431607378974,0.02383212618437279,0.02793315267007114,-0.00410102648569835,-0.08466231920842637,0.31204926430961133,0.05842214610738217,0.09354881583462071,-0.035126669727238546,-0.2074703908182749,0.2222573292621699
PROXY,2,1,2023_PLUS,VOL,4.0050936471382886e-16,8.326672684688674e-17,-0.04055469849362389,0.9013864571825252,0.9015390228245522,0.901539022824272,-0.023013040721738515,0.8182258269843636,-0.0002732879692325889,-0.02110543446831397,-0.02280252847106084,-0.021483165446620624,-0.022696748640675668,0.0044123026777359185,0.005271669672534982,-0.0003266466187564749,-3.954861692427778e-07,-4.444356659808079e-07,0.033207041122294986,0.01536640286527094,0.017840638257024047,0.12892424538508684,0.2159847059648582,0.00591500329137061,0.003821489105299107,0.002093514186071503,0.061534647986233315,0.15630292439257942,0.047470472860613455,0.018867591066571432,0.028602881794042023,0.15997605642247015,0.24015939723809487
PROXY,2,1,2024_PLUS,VOL,4.0050936471382886e-16,9.71445146547012e-17,-0.04225946315145862,0.8979229426840902,0.8980522645667116,0.8980522645620587,-0.024848525084508466,0.8023763117047003,-0.0003074222052629725,-0.021184854462535728,-0.02243904713699826,-0.024006221204454704,-0.02471560434468976,0.004440083518721981,0.0052599928090489,-0.00036448938356520977,-2.9418801661865907e-07,-3.150952543868086e-07,0.03852462394905706,0.01665642401995157,0.021868199929105492,0.15212034032244826,0.24015996690004948,0.006724723749439998,0.0037595467181708725,0.0029651770312691256,0.09210624412855839,0.1870443936037074,0.04747047286061379,0.0195348126785152,0.027935660182098587,0.15682953505040698,0.24015939723809665
PROXY,2,1,EX_MAJOR_SHOCKS,VOL,4.640385298237959e-16,3.122502256758253e-16,-0.028663259958257636,0.8899710496261832,0.8900642159752329,0.890064215979502,-0.014084298972614484,0.8125250669969576,-0.000244818206457959,-0.016953154425992503,-0.016741541439891768,-0.014493652922380024,-0.013467291520178672,0.001605904727519247,0.001824065768727738,-0.0002781370871422843,-3.233252171907028e-07,-3.556797729632824e-07,0.03612811427954171,0.016914118082055035,0.019213996197486677,0.141366475082356,0.2363936110746203,0.010860668251591432,0.005137599244016362,0.00572306900757507,0.13874213471810326,0.23413030126879608,0.09911319649732775,0.03195650494009328,0.06715669155723447,0.22385145173705634,0.298567793524113
PROXY,2,1,ALL,CORE_VOL,4.725833981956973e-16,1.960237527853792e-16,-0.007402201348868195,0.9232884722659946,0.9233195548267982,0.9233195548219038,-0.001612052028815092,0.9292963049517222,-0.00013038451532140753,-0.008976439704538899,-0.0072411829824786614,-0.004679173487266901,-0.0011647462434843329,0.001044118574820926,0.0011471149863735378,-0.00014329455458481923,-9.739221127569756e-08,-9.255469411544843e-08,0.035641020158369785,0.014369710986067263,0.02127130917230252,0.1241159397667454,0.1918739263573297,0.010369954457490026,0.0044627543908192305,0.005907200066670795,0.11057328527162213,0.17914397377227398,0.10927732094803677,0.03130656718971503,0.07797075375832174,0.14910571733927613,0.19716991027429165
PROXY,2,1,DOTCOM,CORE_VOL,4.688225719098882e-16,8.365703962898152e-16,-0.00237078440432352,0.8115782147724531,0.8114069296621703,0.8114069296613674,-0.025042277988697473,,-0.0001414305821092591,0.009431971093922176,0.019327108981928763,-0.030336645594435847,-0.024556585467486295,0.0032641701963731767,0.00298956912173991,-0.00012830014129554027,-2.706824609167796e-06,-2.5768992111938037e-06,0.06552813314600986,0.05049259976647463,0.015035533379535226,0.06964047174565258,0.24598124665603371,0.020863732938757644,0.01472480162833234,0.006138931310425304,0.09730912743168318,0.2681310416569631,0.05322082801383543,0.055238817769521775,-0.0020179897556863446,-0.0072924461685885955,0.16032199294516314
PROXY,2,1,GFC,CORE_VOL,4.316208848664793e-16,2.42861286636753e-16,0.027618215299966616,0.8351722478182637,0.8349247139978537,0.8349247139974758,0.011994412845598802,,-0.0001456473130563315,0.002169467312159463,0.013611759441618939,0.00367824500962378,0.012402253390587339,0.0018134334000890324,0.001744120768314336,-0.0001400435405692183,1.0295855563161785e-07,1.2524001497308286e-07,0.08487216828766078,0.04870658296416272,0.03616558532349806,0.14865297908332387,0.2906628375406608,0.024417124976579017,0.013787764575607153,0.010629360400971864,0.15262409248349185,0.2926596310303041,0.10927732094803755,0.06953465580648155,0.039742665141556,0.0819952811590402,0.19716991027429276
PROXY,2,1,2011,CORE_VOL,3.8207284558389176e-16,1.0269562977782698e-15,-0.019645312806262426,0.8710407269754796,0.8708894819821179,0.8708894819855154,-0.02036153025013482,-0.2590958503206672,-0.00020684833187704257,-0.005025876328926922,0.00040296765089863204,-0.023114142372752965,-0.019871887082670552,3.2844909520139324e-05,3.331645992794286e-05,-0.0002099743098571823,2.449293905186496e-07,2.6447543770993316e-07,0.04599856008603312,0.02830548473268621,0.01769307535334691,0.09369358934757976,0.21183314042321622,0.011144500272190778,0.008869748379267552,0.002274751892923227,0.03797403091969831,0.162048604900225,0.023194131571664056,0.024985615192627653,-0.0017914836209635965,-0.010149264104472033,0.11510777421591112
PROXY,2,1,2015_2016,CORE_VOL,4.280701227515893e-16,7.615436059538183e-16,-0.012203534598265467,0.9552006255762535,0.9552412190857427,0.9552412190909673,-0.009725867773851121,0.8142913547193733,-0.00014684899013981548,-0.0033065642617682595,-0.0025678211996150954,-0.009728582136401607,-0.0095557275969557,7.15874763601731e-05,7.584035352782243e-05,-0.00015564619321300943,-1.9173379146170516e-07,-1.7996200872374548e-07,0.011722492107476973,0.006452295316989015,0.005270196790487958,0.03849642226178396,0.08177346845313216,0.0034173280797854116,0.0023069709761007542,0.0011103571036846574,0.02258851743348611,0.06640386180768298,0.004608614397880628,0.006120289373308996,-0.0015116749754283676,-0.011881014987616956,0.03455904729935688
PROXY,2,1,2018Q4,CORE_VOL,3.131175874138137e-16,3.00454106039183e-15,0.026017350426906283,0.8574473811531789,0.8573067371913987,0.857306737191,-0.028058488377206203,,-0.00024385886567502188,0.08386017127423458,0.050285965786201994,-0.04763874361511973,-0.026065603621637404,0.0035010661453000183,0.0019310956110942525,-0.00013370697357821534,-7.594486883434311e-07,-4.0037517734823924e-07,0.03566287948479127,0.03391812081661394,0.001744758668177332,0.008593329689735474,0.1505051701203085,0.015060445048560855,0.010487935646814606,0.00457250940174625,0.07302032129316582,0.20600376873467485,0.021774909439419177,0.02613734280717228,-0.004362433367753105,-0.02674999801784339,0.11507783144376782
PROXY,2,1,COVID,CORE_VOL,3.2569433261464553e-16,1.1639994523804376e-15,-0.006738092468155571,0.7133824412667309,0.7137889635288374,0.7137889635352247,-0.08664765145786205,,-0.00022037724948320488,0.048487672994076844,0.07153208193741058,-0.10642066137642028,-0.07872043530096953,0.0007958951940068868,0.0006208201955733868,-0.0001720561354579513,1.7190995328151229e-06,1.4968352891128796e-06,0.13442284736520216,0.12279323102537759,0.011629616339824567,0.03833320151575981,0.3154165954085084,0.051500161003623646,0.04609313257555947,0.005407028428064176,0.047219730954427996,0.3206715797396593,0.07453135171771919,0.08352247407124147,-0.008991122353522285,-0.03794250947972744,0.23255476240947992
PROXY,2,1,2022,CORE_VOL,3.948664312192207e-16,1.8648277366750676e-15,0.0053581807873541165,0.8185106226374046,0.817978603845931,0.8179786038441048,-0.03248022638740833,,-0.00022374180935299466,0.032876222197311206,0.034644471146850896,-0.039947081646014675,-0.032164724512343444,0.003753570321990574,0.0030610007355750556,-0.00018314238124710684,6.584833850771932e-07,5.757985205815956e-07,0.046525848938861386,0.044122073166717735,0.0024037757721436515,0.012179466167995368,0.1926655409280017,0.01233123393740762,0.013958285318367986,-0.0016270513809603648,-0.026068410550601717,0.16146072945522338,0.029269318950548406,0.04589152781960426,-0.016622208869055854,-0.0766118317164779,0.11135025144941568
PROXY,2,1,2023_PLUS,CORE_VOL,4.440892098500626e-16,4.440892098500626e-16,-0.02028309745356424,0.9506978010977036,0.9507778961240214,0.9507778961280985,-0.011507578957130005,0.9090871488935648,-0.0001361519803794101,-0.010550919943602364,-0.011408384990854246,-0.01097724215043212,-0.011368046199922316,0.0022060100032119667,0.0026576319621360307,-0.000164156872313548,-1.362944524591597e-07,-1.413526106087686e-07,0.01838130585865244,0.007688964020912903,0.010692341837739539,0.0732060240803043,0.11955539569183982,0.0030766246254612523,0.0019106777172342784,0.0011659469082269738,0.03244823179776346,0.08129926604087967,0.024263631659427465,0.009401649727020511,0.014861981932406954,0.07894362043827086,0.1227529199307823
PROXY,2,1,2024_PLUS,CORE_VOL,4.440892098500626e-16,5.065392549852277e-16,-0.0211277239670713,0.9489609968222794,0.9490289336574788,0.9490289336575324,-0.012416899836280165,0.9011975443063924,-0.00015310298050547243,-0.010591845102563996,-0.011209782933899183,-0.012324518184190825,-0.012387947383746422,0.002220170565925249,0.0026532436553447867,-0.0001832083364261356,-4.7853631008197576e-08,-2.89683448563081e-08,0.0214461986955789,0.008337440728557327,0.013108757967021573,0.08619934930278894,0.13369418934946353,0.003526594560378876,0.0018808522894256247,0.0016457422709532515,0.048302320271721766,0.09809023621039159,0.02426363165942702,0.009733987583178227,0.014529644076248793,0.07731479823765286,0.12275291993078008
PROXY,2,1,EX_MAJOR_SHOCKS,CORE_VOL,4.725969507228533e-16,2.983724378680108e-16,-0.014070922694144311,0.9449911889169016,0.9450401887748111,0.945040188779692,-0.0067950338894936235,0.9079677157023542,-0.00012211564575225433,-0.008475331077951054,-0.008323123966550229,-0.00733035781635424,-0.0065257321723738715,0.0008029212579320454,0.0009177585048222409,-0.00013960752183059114,-1.9594685773502625e-07,-2.175382121597419e-07,0.019783030872193297,0.008459663495516773,0.011323367376676524,0.07843260284238152,0.1294444008257215,0.005954493019582938,0.00256852927865122,0.0033859637409317175,0.07727202509943465,0.12836477574698157,0.05322082801383543,0.015854620874833247,0.03736620713900218,0.11820727986319746,0.16032199294516314
PROXY,2,3,ALL,VOL,4.778078974143618e-16,3.469446951953614e-18,-0.01689423335632015,0.8466030653144117,0.8466623286629389,0.8466623286577691,-0.005134670868645039,0.8386174885542513,-0.0007853081990121478,-0.01795016132317087,-0.015005345394366243,-0.008706868963649245,-0.0033132807352317844,0.0020880928873054476,0.002284247793874589,-0.0008593666361280068,-5.019920921309241e-07,-4.883844687065729e-07,0.06436433927180721,0.028712216226365966,0.03565212304544124,0.22702222237319925,0.3465018946654097,0.01901392956103673,0.008923372059014348,0.010090557502022382,0.2060863063416254,0.3284711531331723,0.23692752398144912,0.06440710899394042,0.1725204149875087,0.3522103624624351,0.4274901529398416
PROXY,2,3,DOTCOM,VOL,4.778078974143618e-16,1.259409243559162e-15,-0.009524543530166366,0.6230530300890678,0.622810324036442,0.6228103240357039,-0.053171089360906636,,-0.0008465793489297724,0.01886411899568364,0.0354835236906663,-0.06045589719965904,-0.050182947096996264,0.006525781845336908,0.005953416802972066,-0.0007667961630146499,-1.2491808529734717e-05,-1.1740763792556047e-05,0.126151847793522,0.10087074505415511,0.0252811027393669,0.15270426178983942,0.47349548278242815,0.041380828224816174,0.029456521755341886,0.011924306469474288,0.24659832098830636,0.5318072565977023,0.10556644224949752,0.11394876812659327,-0.008382325877095753,-0.03844868197382523,0.3180074989658227
PROXY,2,3,GFC,VOL,4.49293380277993e-16,8.673617379884035e-16,0.05092814115396718,0.6706098827489768,0.6702300279687011,0.6702300279676976,0.020997508239067934,,-0.0008742990391359398,0.004333932669026826,0.023458533022484167,0.011538267478700737,0.02479137252382595,0.00362556976275903,0.0035283447759473117,-0.000850611794120226,4.291937910265435e-07,5.026258308550805e-07,0.15838404123941466,0.09708663375672319,0.06129740748269147,0.31449305966664864,0.5424199213548114,0.04590809415237632,0.027551966849214495,0.01835612730316183,0.3284927757021022,0.5502468414617292,0.23692752398144712,0.14778836006434704,0.08913916391710008,0.21931645622957885,0.4274901529398377
PROXY,2,3,2011,VOL,3.378373969464832e-16,9.71445146547012e-17,-0.04199744556778005,0.7421455071380478,0.7418979671263709,0.7418979671283431,-0.04259166372832007,-1.6916756154476504,-0.0012480877440603784,-0.010047120229878,-0.0005373510081271995,-0.045614852560801555,-0.040274387119871725,6.56272095102158e-05,6.581775436790974e-05,-0.0012524206371363638,8.283294107664056e-07,8.954429872233986e-07,0.08573654476850781,0.05650077397371059,0.029235770794797222,0.18199051499542174,0.39483500121264203,0.018606016988667887,0.017734202045942768,0.0008718149427251187,0.017081557386940283,0.2705441268898473,0.045139240054478225,0.050266057444315004,-0.00512681738983678,-0.03390007769776626,0.22401689998242647
PROXY,2,3,2015_2016,VOL,4.440892098500626e-16,8.153200337090993e-16,-0.02512954611462683,0.9103852514890605,0.9104630913837947,0.9104630913860209,-0.020121831027792934,0.6175883365686754,-0.0008812984061562435,-0.006614557771506445,-0.005189989226027199,-0.019324241991783182,-0.01916092436671151,0.000143218744061154,0.00015083010599099302,-0.0009284020234321801,-1.1027163861884818e-06,-1.060604447747703e-06,0.02152133844110582,0.012904089082107995,0.008617249358997825,0.06605829879175207,0.15012801663226916,0.0054066110770685655,0.0046145272867020165,0.000792083790366549,0.016907430991146444,0.10505864418850097,0.006447017030741464,0.012226300485672081,-0.005779283454930617,-0.0477120090613663,0.048344848856874845
PROXY,2,3,2018Q4,VOL,3.365363543395006e-16,1.3530843112619095e-15,0.051252091645660136,0.7147620860705501,0.7145351886765501,0.7145351886827772,-0.061256045507305124,,-0.0014790265054889075,0.16776635069633125,0.10213068349706682,-0.09610855520426673,-0.05399557299032994,0.007004802158245698,0.0039481429675614094,-0.0008292044933019927,-3.6216670809558394e-06,-1.9573353375100884e-06,0.06888859596269459,0.06782411572285993,0.0010644802398346587,0.006293843382499054,0.29072497803033814,0.02468391424647509,0.020985083124377746,0.0036988311220973458,0.0709641435523507,0.33763805422093485,0.043511322875171676,0.0528190669322649,-0.009307744057093226,-0.06823863822788478,0.22995221604273797
PROXY,2,3,COVID,VOL,4.527628272299467e-16,7.181755190543981e-16,-0.03029733801477158,0.42626263786951313,0.4268370294866245,0.42683702948741736,-0.18143151968607224,,-0.001379141931484309,0.09710086315754764,0.12805163180439616,-0.21361262384729368,-0.15851112064439327,0.0015838752277710783,0.0012137594447602122,-0.0010572665168571795,6.715394155396445e-06,5.657897321774058e-06,0.2549363491996588,0.24521709089775995,0.009719258301898875,0.053709880548789,0.5981955961100027,0.06502431609713577,0.09226697504694958,-0.027242658949813814,-0.3986693024765797,0.4048812616894998,0.15348263208945734,0.17394767702388725,-0.02046504493442991,-0.13965330312233726,0.4789007071108795
PROXY,2,3,2022,VOL,3.905296225292787e-16,3.2959746043559335e-17,0.008464250672491985,0.6368068137890077,0.6359991996453975,0.6359991996436135,-0.06745980264077497,,-0.0013593959295820762,0.06574485991925794,0.06772918501469471,-0.07924512053347678,-0.06428942203109804,0.0075091030090946725,0.00613599644067804,-0.0011146776028427162,3.6574575881008495e-06,3.168851060019249e-06,0.09059753579062085,0.0881536554014136,0.002443880389207259,0.01593855126727528,0.37516829113169403,0.023814241695284254,0.02793246664094668,-0.004118224945662427,-0.08501616322875583,0.3118150912601966,0.05789203271605581,0.09351178692124085,-0.03561975420518504,-0.21033671827444533,0.22024060111346766
PROXY,2,3,2023_PLUS,VOL,4.550396517921662e-16,5.551115123125783e-17,-0.04119740427365698,0.9013864571825252,0.9015390228245522,0.901539022824272,-0.023640211625179625,0.8153450926675682,-0.0008198482404607468,-0.02110543446831397,-0.0227963766923552,-0.021483165446620624,-0.02269028005946067,0.004412302677735918,0.005270256535661937,-0.0009796711190538886,-1.1864508202681472e-06,-1.332938449214672e-06,0.033210609750365355,0.015366408007592508,0.017844201742772847,0.1289500014816154,0.21600791697849953,0.005903235714986375,0.0038212103052157054,0.00208202540977067,0.06119645697308962,0.1559919682508385,0.0472719086631308,0.01886534909723847,0.02840655956589233,0.15887603304802655,0.2391548347151865
PROXY,2,3,2024_PLUS,VOL,4.510281037539698e-16,8.396061623727746e-16,-0.04297548826359965,0.8979229426840902,0.8980522645667116,0.8980522645620587,-0.025549190604499034,0.7990278658650979,-0.00092225224420084,-0.021184854462535728,-0.022432208355185432,-0.024006221204454704,-0.024707605953188418,0.004440083518721981,0.005258407826049539,-0.0010931368285031304,-8.825328038451308e-07,-9.449527730522539e-07,0.038526301728995835,0.016656366578909232,0.021869935150086603,0.1521323501395354,0.2401704260696209,0.006715557089139741,0.003759230819777082,0.0029563262693626594,0.09183041494678812,0.18678942812391697,0.0472719086631308,0.019532499184363283,0.02773940947876752,0.15572576991883225,0.23915483471518661
PROXY,2,3,EX_MAJOR_SHOCKS,VOL,4.778078974143618e-16,4.85722573273506e-17,-0.02921250520877966,0.8899710496261832,0.8900642159752329,0.890064215979502,-0.014618326045005736,0.8089186420438729,-0.0007344423999254672,-0.016953154425992503,-0.016737258428092174,-0.014493652922380019,-0.013463588792210183,0.001605904727519247,0.0018236076526344806,-0.0008341988450884475,-9.699033920755353e-07,-1.0667960233828047e-06,0.03613040437350018,0.01691447478646088,0.0192159295870393,0.14137742779295703,0.23640317790387555,0.010846757855904936,0.005137202062957293,0.005709555792947643,0.1384132063747453,0.23383042606246418,0.09856282785571446,0.03195039703573066,0.0666124308199838,0.22203276277898543,0.2969098674682661
PROXY,2,3,ALL,CORE_VOL,4.687548092741078e-16,2.862293735361732e-17,-0.007687733114937437,0.9232884722659946,0.9233195548267982,0.9233195548219036,-0.0018851344354668675,0.9265627713761206,-0.0003911514127126101,-0.008976439704538899,-0.007240143223813408,-0.0046791734872669,-0.0011644454410051379,0.0010441185748209258,0.0011469578745622187,-0.00042982473720326445,-2.9208375432662296e-07,-2.7758747787408193e-07,0.03564112019622817,0.014369894942397515,0.021271225253830656,0.1241138679532805,0.19187201819688482,0.010362704037961988,0.004462403615866216,0.005900300422095772,0.11044340985607215,0.17901872067004554,0.10901263447701814,0.03129250116791171,0.07772013330910643,0.14862245086412618,0.19669233443981105
PROXY,2,3,DOTCOM,CORE_VOL,4.687548092741078e-16,9.30679144861557e-16,-0.0026292269886435266,0.8115782147724531,0.8114069296621703,0.8114069296613674,-0.025285951704309875,,-0.000424310233793187,0.009431971093922176,0.019322685073951927,-0.03033664559443588,-0.02454807532927847,0.0032641701963731767,0.002988684167845775,-0.00038479330900831365,-8.118322370700507e-06,-7.727592153512618e-06,0.06554358987982153,0.050498117525910546,0.015045472353910988,0.06967799667396446,0.24600982289403472,0.0208563471170439,0.014723922266886277,0.006132424850157622,0.09720463762237974,0.26803612249386743,0.053051334541220796,0.055228996813625586,-0.00217766227240479,-0.007869178358850482,0.15981141217566308
PROXY,2,3,GFC,CORE_VOL,3.929148673087468e-16,5.134781488891349e-16,0.02733441576674632,0.8351722478182637,0.8349247139978537,0.8349247139974758,0.011743081676623038,,-0.00043693921455282056,0.002169467312159463,0.01360979308134141,0.0036782450096237702,0.012400449110642293,0.0018134334000890324,0.0017438667460400164,-0.00042006886120937297,3.088971861190134e-07,3.756899324879939e-07,0.08487141347631708,0.048706566986129546,0.03616484649018753,0.14864993246200264,0.2906602525282662,0.024411829389190773,0.01378682257027028,0.010625006818920493,0.1525595170641907,0.29259615899366487,0.10901263447701914,0.06950521960748257,0.03950741486953657,0.0815049734524782,0.1966923344398127
PROXY,2,3,2011,CORE_VOL,3.834823084081229e-16,1.734723475976807e-17,-0.02006046013180967,0.8710407269754796,0.8708894819821179,0.8708894819855155,-0.02075051521310607,-0.2857032288858333,-0.0006205512521366539,-0.005025876328926922,0.00040293305737777843,-0.02311414237275297,-0.019867692394572076,3.284490952013929e-05,3.330959882147151e-05,-0.000629803683810832,7.348053689814197e-07,7.932903740086024e-07,0.045995712514805415,0.028305489587140187,0.017690222927665228,0.09367848675025126,0.2118200267528183,0.01112585752319862,0.008869181499444018,0.0022566760237546016,0.03767192123932195,0.16177752666505096,0.022995950729881143,0.02497475183310116,-0.001978801103220018,-0.011209781008446162,0.11412424286362166
PROXY,2,3,2015_2016,CORE_VOL,4.2804301769727715e-16,7.91033905045424e-16,-0.012513348726983758,0.9552006255762535,0.9552412190857429,0.9552412190909673,-0.01002919104687551,0.8095767237516154,-0.00044053942740641765,-0.0033065642617682426,-0.0025674524054998347,-0.009728582136401645,-0.009554318192664097,7.158747636017309e-05,7.582933169893214e-05,-0.0004668675406822387,-5.753052457798537e-07,-5.399198373117047e-07,0.011725130619631041,0.0064524290610565305,0.005272701558574511,0.03851475609512356,0.08179187412049505,0.0034033315481993634,0.002306842789879096,0.0010964887583202673,0.022306328983669688,0.06613188799436232,0.004351269134560409,0.006115597754334345,-0.001764328619773936,-0.013866235926879966,0.03262926833337587
PROXY,2,3,2018Q4,CORE_VOL,2.3332030751888055e-16,1.1345091532888318e-15,0.025742775502962056,0.8574473811531789,0.8573067371913986,0.8573067371909999,-0.028310267365378228,,-0.0007316232848198904,0.08386017127423463,0.05027369384253952,-0.04763874361511983,-0.02605929373250169,0.0035010661453000183,0.0019306289551918043,-0.00040105279200194086,-2.2782116816012972e-06,-1.2007702667688113e-06,0.03567617760145167,0.03391886662285751,0.001757310978594162,0.008655184440463981,0.15056129108808125,0.015057074195643165,0.010487575073419242,0.004569499122223923,0.07297182869376106,0.20595766064141097,0.021675002386953635,0.02612939719260854,-0.004454394805654904,-0.02731256549354444,0.11454983443989253
PROXY,2,3,COVID,CORE_VOL,4.440892098500626e-16,2.229119666630197e-16,-0.007077199572804144,0.7133824412667309,0.7137889635288374,0.7137889635352247,-0.08689941231767759,,-0.0006611539239208071,0.048487672994076844,0.07151674472850306,-0.10642066137642031,-0.0787030403271439,0.0007958951940068869,0.0006206831697107643,-0.0005160778151793249,5.158518293258116e-06,4.490671305480249e-06,0.13441350944086322,0.12279591408301216,0.011617595357851063,0.03829391697064144,0.31539468442863483,0.05148698158328302,0.04609306500660504,0.005393916576677982,0.047105196992515586,0.32058951658765555,0.07447516461908732,0.08351132462028488,-0.009036160001197557,-0.038130774140713086,0.23237944588734982
PROXY,2,3,2022,CORE_VOL,4.154662724964453e-16,6.444497713253838e-16,0.00499196877725136,0.8185106226374046,0.817978603845931,0.8179786038441047,-0.032815363937230724,,-0.000671227892038628,0.032876222197311206,0.034636797178298775,-0.039947081646014605,-0.032157561188605965,0.0037535703219905734,0.003060315346225456,-0.0005493097611801363,1.9756656876257216e-06,1.727202513874364e-06,0.04652115725498032,0.044121748834642704,0.0023994084203376176,0.012157317663997858,0.19264611246332186,0.012324386347664432,0.0139578523436995,-0.0016334659960350675,-0.026171003148562688,0.1613710695849656,0.02901741478253339,0.0458690404481612,-0.016851625665627812,-0.07766116556812896,0.11039192397698527
PROXY,2,3,2023_PLUS,CORE_VOL,4.440892098500626e-16,3.365363543395006e-16,-0.020608825489213806,0.9506978010977036,0.9507778961240214,0.9507778961280985,-0.011825057119869198,0.9076271714678292,-0.0004084513393854777,-0.010550919943602364,-0.011406847315024785,-0.010977242150432116,-0.011366427872447972,0.0022060100032119676,0.0026572759830073684,-0.0004924023332680952,-4.088513511180537e-07,-4.2395147998358837e-07,0.01838197551426854,0.007688966964848276,0.010693008549420263,0.07321059025392529,0.1195597512551918,0.0030704769647087737,0.0019105316727507995,0.0011599452919579742,0.03228107597720464,0.08113681518388893,0.02421466195139821,0.009400479864574929,0.01481418208682328,0.07868922906003806,0.1225051757046447
PROXY,2,3,2024_PLUS,CORE_VOL,4.440892098500626e-16,3.712308238590367e-16,-0.02149080663560768,0.9489609968222794,0.9490289336574788,0.9490289336575326,-0.012771808356939612,0.8994996113285153,-0.00045930584298957167,-0.010591845102563996,-0.011208076364637774,-0.012324518184190836,-0.01238594524185557,0.0022201705659252494,0.0026528442352933457,-0.0005495424690163865,-1.4349441273980362e-07,-8.679539092743784e-08,0.02144550350233923,0.008337410543719004,0.013108092958620227,0.08619495929395338,0.13368985556062118,0.003521622064247311,0.0018806919417038367,0.0016409301225434741,0.04816085769177869,0.09795192903848682,0.024214661951397987,0.00973277827374619,0.014481883677651797,0.07706016085662759,0.12250517570464359
PROXY,2,3,EX_MAJOR_SHOCKS,CORE_VOL,4.687548092741078e-16,1.5785983631388945e-16,-0.01434847987221774,0.9449911889169016,0.9450401887748111,0.945040188779692,-0.0070644179615499125,0.9061454333000679,-0.0003663442751098424,-0.008475331077951054,-0.00832200045604625,-0.007330357816354243,-0.006524698771951004,0.0008029212579320454,0.0009176389538200451,-0.0004187670694382736,-5.877630059279455e-07,-6.52528602416449e-07,0.019784434009830626,0.00845984133150321,0.011324592678327416,0.07843928370537534,0.1294506151828152,0.005947112394134785,0.0025683189718451807,0.003378793422289604,0.07710801917553822,0.12820566693160318,0.053051334541220796,0.01585019430819834,0.037201140233022456,0.11768344590744984,0.15981141217566308
PROXY,3,0,ALL,VOL,4.614364446098307e-16,1.8735013540549517e-16,-0.0217627484005902,0.8468749532257789,0.846939020976124,0.8469390209742294,-0.00978684443840018,0.7973718183234753,0.0,-0.018282184156395473,-0.015379846874794031,-0.013396028139573819,-0.008653446252322769,0.0020755575438115,0.0022705447265264165,0.0,0.0,0.0,0.06296753898192363,0.028588521510705428,0.0343790174712182,0.2192544309272506,0.3396524132848465,0.01926890873283056,0.009169186704210804,0.010099722028619758,0.20025063104649798,0.3232789222508957,0.2292368101305523,0.06476409793238225,0.16447271219817006,0.3360254136093026,0.4136137388150142
PROXY,3,0,DOTCOM,VOL,4.349819116011844e-16,1.2351231148954867e-15,-0.03257579263553065,0.6209406948109972,0.6210452009323253,0.6210452009372679,-0.06450353097007219,,0.0,0.00192524265264271,0.02018485473820977,-0.06750135062607689,-0.058936829730939715,0.006548242507824648,0.0061761823572005345,0.0,0.0,0.0,0.12348617230946685,0.09954520298062952,0.023940969328837325,0.1474605825408245,0.4715007864792303,0.044171625457109,0.03331907196215126,0.010852553494957742,0.20001082736548448,0.5043637732092705,0.11422597999994444,0.11604887857420543,-0.0018228985742609893,-0.008442736519020722,0.34409342062368375
PROXY,3,0,GFC,VOL,4.440892098500626e-16,4.579669976578771e-16,0.04113224797407393,0.6754970881956979,0.6753346491484953,0.6753346491525349,0.010964120286980081,,0.0,0.004266846256161981,0.022999841927160068,0.0010341783275824717,0.014609239064205888,0.0036395699369050896,0.003523166982707511,0.0,0.0,0.0,0.1570227179407257,0.09547499136053542,0.06154772658019028,0.31318769170681626,0.5377577794443322,0.044382540730573274,0.027353143940931877,0.017029396789641396,0.29946196304405737,0.5269847135842105,0.22923681013055386,0.14628630795995778,0.08295050217059607,0.20333851746904308,0.4136137388150173
PROXY,3,0,2011,VOL,3.712308238590367e-16,9.020562075079397e-17,-0.03210734388716643,0.745165729917062,0.7447362390406398,0.7447362390404194,-0.03231743671126015,-1.057805027174775,0.0,-0.009936635012654982,-0.0005551629979098664,-0.03709664460805533,-0.03162015105837684,6.738630024936081e-05,6.797016912018602e-05,0.0,0.0,0.0,0.08687483174902444,0.05572314835705386,0.03115168339197058,0.19298276512982027,0.40007705455811005,0.02869631257165072,0.019419578501173713,0.009276734070477008,0.16339531386699568,0.3766198792630816,0.04484775496679805,0.0496256390947033,-0.004777884127905252,-0.03145960458401431,0.22257031856779808
PROXY,3,0,2015_2016,VOL,4.135147085859714e-16,6.765421556309548e-16,-0.01952044372964281,0.9043502690255991,0.9043492265810709,0.9043492265854736,-0.01395231215399987,0.7029454760734756,0.0,-0.007066220807117179,-0.005562045192308359,-0.014333261248808984,-0.014108884280982009,0.00014248176884695864,0.00015048574364823496,0.0,0.0,0.0,0.02102434588856933,0.013859854995837168,0.0071644908927321616,0.055327077766651245,0.14666110836364576,0.003945985431427768,0.0038971541056941755,4.883132573359206e-05,0.0013267382453465704,0.09694652702413364,0.0126886119742331,0.012645639689428667,4.297228480443227e-05,0.00035599857754309294,0.09514927991857347
PROXY,3,0,2018Q4,VOL,3.9099040845258504e-16,8.396061623727746e-16,0.05703561677236302,0.7160293080596603,0.71466591129842,0.7146659112938919,-0.055965712720167926,,0.0,0.16768952561542927,0.10264526871915844,-0.0872954038942437,-0.04962531753486096,0.0070919970541113,0.004015665588066381,0.0,0.0,0.0,0.06575650922582743,0.0676795930314826,-0.0019230838056551736,-0.011360713041820736,0.2775068853251551,0.032585630596351556,0.022069559470671685,0.010516071125679871,0.19080035399103779,0.4221749567380667,0.04422839939566248,0.05279131566812978,-0.008562916272467302,-0.06276525042185499,0.23374188098655402
PROXY,3,0,COVID,VOL,3.2482697087665713e-16,2.5326962749261384e-15,-0.05920764583550245,0.44499930319580017,0.4438034682637306,0.44380346826620853,-0.1998513779981919,,0.0,0.09422653956247826,0.1232627928449233,-0.24703906022035557,-0.1836458861413395,0.0015677197986546394,0.0011754474609112298,0.0,0.0,0.0,0.23028301599871287,0.23821250683726228,-0.007929490838549408,-0.042186431212474895,0.5403477631252738,0.0025188221834214763,0.07754433284971896,-0.07502551066629748,-1.2125923631045796,0.018066909320355484,0.13348495698323004,0.16753769557169096,-0.03405273858846092,-0.22263709926277375,0.41650341421480774
PROXY,3,0,2022,VOL,4.2327252813834093e-16,7.190428807923865e-16,0.004442781685490699,0.6380171920682187,0.6375441600599979,0.6375441600640681,-0.07163021641103579,,0.0,0.06546581326348205,0.06739833478051988,-0.08480761887041811,-0.06910498939132992,0.007543373226390744,0.006149436296300023,0.0,0.0,0.0,0.08763770440862059,0.08771250140627967,-7.479699765908232e-05,-0.00048641318250997045,0.36291150211494505,0.02084801761953415,0.02809123914292929,-0.007243221523395141,-0.14678273548744203,0.26922279139427285,0.03698698323827021,0.09365640289888011,-0.0566694196606099,-0.33492222799560434,0.14071082046340255
PROXY,3,0,2023_PLUS,VOL,4.623038063478191e-16,6.106226635438361e-16,-0.05288829304798978,0.9045125831544283,0.9046212145978936,0.9046212145935855,-0.0360487003770015,0.7633900624226271,0.0,-0.020469864976672393,-0.021992411228038078,-0.03243326474146119,-0.03594244301304203,0.004244487022396607,0.005046561193090934,0.0,0.0,0.0,0.030746081967458316,0.014835157468819998,0.015910924498638318,0.11460846105491207,0.20008683838601804,0.006281248058133973,0.004204704948662853,0.00207654310947112,0.053354745326251396,0.1456546180099435,0.044502206213495654,0.018221731157359478,0.026280475056136177,0.14645777521792613,0.22514254390050759
PROXY,3,0,2024_PLUS,VOL,4.0939474033052647e-16,2.0816681711721685e-16,-0.05829363380794053,0.898310990734899,0.8984064350871847,0.8984064350854919,-0.04127669294068484,0.7281360289409684,0.0,-0.02114909058729788,-0.02224369521673404,-0.03782090991868861,-0.04123316685730964,0.004402612491624678,0.005183228266103362,0.0,0.0,0.0,0.03609850369354868,0.01652170990076185,0.01957679379278683,0.13616690474624893,0.22520425343649964,0.00825282545555605,0.004947979158976865,0.003304846296579185,0.07711561025810187,0.17263983122610282,0.04450220621349488,0.01941358148831762,0.025088624725177255,0.14075061357301943,0.2251425439005038
PROXY,3,0,EX_MAJOR_SHOCKS,VOL,4.623038063478191e-16,5.551115123125783e-17,-0.032628107900960185,0.8892097656716942,0.8892994312456514,0.8892994312472764,-0.017703427219233403,0.7912789944570092,0.0,-0.017390913782780522,-0.01725370698873654,-0.017625074425206014,-0.01717735273874111,0.0015857241046384589,0.0018029518265174059,0.0,0.0,0.0,0.035389683116264545,0.016960694619658184,0.01842898849660636,0.13617879226427798,0.23238341943590302,0.011754518591880217,0.00538619385314331,0.006368324738736907,0.14830253309890462,0.2432256036408641,0.1050055073416567,0.03272849532733302,0.07227701201432368,0.241540412004009,0.31631774317483263
PROXY,3,0,ALL,CORE_VOL,5.299885150970157e-16,8.326672684688674e-17,-0.010069077536784515,0.9234469937582617,0.9234804939868972,0.9234804939860591,-0.004168365253389719,0.9062490254041968,0.0,-0.009139780167417675,-0.007440745782523477,-0.0069281980985085164,-0.0037691628174038178,0.001037387880194391,0.0011408310631426965,0.0,0.0,0.0,0.03489625066768737,0.014303141464965141,0.020593109202722226,0.12036768795123653,0.18823342861272585,0.010719613098968704,0.004584023461779489,0.006135589637189215,0.1115144688271913,0.1798454192518314,0.10633730198475078,0.031466867017866385,0.07487043496688439,0.14322079220793116,0.19186521145694513
PROXY,3,0,DOTCOM,CORE_VOL,4.526001969040738e-16,1.4849232954361469e-15,-0.012867953057297578,0.8106031231800443,0.8106503450555946,0.8106503450521328,-0.0303745008448693,,0.0,0.000961972332476103,0.01170104231406049,-0.03226151412197139,-0.027687157071437624,0.0032721517861436875,0.003118161700081044,0.0,0.0,0.0,0.06379346763547228,0.04979328642945691,0.014000181206015372,0.06600528896635205,0.24357925749761522,0.02430595953138788,0.016647865074897225,0.007658094456490655,0.10796535325618628,0.27753213366862073,0.05795328300065383,0.05640540626800483,0.0015478767326490006,0.005617271066815532,0.17457800216795738
PROXY,3,0,GFC,CORE_VOL,3.677613769070831e-16,2.7755575615628914e-16,0.022857700111917227,0.8377145606136764,0.8376022494898062,0.8376022494955724,0.0071140983990582995,,0.0,0.002134278363724986,0.013366500934819383,-0.001232179647827408,0.00774532954866694,0.001820359518724857,0.001745869628430626,0.0,0.0,0.0,0.08437030231460943,0.047847936082057896,0.036522366232551534,0.14959151282003524,0.28894409050337755,0.025648879005354064,0.01367943652144643,0.011969442483907633,0.169682207046445,0.30454694422398365,0.10633730198475011,0.06887316092073359,0.03746414106401652,0.07718898770514149,0.19186521145694402
PROXY,3,0,2011,CORE_VOL,4.4278816724308e-16,4.163336342344337e-16,-0.015193902124745123,0.872586208388384,0.8723290379248362,0.8723290379256977,-0.01565263903648213,0.02620134868274406,0.0,-0.004969838832929332,0.0003951589380853466,-0.01901900558548719,-0.01562333881380815,3.3690987823572355e-05,3.427775097809708e-05,0.0,0.0,0.0,0.04638076962728538,0.027897014937528553,0.018483754689756826,0.09766936401051451,0.21359329655140258,0.01610165415978506,0.009709534465394618,0.006392119694390443,0.09614403220485535,0.21132342458469766,0.022781579440892652,0.024649874925982473,-0.0018682954850898215,-0.010564331120783699,0.11306036160318167
PROXY,3,0,2015_2016,CORE_VOL,3.756760527662273e-16,8.465450562766819e-16,-0.00968780657584805,0.9521730145424954,0.9521721747475536,0.9521721747466423,-0.006919106243420396,0.8525747257522278,0.0,-0.003533290551429242,-0.0027478991560491504,-0.0072659559209483195,-0.007015479647951103,7.12329813497849e-05,7.557222815305027e-05,0.0,0.0,0.0,0.011681496190884433,0.006934583978833564,0.004746912212050869,0.03479664845938246,0.08148749015931445,0.0019729927157138977,0.001948663428949636,2.432928676426166e-05,0.0006277871610043118,0.048473263512067155,0.0071173502605560435,0.006317430302370197,0.0007999199581858463,0.006296730173097509,0.05337153926650118
PROXY,3,0,2018Q4,CORE_VOL,2.917655808794273e-16,1.5890067039947553e-15,0.02871441809472386,0.858050580813142,0.8572245364377172,0.8572245364375972,-0.02566387180315094,,0.0,0.08390848027738523,0.050449098595833845,-0.0428935109409585,-0.023696236529338187,0.0035489458317797045,0.00196155602822979,0.0,0.0,0.0,0.03409962375618489,0.0338701117359064,0.00022951202027848838,0.0011301312035095767,0.14390788821894707,0.016957088839850913,0.011031987587049596,0.005925101252801317,0.08956643147601207,0.21969371518528025,0.022066098987638894,0.02614083970678982,-0.004074740719150927,-0.024986431712284318,0.11661673390586313
PROXY,3,0,COVID,CORE_VOL,3.707971429900425e-16,1.3981871216373065e-15,-0.025705236380438118,0.7225236029407824,0.7214662486022362,0.7214662486060905,-0.09844181614814967,,0.0,0.04718704639102561,0.06909397672111199,-0.12750485466906422,-0.09540265772160852,0.0007853726747748163,0.0006034446200570184,0.0,0.0,0.0,0.12510943327515467,0.11967247652218616,0.005436956752968514,0.01773866844088412,0.2935631276276074,0.0012594110917105716,0.03876881995896242,-0.03750940886725185,-0.3726809438860239,0.009033454660176576,0.06484305780228372,0.08050728269133389,-0.01566422488905017,-0.06527244917002673,0.20232508271454352
PROXY,3,0,2022,CORE_VOL,4.102621020685149e-16,1.3938503129473645e-15,0.003048288253780229,0.8190765360268415,0.8187614927268008,0.8187614927321567,-0.0348930195887511,,0.0,0.03273481888238721,0.0344778945510152,-0.04254613813422574,-0.0345031209083133,0.0037737675828007173,0.0030735146110769324,0.0,0.0,0.0,0.044851668755125335,0.043888233308755575,0.0009634354463697592,0.004875763857351112,0.18573268880241645,0.010424008809767113,0.014040347170285905,-0.003616338360518792,-0.057042339188439595,0.13461139569713687,0.018871997719381084,0.04601317608027733,-0.027141178360896245,-0.1251639836708076,0.07179537367973143
PROXY,3,0,2023_PLUS,CORE_VOL,4.3422297008044453e-16,1.4363510381087963e-15,-0.026438905897797432,0.9523189037790871,0.9523755999288042,0.9523755999285349,-0.018030967980462886,0.8817184765555662,0.0,-0.010220983994946913,-0.011025990574792002,-0.016286774295765336,-0.017960590066180927,0.0021196141680467663,0.0025476747431769312,0.0,0.0,0.0,0.016835094836259418,0.007412921317899668,0.00942217351835975,0.06442477932761326,0.1095580537149784,0.0032496645729913898,0.0020995954007424766,0.0011500691722489131,0.02803360121600229,0.07535582859628742,0.022165051724613805,0.009068559465726045,0.01309649225888776,0.06944285724041377,0.1121359266330606
PROXY,3,0,2024_PLUS,CORE_VOL,4.3422297008044453e-16,6.522560269672795e-16,-0.029119797333915648,0.9492357638446265,0.9492856031033744,0.9492856031016708,-0.020632490129208397,0.864194025616668,0.0,-0.010557394801209666,-0.01114172617258289,-0.01899304827592237,-0.020597286862568967,0.0021979368544266706,0.0026192157012368596,0.0,0.0,0.0,0.019802138860494145,0.008255167195308305,0.01154697166518584,0.07594837406647026,0.12353769387179503,0.004276756508037452,0.00247008387959953,0.001806672628437922,0.03985281005453267,0.08946493848911474,0.02216505172461325,0.009657030125545196,0.012508021599068053,0.06653014417692216,0.11213592663305794
PROXY,3,0,EX_MAJOR_SHOCKS,CORE_VOL,5.300969353142643e-16,1.1449174941446927e-16,-0.01594732267902893,0.944633761238947,0.9446808036103514,0.9446808036150727,-0.00850685034627155,0.8979854659243814,0.0,-0.008690573009429905,-0.008586852837669422,-0.008763269739676473,-0.008267643075672706,0.0007921779385167512,0.0009071732343133128,0.0,0.0,0.0,0.019326036819853898,0.008479183311053573,0.010846853508800325,0.07542443474288363,0.12690281813452564,0.0062755953571573195,0.002691692970002671,0.0035839023871546485,0.07853244832301431,0.1298552090431665,0.05795328300065383,0.01630151225452392,0.04165177074612991,0.13195112173169843,0.17457800216795738
PROXY,3,1,ALL,VOL,4.670742959067553e-16,7.632783294297951e-17,-0.022048920050631762,0.8468749532257789,0.846939020976124,0.8469390209742294,-0.010061292071190095,0.7946988446328467,-0.0002641824279961447,-0.018282184156395473,-0.01537781279847686,-0.013396028139573812,-0.008652395768507543,0.0020755575438115,0.002270239780831747,-0.0002889645423756255,-3.74165730569951e-09,1.3277896596027088e-08,0.06296749880057247,0.028588332678623485,0.03437916612194898,0.21925694827453202,0.3396545986727122,0.01926231518068265,0.009168865374544637,0.010093449806138015,0.20012499453461396,0.3231683007070534,0.22886166801624452,0.06474897938740498,0.16411268862883954,0.33527951260680056,0.41293686701420096
PROXY,3,1,DOTCOM,VOL,4.672911363412524e-16,3.122502256758253e-16,-0.032773172848924045,0.6209406948109972,0.6210452009323253,0.6210452009372679,-0.06469254166662042,,-0.00021557976557068866,0.00192524265264271,0.02018017838337942,-0.06750135062607689,-0.058926754282575114,0.006548242507824648,0.006175047377110113,-0.00020558412866633513,4.300242677447442e-06,3.939801828190588e-06,0.12347019542526147,0.09953910557541662,0.02393108984984485,0.14741084672298255,0.47147279755154503,0.0441664512879859,0.03331845402506676,0.010847997262919143,0.19992457989937729,0.5043046931225605,0.11406078935123765,0.11604281934232019,-0.0019820299910825456,-0.009179494478181116,0.3435958016462114
PROXY,3,1,GFC,VOL,4.0245584642661925e-16,2.636779683484747e-16,0.04081295608033126,0.6754970881956979,0.6753346491484953,0.6753346491525349,0.010671467837334058,,-0.00032323966744345956,0.004266846256161981,0.02299605248813789,0.001034178327582488,0.014606818745618321,0.0036395699369050896,0.003522596330851884,-0.0003124059401254794,-1.5047156065460783e-07,-1.0554415109113151e-07,0.15702405926967888,0.09547459759746191,0.061549461672216976,0.3131958932380464,0.5377623731113432,0.04437848760647356,0.02735168606371325,0.01702680154276031,0.2994086497530484,0.5269365880283583,0.2288616680162464,0.14625680879137593,0.08260485922487049,0.20247659329595258,0.41293686701420473
PROXY,3,1,2011,VOL,3.894454203567932e-16,5.342948306008566e-16,-0.03245904731667096,0.745165729917062,0.7447362390406397,0.7447362390404195,-0.03264764085848018,-1.0803461968166026,-0.00035491320733397464,-0.009936635012654982,-0.0005549674431370728,-0.037096644608055326,-0.031614683263468425,6.73863002493608e-05,6.795815583588661e-05,-0.0003582281193492613,8.292531158086482e-07,8.733534484472631e-07,0.08686871809856767,0.05572303368804546,0.031145684410522206,0.1929454647460529,0.40004889989906656,0.028682227642265475,0.019418895469364775,0.0092633321729007,0.16315729731038886,0.3764350240001886,0.04468577383706751,0.04961581103842172,-0.004930037201354209,-0.03245934409202644,0.22176643904979854
PROXY,3,1,2015_2016,VOL,3.452099717193846e-16,1.0234868508263162e-15,-0.019811312778691866,0.9043502690255991,0.9043492265810709,0.9043492265854736,-0.014237021659646375,0.6985191439630462,-0.0002776606696697282,-0.007066220807117179,-0.0055612441908021336,-0.014333261248808966,-0.014106744145940231,0.0001424817688469586,0.0001504651384936363,-0.0002939886022945964,1.7324915230791438e-07,1.9902185043354373e-07,0.021022522458212137,0.013859790556901203,0.007162731901310934,0.055313466602762484,0.1466483885235792,0.003940169278606076,0.0038970507853937075,4.311849321236849e-05,0.0011715183353430136,0.09680363348676435,0.012401962354841034,0.012641424150624525,-0.00023946179578349103,-0.0019837223466110387,0.09299975364024804
PROXY,3,1,2018Q4,VOL,3.434752482434078e-16,1.817990202823694e-15,0.056686976242943554,0.7160293080596603,0.7146659112984198,0.7146659112938919,-0.056292367289255185,,-0.0005874163743394986,0.1676895256154294,0.1026150425907702,-0.08729540389424384,-0.04961076227445557,0.0070919970541113,0.004014488655695723,-0.0003320965289424405,5.204861780803445e-07,3.0379987746424646e-07,0.06576038670973589,0.06768053282455874,-0.0019201461148228571,-0.011343421464654169,0.27752324915734383,0.032585630596351334,0.02206877806967289,0.010516852526678444,0.1908118262555052,0.4221749567380644,0.04410985061817063,0.05278556150088365,-0.008675710882713017,-0.06358934068460242,0.23311536466178961
PROXY,3,1,COVID,VOL,3.8510861166685117e-16,2.0122792321330962e-16,-0.059595982163687417,0.44499930319580017,0.4438034682637305,0.44380346826620853,-0.2001965326900583,,-0.0005421397093898638,0.0942265395624784,0.1232293140306367,-0.24703906022035568,-0.1835960045215116,0.0015677197986546391,0.0011751351774394426,-0.00040356448558260345,-1.2737110903384402e-06,-8.623646695601937e-07,0.23029344264525997,0.23821161621546022,-0.007918173570200249,-0.04212602154205536,0.5403722287382251,0.0025172660529981794,0.07754429791182349,-0.07502703185882531,-1.212616264487222,0.01805574756886963,0.13341962838756338,0.16753040895773008,-0.0341107805701667,-0.22300595424950442,0.4162995741435671
PROXY,3,1,2022,VOL,4.0505793164058446e-16,1.0408340855860843e-16,0.004036781514545229,0.6380171920682187,0.6375441600599979,0.6375441600640681,-0.07200891562720584,,-0.0004966780548815575,0.06546581326348205,0.06738152185247234,-0.0848076188704181,-0.06908777404616046,0.007543373226390744,0.006147906708571225,-0.00040490809877688705,-2.951232932657823e-09,3.509843889882303e-08,0.08764041860137237,0.08771236789201414,-7.194929064177624e-05,-0.0004678938212661077,0.3629227417038323,0.020839990480846005,0.02809109969210386,-0.007251109211257857,-0.14694216298005314,0.2691191322011556,0.03670667067439215,0.09363600075735079,-0.05692933008295864,-0.336417761066347,0.1396444179780908
PROXY,3,1,2023_PLUS,VOL,4.3187711233302374e-16,4.649058915617843e-16,-0.05324441918630321,0.9045125831544283,0.9046212145978936,0.9046212145935855,-0.03639690318771843,0.7617968368050115,-0.00030579816691193786,-0.020469864976672393,-0.021989148246214885,-0.032433264741461194,-0.035937327522913544,0.004244487022396607,0.005045804410040027,-0.00036326189001621196,-4.350067833052805e-07,-4.859371990604738e-07,0.030748119571936364,0.014835342973621851,0.015912776598314513,0.11462195512966056,0.20010009854184319,0.006272378271536608,0.004204544769012726,0.0020678335025238817,0.05313074182155164,0.14544893828408145,0.04443836819476743,0.01822069451907604,0.02621767367569139,0.14610694697210858,0.22481957892512916
PROXY,3,1,2024_PLUS,VOL,4.3166027189852664e-16,6.869504964868156e-16,-0.05867350679704092,0.898310990734899,0.8984064350871847,0.8984064350854917,-0.041648040703631733,0.7263644156005622,-0.0003303493628162243,-0.02114909058729788,-0.022240166176561414,-0.03782090991868862,-0.04122687439614566,0.004402612491624679,0.0051823891919305694,-0.0003880036105023263,-7.543996429601681e-07,-8.518057627702296e-07,0.03610311382533073,0.016521968108969193,0.019581145716361534,0.13619741927229512,0.2252330142210196,0.008245027740992707,0.004947748483757307,0.0032972792572354,0.07693862608412261,0.17247671180313495,0.04443836819476821,0.019412483652763934,0.025025884542004273,0.14039776785980695,0.2248195789251326
PROXY,3,1,EX_MAJOR_SHOCKS,VOL,4.670742959067553e-16,6.938893903907228e-17,-0.03289560346002671,0.8892097656716942,0.8892994312456514,0.8892994312472764,-0.017962833311562176,0.7895602532455427,-0.00023856627315414864,-0.017390913782780522,-0.017251618513757307,-0.017625074425206014,-0.0171753928873021,0.0015857241046384584,0.0018027315035260222,-0.00027138345824211937,4.375285239158016e-08,5.989574886649735e-08,0.03538887009715323,0.016960567794551018,0.018428302302602215,0.13617553796762494,0.23238102855316822,0.011749060065604909,0.005386001953187225,0.006363058112417684,0.14817922420280283,0.24311265530206794,0.10477816546782304,0.03272621527087394,0.0720519501969491,0.24078644985365483,0.31563290034819835
PROXY,3,1,ALL,CORE_VOL,5.186823193170653e-16,2.42861286636753e-16,-0.010213525136626406,0.9234469937582617,0.9234804939868972,0.9234804939860591,-0.004306350978414641,0.9049001717042925,-0.00013191587297401152,-0.009139780167417675,-0.007440248823673268,-0.006928198098508519,-0.0037689666485959464,0.0010373878801943905,0.0011407522773632943,-0.0001450623572632295,-1.2837138438517925e-08,4.1554298660153515e-10,0.03489632283922073,0.014303049117616234,0.020593273721604494,0.12036950705491467,0.18823514916239859,0.010716196376048648,0.004583848841703916,0.0061323475343447315,0.11145518981283997,0.1797880961040319,0.10618291936457236,0.03145914617943313,0.07472377318513923,0.1429381295606592,0.19158665770851502
PROXY,3,1,DOTCOM,CORE_VOL,5.186823193170653e-16,1.734723475976807e-16,-0.012970393406749069,0.8106031231800443,0.8106503450555946,0.8106503450521328,-0.030467363877612817,,-0.00010922268344762665,0.000961972332476103,0.011698860371721222,-0.03226151412197141,-0.027684039078299673,0.0032721517861436875,0.0031177527520711177,-0.00010548129861027285,2.734791549802731e-06,2.5138463683628363e-06,0.06378477932660656,0.04979040834821591,0.013994370978390652,0.06598270582657695,0.2435631388348024,0.02430315234292217,0.01664746893237712,0.007655683410545053,0.1079307590642008,0.27750008041832686,0.05787496622339172,0.056401739421866215,0.0014732268015255068,0.005346294049985767,0.17434208133996143
PROXY,3,1,GFC,CORE_VOL,4.77048955893622e-16,1.214306433183765e-16,0.022700249391448393,0.8377145606136764,0.8376022494898064,0.8376022494955725,0.006972951928092733,,-0.00016239263238006474,0.0021342783637249797,0.013365393678659824,-0.001232179647827386,0.0077446787128898735,0.0018203595187248564,0.0017457279936271212,-0.0001554158132107539,-1.7867746427662277e-07,-1.351805175461405e-07,0.08437134744152017,0.04784769912480477,0.036523648316715396,0.14959661890182419,0.2889476697633351,0.025646417599383325,0.013678538378947308,0.011967879220436017,0.16965788564176099,0.3045177182423444,0.1061829193645728,0.06885718775430627,0.03732573161026653,0.07690128589338308,0.19158665770851602
PROXY,3,1,2011,CORE_VOL,3.215743643592006e-16,5.082739784612045e-16,-0.015371891200631232,0.872586208388384,0.8723290379248362,0.8723290379256976,-0.015818022101768296,0.014793777367351909,-0.00017656169340639263,-0.004969838832929332,0.0003951504695104245,-0.019019005585487192,-0.015621988522324513,3.369098782357234e-05,3.427472819899089e-05,-0.0001797619483081211,3.951212195903889e-07,4.340722924954999e-07,0.0463785450624421,0.027896954503424165,0.018481590559017935,0.09765789741684283,0.21358305195774696,0.016095541418466315,0.009709138162039985,0.00638640325642633,0.09605747853820523,0.21124319894972532,0.022703767578115097,0.02464426994814395,-0.0019405023700288515,-0.010972279300255572,0.11267419709841309
PROXY,3,1,2015_2016,CORE_VOL,3.8077180297690916e-16,1.8388068845354155e-16,-0.009834702921653858,0.9521730145424954,0.9521721747475536,0.9521721747466423,-0.007062750996304802,0.8503393142690511,-0.00013891135877532282,-0.003533290551429242,-0.002747700702189213,-0.007265955920948321,-0.007014945738194895,7.123298134978488e-05,7.556704288663103e-05,-0.00014783294155146112,1.8592340474692654e-07,2.094173948958715e-07,0.011679885850199412,0.0069345501238830265,0.004745335726316385,0.03478508359455457,0.08147625678487525,0.0019701048664681614,0.0019486091286328652,2.149573783529618e-05,0.0005546701574894453,0.048402313692355814,0.006983154233429767,0.006315225515981071,0.0006679287174486959,0.005257643435477077,0.05236523098196
PROXY,3,1,2018Q4,CORE_VOL,4.3107878378023656e-16,9.367506770274758e-17,0.028549008310350454,0.858050580813142,0.8572245364377173,0.8572245364375972,-0.02581723640953626,,-0.000292431803950969,0.08390848027738514,0.050441762995905644,-0.042893510940958515,-0.023692802377853678,0.003548945831779703,0.001961272076425852,-0.00016137899819254145,2.6833971879849866e-07,1.5461406508569775e-07,0.03410148299849397,0.033870684562057746,0.00023079843643622477,0.001136468800787216,0.14391573462910945,0.016955176550307878,0.011031522297827556,0.005923654252480322,0.0895439281753081,0.219668939824475,0.022008277978640356,0.026137491719626982,-0.004129213740986626,-0.025319942090758385,0.11631115668424719
PROXY,3,1,COVID,CORE_VOL,3.5995512126518747e-16,6.175615574477433e-16,-0.02590431584677924,0.7225236029407824,0.7214662486022362,0.7214662486060905,-0.09860813923699194,,-0.00026535505128209586,0.04718704639102561,0.06908468192676921,-0.1275048546690643,-0.0953898949679555,0.0007853726747748163,0.000603365524659865,-0.00020190627831090892,-8.778157733654807e-07,-5.620519425326373e-07,0.12511362934616688,0.11967177778190435,0.005441851564262523,0.017754597824775287,0.2935729735017183,0.0012586341611261487,0.038768792759548365,-0.037510158598422216,-0.3726882922473529,0.009027881922843428,0.06481442504022983,0.0805018037808014,-0.015687378740571578,-0.06536743834306002,0.20223574198714345
PROXY,3,1,2022,CORE_VOL,3.7816971776294395e-16,7.186091999233923e-16,0.0028468783164619094,0.8190765360268415,0.8187614927268008,0.8187614927321567,-0.0350776219292076,,-0.0002467861305512809,0.03273481888238721,0.03447362208713227,-0.04254613813422571,-0.034498850793958195,0.003773767582800716,0.0030731348378814686,-0.00020103705253130848,-2.151573925651486e-08,9.237938394398616e-09,0.04485285970039815,0.043888149939236204,0.0009647097611619471,0.00488221086265872,0.18573762055799825,0.010420031009944708,0.014040258779946233,-0.0036202277700015245,-0.05710360920162483,0.13456002801358347,0.018736702193900223,0.04600078957936227,-0.027264087385462044,-0.12572360816925654,0.0712806643758449
PROXY,3,1,2023_PLUS,CORE_VOL,4.758563335038879e-16,3.157196726277789e-16,-0.026620166130266354,0.9523189037790871,0.9523755999288042,0.9523755999285349,-0.01820803376905039,0.8809075603807746,-0.00015219456186332055,-0.010220983994946913,-0.01102517313385299,-0.01628677429576534,-0.017959312212078266,0.002119614168046765,0.0025474838680665836,-0.00018274237331303425,-3.756030130828414e-07,-4.2227908833346387e-07,0.016837155025788947,0.007413019724083925,0.009424135301705022,0.06443823651816294,0.10957146084795477,0.003245262616865696,0.0020995113568281,0.001145751260037596,0.027928292394156173,0.07525375250694177,0.022134096290151284,0.00906801996898221,0.013066076321169073,0.06928138154522456,0.11197931899817182
PROXY,3,1,2024_PLUS,CORE_VOL,4.757479132866393e-16,4.787836793695988e-16,-0.029313493918552036,0.9492357638446265,0.9492856031033744,0.9492856031016708,-0.02082165742715869,0.8632906830174861,-0.0001642858637101826,-0.010557394801209666,-0.011140843193880312,-0.018993048275922384,-0.020595716224761886,0.00219793685442667,0.002619003934054176,-0.0001952565313071488,-6.025412118618065e-07,-6.819026563825319e-07,0.019805778622981718,0.008255304674115671,0.011550473948866047,0.0759714784785317,0.12356040090698583,0.004272895287820648,0.0024699624771633774,0.0018029328106572706,0.03977020811401211,0.08938416610271871,0.022134096290152283,0.00965645722802777,0.012477639062124513,0.06636833727777047,0.11197931899817659
PROXY,3,1,EX_MAJOR_SHOCKS,CORE_VOL,5.186823193170653e-16,2.498001805406602e-16,-0.016082888242497068,0.944633761238947,0.9446808036103514,0.9446808036150727,-0.008638071365837302,0.8971145510996935,-0.00011912676755905121,-0.008690573009429905,-0.008586320119582444,-0.008763269739676473,-0.008267198077665442,0.0007921779385167508,0.000907115722812705,-0.00013652691643099805,2.9477088117823403e-08,4.114836936206211e-08,0.019325600534516152,0.008479123505787722,0.01084647702872843,0.0754227986376923,0.1269015630419853,0.0062718189405396585,0.00269159137815405,0.0035802275623856086,0.0784517488889307,0.1297770670755266,0.05787496622339172,0.016299450005189065,0.04157551621820266,0.13170869000855723,0.17434208133996143
PROXY,3,3,ALL,VOL,4.653395724307785e-16,3.95516952522712e-16,-0.022621030593950556,0.8468749532257789,0.846939020976124,0.8469390209742294,-0.010609954304200697,0.7893544039079768,-0.0007925349948649871,-0.018282184156395473,-0.015373745742814,-0.013396028139573805,-0.00865029534528806,0.0020755575438115,0.002269630054312041,-0.000866659249543723,-1.1413330678972092e-08,3.968938279308954e-08,0.06296731939602979,0.028587956305666573,0.03437936309036321,0.21926133375978374,0.3396584205774379,0.019249129469232074,0.009168222765092632,0.010080906704139442,0.1998737531380046,0.3229470809874545,0.2281119930037463,0.06471874640511355,0.16339324659863275,0.33378908777600846,0.41158422262589744
PROXY,3,3,DOTCOM,VOL,4.638216893892988e-16,4.0939474033052647e-16,-0.03316772186962953,0.6209406948109972,0.6210452009323253,0.6210452009372679,-0.06507034195443585,,-0.0006467634351578214,0.00192524265264271,0.020170829446517616,-0.06750135062607687,-0.058906610186827246,0.006548242507824648,0.006172778224512751,-0.0006165333526639059,1.2897997967967081e-05,1.1813998830843932e-05,0.12343828037266694,0.09952695593135658,0.02391132444131036,0.1473112560870704,0.4714167618897467,0.044156103633850995,0.03331721824945395,0.010838885384397041,0.19975210201445748,0.5041865407605101,0.1137304953081778,0.11603070258806691,-0.0023002072798891104,-0.010652490269545067,0.34260082653557167
PROXY,3,3,GFC,VOL,4.458239333260394e-16,5.551115123125783e-17,0.04017468159173142,0.6754970881956979,0.6753346491484953,0.6753346491525349,0.010086469401964613,,-0.0009697063428900041,0.004266846256161981,0.02298847604726801,0.0010341783275824926,0.014601979690580918,0.0036395699369050896,0.0035214553961350342,-0.0009369128892657122,-4.515221890992277e-07,-3.16652986772693e-07,0.15702665311834704,0.09547380969979574,0.0615528434185513,0.31321184559416415,0.5377712562991919,0.04437038347469506,0.027348770517124518,0.017021612957570542,0.2993020660246203,0.5268403620463878,0.2281119930037464,0.14619781901161932,0.08191417399212708,0.20075459513324023,0.4115842226258981
PROXY,3,3,2011,VOL,3.392197547164022e-16,1.8318679906315083e-15,-0.03316209501216522,0.745165729917062,0.7447362390406397,0.7447362390404194,-0.03330769119175733,-1.1254055168033426,-0.0010647403357504901,-0.009936635012654982,-0.0005545764987788443,-0.03709664460805532,-0.03160375130182715,6.73863002493608e-05,6.793413720518996e-05,-0.0010743206355637138,2.4878901442213434e-06,2.6192867974713225e-06,0.08685636705577729,0.05572280380635228,0.03113356324942501,0.19287010028424867,0.39999202072335116,0.028654052626590196,0.019417529481730846,0.00923652314485935,0.16268118942917764,0.3760652457934811,0.0443618852350367,0.04959615635551107,-0.005234271120474365,-0.03445795985058209,0.2201590455606951
PROXY,3,3,2015_2016,VOL,3.8337388819087437e-16,7.806255641895632e-16,-0.020392809055625995,0.9043502690255991,0.9043492265810709,0.9043492265854736,-0.014806198700905243,0.6896701596826685,-0.0008329617563903128,-0.007066220807117179,-0.005559642614747296,-0.01433326124880898,-0.01410246498831349,0.0001424817688469586,0.00015042393958055415,-0.0008817224936937208,5.199113305949497e-07,5.971015487394841e-07,0.021018710451032513,0.013859661647104171,0.007159048803928342,0.05528496922306658,0.14662179681884702,0.003928540115544998,0.00389684415687528,3.169595866971825e-05,0.0008611661843850316,0.09651792362022782,0.011828924347948466,0.012632993669035697,-0.0008040693210872307,-0.006660515037733461,0.08870266000758642
PROXY,3,3,2018Q4,VOL,3.0878077872387166e-16,2.2343238370581275e-15,0.055990249116573965,0.7160293080596603,0.71466591129842,0.7146659112938919,-0.056945129476959844,,-0.0017623052210461317,0.16768952561542927,0.10255462105181856,-0.08729540389424369,-0.04958166653293268,0.007091997054111299,0.0040121359864584765,-0.0009957520230732535,1.5610048759897459e-06,9.106343006279556e-07,0.0657679773845615,0.06768241135031891,-0.0019144339657574116,-0.011309801984202394,0.2775552834692805,0.032585630596351556,0.022067215603307044,0.010518414993044511,0.19083476488132212,0.4221749567380667,0.04387278529310579,0.0527740542319417,-0.008901268938835916,-0.06523708479536605,0.23186250234358396
PROXY,3,3,COVID,VOL,4.36282954208167e-16,1.6583956430338276e-15,-0.06037205970893411,0.44499930319580017,0.4438034682637305,0.44380346826620853,-0.20088625379290428,,-0.0016264365514505289,0.0942265395624784,0.12316238899314079,-0.24703906022035552,-0.183496290211146,0.0015677197986546394,0.001174510914597161,-0.0012100833308126648,-3.821346164625419e-06,-2.586074715058723e-06,0.23031409588591267,0.2382098339864365,-0.007895738100523825,-0.042006262758561785,0.5404206905509189,0.002514152875035869,0.07754422804535976,-0.0750300751703239,-1.2126640823278527,0.018033417487646197,0.1332889637491914,0.16751583763389266,-0.03422687388470125,-0.22374362271859938,0.41589187076463197
PROXY,3,3,2022,VOL,4.2934406030425976e-16,6.92154666914746e-16,0.0032253749942672827,0.6380171920682187,0.6375441600599979,0.6375441600640681,-0.07276572455335337,,-0.0014900304080790385,0.06546581326348205,0.06734791219150692,-0.08480761887041813,-0.06905335994653679,0.007543373226390745,0.006144849006795492,-0.001214131397715281,-8.963465384166726e-09,1.0514021763462608e-07,0.0876457371777549,0.08771210033929669,-6.636316154179367e-05,-0.0004315658839997294,0.3629447661573152,0.020823937343057347,0.0280908207852774,-0.007266883442220054,-0.14726099204840115,0.2689118285310912,0.036146334456997775,0.0935952000346969,-0.057448865577699126,-0.339406066922479,0.1375127121188433
PROXY,3,3,2023_PLUS,VOL,4.343313902976931e-16,2.8449465006019636e-16,-0.05395634170337893,0.9045125831544283,0.9046212145978936,0.9046212145935856,-0.03709297834696443,0.7586118608374122,-0.0009173735269990827,-0.020469864976672393,-0.021982624310909832,-0.032433264741461174,-0.03592709972308241,0.004244487022396606,0.005044291312564553,-0.0010894513818704567,-1.3051748597164484e-06,-1.457600080498917e-06,0.03075206727804325,0.014835713862471928,0.01591635341557132,0.1146480257341218,0.20012578910087564,0.0062546404992453175,0.004204224437923537,0.0020504160613217803,0.05268278592883924,0.14503762059315073,0.04431069287364231,0.01821862162337118,0.02609207125027113,0.1454053048188979,0.2241736525983864
PROXY,3,3,2024_PLUS,VOL,3.9898639947466563e-16,8.326672684688674e-17,-0.059432878991253074,0.898310990734899,0.8984064350871847,0.8984064350854919,-0.042390361808258864,0.7228229321358244,-0.0009910297717552904,-0.02114909058729788,-0.022233110403975905,-0.0378209099186886,-0.04121429359574894,0.004402612491624678,0.0051807115909288095,-0.0011636317057355135,-2.263378633782102e-06,-2.5548767216145817e-06,0.03611219339383549,0.01652248434670106,0.019589709047134432,0.1362574711132395,0.2252896580493623,0.008229431985692218,0.004947287163382781,0.0032821448223094365,0.0765846551932381,0.17215046613401008,0.04431069287364242,0.019410288382393337,0.024900404491249084,0.13969209155674123,0.22417365259838717
PROXY,3,3,EX_MAJOR_SHOCKS,VOL,4.653395724307785e-16,4.85722573273506e-16,-0.033430394679381484,0.8892097656716942,0.8892994312456514,0.8892994312472764,-0.018481444915063608,0.786123680622244,-0.0007156862309223228,-0.017390913782780522,-0.01724744260254751,-0.017625074425206007,-0.017171474130637555,0.0015857241046384584,0.0018022909674971427,-0.0008139484249763878,1.3105328476088594e-07,1.7951128234084885e-07,0.035387148609851815,0.01696031556891142,0.018426833040940394,0.13616830278232617,0.23237560177714145,0.011738143998408092,0.005385618166075745,0.006352525832332347,0.147932632409018,0.2428867790135092,0.10432367285393196,0.03272165603622923,0.07160201681770273,0.2392791965187343,0.3142637904647697
PROXY,3,3,ALL,CORE_VOL,4.655564128652756e-16,5.342948306008566e-16,-0.010502360248127951,0.9234469937582617,0.9234804939868972,0.9234804939860591,-0.0045822620946970455,0.902202690295123,-0.0003957452770141273,-0.009139780167417675,-0.007439255047472581,-0.006928198098508518,-0.003768574361611351,0.0010373878801943903,0.0011405947283158577,-0.0004351267228988415,-3.865875970424655e-08,1.1555394983992642e-09,0.03489645014545903,0.01430286509361009,0.02059358505184894,0.12037303665866517,0.18823849028124995,0.010709363088637527,0.0045834996314036355,0.006125863457233892,0.11133663531022975,0.17967345246643274,0.10587427702226337,0.03144370644161909,0.07443057058064428,0.14237306121551774,0.1910297719575469
PROXY,3,3,DOTCOM,CORE_VOL,4.657732532997727e-16,7.667477763817487e-16,-0.01317519833171512,0.8106031231800443,0.8106503450555946,0.8106503450521328,-0.03065301164939543,,-0.0003276861564922003,0.000961972332476103,0.011694497885559988,-0.03226151412197142,-0.02767780474232038,0.0032721517861436875,0.0031169350892396117,-0.0003163654511975164,8.202357794874327e-06,7.538887003942374e-06,0.0637674460694328,0.04978467562935876,0.013982770440074038,0.06593759738974525,0.24353096016304765,0.02429753808631073,0.016646676729560328,0.007650861356750402,0.10786157250155526,0.27743597529158504,0.05771834890405403,0.05639440703571863,0.0013239418683353987,0.004804415849297361,0.1738702885907113
PROXY,3,3,GFC,CORE_VOL,4.354155924701786e-16,3.7470027081099033e-16,0.02238542484675666,0.8377145606136764,0.8376022494898062,0.8376022494955724,0.0066907344613009526,,-0.0004871744610178009,0.002134278363724986,0.013363179522418807,-0.0012321796478273754,0.007743377256604049,0.0018203595187248557,0.00174544477029377,-0.00046617114670467166,-5.361116918626988e-07,-4.0555585492007904e-07,0.08437342349835486,0.047847225101990076,0.036526198396364784,0.14960677326382232,0.2889547796626418,0.025641495770553566,0.013676742257977742,0.011964753512575824,0.1696092566958195,0.30445927795223326,0.10587427702226138,0.06882524579239135,0.03704903122987002,0.07632618394391022,0.19102977195754345
PROXY,3,3,2011,CORE_VOL,3.4279762188560436e-16,6.591949208711867e-17,-0.015727784942836106,0.872586208388384,0.8723290379248362,0.8723290379256977,-0.016148704228225706,-0.00801595533507964,-0.0005296912251883317,-0.004969838832929332,0.00039513352472999767,-0.01901900558548716,-0.015619288357258287,3.3690987823572334e-05,3.426868353601827e-05,-0.0005392007798288036,1.1853544199163222e-06,1.3019859850337611e-06,0.04637407264688967,0.02789683336022894,0.01847723928666073,0.09763484251873222,0.2135624555340767,0.016083313311251173,0.009708345607829946,0.006374967703421226,0.09588433411088115,0.21108271323395655,0.022548154327325376,0.024633060857011668,-0.0020849065296862923,-0.011788043812231752,0.11190192007301214
PROXY,3,3,2015_2016,CORE_VOL,3.9237276622250405e-16,1.2160411566597418e-15,-0.010128434811602062,0.9521730145424954,0.9521721747475536,0.9521721747466423,-0.007349979590931706,0.845869416558783,-0.0004167292991252765,-0.003533290551429242,-0.002747303842340022,-0.007265955920948319,-0.007013878034431525,7.123298134978484e-05,7.555667379025081e-05,-0.0004434379992209284,5.579642755664924e-07,6.283906013784628e-07,0.011676625835212728,0.0069344824033061025,0.004742143431906626,0.03476166562769567,0.08145351565353331,0.001964330816218607,0.0019485005347230216,1.5830281495585186e-05,0.00040847912238639594,0.04826045454759098,0.006714817930961181,0.00631081625734764,0.000404001673613541,0.003180014530932973,0.0503530324839887
PROXY,3,3,2018Q4,CORE_VOL,2.918333435152076e-16,2.4528989950312052e-15,0.028218303403453437,0.858050580813142,0.8572245364377173,0.8572245364375972,-0.026123854873024488,,-0.0008773379608592462,0.08390848027738514,0.050427094761852635,-0.042893510940958376,-0.023685935467239936,0.0035489458317797032,0.001960704288084464,-0.00048402371395855047,8.046903388041786e-07,4.6353471237327716e-07,0.034105168504736105,0.03387182965953503,0.0002333388452010754,0.00114898444256617,0.14393128827345825,0.016951352868042273,0.01103059195886713,0.005920760909175142,0.08949893278391752,0.2196194007219464,0.021892638586283653,0.02613079646121086,-0.004238157874927206,-0.02598691017278343,0.11570001611721448
PROXY,3,3,COVID,CORE_VOL,4.3194614551822497e-16,9.08995101411847e-16,-0.026302341209559876,0.7225236029407824,0.7214662486022362,0.7214662486060904,-0.09894065697475757,,-0.0007960901300170365,0.04718704639102561,0.06906609605769877,-0.12750485466906422,-0.09536437458839514,0.0007853726747748163,0.0006032073657339991,-0.000605584098131783,-2.6336775563622554e-06,-1.6859464648132658e-06,0.12512198976497302,0.11967038022159693,0.00545160954337609,0.017786353130440524,0.2935925908129693,0.001257079837863384,0.038768738372508826,-0.03751165853464544,-0.3727029937100834,0.009016733133688004,0.06475714918414244,0.0804908482163077,-0.01573369903216526,-0.06555745674711888,0.202057028294218
PROXY,3,3,2022,CORE_VOL,3.9811903773667723e-16,3.5041414214731503e-16,0.0024442006242143266,0.8190765360268415,0.8187614927268008,0.8187614927321566,-0.03544668693166139,,-0.0007403626141641146,0.03273481888238721,0.03446507911179841,-0.04254613813422569,-0.03449031251860384,0.003773767582800716,0.0030723754653562536,-0.0006029690807629067,-6.461410193416534e-08,2.764642675928194e-08,0.04485522045558865,0.04388798301770866,0.000967237437879992,0.004894998814088836,0.18574739654674743,0.010412076053778321,0.014040081995145157,-0.0036280059413668353,-0.05722613849684843,0.13445730095609454,0.018466174967217808,0.0459760188332079,-0.02750984386599009,-0.12684238283831606,0.07025148857691732
PROXY,3,3,2023_PLUS,CORE_VOL,3.9042120231203015e-16,9.402201239794294e-16,-0.026982602015224316,0.9523189037790871,0.9523755999288042,0.9523755999285349,-0.018562080335883552,0.8792861064223744,-0.0004565776218101965,-0.010220983994946913,-0.011023538514682811,-0.016286774295765354,-0.01795675693066662,0.002119614168046764,0.002547102178072647,-0.0005481418796567391,-1.1269821613811057e-06,-1.2668682898504492e-06,0.016841248024986127,0.0074132164783711485,0.009428031546614979,0.06446496411300096,0.10959809693348099,0.003236459571566666,0.0020993432846063073,0.0011371162869603588,0.02771769680733538,0.07504962043183716,0.022072181596465512,0.009066941183543231,0.013005240412922281,0.06895841161903471,0.11166608437842362
PROXY,3,3,2024_PLUS,CORE_VOL,3.677613769070831e-16,6.765421556309548e-16,-0.029700793018211075,0.9492357638446265,0.9492856031033742,0.9492856031016708,-0.02119989755055554,0.8614844365315012,-0.0004928536781673729,-0.010557394801209713,-0.011139077527764654,-0.018993048275922342,-0.020592575489426664,0.002197936854426669,0.0026185804679558972,-0.0005856747867773591,-1.807860982969642e-06,-2.045682197619764e-06,0.01981302882125957,0.008255579542718633,0.011557449278540938,0.07601749507674238,0.1236056320197293,0.004265172601640443,0.0024697196890561338,0.0017954529125843097,0.03960499978422971,0.08922261618918403,0.02207218159646518,0.009655311653248844,0.012416869943216335,0.06604470499993831,0.11166608437842207
PROXY,3,3,EX_MAJOR_SHOCKS,CORE_VOL,4.657732532997727e-16,5.967448757360216e-16,-0.01635396674365766,0.944633761238947,0.9446808036103514,0.9446808036150727,-0.008900460360856455,0.8953728710682264,-0.0003573776323251432,-0.008690573009429905,-0.008585254827839554,-0.008763269739676479,-0.008266308196791786,0.0007921779385167507,0.000907000715477095,-0.0004095277721410102,8.827023578202833e-08,1.233376381906434e-07,0.019324711584197185,0.008479004620512792,0.010845706963684393,0.07541940153258841,0.12689893534675278,0.006264266426187479,0.0026913882017195537,0.003572878224467925,0.07829035793945616,0.1296207897386067,0.05771834890405403,0.01629532599083383,0.0414230229132202,0.13122388616358038,0.1738702885907113
PROXY,4,0,ALL,VOL,5.299715744380706e-16,2.7755575615628914e-17,-0.01675973976536438,0.846185917594994,0.8463097268003125,0.8463097267991421,-0.005055378733515886,0.8401615207306684,0.0,-0.017989399856129063,-0.015044414629307817,-0.0090070720909259,-0.004001642209955829,0.002088931025628621,0.002286317073899239,0.0,0.0,0.0,0.06214450129062567,0.02863004937893779,0.03351445191168788,0.21428231035111356,0.33585575202493023,0.019383500112947073,0.008720260268113934,0.010663239844833139,0.22344461706244112,0.34342132458976016,0.24851155114050183,0.06737469684665287,0.18113685429384896,0.3720554178253558,0.4483913021970741
PROXY,4,0,DOTCOM,VOL,4.36282954208167e-16,5.84601811404184e-16,-0.015424936186446067,0.6253885067635565,0.6253758257663417,0.6253758257678423,-0.0555427622802244,,0.0,0.01893193773836342,0.03444522665914165,-0.06534930894902252,-0.05573559719752515,0.006419885813595118,0.005865434351938011,0.0,0.0,0.0,0.11720217596159685,0.09734275969791448,0.019859416263682372,0.12420994678293729,0.4556342462573464,0.026410798539915167,0.023852137694016985,0.002558660845898182,0.0647420840738393,0.41675180821919844,0.10247221101702197,0.11431493297368545,-0.011842721956663471,-0.054412475244969505,0.3086864617640954
PROXY,4,0,GFC,VOL,3.7838655819744105e-16,1.3253287356462806e-15,0.053645165854189734,0.6732407987510669,0.6735247580054808,0.6735247580118876,0.020964750377087286,,0.0,0.004290632370779312,0.023352451750867576,0.013694329471645414,0.026695264314527224,0.0036929551335220787,0.003597449788796262,0.0,0.0,0.0,0.15589197633888327,0.0955893758285567,0.06030260051032657,0.307030532408346,0.5338853137214956,0.05589787022457171,0.03214208012485989,0.02375579009971182,0.35921095470021225,0.568788388935732,0.24851155114050216,0.15181991351900814,0.09669163762149402,0.24028182675577958,0.4483913021970747
PROXY,4,0,2011,VOL,3.8510861166685117e-16,1.2455314557513475e-15,-0.030099376451675052,0.7424517721301527,0.7428998769451798,0.7428998769454828,-0.029561823564670693,-0.9291115576159804,0.0,-0.010008118954696258,-0.0004925480419617986,-0.03477474623921429,-0.029669535434875202,6.215013653239168e-05,6.270702516319166e-05,0.0,0.0,0.0,0.08517851355319936,0.056086658867019884,0.029091854686179475,0.1806290158691114,0.39226514892657305,0.009209843107711536,0.012995905956412326,-0.00378606284870079,-0.10107795078342807,0.18254386210811346,0.05327026150119729,0.04925148084644626,0.004018780654751031,0.026396316717872126,0.26436951150150045
PROXY,4,0,2015_2016,VOL,4.3107878378023656e-16,6.245004513516506e-16,-0.03682274228693183,0.9052625735275797,0.9053909613623154,0.9053909613666029,-0.031367411980431595,0.4396458230555841,0.0,-0.0069892624331949075,-0.0054579295689122,-0.031119789225205884,-0.0315176701281961,0.00014596183898829735,0.00015285741017584064,0.0,0.0,0.0,0.0214671647556543,0.013708162962695836,0.007759001792958464,0.05984802226641528,0.14975011318668408,0.007324390378505165,0.004423854799948203,0.002900535578556962,0.06866933052443569,0.15696346924213989,0.0031314506016431043,0.012603749216764326,-0.009472298615121222,-0.07844486287320418,0.023482101151172663
PROXY,4,0,2018Q4,VOL,2.564138137928218e-16,7.28583859910259e-16,0.06051705806004254,0.6993796281094546,0.6974468622317656,0.6974468622299991,-0.05695208890757425,,0.0,0.17780908119561079,0.10896566957429285,-0.09349090157704984,-0.052643649420334206,0.007383366294659001,0.004195037906083163,0.0,0.0,0.0,0.07547086553289442,0.0718585988254408,0.0036122667074536263,0.021879806639509503,0.3185035987068636,0.005923835912041042,0.013962830371563317,-0.008038994459522275,-0.251033313528257,0.12881699646718647,0.04477420473064708,0.055582745916906595,-0.010808541186259513,-0.0808803209292197,0.2366263978896075
PROXY,4,0,COVID,VOL,3.41740524767431e-16,6.800116025829084e-16,-0.05377020816915576,0.44345415807765676,0.443745544050642,0.4437455440535295,-0.19612640991941316,,0.0,0.09423635263725451,0.12442204025057768,-0.23800773934469197,-0.17927456270626205,0.0014251859472506688,0.0010823142865292888,0.0,0.0,0.0,0.22349787976485952,0.23833449027516226,-0.014836610510302745,-0.07898490854419982,0.5244267748988409,0.04678830813240653,0.06905370457171311,-0.022265396439306584,-0.40568311480542407,0.3775155905868218,0.1365822201613014,0.1671242128900886,-0.030541992728787215,-0.199145451959291,0.42616757950760986
PROXY,4,0,2022,VOL,4.597017211338539e-16,6.106226635438361e-16,0.015267907525387342,0.6296322267808137,0.6292876148447137,0.6292876148467523,-0.0629075700077393,,0.0,0.06695708857954473,0.06928727956902295,-0.07371898420351979,-0.060371057109861355,0.0077391183315879,0.00635168506622514,0.0,0.0,0.0,0.09001638374714266,0.08962350850303394,0.0003928752441087202,0.0025870620351440277,0.372761715531853,0.022927437169378458,0.027110363372293507,-0.004182926202915049,-0.09114843943249729,0.3140670505487615,0.04945188170996162,0.09643991083356374,-0.046988029123602115,-0.2823490670511133,0.18813145165264566
PROXY,4,0,2023_PLUS,VOL,3.7816971776294395e-16,5.828670879282072e-16,-0.03885317735033053,0.9037009965904872,0.9037670152654008,0.9037670152699486,-0.0216887731876495,0.8255458323042456,0.0,-0.020581072426345572,-0.022208991324568137,-0.020237302628820255,-0.02179075497722469,0.004303640646977447,0.005146568951462877,0.0,0.0,0.0,0.02933795344119651,0.015038001218809022,0.014299952222387488,0.10321287441558613,0.19101953066305843,0.0037292899023268627,0.0033649945974591512,0.00036429530486771153,0.011899968934536598,0.1097556108413088,0.05113471468109798,0.01823374744350359,0.03290096723759439,0.18336522282653756,0.25869728097744793
PROXY,4,0,2024_PLUS,VOL,3.7643499428696714e-16,6.938893903907228e-18,-0.03813487918891864,0.9011310749847325,0.9011819049721235,0.9011819049771449,-0.02129119719121625,0.8212329570115121,0.0,-0.020470332726342858,-0.02166359007670867,-0.02073066260570172,-0.021571686393835384,0.00429623397197468,0.005100397281625416,0.0,0.0,0.0,0.03373473670812496,0.01617198326366756,0.017562753444457402,0.12195682603920477,0.21060525123768636,0.003872968079642422,0.0034021281956268246,0.0004708398840155975,0.015636654520029936,0.11556468885007343,0.051134714681098536,0.01872411867112367,0.03241059600997487,0.18112727637804704,0.2586972809774508
PROXY,4,0,EX_MAJOR_SHOCKS,VOL,5.299580219109146e-16,2.0469737016526324e-16,-0.029260153404526534,0.8891235957926256,0.8892260116689841,0.8892260116713266,-0.014433684550763354,0.8088923210812112,0.0,-0.017080631032078582,-0.016888020518774242,-0.014885827550918902,-0.014175022774757701,0.0015868228179716911,0.001802889889005204,0.0,0.0,0.0,0.034506658843388716,0.016959247649330017,0.0175474111940587,0.13016495633257397,0.22736411006181478,0.009635413645802747,0.004769232250561542,0.004866181395241205,0.1280987735325987,0.22535310129753505,0.09606809427864982,0.0326363482819686,0.06343174599668122,0.21191542073921266,0.28939475216719857
PROXY,4,0,ALL,CORE_VOL,4.978656376053436e-16,3.217912047936977e-16,-0.0074239444370229335,0.9231363626386155,0.92320246333767,0.9232024633434466,-0.0016600052850237745,0.9291974693159587,0.0,-0.008989128369817976,-0.007264290062178612,-0.004591081252672284,-0.0013073362833399937,0.0010441556803199978,0.001147681908495994,0.0,0.0,0.0,0.03432051451105686,0.014317124080198834,0.020003390430858026,0.1171733681200191,0.18548289827103837,0.010695877236275124,0.004357708922690336,0.006338168313584788,0.12168982028350328,0.1895009831417177,0.11702363753877809,0.03278586491769786,0.08423777262108023,0.1615473197503925,0.2111466488500755
PROXY,4,0,DOTCOM,CORE_VOL,3.8510861166685117e-16,7.979727989493313e-17,-0.0065155388877960185,0.8127774652894004,0.812754087688727,0.812754087682616,-0.02704754249090699,,0.0,0.009462624671490222,0.01864440585029647,-0.03348906413523512,-0.028105061861341842,0.0032079604751645415,0.002945117123249432,0.0,0.0,0.0,0.06103074808331013,0.04882328931914534,0.012207458764164791,0.05857555442958129,0.23726265040141092,0.013969151172887204,0.011920770606259859,0.0020483805666273447,0.0398113339163495,0.22042760281517704,0.05110706063917014,0.055558067543904355,-0.004451006904734212,-0.016103262344225433,0.15395449715872622
PROXY,4,0,GFC,CORE_VOL,4.978656376053436e-16,6.938893903907228e-17,0.030602984379602752,0.836679974810977,0.8368430988939329,0.8368430988983284,0.013301389106011051,,0.0,0.0021442553411553517,0.013508899659550353,0.006910406377968823,0.015316648825893129,0.0018459855372089603,0.001777435894159337,0.0,0.0,0.0,0.08326236061006156,0.047829175784214445,0.03543318482584712,0.14511919705795273,0.28514970789043403,0.033095485532230795,0.016065179849734518,0.017030305682496277,0.207155738550454,0.3367628824013503,0.11702363753877709,0.07177269386364671,0.045250943675130384,0.09379279463859758,0.21114664885007373
PROXY,4,0,2011,CORE_VOL,3.723150260315222e-16,4.718447854656915e-16,-0.014320454245029101,0.8713630978090805,0.8716203773581669,0.8716203773543942,-0.014344772223469703,0.08218185719727514,0.0,-0.0049974248144740345,0.00041587716302397544,-0.017921535381272318,-0.01476790826467633,3.1047979589615746e-05,3.1576856623724636e-05,0.0,0.0,0.0,0.045195079668593874,0.028030681949934938,0.017164397718658936,0.09076190142130525,0.2081329424218793,0.006477966498588873,0.006491029261681644,-1.3062763092770713e-05,-0.00029713936471642555,0.1283966523022798,0.026637050718981037,0.024365764018091762,0.0022712867008892745,0.01282245721394537,0.13219428416471035
PROXY,4,0,2015_2016,CORE_VOL,3.413068438984368e-16,1.1102230246251565e-15,-0.018431628532939448,0.9526760349181131,0.9527432106306433,0.9527432106252399,-0.015723526597342136,0.7195146424500294,0.0,-0.0034911051566386894,-0.002704286922110633,-0.015635741660572536,-0.015804381269244966,7.293580912386646e-05,7.70396584172591e-05,0.0,0.0,0.0,0.011864798938992394,0.006851335777199097,0.005013463161793297,0.03672815397208773,0.08276616890376154,0.003928254720583425,0.0022098378420806405,0.0017184168785027848,0.038656775057249404,0.08418345516086867,0.0021333866929633682,0.006292274881770199,-0.004158888188806831,-0.032731040127091715,0.015997826084960587
PROXY,4,0,2018Q4,CORE_VOL,2.3375398838787476e-16,1.8318679906315083e-15,0.029948583742000434,0.8497172587885871,0.8485305421188549,0.8485305421260422,-0.026265981547840933,,0.0,0.0890179005701635,0.053531090308915674,-0.04694662153090297,-0.025628344931649723,0.0036953555436145514,0.0020458383647326515,0.0,0.0,0.0,0.038934459417574285,0.035991218413691184,0.0029432410038831014,0.014645664478038944,0.16431195469460735,0.005923835912041042,0.00698014046790052,-0.0010563045558594775,-0.02708035351749616,0.12881699646718647,0.02229436856660394,0.02747579626250507,-0.005181427695901131,-0.032034906823274145,0.11782311174201265
PROXY,4,0,COVID,CORE_VOL,4.3021142204224816e-16,1.3634926521177704e-15,-0.020279299023790137,0.7224098875958589,0.7225881874738583,0.7225881874745204,-0.09393148527927367,,0.0,0.04699697613448596,0.06926312209949687,-0.11881109706796233,-0.0900980796910702,0.0007125274048896183,0.0005556585677845596,0.0,0.0,0.0,0.1211460608494842,0.11925873801079245,0.0018873228386917518,0.006149297273414289,0.284263269297389,0.04135735943262897,0.03444213247155836,0.0069152269610706085,0.07726917458788318,0.3336955020287745,0.06633207559524612,0.07983944118382302,-0.013507365588576903,-0.056128668905806256,0.20697115676372158
PROXY,4,0,2022,CORE_VOL,3.8163916471489756e-16,8.916478666520788e-16,0.00859738156014378,0.814893525071966,0.8146569914803036,0.8146569914795807,-0.030427744469965823,,0.0,0.03347616302016518,0.035353399244953336,-0.03686583682039159,-0.0299186418610735,0.0038694095599434123,0.003162624176263051,0.0,0.0,0.0,0.04612402635942833,0.04482710440399762,0.0012969219554307132,0.006594810659592221,0.19100157634940174,0.01373692112636779,0.013549515267607948,0.00018740585875984261,0.003152210026180824,0.18817254933060878,0.025128800481162283,0.04742189158285515,-0.022293091101692863,-0.1034788352766518,0.0955983382096145
PROXY,4,0,2023_PLUS,CORE_VOL,4.117799851099946e-16,1.6653345369377348e-16,-0.01945343398041713,0.951865636765433,0.951900015691083,0.9519000156934886,-0.0108664763320315,0.9126523783813757,0.0,-0.010287005682075506,-0.011117927070180068,-0.01027823979854623,-0.010928559921895153,0.002151256444144522,0.0025930530116582595,0.0,0.0,0.0,0.015843631516902434,0.007524129686560244,0.00831950183034219,0.056958695117269365,0.10315794734704964,0.00212798945905273,0.001681968312254166,0.0004460211467985642,0.013810347353896746,0.06262821852397993,0.025394295036238468,0.009079671834610337,0.01631462320162813,0.08651177631913431,0.12847309541442298
PROXY,4,0,2024_PLUS,CORE_VOL,4.1167156489274603e-16,2.6020852139652106e-16,-0.01906736504996656,0.9505803463034681,0.9506067337267299,0.9506067337246855,-0.010642184091945728,0.9106168279522162,0.0,-0.010231897252921732,-0.010826513235677689,-0.010574475904974626,-0.010810573706391125,0.002147638485538308,0.0025697218921019904,0.0,0.0,0.0,0.01826345801013471,0.008093901095113015,0.010169556915021694,0.06686712945101192,0.11401838395753539,0.0022809720227028076,0.0017005545193611304,0.0005804175033416771,0.01824474076232363,0.06806144968375516,0.025394295036238024,0.009323057821112535,0.01607123721512549,0.08533129921348703,0.12847309541442076
PROXY,4,0,EX_MAJOR_SHOCKS,CORE_VOL,4.563406943991488e-16,4.128641872824801e-16,-0.014443965996863983,0.944591880113876,0.9446457264700051,0.944645726474563,-0.007043944700846766,0.9056617107272049,0.0,-0.008535270206118122,-0.008399012262710196,-0.007556716885027543,-0.006951865517645822,0.0007931156074731861,0.000906911783492447,0.0,0.0,0.0,0.018814065162660765,0.008479811888131544,0.01033425327452922,0.07212201897000003,0.12396573083959794,0.005343499855011702,0.0023833221702395796,0.0029601776847721223,0.07331956714422727,0.12497380064574215,0.05110706063917014,0.016210983087596054,0.03489607755157409,0.11051766381183592,0.15395449715872622
PROXY,4,1,ALL,VOL,5.469173155808402e-16,2.7755575615628914e-17,-0.01704653292645003,0.846185917594994,0.8463097268003125,0.8463097267991421,-0.005330739260988801,0.8374194858203711,-0.0002640821710185126,-0.017989399856129063,-0.015042410856618177,-0.009007072090925895,-0.004001181768555972,0.002088931025628621,0.002286009759312793,-0.00028878081947730804,-1.774187859847171e-07,-1.6924111133874929e-07,0.062145400276608864,0.02863016141361832,0.03351523886299054,0.21428779049389146,0.3358610014776421,0.01937703422292429,0.008719882800017432,0.010657151422906859,0.22331526986088135,0.34330676713092456,0.24818802738086054,0.0673581380688455,0.18082988931201505,0.3714122788270553,0.4478075657904098
PROXY,4,1,DOTCOM,VOL,4.115631446754975e-16,2.0816681711721685e-17,-0.015661336131255366,0.6253885067635565,0.6253758257663415,0.6253758257678423,-0.05577975961746905,,-0.0002623415601103139,0.018931937738363346,0.034437743778148365,-0.06534930894902252,-0.055724038787747565,0.006419885813595118,0.005864208936193353,-0.00023959549066529623,3.4776705608303793e-07,3.4543281575674896e-07,0.1172033126622532,0.09734170692586044,0.019861605736392757,0.12422534875464364,0.4556444241101103,0.02640777410503046,0.023851748399111736,0.0025560257059187227,0.06467476975901976,0.4167040838497459,0.10229795657690477,0.11430822160469178,-0.012010265027787015,-0.055180565746706156,0.3081615390944995
PROXY,4,1,GFC,VOL,5.065392549852277e-16,7.424616477180734e-16,0.053344386545311824,0.6732407987510669,0.6735247580054808,0.6735247580118876,0.020692410179485643,,-0.00030068203961749156,0.004290632370779312,0.023348797339147,0.013694329471645407,0.026691172700121515,0.0036929551335220783,0.003596907690742684,-0.000292110610994973,-4.1959020763606856e-07,-3.8057370365701594e-07,0.15589512954680093,0.09559025294600962,0.06030487660079131,0.30704349232446204,0.5338961125543661,0.05589511367797875,0.03214130463207525,0.023753809045903504,0.35917678743029413,0.5687603397150844,0.24818802738086332,0.1517875644020038,0.09640046297885951,0.2395389922085842,0.4478075657904146
PROXY,4,1,2011,VOL,3.7470027081099033e-16,1.3877787807814457e-17,-0.03048799805989027,0.7424517721301527,0.7428998769451798,0.7428998769454828,-0.02992954901279212,-0.9540188654849234,-0.00039137622434128207,-0.010008118954696258,-0.0004923784800467433,-0.03477474623921428,-0.029663638645147792,6.215013653239168e-05,6.269483100037644e-05,-0.00039494075730261594,2.0287026508177534e-07,2.6499160652256326e-07,0.08517736451162264,0.05608675291227935,0.029090611599343286,0.18062140311001407,0.3922598573460274,0.009202894753958343,0.012995440474791654,-0.003792545720833311,-0.10124976822598031,0.18240614213671225,0.05310445212331505,0.04924273062504769,0.0038617214982673564,0.025363256733326067,0.26354663316379723
PROXY,4,1,2015_2016,VOL,4.440892098500626e-16,6.938893903907228e-18,-0.037096362977330294,0.9052625735275797,0.9053909613623154,0.9053909613666029,-0.03163494548522402,0.435481969761643,-0.00026558624915777265,-0.0069892624331949075,-0.0054572685843663725,-0.031119789225205877,-0.03151374651230456,0.00014596183898829735,0.00015283735852435106,-0.00027751077749537485,-6.617671133016881e-07,-6.74461688332523e-07,0.02147238575430456,0.01370830210920998,0.00776408364509458,0.05988728472928029,0.14978653369902117,0.007317052942080557,0.004423697385000855,0.002893355557079702,0.06849909033914825,0.15680622619295315,0.002869759992843557,0.012599733511374667,-0.00972997351853111,-0.08057611853600655,0.021519737337124978
PROXY,4,1,2018Q4,VOL,3.703634621210483e-16,9.922618282587337e-16,0.060150169093094175,0.6993796281094546,0.6974468622317656,0.6974468622299991,-0.05729966031571876,,-0.0006146110376754774,0.17780908119561079,0.10893243770446416,-0.09349090157704987,-0.05262743904165187,0.007383366294659,0.004193746977114359,-0.0003505400149180033,3.368602345683094e-06,1.9634680865131004e-06,0.07545766515546598,0.07185798094945833,0.0035996842060076473,0.021803511757977234,0.3184478902200778,0.005923835912041042,0.013962000364789784,-0.008038164452748742,-0.25100088935702103,0.12881699646718647,0.04465816739959627,0.055577317522851444,-0.010919150123255172,-0.08170468877905224,0.23601315426345115
PROXY,4,1,COVID,VOL,3.400058012914542e-16,9.992007221626409e-16,-0.05417184116396395,0.44345415807765676,0.443745544050642,0.4437455440535295,-0.19647695127214684,,-0.0005564395725573593,0.09423635263725451,0.12438648576449463,-0.2380077393446921,-0.17922523275391833,0.0014251859472506688,0.0010820159026967242,-0.0004143549423539759,-1.113206010798413e-06,-7.551348819901075e-07,0.223507141945593,0.23833610900393656,-0.01482896705834355,-0.07894489779900615,0.5244485081500724,0.04678830813240653,0.06905184267405962,-0.022263534541653085,-0.4056354294526847,0.3775155905868218,0.1365187873484741,0.16711721101725496,-0.03059842366878085,-0.1995042948850836,0.42596965470984327
PROXY,4,1,2022,VOL,4.180683577104105e-16,2.2273849431542203e-15,0.014868724469028288,0.6296322267808137,0.6292876148447138,0.6292876148467523,-0.06327780094214107,,-0.0004819296572286543,0.0669570885795447,0.06927053257346603,-0.07371898420351979,-0.06035651433079883,0.007739118331587898,0.006350149531260071,-0.00039584086941139005,4.296610915548514e-07,3.975645146339993e-07,0.09001607940139236,0.08962364989866164,0.00039242950273071786,0.0025841292585406794,0.37276045522301526,0.022907846918614846,0.027109821104058948,-0.004201974185444102,-0.09156242432029149,0.31379869729883714,0.04918468029847045,0.09641734512195799,-0.047232664823487536,-0.28378059293233715,0.1871149283639616
PROXY,4,1,2023_PLUS,VOL,3.8098864341140626e-16,2.220446049250313e-16,-0.03923311109427871,0.9037009965904872,0.9037670152654008,0.9037670152699486,-0.02206126785960716,0.8238398965327027,-0.0003224896687667682,-0.020581072426345572,-0.02220545859129074,-0.020237302628820238,-0.021787264235678522,0.004303640646977447,0.0051457535203358815,-0.00038587726785909414,-2.44319944068816e-07,-2.6451978645418283e-07,0.02933823444864822,0.015037946680857783,0.014300287767790437,0.10321525565465595,0.19102136030368566,0.0037247883789425507,0.0033648767188743864,0.0003599116600681643,0.011756728744486744,0.10962312785883699,0.051076700307391865,0.01823252184986024,0.032844178457531625,0.18304747460586057,0.25840377859205366
PROXY,4,1,2024_PLUS,VOL,3.616898447411643e-16,1.8735013540549517e-16,-0.038548115489117796,0.9011310749847325,0.9011819049721235,0.9011819049771449,-0.021696868598340663,0.8192958056945734,-0.0003533724381019549,-0.020470332726342858,-0.021659808981524212,-0.020730662605701698,-0.02156789945275553,0.00429623397197468,0.005099512174763248,-0.00041973510075284424,-1.841926464192804e-07,-1.8412884827235735e-07,0.033734478673564966,0.01617193049170923,0.017562548181855736,0.12195535599249319,0.2106036403333591,0.003869262218850724,0.0034019348327700392,0.0004673273860806848,0.01551990433858741,0.11545411044082576,0.05107670030739131,0.018722863278121893,0.03235383702926942,0.18080880914101982,0.2584037785920509
PROXY,4,1,EX_MAJOR_SHOCKS,VOL,5.469444206351523e-16,3.157196726277789e-16,-0.02953280487155746,0.8891235957926256,0.8892260116689841,0.8892260116713266,-0.014698768909000098,0.807104468281158,-0.00024305008280805032,-0.017080631032078582,-0.016885918280522005,-0.014885827550918896,-0.014173299434310565,0.0015868228179716911,0.0018026651841453116,-0.00027609955631382647,-1.533593861823756e-07,-1.527845566928689e-07,0.03450716067912295,0.01695922796296856,0.017547932716154388,0.1301691089869792,0.22736788686540776,0.009629411210351622,0.004769038468709373,0.004860372741642249,0.12794521217656796,0.22521271630795658,0.09580818276617364,0.03263379899844432,0.06317438376772933,0.2110538167852134,0.2886117968238745
PROXY,4,1,ALL,CORE_VOL,5.1255234187778595e-16,2.8796409701215e-16,-0.0075682615093401046,0.9231363626386155,0.92320246333767,0.9232024633434466,-0.001798019686454308,0.9278180581973244,-0.0001317464154451836,-0.008989128369817976,-0.007263794522466471,-0.004591081252672279,-0.0013072740793981389,0.0010441556803199978,0.0011476025800946457,-0.00014466467006403743,-1.3595230495756767e-07,-1.3081750581519208e-07,0.03432120070214373,0.014317188769632727,0.020004011932511,0.11717720091046524,0.18548682265187522,0.010692304900027219,0.004357503952935403,0.006334800947091816,0.12162468981440633,0.18943769135029775,0.11688937353211759,0.03277741590433836,0.08411195762777923,0.16130342393203878,0.21090439527068072
PROXY,4,1,DOTCOM,CORE_VOL,4.67995867753368e-16,6.184289191857317e-16,-0.0066330148123508875,0.8127774652894004,0.8127540876887274,0.812754087682616,-0.027161620988053595,,-0.00012898873804315124,0.009462624671490205,0.01864159760600569,-0.033489064135235155,-0.02810113696013675,0.0032079604751645415,0.002944697002969479,-0.00011841407592423528,2.3936104864159954e-07,2.416147355484666e-07,0.0610308586724595,0.04882279444020432,0.012208064232255178,0.05857923439268542,0.23726607909875552,0.013966874616225332,0.011920521373586103,0.002046353242639229,0.03977173917496801,0.22039167966412498,0.05102726111430067,0.05555401315288988,-0.00452675203858921,-0.016377059834830288,0.15371410971379917
PROXY,4,1,GFC,CORE_VOL,4.531965080989409e-16,1.0651202142497596e-15,0.030454648736738418,0.836679974810977,0.836843098893933,0.8368430988983281,0.013170500634022999,,-0.00015177688170136551,0.002144255341155344,0.013507834231957404,0.006910406377968834,0.015315459476770219,0.0018459855372089603,0.0017773012229602972,-0.00014563677831701033,-3.4683786618641193e-07,-3.0941663143165e-07,0.08326413341381891,0.04782975202463971,0.035434381389179204,0.14512444016921855,0.28515577923491486,0.03309414231258004,0.016064706950048482,0.017029435362531556,0.20714396046463068,0.3367492144791543,0.11688937353211826,0.07175516783470193,0.04513420569741633,0.0935474305652777,0.21090439527068183
PROXY,4,1,2011,CORE_VOL,4.3790925746689524e-16,1.7277845820728999e-15,-0.014516605008717369,0.8713630978090805,0.871620377358167,0.8716203773543942,-0.014528664241088009,0.06961027765400081,-0.0001944096840391064,-0.004997424814474032,0.0004158557360688305,-0.01792153538127228,-0.01476644503139137,3.104797958961573e-05,3.157379833657623e-05,-0.00019780851463954824,1.715940096434517e-07,2.1900290987037673e-07,0.0451942264694605,0.02803073970190595,0.017163486767554553,0.09075711220958571,0.20812901325862954,0.006474506097420299,0.006490757107901458,-1.6251010481159456e-05,-0.00036966030866003585,0.12832806535824948,0.02655762455174915,0.024360775808659585,0.0021968487430895633,0.012401871487813243,0.1318001081941068
PROXY,4,1,2015_2016,CORE_VOL,4.440892098500626e-16,7.424616477180734e-16,-0.0185699924735052,0.9526760349181131,0.9527432106306433,0.9527432106252399,-0.01585868148172817,0.7174090737927455,-0.00013193468901150586,-0.0034911051566386894,-0.0027041240364150485,-0.015635741660572543,-0.015803401379023814,7.293580912386645e-05,7.703462273429965e-05,-0.00013900870460522322,-4.804550589706306e-07,-4.92976196156259e-07,0.011868332254399483,0.006851409163749045,0.005016923090650438,0.0367535208411337,0.08279081651736864,0.003922723736065392,0.0022097552311015414,0.0017129685049638507,0.03853413915281223,0.08406492481589645,0.002012626646885063,0.006290176999712238,-0.004277550352827175,-0.03366437237425912,0.015092271446626948
PROXY,4,1,2018Q4,CORE_VOL,3.0791341698588326e-16,8.534839501805891e-16,0.029775034017411495,0.8497172587885871,0.848530542118855,0.8485305421260423,-0.026428849198734117,,-0.00030616487407403255,0.08901790057016348,0.05352302722571019,-0.04694662153090286,-0.025624445799359637,0.0036953555436145514,0.0020455273915808586,-0.0001702179457378259,1.999949214005932e-06,1.1431452170545264e-06,0.03892786673469442,0.035990853418942675,0.0029370133157517464,0.01461464875263463,0.16428413212748094,0.005923835912041042,0.00697963690442327,-0.0010558009923822276,-0.02706709429019627,0.12881699646718647,0.022237946218058968,0.027472597253426545,-0.005234651035367577,-0.03236332752661397,0.1175249262761403
PROXY,4,1,COVID,CORE_VOL,3.596298606134418e-16,1.2490009027033011e-15,-0.020488766766656452,0.7224098875958589,0.7225881874738581,0.7225881874745201,-0.0941024311617853,,-0.00027717827270482486,0.04699697613448596,0.06925321999853577,-0.11881109706796232,-0.09008563396444455,0.0007125274048896183,0.000555581650743196,-0.00021085185940624505,-1.5256036369527997e-06,-1.0825920833752847e-06,0.12115230355939566,0.11926009118910014,0.0018922123702955207,0.006165255584532847,0.2842779175089468,0.04135707542703902,0.03444064187991702,0.006916433547122,0.07728136954388265,0.33369321050462464,0.06630442990005447,0.07983419878720788,-0.013529768887153404,-0.056220539115215074,0.206884895909346
PROXY,4,1,2022,CORE_VOL,4.176346768414163e-16,5.915407053080912e-16,0.008400608548136151,0.814893525071966,0.8146569914803035,0.8146569914795807,-0.03060657001500605,,-0.00023946938461871312,0.033476163020165206,0.03534916147548215,-0.036865836820391566,-0.029915064352354585,0.0038694095599434123,0.0031622447505826024,-0.00019593868524049737,2.1300649795120426e-07,2.0535966707167878e-07,0.04612398195297135,0.04482720366621379,0.0012967782867575606,0.006594083436875509,0.19100139246035408,0.013729375231456405,0.013549167492744506,0.00018020773871189888,0.0030311182458765407,0.18806918335293488,0.02500069510481795,0.04740810704963161,-0.02240741194481366,-0.10400282888666834,0.09511098263116557
PROXY,4,1,2023_PLUS,CORE_VOL,4.21320964227867e-16,7.008282842946301e-16,-0.019646060491201683,0.951865636765433,0.951900015691083,0.9519000156934887,-0.011055159290823124,0.9117874684845078,-0.00016085400812732795,-0.010287005682075506,-0.011117042513464606,-0.010278239798546246,-0.010927684154082698,0.002151256444144522,0.0025928475075199,-0.00019405220680742752,-1.2186231207504736e-07,-1.2912436755325552e-07,0.015843705078282228,0.007524101077258122,0.008319604001024106,0.056959383462648505,0.10315842630548377,0.0021251232495624675,0.0016819063035671197,0.0004432169459953478,0.013723493311903479,0.06254386397347778,0.025366336523462762,0.009079033020540361,0.0162873035029224,0.08636661521549938,0.12833164960250543
PROXY,4,1,2024_PLUS,CORE_VOL,4.21320964227867e-16,1.1379786002407855e-15,-0.019276787047128374,0.9505803463034681,0.9506067337267299,0.9506067337246855,-0.010847590021104914,0.9096351085403387,-0.0001762098972478838,-0.010231897252921732,-0.010825568359675946,-0.010574475904974649,-0.010809624579014375,0.002147638485538308,0.002569498898059373,-0.000211008232202603,-8.96179737337724e-08,-8.477429596134998e-08,0.01826327678682335,0.008093873376118,0.010169403410705352,0.06686610793859826,0.1140172525842168,0.0022775573814526155,0.0017004527057655691,0.0005771046756870464,0.01814054786909569,0.06795956091382516,0.025366336523462985,0.009322402659283413,0.01604393386417957,0.08518603393166224,0.12833164960250654
PROXY,4,1,EX_MAJOR_SHOCKS,CORE_VOL,5.1255234187778595e-16,1.5612511283791264e-16,-0.014581557627793534,0.944591880113876,0.9446457264700051,0.944645726474563,-0.007177471073070069,0.9047595606263917,-0.00012104938028838356,-0.008535270206118122,-0.008398471577593877,-0.007556716885027545,-0.00695143628847743,0.0007931156074731858,0.0009068532096460924,-0.00013840752159201405,-9.644552163884217e-08,-9.544977614881499e-08,0.018814419936723142,0.008479802823326249,0.010334617113396893,0.07212471159866785,0.1239683248178467,0.005339844217500264,0.0023832195326492223,0.002956624684851042,0.07323137800986912,0.12488830257781214,0.05102726111430067,0.016208998092511417,0.03481826302178925,0.11027052798834824,0.15371410971379917
PROXY,4,3,ALL,VOL,4.896257010944538e-16,2.8796409701215e-16,-0.01761988594513607,0.846185917594994,0.8463097268003125,0.8463097267991421,-0.005881226723443239,0.831936947814723,-0.0007922340356490978,-0.017989399856129063,-0.01503840438823747,-0.009007072090925895,-0.004000261138773078,0.002088931025628621,0.002285395296397286,-0.0008661081708183602,-5.322154498433831e-07,-5.075437047294435e-07,0.062147096575741745,0.02863038636837853,0.033516710207363215,0.21429808704425424,0.33587093863505624,0.019364103350772342,0.008719127880957488,0.010644975469814855,0.22305660034144037,0.3430776682985853,0.24754141527741302,0.06732502500178927,0.18021639027562375,0.3701270205099165,0.4466408786012206
PROXY,4,3,DOTCOM,VOL,3.900959416602845e-16,1.1102230246251565e-15,-0.016133846545061628,0.6253885067635565,0.6253758257663417,0.6253758257678423,-0.05625345165768307,,-0.0007870470697758018,0.01893193773836342,0.034422784166019384,-0.06534930894902255,-0.055700931094569674,0.006419885813595118,0.005861759081597274,-0.000718494442089837,1.0428854013076746e-06,1.0357439801128648e-06,0.11720560669178545,0.09733963732405237,0.019865969367733077,0.12425601188338953,0.4556646915771254,0.026401724453241952,0.023850969726047194,0.002550754727194758,0.0645401272913263,0.41660862277089417,0.10194955456951438,0.11429480080585275,-0.01234524623633837,-0.056716123076633984,0.3071120156982007
PROXY,4,3,GFC,VOL,4.805184028455756e-16,3.885780586188048e-16,0.05274309938275629,0.6732407987510669,0.6735247580054807,0.6735247580118876,0.02014799810675219,,-0.0009020348200299089,0.004290632370779317,0.02334149077502966,0.013694329471645426,0.026682991968775317,0.0036929551335220783,0.0035958238217183814,-0.0008760658582596596,-1.2587047394834534e-06,-1.1413245078014362e-06,0.1559013594023153,0.0955920062015515,0.060309353200763804,0.3070690261473622,0.5339174480229635,0.05588960180685113,0.03213975366299161,0.02374984814385952,0.3591084736126108,0.5687042537088358,0.24754141527741702,0.151722875664018,0.09581853961339903,0.23805474510582225,0.4466408786012275
PROXY,4,3,2011,VOL,3.846173325574437e-16,1.304512053934559e-15,-0.031264798457650546,0.7424517721301527,0.7428998769451798,0.7428998769454828,-0.03066455816732761,-1.0038051003489552,-0.0011741248786934122,-0.010008118954696258,-0.0004920394276145865,-0.03477474623921429,-0.029651849484631287,6.215013653239168e-05,6.267045172533374e-05,-0.0011843751533853323,6.090605667169966e-07,7.951562566292563e-07,0.08517491912502861,0.056086940673286595,0.02908797845174202,0.1806052646445916,0.39224859582130156,0.009189000745502787,0.012994509676271769,-0.003805508930768982,-0.10159332308969438,0.18213075569049675,0.05277290971904658,0.04922523171472459,0.0035476780043219858,0.023297984523667603,0.26190125540539366
PROXY,4,3,2015_2016,VOL,4.4403536474606835e-16,1.339206523454095e-15,-0.037643386784761465,0.9052625735275797,0.9053909613623154,0.9053909613666029,-0.0321697947615924,0.4271575741206663,-0.0007967388220890373,-0.0069892624331949075,-0.005455946957193392,-0.031119789225205884,-0.03150590141771516,0.00014596183898829735,0.00015279726580001916,-0.0008323129330816287,-1.9851364377752048e-06,-2.0227425726458783e-06,0.021482663536477847,0.013708580347111726,0.007774083189366121,0.059964543652073043,0.14985822919590097,0.0073023749978864405,0.0044233825702220606,0.00287899242766438,0.06815854072934191,0.15649167427491073,0.00234659609317045,0.012591702641389202,-0.010245106548218752,-0.08483640995954245,0.017596639331261543
PROXY,4,3,2018Q4,VOL,2.8102520310824275e-16,1.6653345369377348e-16,0.05941700201053263,0.6993796281094546,0.6974468622317656,0.6974468622299991,-0.0579941982794287,,-0.0018438893577691516,0.17780908119561079,0.1088660091337258,-0.0934909015770499,-0.05259503553459662,0.007383366294659,0.004191166496816364,-0.0010510245730544377,1.0105120358096393e-05,5.886487641364317e-06,0.07543105673855477,0.07185674450368776,0.003574312234867011,0.021649670006919197,0.31833559686710944,0.005923835912040931,0.013960340699463392,-0.00803650478742246,-0.25093605965795196,0.12881699646718403,0.04442612393524903,0.05556646191171066,-0.011140337976461634,-0.08335299970076271,0.23478683188759597
PROXY,4,3,COVID,VOL,3.903127820947816e-16,5.134781488891349e-16,-0.05497446755862001,0.44345415807765676,0.443745544050642,0.44374554405352956,-0.19717740390431004,,-0.001669319893850197,0.09423635263725451,0.12431541319510434,-0.23800773934469202,-0.17912662314310845,0.0014251859472506688,0.0010814194400268252,-0.0012424120865941295,-3.340360727922274e-06,-2.2649640480819995e-06,0.22352543316808593,0.23833934463557205,-0.014813911467486118,-0.07886610493457025,0.524491427603407,0.04678830813240653,0.06904811937408617,-0.02225981124167964,-0.40554008113631723,0.3775155905868218,0.1363919135517171,0.16710320925860656,-0.030711295706889463,-0.20022195127204068,0.4255737796186123
PROXY,4,3,2022,VOL,3.9985376121265404e-16,7.997075224253081e-16,0.014070933709434102,0.6296322267808137,0.6292876148447137,0.6292876148467523,-0.06401769193496783,,-0.0014457703710231478,0.06695708857954473,0.06923705455346459,-0.07371898420351979,-0.06032744264623226,0.007739118331587898,0.006347079932148997,-0.0011869499622558979,1.2886262155698312e-06,1.191832307875371e-06,0.09001533841145323,0.08962393204796709,0.0003914063634861409,0.0025773967248431395,0.37275738675181713,0.022868667774335313,0.02710873665822324,-0.004240068883887928,-0.09239033732935131,0.3132620093909827,0.048650533791796846,0.09637221759424852,-0.047721683802451675,-0.2866409710476301,0.18508285689931803
PROXY,4,3,2023_PLUS,VOL,4.3042826247674526e-16,5.620504062164855e-16,-0.03999260801243357,0.9037009965904872,0.9037670152654009,0.9037670152699487,-0.02280588589894672,0.8204296888801997,-0.0009674483240673412,-0.020581072426345555,-0.0221983954066429,-0.020237302628820262,-0.0217802850352973,0.0043036406469774465,0.005144123189429185,-0.001157257846787733,-7.326076813299889e-07,-7.92913134258571e-07,0.029338669630878833,0.015037837596708903,0.01430083203416993,0.10321910274047774,0.19102419377690716,0.0037157856303034822,0.003364641000927513,0.00035114462937596916,0.011470260145682531,0.1093581706680552,0.05096066791330012,0.018230071052600105,0.03273059686070001,0.1824119690859869,0.25781675537223003
PROXY,4,3,2024_PLUS,VOL,3.8510861166685117e-16,5.204170427930421e-16,-0.03937415299438968,0.9011310749847325,0.9011819049721235,0.9011819049771449,-0.022507775639035416,0.8154235426808781,-0.00106009855335749,-0.020470332726342858,-0.021652249404686696,-0.02073066260570171,-0.02156032821870633,0.0042962339719746796,0.00509774257875213,-0.00125876627503199,-5.521133628259129e-07,-5.516747162736266e-07,0.03373381644856993,0.016171824949382213,0.017561991499187718,0.12195140097845736,0.21059950607665334,0.0038618489000100814,0.0034015481401198505,0.0004603007598902309,0.015286354348622688,0.11523290596210356,0.050960667913299895,0.01872035289058438,0.032240315022715516,0.1801718658677931,0.25781675537222926
PROXY,4,3,EX_MAJOR_SHOCKS,VOL,4.896257010944538e-16,2.8449465006019636e-16,-0.030077900390673235,0.8891235957926256,0.8892260116689841,0.8892260116713266,-0.015228729501984395,0.8035297262204946,-0.0007291375426817493,-0.017080631032078582,-0.016881714865108602,-0.014885827550918898,-0.01416985363539385,0.001586822817971691,0.0018022158885410834,-0.0008280896265526448,-4.600070293011411e-07,-4.5815215950571155e-07,0.03450806526954718,0.016959189671715974,0.017548875597831207,0.13017666271803585,0.2273747726590587,0.009617407169007344,0.004768650904519896,0.0048487562644874485,0.12763811601282193,0.22493196573050578,0.0952886210739321,0.03262870142530472,0.06265991964862738,0.20933152332806026,0.2870466733737759
PROXY,4,3,ALL,CORE_VOL,4.614364446098307e-16,1.942890293094024e-16,-0.007856835594341444,0.9231363626386155,0.92320246333767,0.9232024633434466,-0.0020739881814786365,0.9250594598276924,-0.0003952368221609422,-0.008989128369817976,-0.007262803582992693,-0.004591081252672273,-0.0013071496908634754,0.0010441556803199973,0.0011474439459844788,-0.00043393388298751845,-4.078495009668245e-07,-3.9238348204172326e-07,0.03432255471073464,0.014317318602929424,0.02000523610780522,0.11718475190119204,0.1854945653494502,0.010685160170123678,0.004357094023945275,0.006328066146178403,0.1214944291344291,0.18931110675035379,0.11662093487285441,0.032760519970919555,0.08386041490193485,0.16081582398751093,0.21042004933410496
PROXY,4,3,DOTCOM,CORE_VOL,4.469758981343053e-16,2.246466901389965e-16,-0.006867870976820137,0.8127774652894004,0.812754087688727,0.812754087682616,-0.02738967713364228,,-0.0003869841875515431,0.009462624671490222,0.018635982864643144,-0.033489064135235135,-0.02809328948239761,0.0032079604751645415,0.002943857015123236,-0.0003551460229568551,7.178531756133519e-07,7.246487677221223e-07,0.06103111607681749,0.04882182274725555,0.012209293329561943,0.05858665998378021,0.23727298948148245,0.01396232077283567,0.011920022839097037,0.0020422979337386335,0.03969253794440408,0.22031982184187404,0.05086768222010052,0.05554590583839336,-0.004678223618292843,-0.01692456320179847,0.15323339554032744
PROXY,4,3,GFC,CORE_VOL,4.0549161250957866e-16,7.632783294297951e-17,0.030158045526592108,0.836679974810977,0.836843098893933,0.8368430988983284,0.012908790186651625,,-0.00045532727817998984,0.002144255341155344,0.013505703721940562,0.0069104063779688515,0.015313081158334418,0.0018459855372089608,0.0017770319220692752,-0.00043684327200522484,-1.0403995478808556e-06,-9.280037468452914e-07,0.0832676659004121,0.04783090399548623,0.03543676190492587,0.1451348745135408,0.2851678769884832,0.033091455519714805,0.016063761163732482,0.017027694355982323,0.2071204002729118,0.3367218750370774,0.11662093487285419,0.07172012056798527,0.04490081430486892,0.09305693207292687,0.2104200493341044
PROXY,4,3,2011,CORE_VOL,4.069010753338098e-16,2.0122792321330962e-16,-0.014908801019980931,0.8713630978090805,0.871620377358167,0.8716203773543943,-0.014896343096841673,0.04447388124406093,-0.0005832335500510345,-0.004997424814474032,0.0004158129077812999,-0.017921535381272283,-0.014763519071095544,3.1047979589615725e-05,3.156768281034774e-05,-0.0005933197296904148,5.150627188681773e-07,6.57190213579545e-07,0.04519249105108433,0.028030855059759496,0.017161635991324836,0.09074738102708368,0.20812102128836174,0.0064675867378772844,0.006490212913498772,-2.2626175621487388e-05,-0.0005146692594424351,0.12819092006711674,0.02639878339230206,0.024350800339968726,0.0020479830523333353,0.011560828874635498,0.13101181171224374
PROXY,4,3,2015_2016,CORE_VOL,4.455527611150413e-16,4.371503159461554e-16,-0.018846666191120826,0.9526760349181131,0.9527432106306433,0.9527432106252399,-0.016128936972544028,0.7131987607175105,-0.00039579959268305445,-0.0034911051566386894,-0.0027037983081857593,-0.015635741660572546,-0.015801441882111526,7.293580912386641e-05,7.702455267730675e-05,-0.00041697178291716955,-1.441371759494342e-06,-1.478770584113981e-06,0.01187536135324943,0.00685155591381037,0.005023805439439061,0.03680397986757822,0.08283984993004145,0.003911660862877801,0.002209590017552436,0.0017020708453253652,0.03828884819013789,0.0838278447497649,0.0017711478387537616,0.0062859815205550396,-0.004514833681801278,-0.03553062184094524,0.01328147175033656
PROXY,4,3,2018Q4,CORE_VOL,4.440892098500626e-16,1.3704315460216776e-15,0.029428060064852157,0.8497172587885871,0.8485305421188549,0.8485305421260423,-0.026754462501193454,,-0.0009185411835703994,0.0890179005701635,0.05350690441179271,-0.046946621530902954,-0.02561664917096403,0.0036953555436145514,0.0020449055767670647,-0.0005105289639355717,5.9994554323001224e-06,3.428211190610528e-06,0.03891464097051925,0.03599012306315555,0.0029245179073636995,0.014552418413196544,0.16422831650305825,0.005923835912040931,0.006978630034135347,-0.0010547941220944157,-0.02704058362040218,0.12881699646718403,0.02212510430980652,0.027466200051849965,-0.005341095742043445,-0.033020117935602,0.11692857008307334
PROXY,4,3,COVID,CORE_VOL,3.694961003830599e-16,9.228728892196614e-16,-0.020907548878187188,0.7224098875958589,0.7225881874738583,0.7225881874745204,-0.09444417649226708,,-0.0008315521713782904,0.04699697613448596,0.06923342017318107,-0.11881109706796227,-0.09006074809555563,0.0007125274048896186,0.0005554278513893573,-0.0006324010410783441,-4.577822780800639e-06,-3.2477661227222288e-06,0.12116475323435033,0.11926279643148258,0.0019019568028677547,0.0061970597710008235,0.2843071300584883,0.04135650752943987,0.034437661342585635,0.006918846186854233,0.07730575284691388,0.33368862837276103,0.06624912834525432,0.07982371634325114,-0.013574587997996823,-0.056404320073573766,0.20671234248530324
PROXY,4,3,2022,CORE_VOL,4.0679265511656126e-16,1.1934897514720433e-15,0.008007202158575893,0.814893525071966,0.8146569914803035,0.8146569914795807,-0.030964084026699396,,-0.0007184051550583728,0.033476163020165206,0.035340687903998184,-0.0368658368203916,-0.02990791100181412,0.0038694095599434123,0.003161486077211241,-0.0005876765718912751,6.387979320787288e-07,6.157510706691423e-07,0.04612386841119845,0.04482740192836096,0.0012964664828374883,0.0065925045684382955,0.19100092227899068,0.013714285199422235,0.013548472018954594,0.0001658131804676416,0.002788967227463801,0.1878624754763133,0.02474454013429228,0.047380540416977035,-0.022636000282684754,-0.10505036858571848,0.09413648368821936
PROXY,4,3,2023_PLUS,CORE_VOL,4.610027637408365e-16,1.474514954580286e-15,-0.020031218579161764,0.951865636765433,0.951900015691083,0.9519000156934886,-0.011432429829606044,0.9100580749509883,-0.000482555866503098,-0.010287005682075506,-0.011115273687522853,-0.01027823979854623,-0.010925932908051536,0.0021512564441445218,0.0025924365675284258,-0.0005820614777218617,-3.6538402792993477e-07,-3.870733924683271e-07,0.0158438228773429,0.0075240438608929205,0.00831977901644998,0.05696055937628386,0.10315919329563294,0.0021193906596701922,0.0016817823079445099,0.00043760835172568235,0.013549780272115286,0.062375149842421096,0.025310413972223667,0.009077755605571003,0.016232658366652664,0.08607626562463833,0.12804873002348538
PROXY,4,3,2024_PLUS,CORE_VOL,4.605690828718423e-16,1.824929096727601e-15,-0.0196955215968114,0.9505803463034681,0.9506067337267299,0.9506067337246855,-0.011258292018354182,0.9076721827664537,-0.0005286254634652814,-0.010231897252921732,-0.010823678926538424,-0.010574475904974645,-0.010807726649791079,0.0021476384855383074,0.002569052987235829,-0.0006329150502935942,-2.6857944963749314e-07,-2.539574223053273e-07,0.01826288079246219,0.008093817945780346,0.010169062846681842,0.0668638442841134,0.11401478039975477,0.0022707264756120123,0.0017002490970107129,0.0005704773786012994,0.017932112486945262,0.06775573493545406,0.025310413972224,0.009321092553978949,0.01598932141824505,0.08489547600028802,0.12804873002348727
PROXY,4,3,EX_MAJOR_SHOCKS,CORE_VOL,4.614364446098307e-16,2.2898349882893854e-16,-0.014856686673386826,0.944591880113876,0.9446457264700051,0.9446457264745631,-0.007444469173068402,0.9029554170914885,-0.00036314546724278764,-0.008535270206118122,-0.008397390354780898,-0.007556716885027541,-0.006950577951033604,0.0007931156074731858,0.0009067360781134879,-0.000415168170195015,-2.8931500757699534e-07,-2.8627549056775485e-07,0.01881511122600607,0.008479785241833182,0.010335325984172888,0.07212996086890366,0.12397338431324267,0.005332533231159786,0.0023830142572961108,0.0029495189738636754,0.07305500824047884,0.12471731319365753,0.05086768222010052,0.016205028634549423,0.034662653585551095,0.10977632799498427,0.15323339554032744
ZERO,0,0,ALL,VOL,4.679416576447437e-16,2.7755575615628914e-17,-0.01575199118066095,0.8461547683618846,0.8462458076435282,0.8462458076483627,-0.0009361408559139667,0.8494313873691208,0.0,-0.017963519077248625,-0.015045852154778574,-0.006183027592030115,-0.0007061390258824062,0.0,0.0,0.0,0.0,0.0,0.06345906821206561,0.0287117002970273,0.03474736791503831,0.22229323430432635,0.34297581773138075,0.020107275823247985,0.008438602914060817,0.011668672909187168,0.2514115054889773,0.36657827582865377,0.23132955845278025,0.06321317227770129,0.16811638617507896,0.34238472448347346,0.4173897007011639
ZERO,0,0,DOTCOM,VOL,4.679416576447437e-16,3.191891195797325e-16,-0.014054409470117435,0.627729892374191,0.6273432632809817,0.627343263285133,-0.0496260865944534,,0.0,0.021932180333993308,0.036865782637149645,-0.06050493476372322,-0.05092019210726676,0.0,0.0,0.0,0.0,0.0,0.11658733393629667,0.0966714758073827,0.01991585812891397,0.1238623915315159,0.4528337496581457,0.026410683554138344,0.021274805720894227,0.0051358778332441166,0.1431642018810415,0.4621385566644317,0.10138507930826834,0.11070168402096148,-0.009316604712693133,-0.04210696250941415,0.30541159497517656
ZERO,0,0,GFC,VOL,4.605690828718423e-16,9.645062526431047e-16,0.03958636634331895,0.6726418270627619,0.6725505321996631,0.672550532201048,0.015620856664806974,,0.0,0.004303435929031874,0.02318321652463663,0.003184753228258855,0.01640314981868135,0.0,0.0,0.0,0.0,0.0,0.1561575412392165,0.0964911775626118,0.05966636367660469,0.30519243174711064,0.5347947973489249,0.05041906851242087,0.028408283301389586,0.02201078521103128,0.377076844385556,0.5809958304877991,0.23132955845278025,0.14314434808670917,0.08818521036607108,0.21451826965520382,0.4173897007011641
ZERO,0,0,2011,VOL,3.0834709785487746e-16,9.402201239794294e-16,-0.022855794988045883,0.73560447908676,0.7359366316283618,0.7359366316339551,-0.02387257865782455,-0.4648601887395495,0.0,-0.010279176730217382,-0.0005762071120533619,-0.027434404255041286,-0.022279587875993462,0.0,0.0,0.0,0.0,0.0,0.08717932376985696,0.057694279403404464,0.029485044366452495,0.18491605530272592,0.4014793049956482,0.034587165299343074,0.02278037920438425,0.011806786094958825,0.18628611028980213,0.40142841803406937,0.05557317218334468,0.05147631761585503,0.0040968545674896495,0.027308186626696984,0.27579839048414134
ZERO,0,0,2015_2016,VOL,4.3107878378023656e-16,7.181755190543981e-16,-0.028008841066513787,0.9050304460470215,0.9050052725739908,0.9050052725724104,-0.022393156502365133,0.5737723453431399,0.0,-0.007017755272758217,-0.005493051495876054,-0.022302456664174103,-0.022515789570637015,0.0,0.0,0.0,0.0,0.0,0.020427812216424132,0.013737402966084583,0.006690409250339549,0.05161721834237187,0.1424998236322802,0.005643812368386271,0.00391946935132316,0.001724343017063111,0.0461655058463909,0.13675074230112405,0.014654565376075235,0.01249497036164715,0.002159595014428084,0.017868594138331195,0.10989155834261333
ZERO,0,0,2018Q4,VOL,4.0419056990259605e-16,1.0547118733938987e-15,0.04840854581192061,0.7238885748447501,0.7236268337389227,0.7236268337317113,-0.053642587095311944,,0.0,0.16242323289883726,0.09860652921530319,-0.09030920903678064,-0.050197983403381524,0.0,0.0,0.0,0.0,0.0,0.07025082629610768,0.06548500407441132,0.004765822221696359,0.027793992153803848,0.2964738886913748,0.024964854463994213,0.017259547522375462,0.00770530694161875,0.17028374499939736,0.39937788264209095,0.041195979351468126,0.049397297824459674,-0.008201318472991548,-0.05865555737288064,0.2177158982524645
ZERO,0,0,COVID,VOL,2.975050761300224e-16,1.1657341758564144e-15,0.09281279388963182,0.42528077633323846,0.423709766312744,0.42370976630602164,-0.04902283145659153,,0.0,0.09763066003753922,0.1385579688932035,-0.06207594790012793,-0.04574517500357284,0.0,0.0,0.0,0.0,0.0,0.2586050253864949,0.2478159106807785,0.010789114705716418,0.06049077880747,0.606803964219959,0.1064869421732011,0.07995674840043432,0.026530193772766775,0.44839965483240607,0.7654149769814436,0.19177848874901127,0.1728043604903916,0.01897412825861966,0.12847692486907158,0.5983924866301924
ZERO,0,0,2022,VOL,4.371503159461554e-16,3.400058012914542e-16,0.036079411010654955,0.6314024416569737,0.6312344571124576,0.63123445710865,-0.03547740449692999,,0.0,0.06660545508848366,0.06985004928293721,-0.04068974434101911,-0.0337706382722826,0.0,0.0,0.0,0.0,0.0,0.0889515692109332,0.08918315924450682,-0.00023159003357361985,-0.0015205984857595833,0.36835227275357363,0.03460857974512519,0.028583029672562897,0.006025550072562294,0.12306502285992837,0.4463011142593568,0.06989976919835117,0.09258331513872275,-0.022683545940371586,-0.1332172691757696,0.2659220356183477
ZERO,0,0,2023_PLUS,VOL,4.451192019139238e-16,1.339206523454095e-15,-0.049829217212802174,0.9052613489984651,0.9053930393880092,0.905393039386083,-0.027463284255662246,0.7777247133358356,0.0,-0.0203396575497651,-0.021936857853645294,-0.025855227075951948,-0.02789235935915822,0.0,0.0,0.0,0.0,0.0,0.03248134002765868,0.01466308748704126,0.01781825254061742,0.1283236923037172,0.21158132630869797,0.003396259560248048,0.0035212749579142458,-0.00012501539766619774,-0.0037154959034937374,0.09137515616774083,0.05227597533006445,0.01740660362757185,0.0348693717024926,0.19344387499844007,0.2644710694617576
ZERO,0,0,2024_PLUS,VOL,3.673276960380889e-16,1.214306433183765e-15,-0.05408696056477863,0.8987367683948833,0.8988805625492986,0.8988805625429556,-0.031242585008461915,0.7488210389297532,0.0,-0.021104467720284487,-0.02232296254993213,-0.03007965251566429,-0.031763998014847715,0.0,0.0,0.0,0.0,0.0,0.03894320089326733,0.016375505750260477,0.022567695143006855,0.15704319266661038,0.24327450531137684,0.004083653070462011,0.003963581293243527,0.00012007177721848339,0.003413284134680228,0.10433087555793397,0.05227597533006434,0.018615253880211236,0.033660721449853104,0.1879992504309267,0.2644710694617569
ZERO,0,0,EX_MAJOR_SHOCKS,VOL,4.681584980792408e-16,9.71445146547012e-17,-0.030595948483549462,0.8894655162512208,0.8895720972946927,0.889572097298778,-0.013685952303613219,0.7997742738486305,0.0,-0.01699819054889155,-0.016795915235984678,-0.01465638110090799,-0.013800033247564686,0.0,0.0,0.0,0.0,0.0,0.03516804799695894,0.016866343065600448,0.018301704931358492,0.13567898533758882,0.23174059373973355,0.00896277254642644,0.004683393116185444,0.004279379430240995,0.11355044831155547,0.2115336918767745,0.09008641623917901,0.03140227636936943,0.05868413986980958,0.19524943834386554,0.2713755934988107
ZERO,0,0,ALL,CORE_VOL,5.327227374507526e-16,1.8301332671555315e-16,-0.00706719079527536,0.9230760939317406,0.9231243965706863,0.9231243965707157,0.00027520492459758017,0.9324468188790795,0.0,-0.008981585136721305,-0.007261147233920191,-0.00336563729134031,0.0001939564386450137,0.0,0.0,0.0,0.0,0.0,0.03520823789084873,0.01436937035705102,0.02083886753379771,0.12211070408599733,0.1902891820147916,0.011162946749256587,0.004219372228808992,0.006943574520447596,0.13713840244841247,0.20351308692837877,0.10760939458754426,0.030744751009383564,0.0768646435781607,0.1468327172626538,0.1941604579195907
ZERO,0,0,DOTCOM,CORE_VOL,3.8467493079785697e-16,4.3368086899420177e-16,-0.006074596753420078,0.813961818064854,0.813700701179254,0.8137007011779249,-0.024241331048282383,,0.0,0.010964379320784683,0.019827424289036697,-0.03126198264271372,-0.02590202104245634,0.0,0.0,0.0,0.0,0.0,0.060433118850572204,0.04844650082486615,0.011986618025706053,0.05734807673310405,0.2347266627401725,0.01431072523468429,0.010631866744769562,0.003678858489914727,0.07908636440739913,0.25041146289233285,0.05023743826558735,0.05355325903036423,-0.003315820764776878,-0.01190989683763144,0.1513348537363003
ZERO,0,0,GFC,CORE_VOL,4.47124975933022e-16,7.563394355258879e-16,0.02246545905257747,0.8362733468893566,0.8362030549417573,0.8362030549477353,0.009762002159269964,,0.0,0.002152666984510442,0.013477460773273253,0.0001806099800298122,0.008987998279303461,0.0,0.0,0.0,0.0,0.0,0.08428694416211424,0.04839583444018489,0.035891109721929354,0.14733659951413702,0.2886586127357509,0.028523550737986667,0.014208269504385473,0.014315281233601193,0.19725582042982692,0.32868643825490096,0.10760939458754581,0.06751263511779981,0.040096759469746,0.08238215555010675,0.1941604579195937
ZERO,0,0,2011,CORE_VOL,4.421376459395887e-16,1.9394208461420703e-15,-0.01001278587300861,0.8678886170891928,0.8680789355134885,0.8680789355097203,-0.010993536189085655,0.35826640852285185,0.0,-0.0051352822796185485,0.00041034673877546953,-0.013693210134019215,-0.01042313261178602,0.0,0.0,0.0,0.0,0.0,0.046377178258555,0.0288572208916629,0.017519957366892103,0.09304870583386182,0.2135767575355041,0.01781132155340681,0.011382747292876166,0.006428574260530645,0.08596938445245328,0.2067232330952552,0.02799822024898091,0.025549403260472614,0.0024488169885082955,0.013917697939813789,0.1389494926727195
ZERO,0,0,2015_2016,CORE_VOL,5.327295137143306e-16,1.169203622808368e-15,-0.013943071974065822,0.9525373384167324,0.9525237194158024,0.9525237194228824,-0.011154022060628759,0.7878197511955257,0.0,-0.0035073201158475936,-0.00272008227074405,-0.011192302977594812,-0.011222989703320602,0.0,0.0,0.0,0.0,0.0,0.01121692606492028,0.00686908160930938,0.0043478444556109,0.03185603610111709,0.07824675344637899,0.003834938111146713,0.0019588219557179973,0.0018761161554287156,0.047723780563444285,0.09292134450035472,0.007537079099866895,0.006238871127830836,0.0012982079720360584,0.010212788550132967,0.05651899912283431
ZERO,0,0,2018Q4,CORE_VOL,4.187188790139018e-16,4.198030811863873e-16,0.024094442295157226,0.861950396640168,0.8617881405099105,0.8617881405102001,-0.024960673576556236,,0.0,0.08122647124914362,0.04861572876363096,-0.045330585907678925,-0.024521286468473315,0.0,0.0,0.0,0.0,0.0,0.03650125607274299,0.03274956975558571,0.0037516863171572767,0.018372161974889778,0.15404330312632009,0.014454465242308756,0.008629391877914568,0.0058250733643941885,0.10811204869782776,0.23123682661650735,0.020560532480548566,0.02443218880215514,-0.003871656321606576,-0.02349494388914186,0.10865999226189238
ZERO,0,0,COVID,CORE_VOL,4.0939474033052647e-16,2.8727020762175925e-15,0.053085498829892996,0.7124317323687137,0.7110252328135264,0.7110252328177823,-0.02011666069399573,,0.0,0.048955883000301355,0.0747992528520361,-0.03258593838425919,-0.021713754022145978,0.0,0.0,0.0,0.0,0.0,0.13770729430075468,0.1250462463721751,0.012661047928579583,0.04204521755673485,0.3231233884910665,0.05324347108660055,0.04000740305195628,0.013236068034644263,0.1335415262078703,0.3827074884907218,0.09186424477034738,0.08280552589291845,0.009058718877428928,0.03811245664050256,0.28663732944770237
ZERO,0,0,2022,CORE_VOL,3.2959746043559335e-16,1.987993103469421e-15,0.018974262815584036,0.8157504048940609,0.815629291101028,0.8156292911054003,-0.016913468723525338,,0.0,0.03330054883936724,0.03540459142470808,-0.0201427043718159,-0.016430328609122056,0.0,0.0,0.0,0.0,0.0,0.04534941742460244,0.04460907257345195,0.0007403448511504873,0.0037604629995622307,0.18779388744442338,0.01730428987256262,0.014287700840301579,0.003016589032261041,0.04768733400603209,0.22315055712967868,0.03502583400246129,0.04559345221113709,-0.0105676182086758,-0.048639375168970655,0.13324995467058787
ZERO,0,0,2023_PLUS,CORE_VOL,4.705437428587089e-16,1.3981871216373065e-15,-0.025036023979303462,0.9526664265940781,0.9527353583599973,0.9527353583541868,-0.013832898284518225,0.8883207540033192,0.0,-0.010161478806118387,-0.010991838465643628,-0.013167905103035142,-0.014044185513661232,0.0,0.0,0.0,0.0,0.0,0.017866506704541513,0.00732945438477553,0.010537052319765983,0.07207897923007578,0.11638125711042668,0.0017576814963890103,0.0017593086342359912,-1.6271378469809306e-06,-4.5952669409432545e-05,0.04728979584056414,0.025927850165767707,0.008663271355189517,0.01726457881057819,0.09134741906160382,0.13117242134440232
ZERO,0,0,2024_PLUS,CORE_VOL,4.705437428587089e-16,1.9359513991901167e-15,-0.027188198914774975,0.9494066463885247,0.9494821845650427,0.949482184566477,-0.015746670212586245,0.8737384485008112,0.0,-0.010543488294880238,-0.011171846327265809,-0.015362681041194284,-0.016016352587511103,0.0,0.0,0.0,0.0,0.0,0.02141710719584211,0.008186682849738669,0.013230424346103442,0.08710382872167077,0.13379064994038503,0.0021095498616906724,0.0019802930121653878,0.00012925684952528466,0.003478286182124868,0.053895661630826486,0.025927850165767263,0.009262351493193433,0.01666549867257383,0.08845805763112224,0.1311724213444
ZERO,0,0,EX_MAJOR_SHOCKS,CORE_VOL,5.327362899779087e-16,2.5326962749261384e-16,-0.01511200019377959,0.9447564512156532,0.9448125629713324,0.9448125629719999,-0.006662890389205256,0.901104186587775,0.0,-0.008495013918915611,-0.008354534449064607,-0.007443307460167168,-0.006757465744714729,0.0,0.0,0.0,0.0,0.0,0.019180836565096948,0.008432815058946608,0.01074802150615034,0.07499145546224006,0.12639252694391012,0.005109500247908828,0.0023406926717846124,0.002768807576124216,0.06916877470607818,0.12059119491059589,0.05023743826558735,0.015543860990067437,0.034693577275519916,0.10964467672146716,0.1513348537363003
ZERO,0,1,ALL,VOL,5.273559366969494e-16,2.463307335887066e-16,-0.016036717860143518,0.8461547683618846,0.8462458076435282,0.8462458076483627,-0.0012096782203312867,0.8467032745451687,-0.0002619903969121682,-0.017963519077248625,-0.015043850449883869,-0.006183027592030122,-0.0007060679127486924,0.0,0.0,-0.00028669701129570426,-1.192173929848465e-07,-1.0248621550167753e-07,0.06345958100651834,0.028711672541400335,0.03474790846511801,0.22229713520059868,0.3429792178118385,0.02010160276571373,0.008438259714276856,0.011663343051436875,0.2512948109524874,0.36647484960285037,0.2309846167328371,0.06319907223223098,0.16778554450060612,0.3417011221990981,0.41676731970407377
ZERO,0,1,DOTCOM,VOL,4.935288289154016e-16,1.1188966420050406e-15,-0.014290233676256356,0.627729892374191,0.6273432632809817,0.6273432632851329,-0.04986304673412602,,-0.00026366085518636793,0.021932180333993308,0.03685790794370849,-0.06050493476372323,-0.05090971606122726,0.0,0.0,-0.0002400161841074398,1.72976164855643e-06,1.5906253687372596e-06,0.11658006677535454,0.09666948213479992,0.01991058464055462,0.1238319266509561,0.45281435642122625,0.026404944760579814,0.02127426863214999,0.005130676128429823,0.1430170615491192,0.462038138295225,0.10119433916993514,0.11069455150504948,-0.009500212335114333,-0.04293540428436793,0.30483701092127347
ZERO,0,1,GFC,VOL,5.204170427930421e-16,4.85722573273506e-16,0.03927546945123848,0.6726418270627619,0.6725505321996631,0.672550532201048,0.015336572385455383,,-0.0003152334828876312,0.004303435929031874,0.023179471457020505,0.0031847532282588856,0.01640055811571689,0.0,0.0,-0.000304273420205674,-3.3203243083218236e-07,-2.8670129275214977e-07,0.15616020729824506,0.09649159239143615,0.059668614906808914,0.3052045943472138,0.5348039278365503,0.05041086935993405,0.028407414282071677,0.022003455077862374,0.37694565671226776,0.5809013489047605,0.2309846167328381,0.14311688971930991,0.08786772701352819,0.21373168733047088,0.41676731970407566
ZERO,0,1,2011,VOL,3.8120548384590336e-16,3.885780586188048e-16,-0.02321966910572036,0.73560447908676,0.7359366316283615,0.735936631633955,-0.024213315682282157,-0.48818139497944946,-0.00036377478605697605,-0.010279176730217408,-0.00057604124238004,-0.027434404255041272,-0.022275447685534105,0.0,0.0,-0.00036837194178651194,1.6024068589505236e-07,1.9176397990862503e-07,0.08717823880506256,0.05769462410732851,0.029483614697734056,0.18490748884256325,0.4014743085022966,0.034576543894017625,0.022780052649851626,0.011796491244166,0.18612272035296484,0.4013051430012592,0.05543676915829421,0.05146842370966742,0.003968345448626787,0.026450198439277317,0.2751214499157333
ZERO,0,1,2015_2016,VOL,3.363195139050035e-16,6.522560269672795e-16,-0.02828763803980265,0.9050304460470215,0.9050052725739908,0.9050052725724103,-0.02266555360271172,0.5695297213884923,-0.0002683127916258699,-0.007017755272758217,-0.005492352708107487,-0.0223024566641741,-0.022512925308194504,0.0,0.0,-0.00028196929203634484,-3.9151051197922476e-07,-3.907314649645113e-07,0.020430726322810108,0.013737475898484008,0.0066932504243261,0.05163916735799312,0.14252015178302146,0.005639858637215778,0.003919366163954538,0.0017204924732612398,0.04606228872112894,0.13665494257619837,0.014397694219912327,0.012491451082628613,0.001906243137283714,0.01577188913342631,0.10796533460826074
ZERO,0,1,2018Q4,VOL,3.642919299551295e-16,2.2343238370581275e-15,0.048062576671334845,0.7238885748447501,0.7236268337389227,0.7236268337317113,-0.05397462818277854,,-0.0005914021032497037,0.16242323289883726,0.09857676441073163,-0.09030920903678062,-0.050183368361227894,0.0,0.0,-0.00032834091054775166,-4.497050798621321e-06,-2.4784676233737288e-06,0.07028599717749157,0.06548592655703689,0.004800070620454677,0.027993877384593135,0.2966223175216445,0.0249648544639941,0.017259504532658343,0.007705349931335759,0.17028453327306914,0.39937788264208995,0.041079246984307094,0.049392761203089,-0.008313514218781903,-0.05945604852402164,0.2170989814423352
ZERO,0,1,COVID,VOL,3.677613769070831e-16,1.1934897514720433e-15,0.09235744345550795,0.42528077633323846,0.42370976631274404,0.4237097663060217,-0.04943523374211145,,-0.0005234878322878399,0.09763066003753922,0.1385217032997565,-0.062075947900127985,-0.04573280361205511,0.0,0.0,-0.0004329110507174443,1.680818838423171e-06,1.4548185228160812e-06,0.25859687116133756,0.24781406016725838,0.010782810994079212,0.060454808879631394,0.6067848307319565,0.10647395099551515,0.07995483606919507,0.026519114926320086,0.4481979195716178,0.7653215980021386,0.19170916746161737,0.17279781055715093,0.018911356904466436,0.1280462108313486,0.5981761884530057
ZERO,0,1,2022,VOL,3.5388358909926865e-16,1.6653345369377348e-15,0.035677772746163516,0.6314024416569737,0.6312344571124575,0.6312344571086499,-0.03584911980496894,,-0.00047296673826286925,0.06660545508848367,0.06983340164867904,-0.040689744341019185,-0.03376248484078129,0.0,0.0,-0.0003931522566873393,-5.7324452145807394e-08,8.194954761680084e-09,0.08895419377790142,0.08918366792909985,-0.00022947415119842218,-0.0015067108324882117,0.36836314119823754,0.034602122191982145,0.02858255500100023,0.006019567190981914,0.1229416374191582,0.4462178397307758,0.06960369602722638,0.09256183674199092,-0.02295814071476454,-0.13481292034759385,0.26479567452645225
ZERO,0,1,2023_PLUS,VOL,3.634245682171411e-16,1.0755285551056204e-15,-0.050178332989284063,0.9052613489984651,0.9053930393880092,0.905393039386083,-0.02780501093307086,0.776167397896481,-0.00029862509086872564,-0.0203396575497651,-0.02193361216801204,-0.025855227075951955,-0.02788819335336282,0.0,0.0,-0.000356568110978398,-2.570383109096237e-09,4.064307026512046e-08,0.032479919122523446,0.014663039365486241,0.017816879757037205,0.12831376130671157,0.21157207062550198,0.003389048419065628,0.003521184870813293,-0.00013213645174766503,-0.0039271252970054515,0.0911811429776409,0.05219500531569887,0.017405181032870476,0.0347898242828284,0.19300104873741641,0.2640614314558023
ZERO,0,1,2024_PLUS,VOL,3.634245682171411e-16,1.304512053934559e-15,-0.054453776568691575,0.8987367683948833,0.8988805625492986,0.8988805625429556,-0.03160190678874783,0.7471175514014357,-0.00031728731325218344,-0.021104467720284487,-0.022319453444308135,-0.030079652515664287,-0.031758888938547114,0.0,0.0,-0.00037534741110897124,-1.1072125134773508e-07,-8.677472605112617e-08,0.03894267904841793,0.016375441846192745,0.022567237202225185,0.15703993613166312,0.24327124539578981,0.004076323847814228,0.0039634814722502715,0.00011284237556395682,0.0032077646072481425,0.10414362551420875,0.05219500531569865,0.01861374248974823,0.03358126282595042,0.18755388108946802,0.2640614314558015
ZERO,0,1,EX_MAJOR_SHOCKS,VOL,4.935288289154016e-16,4.85722573273506e-16,-0.030864249628233975,0.8894655162512208,0.8895720972946927,0.889572097298778,-0.013946766347862571,0.798011037245124,-0.0002395283532904372,-0.01699819054889155,-0.016793855379736194,-0.014656381100907986,-0.013798385815978684,0.0,0.0,-0.00027189284118293676,-1.228382632315446e-07,-1.1559133664836605e-07,0.035168385416655595,0.016866286298543365,0.01830209911811223,0.13568235035595688,0.2317435759961659,0.008957879730682697,0.004683250815628669,0.004274628915054028,0.11342396832173074,0.2114182147325554,0.08982700758752982,0.031398651487654305,0.05842835609987551,0.1943960694006407,0.2705941529693838
ZERO,0,1,ALL,CORE_VOL,5.002508823848117e-16,4.414871246360974e-16,-0.007210014865494885,0.9230760939317406,0.9231243965706863,0.9231243965707154,0.00013856121769181828,0.9310786858632724,-0.00013036819402149213,-0.008981585136721305,-0.007260654188422363,-0.003365637291340308,0.00019392752763323231,0.0,0.0,-0.0001432374621086136,-6.525552477685483e-08,-5.074259758199255e-08,0.035208501844100626,0.014369358668773424,0.0208391431753272,0.12211255355965767,0.1902909573508833,0.011159440054082231,0.004219185380681494,0.006940254673400738,0.13707232828621685,0.20344915592737323,0.10746877646813724,0.03073753397793355,0.07673124249020369,0.14657586353618968,0.19390673956571958
ZERO,0,1,DOTCOM,CORE_VOL,5.002508823848117e-16,2.636779683484747e-16,-0.006191711116079648,0.813961818064854,0.813700701179254,0.8137007011779249,-0.024355447044760226,,-0.00012969868857700269,0.010964379320784683,0.01982443673456537,-0.03126198264271375,-0.025898449290893223,0.0,0.0,-0.00011868886977173247,1.069308979399899e-06,9.903100196722681e-07,0.060429518761561274,0.04844548695925466,0.011984031802306616,0.05733680293132615,0.23471725830787993,0.014308127980586553,0.010631522381188856,0.0036766055993976976,0.07903734771902515,0.2503660157058727,0.05014941706829279,0.05354750905965855,-0.0033980919913657592,-0.012205149827209105,0.15106969939168846
ZERO,0,1,GFC,CORE_VOL,3.8702968239122393e-16,2.393918396847994e-16,0.02231416274273223,0.8362733468893566,0.8362030549417573,0.8362030549477353,0.009627088705139633,,-0.00015610779164418684,0.002152666984510442,0.01347639175601848,0.00018060998002982493,0.008987301496444538,0.0,0.0,-0.00014939259561903473,-1.7562667310507303e-07,-1.379141119933724e-07,0.08428795093655453,0.04839610545972384,0.03589184547683069,0.14733978378638057,0.2886620606494954,0.028521224580689605,0.014207732249476066,0.01431349233121354,0.1972297103487467,0.3286596331644752,0.10746877646813635,0.06749768375687204,0.03997109271126431,0.08212143998002897,0.19390673956571802
ZERO,0,1,2011,CORE_VOL,4.0158848468863084e-16,5.134781488891349e-16,-0.010196227013284605,0.8678886170891928,0.8680789355134885,0.8680789355097203,-0.011163319428845754,0.3465094066987015,-0.00018103290796495468,-0.0051352822796185485,0.0004103232302795579,-0.013693210134019218,-0.010422167352699732,0.0,0.0,-0.0001845324351342161,1.26190266931636e-07,1.4954426927201852e-07,0.04637645741653604,0.02885742606974956,0.01751903134678648,0.09304388912009531,0.21357343790488215,0.017807127892527072,0.011382556728603,0.006424571163924073,0.08591563205470332,0.20667456028156395,0.027932646988859444,0.025544874381544735,0.0023877726073147088,0.013570406726794215,0.1386240658725253
ZERO,0,1,2015_2016,CORE_VOL,4.377466271410224e-16,4.527628272299467e-16,-0.014083973555629736,0.9525373384167324,0.9525237194158024,0.9525237194228824,-0.011291548501585466,0.7856755657040592,-0.00013378125541632782,-0.0035073201158475936,-0.0027199094784947616,-0.01119230297759482,-0.011222276500175555,0.0,0.0,-0.00014149932514376755,-2.862988548882972e-07,-2.882518161029245e-07,0.011218951804090965,0.006869120123272593,0.004349831680818372,0.031870605210180925,0.07826088454722768,0.003830574019241355,0.0019587677952525515,0.0018718062239888034,0.047614080909822665,0.09281560164985336,0.007417515727678792,0.00623703248085361,0.0011804832468251814,0.00928653318007211,0.05562241809478807
ZERO,0,1,2018Q4,CORE_VOL,3.1181654480683108e-16,2.1267709815475655e-15,0.023930105236680155,0.861950396640168,0.8617881405099105,0.8617881405102001,-0.02511737260135416,,-0.0002928972089056784,0.08122647124914362,0.04860850961514222,-0.04533058590767887,-0.024517775774285187,0.0,0.0,-0.0001590246023855004,-2.9820341198873058e-06,-1.604001793510285e-06,0.036519930065824546,0.0327501203930306,0.0037698096727939445,0.01846096257163743,0.15412211147119226,0.014447961280110388,0.0086293665235131,0.005818594756597288,0.10799175637947223,0.2311327787977907,0.02050417625306189,0.024429557168282434,-0.003925380915220544,-0.023820588362351902,0.10836215623802381
ZERO,0,1,COVID,CORE_VOL,2.7668839441830073e-16,2.7755575615628914e-17,0.052873889946977504,0.7124317323687137,0.7110252328135264,0.7110252328177823,-0.020294749090761427,,-0.00025500411076395305,0.048955883000301355,0.0747897391310668,-0.032585938384259154,-0.02171093136659652,0.0,0.0,-0.00020604128158035163,1.3152734000621538e-06,1.1234640876016176e-06,0.13770346559590524,0.12504471646668458,0.012658749129220659,0.04203737005608976,0.3231144046235759,0.05323808300310717,0.040005830674966006,0.013232252328141167,0.133500910862549,0.38266875961261815,0.09183621340777715,0.08280046545506503,0.009035747952712114,0.03801500244472078,0.2865498652234223
ZERO,0,1,2022,CORE_VOL,4.0592529337857286e-16,5.447031714567174e-16,0.018777875771675973,0.8157504048940609,0.815629291101028,0.8156292911054003,-0.017091282927518908,,-0.00023600810198431269,0.03330054883936724,0.03540039168734862,-0.02014270437181584,-0.016428355287974403,0.0,0.0,-0.000194205024698599,5.656695734157283e-09,4.439700090349636e-08,0.04535041416425528,0.04460941546743044,0.0007409986968248405,0.00376379065915855,0.18779801498618254,0.01730117161355471,0.014287398719700778,0.003013772893853933,0.04764258792571452,0.22311034506434613,0.034884502859207966,0.045580340279760656,-0.01069583742055269,-0.04922655647025498,0.1327122838636421
ZERO,0,1,2023_PLUS,CORE_VOL,4.85722573273506e-16,3.0531133177191805e-16,-0.025214073688955174,0.9526664265940781,0.9527353583599973,0.9527353583541868,-0.01400702760090139,0.8875265201688951,-0.00014914006549302414,-0.010161478806118387,-0.010991023304284758,-0.01316790510303515,-0.01404313392343497,0.0,0.0,-0.00017996723017017877,1.4370274701156156e-08,5.07689344257729e-08,0.017865735837068825,0.007329429175107233,0.010536306661961592,0.07207386610960731,0.11637623573008515,0.0017539983016940097,0.0017592613393527592,-5.263037658749525e-06,-0.00014863541342724496,0.047190700796595375,0.02588868080871609,0.008662529768961091,0.017226151039755,0.09114373891500815,0.13097425838935173
ZERO,0,1,2024_PLUS,CORE_VOL,4.822531263215524e-16,2.5673907444456745e-16,-0.027375712060486,0.9494066463885247,0.9494821845650427,0.949482184566477,-0.015930190819561735,0.8728676405161352,-0.00015851077697609934,-0.010543488294880238,-0.011170965433141233,-0.01536268104119429,-0.01601506024156561,0.0,0.0,-0.00018971694519698693,-4.792815470189408e-09,3.0559418082084934e-08,0.02141649167520701,0.008186649181818967,0.013229842493388044,0.0870999787295813,0.13378680484099448,0.0021058993995223194,0.0019802403664289647,0.00012565903309335463,0.0033814645867479287,0.053802398097503756,0.02588868080871609,0.009261561080410319,0.016627119728305773,0.08825397748291941,0.13097425838935184
ZERO,0,1,EX_MAJOR_SHOCKS,CORE_VOL,5.002508823848117e-16,5.84601811404184e-16,-0.015247559694466506,0.9447564512156532,0.9448125629713324,0.9448125629719999,-0.006794424107428865,0.9002133923770831,-0.00011936682451106096,-0.008495013918915611,-0.00835400480781924,-0.007443307460167172,-0.006757059825371801,0.0,0.0,-0.0001364238311870255,-7.698274211084994e-08,-7.12300890233124e-08,0.0191810923693658,0.008432786843412476,0.010748305525953322,0.07499368237881099,0.12639462643867705,0.005106766690384429,0.0023406173447970344,0.0027661493455873945,0.06910223826909301,0.12052667921390736,0.05014941706829279,0.015541977949810604,0.034607439118482186,0.10937179705293643,0.15106969939168846
ZERO,0,3,ALL,VOL,4.891920202254596e-16,1.942890293094024e-16,-0.01660594147739708,0.8461547683618846,0.8462458076435282,0.8462458076483627,-0.00175652277139636,0.8412485537061545,-0.0007859593071013269,-0.017963519077248625,-0.01503984810610006,-0.006183027592030122,-0.0007059257176945707,0.0,0.0,-0.0008598603116481438,-3.57633604347072e-07,-3.0734195410836266e-07,0.0634605081214178,0.02871161801962993,0.034748890101787874,0.22230429228972703,0.34298547295513937,0.020090256794388618,0.008437573383990878,0.01165268341039774,0.2510614290358625,0.3662679997718479,0.23029524467601614,0.06317087589110226,0.16712436878491388,0.3403350717547292,0.4155234804022885
ZERO,0,3,DOTCOM,VOL,4.163336342344337e-16,1.1293049828609014e-15,-0.014761592716166422,0.627729892374191,0.6273432632809818,0.6273432632851329,-0.05033666434337978,,-0.0007910053679268095,0.021932180333993308,0.036842165000150376,-0.06050493476372323,-0.05088877225082331,0.0,0.0,-0.0007197553345233789,5.188801438507928e-06,4.769869028763623e-06,0.1165655538776498,0.09666553218424559,0.019900021693404213,0.1237708477286481,0.4527754791508456,0.026393468330749938,0.02127319446155574,0.005120273869194197,0.14272282619571586,0.46183732180721704,0.10081298493851565,0.11067727869603272,-0.009864293757517073,-0.04457735956629505,0.30368822251115535
ZERO,0,3,GFC,VOL,4.2587461335230614e-16,2.0816681711721685e-16,0.03865396994395974,0.6726418270627619,0.6725505321996631,0.672550532201048,0.01476829543270898,,-0.0009456876695467082,0.004303435929031874,0.023171983680598723,0.0031847532282588465,0.016395376310843646,0.0,0.0,-0.0009125301601236737,-9.961363334751036e-07,-8.598873587500973e-07,0.1561654539935586,0.09649242145206441,0.0596730325414942,0.305228484885279,0.5348218962634013,0.05039447205341388,0.0284056765323445,0.02198879552106938,0.3766833071028385,0.5807123972441982,0.2302952446760167,0.1430619806677672,0.08723326400824949,0.21216006686898792,0.4155234804022889
ZERO,0,3,2011,VOL,4.2500725161431774e-16,3.95516952522712e-16,-0.02394702627060555,0.73560447908676,0.7359366316283615,0.735936631633955,-0.02489440009245092,-0.534798743200828,-0.0010913161531920315,-0.010279176730217408,-0.0005757094889533172,-0.027434404255041272,-0.022267170272409605,0.0,0.0,-0.001104722475543963,4.815800300397964e-07,5.759663017287569e-07,0.08717594171250079,0.05769531321565183,0.02948062849684896,0.18488955983195476,0.40146372990309065,0.03455529629142384,0.022779399684884113,0.01177589660653973,0.18579586807358917,0.4010585373189943,0.05516400784856945,0.051452637030879544,0.0037113708176899074,0.024734783703839747,0.2737677908163353
ZERO,0,3,2015_2016,VOL,4.198030811863873e-16,1.7277845820728999e-15,-0.028845008262545775,0.9050304460470215,0.9050052725739908,0.9050052725724104,-0.023210123922272556,0.5610478780215687,-0.0008049206348096138,-0.007017755272758217,-0.005490955503341877,-0.022302456664174096,-0.02250719832026474,0.0,0.0,-0.0008456825204197371,-1.1745179785273222e-06,-1.171918517694525e-06,0.02043640863404421,0.013737621695735447,0.006698786938308762,0.051681940309771135,0.14255979030819022,0.005631953383721751,0.003919159793097031,0.00171279359062472,0.04585591521892585,0.136463396647166,0.013884157382332174,0.012484412973931991,0.001399744408400183,0.011580541696427638,0.1041144279522267
ZERO,0,3,2018Q4,VOL,2.96637714392034e-16,3.712308238590367e-15,0.04737118711033278,0.7238885748447501,0.7236268337389227,0.7236268337317113,-0.054638165921109205,,-0.0017742651518326451,0.16242323289883726,0.09851726519921288,-0.09030920903678062,-0.05015415297312323,0.0,0.0,-0.0009844938076891527,-1.3491333529133377e-05,-7.431308071422589e-06,0.07035614635710574,0.06548777116360313,0.004868375193502611,0.028392533179235846,0.29691836243905256,0.024964854463994213,0.017259418534548265,0.007705435929445947,0.17028611015837025,0.39937788264209095,0.040845811720335745,0.049383689189983704,-0.008537877469647959,-0.06105667358608735,0.21586530356941158
ZERO,0,3,COVID,VOL,3.712308238590367e-16,8.604228440844963e-16,0.09144741424610217,0.42528077633323846,0.423709766312744,0.4237097663060217,-0.050259373888484324,,-0.0015704856022572284,0.09763066003753922,0.13844920665275967,-0.062075947900128,-0.04570807274277055,0.0,0.0,-0.001298082597409652,5.043162326526093e-06,4.362933521844012e-06,0.2585803658776506,0.2478103579187298,0.010770007958920802,0.06038177415651025,0.6067461018961308,0.10644796681149327,0.07995101189462128,0.02649695491687199,0.44779445271112495,0.7651348268994184,0.1915705168329057,0.17278471246346283,0.018785804369442882,0.12718483235243994,0.5977435669685582
ZERO,0,3,2022,VOL,3.452099717193846e-16,2.4077961846558082e-15,0.0348750583713037,0.6314024416569737,0.6312344571124575,0.63123445710865,-0.03659199296546169,,-0.0014188909001590293,0.06660545508848367,0.06980012191326466,-0.04068974434101915,-0.03374618557904848,0.0,0.0,-0.001178902861441132,-1.715532759985701e-07,2.489853104825302e-08,0.08895932127568879,0.08918468446848501,-0.00022536319279622963,-0.0014797284506977704,0.36838437438704186,0.03458920655205644,0.028581605650862145,0.006007600901194295,0.12269486294144893,0.44605128379196934,0.06901186435516726,0.0925188832708983,-0.023507018915731037,-0.13800119038072434,0.26254414945301785
ZERO,0,3,2023_PLUS,VOL,4.440892098500626e-16,1.5265566588595902e-16,-0.05087624786434328,0.9052613489984651,0.9053930393880092,0.905393039386083,-0.028488146632463685,0.7730541796362294,-0.0008958537477902526,-0.0203396575497651,-0.02192712277761532,-0.02585522707595197,-0.02787986385173776,0.0,0.0,-0.0010693829340642526,-7.887159656218716e-09,1.216990742054372e-07,0.03247694771324189,0.014662943116606514,0.017814004596635374,0.12829296602292128,0.21155271505962137,0.0033746265639988324,0.003521004694965947,-0.00014637813096711472,-0.004350367935894273,0.09079312809374307,0.052033074168351345,0.017402336399816143,0.0346307377685352,0.19211546396024004,0.26324220037598456
ZERO,0,3,2024_PLUS,VOL,4.440892098500626e-16,2.498001805406602e-16,-0.055187062154255395,0.8987367683948833,0.8988805625492986,0.8988805625429556,-0.03232020297544841,0.7437121851241214,-0.000951844575953114,-0.021104467720284487,-0.02231243742057564,-0.030079652515664298,-0.03174867394080014,0.0,0.0,-0.0011256906017519655,-3.321417308299921e-07,-2.601911274014173e-07,0.03894149364634933,0.016375314058406504,0.022566179587942825,0.15703243680991907,0.24326384030079995,0.004061664738300434,0.003963281855264608,9.838288303582604e-05,0.0027967094611673904,0.10376910845703369,0.05203307416835157,0.018610720295962224,0.03342235387238934,0.1866632118982533,0.26324220037598556
ZERO,0,3,EX_MAJOR_SHOCKS,VOL,4.90059381963448e-16,8.326672684688674e-17,-0.0314006504549319,0.8894655162512208,0.8895720972946927,0.889572097298778,-0.014468192158701293,0.7944854961531799,-0.0007185726372765595,-0.01699819054889155,-0.016789736696084856,-0.014656381100907986,-0.013795091768722702,0.0,0.0,-0.0008154753123881569,-3.6851971713301207e-07,-3.4667773610011694e-07,0.03516896480736084,0.016866173907488707,0.018302790899872134,0.13568835522519795,0.2317488959681535,0.008948094279564514,0.004682966204183174,0.00426512807538134,0.11317101623651138,0.2111872647010794,0.08930844485199418,0.0313914028788963,0.05791704197309788,0.19269023711058209,0.26903203876840776
ZERO,0,3,ALL,CORE_VOL,5.099002817199327e-16,2.732189474663471e-16,-0.007495604182012339,0.9230760939317406,0.9231243965706863,0.9231243965707157,-0.00013466703843612038,0.9283426352934989,-0.00039110227867730047,-0.008981585136721305,-0.007259668234736056,-0.0033656372913403103,0.000193869715454221,0.0,0.0,-0.00042965347781243117,-1.9576404635643383e-07,-1.5218491779984466e-07,0.035209011996382766,0.01436933580327135,0.020839676193111417,0.12211614090997047,0.19029440496690297,0.011152426459980797,0.004218811725829788,0.0069336147341510085,0.1369401766949233,0.20332129021072098,0.10718764101174849,0.030723101706296108,0.07646453930545238,0.1460623669215454,0.1933994847004814
ZERO,0,3,DOTCOM,CORE_VOL,3.7816971776294395e-16,1.1527237497865883e-15,-0.006425844298182173,0.813961818064854,0.813700701179254,0.8137007011779249,-0.024583578156323907,,-0.0003891136413938866,0.010964379320784683,0.019818463481339938,-0.03126198264271374,-0.025891307910604806,0.0,0.0,-0.000355969922175268,3.2075279525183413e-06,2.9700532591148476e-06,0.06042235273817101,0.048443478180825505,0.011978874557345504,0.057314305183624015,0.23469849198470927,0.014302933958155135,0.010630833660416665,0.0036721002977384704,0.0789393268354297,0.25027512983293376,0.049973398497873966,0.05353601084299786,-0.0035626123451238945,-0.01279553992812632,0.15053946247020467
ZERO,0,3,GFC,CORE_VOL,4.0896105946153227e-16,3.122502256758253e-17,0.022011641427662598,0.8362733468893566,0.8362030549417573,0.8362030549477353,0.009357331796289399,,-0.00046831982719340104,0.002152666984510442,0.013474254047305324,0.00018060998002981336,0.008985908135643789,0.0,0.0,-0.00044810696894134,-5.269904242142522e-07,-4.1378634520553633e-07,0.08428995114944199,0.04839664722178985,0.03589330392765214,0.14734609857596248,0.28866891080503276,0.02851657261314195,0.014206657962240327,0.014309914650901624,0.1971774936660583,0.328606026982757,0.1071876410117496,0.06746778503755124,0.03971985597419836,0.08160025638377644,0.19339948470048318
ZERO,0,3,2011,CORE_VOL,4.133791833144107e-16,3.7643499428696714e-16,-0.010563013907535005,0.8678886170891928,0.8680789355134886,0.86807893550972,-0.011502791032969025,0.3230015164931943,-0.0005430993804019158,-0.005135282279618538,0.0004102762633265895,-0.013693210134019217,-0.01042023716478156,0.0,0.0,-0.0005535021498495167,3.7914372614870056e-07,4.4914376986003143e-07,0.04637498959000269,0.028857836350010296,0.017517153239992395,0.09303411718317067,0.21356667825189357,0.017798738403446104,0.01138217569926403,0.006416562704182074,0.08580809788485921,0.20657718949963522,0.02780150405417159,0.025535817336847177,0.002265686717324411,0.012875894307445956,0.13797323006651918
ZERO,0,3,2015_2016,CORE_VOL,4.0419056990259605e-16,1.9723805921856297e-15,-0.014365720757285406,0.9525373384167324,0.9525237194158024,0.9525237194228824,-0.011566545305953822,0.7813880463210694,-0.00040133974742749204,-0.0035073201158475936,-0.0027195639402422915,-0.011192302977594827,-0.011220850291049397,0.0,0.0,-0.00042444183974742276,-8.589224892564303e-07,-8.646862443234977e-07,0.011222969649977155,0.006869197121580517,0.004353772528396638,0.03189949724265384,0.07828891213648181,0.0038218458099222308,0.0019586594764896964,0.0018631863334325344,0.04739468180797679,0.09260411533077662,0.00717842864750573,0.006233355424637543,0.0009450732228681868,0.0074344129844184925,0.053829553472361735
ZERO,0,3,2018Q4,CORE_VOL,2.8557885223268187e-16,3.112093915902392e-15,0.023601540712437086,0.861950396640168,0.8617881405099105,0.8617881405102001,-0.025430663584108004,,-0.0008787407821930376,0.08122647124914362,0.048594074098562305,-0.045330585907678904,-0.024510755722802913,0.0,0.0,-0.0004769667825178124,-8.946489025967738e-06,-4.8108808076057805e-06,0.036557240792511186,0.03275122150789708,0.003806019284614104,0.018638383508224332,0.15427957091777644,0.014434950355017406,0.008629315801594324,0.005805634553423082,0.1077511166074272,0.2309246351564025,0.020391464786983837,0.02442429473264196,-0.004032829945658123,-0.02447184527928381,0.10776648941648337
ZERO,0,3,COVID,CORE_VOL,4.261998740040518e-16,2.518818487118324e-15,0.052450808858227005,0.7124317323687137,0.7110252328135264,0.7110252328177823,-0.020650795175652714,,-0.0007650358384845003,0.048955883000301355,0.07477071549703672,-0.03258593838425926,-0.02170528716141963,0.0,0.0,-0.0006179898271930772,3.946732101530719e-06,3.3703498055163478e-06,0.1376957777155841,0.1250416561759558,0.012654121539628305,0.042021575633919395,0.32309636539077924,0.05322730484013671,0.04000268659296903,0.013224618247167683,0.13341965802576639,0.38259128750952676,0.09178014008400082,0.08279034680947839,0.008989793274522428,0.03782005288578838,0.2863749037047084
ZERO,0,3,2022,CORE_VOL,5.0187718564354e-16,1.3183898417423734e-15,0.018385235685146772,0.8157504048940609,0.815629291101028,0.8156292911054004,-0.017446779983639193,,-0.000708025821007526,0.03330054883936724,0.035391994119572036,-0.020142704371815832,-0.016424409528777682,0.0,0.0,-0.0005824823672032485,1.73495620849075e-08,1.3346155698713438e-07,0.045352382675092257,0.04461010084158015,0.000742281833512104,0.0037703212830821897,0.18780616667419847,0.017294934693928912,0.014286794473400241,0.003008140220528671,0.047553090775379614,0.22302991575464792,0.03460191168056925,0.045554118450146786,-0.010952206769577533,-0.05040038909299871,0.13163721276779694
ZERO,0,3,2023_PLUS,CORE_VOL,4.651227319962814e-16,1.1275702593849246e-15,-0.025570091043896404,0.9526664265940781,0.9527353583599973,0.9527353583541869,-0.014355203589010851,0.8859384185680006,-0.0004474136716095108,-0.010161478806118387,-0.010989393237463951,-0.013167905103035142,-0.01404103106264403,0.0,0.0,-0.000539818950028702,4.303585831087517e-08,1.5220624140753847e-07,0.017864165642458046,0.007329378759394628,0.010534786883063418,0.07206344517198027,0.1163660075850016,0.0017466320478820366,0.001759166748709011,-1.2534700826974388e-05,-0.00035399622487797267,0.04699251435633678,0.025810339044893826,0.008661046900470759,0.017149292144423067,0.0907363658185909,0.13057791705031818
ZERO,0,3,2024_PLUS,CORE_VOL,4.440892098500626e-16,8.916478666520788e-16,-0.02775065062174306,0.9494066463885247,0.9494821845650427,0.949482184566477,-0.016297143732106334,0.8711264319642342,-0.0004755286501741923,-0.010543488294880238,-0.011169203913608197,-0.01536268104119429,-0.01601247593086184,0.0,0.0,-0.0005690625505059637,-1.4304013635242135e-08,9.177323382917991e-08,0.021415229470353098,0.008186581864890491,0.013228647605462607,0.08709207346841441,0.1337789199662438,0.0020985981036666726,0.001980135088930808,0.00011846301473586451,0.00318781184664374,0.05361586153913722,0.02581033904489416,0.009259980577807969,0.01655035846708619,0.08784580457272795,0.13057791705031985
ZERO,0,3,EX_MAJOR_SHOCKS,CORE_VOL,5.097918615026842e-16,2.0296264668928643e-16,-0.015518625814914283,0.9447564512156532,0.9448125629713324,0.9448125629719999,-0.007057438174946223,0.8984319547993427,-0.0003580977417274733,-0.008495013918915611,-0.00835294566907244,-0.007443307460167171,-0.0067562480960189925,0.0,0.0,-0.00040921839197473277,-2.3096376328462866e-07,-2.1365784791444673e-07,0.019181586479229046,0.008432730993328391,0.010748855485900655,0.07499800505594334,0.12639870163447608,0.005101299485810562,0.0023404666850574407,0.0027608328007531213,0.06896916404397824,0.12039764570761624,0.049973398497873966,0.015538212492835268,0.0344351860050387,0.10882612099513966,0.15053946247020467
ZERO,1,0,ALL,VOL,5.100087019371813e-16,2.949029909160572e-16,-0.016138695734368144,0.8445429972998681,0.8446143706064285,0.8446143705995441,-0.0012731914296585378,0.8449783293373818,0.0,-0.018081441139525346,-0.01512121271880393,-0.006466116336760682,-0.0010174830155645087,0.0,0.0,0.0,0.0,0.0,0.06379379381552273,0.029046590918122145,0.03474720289740059,0.22280411723818505,0.34483013618944547,0.01992072015965718,0.008795629928571892,0.011125090231085287,0.23282259122834237,0.3520856917352382,0.25708499383601735,0.06392184427678871,0.19316314955922864,0.39396339597579255,0.4638604307623715
ZERO,1,0,DOTCOM,VOL,5.100087019371813e-16,6.175615574477433e-16,-0.014440613248416057,0.6317954741462017,0.6315538311834685,0.631553831181041,-0.05503821363263204,,0.0,0.02638924811506258,0.04019647016284825,-0.06545608744734045,-0.054637083411263686,0.0,0.0,0.0,0.0,0.0,0.11552389172240296,0.0953609868394589,0.02016290488294406,0.12438202808329302,0.4486963543064787,0.03638033715471428,0.029595194284614636,0.006785142870099646,0.13361352240004687,0.45262094459087976,0.08683030740898956,0.10943243568724526,-0.022602128278255695,-0.10156905024994156,0.2615669175276928
ZERO,1,0,GFC,VOL,4.727121472036799e-16,1.0408340855860843e-16,0.05565639738429725,0.6720336201760801,0.6716783633956184,0.6716783633883823,0.03183107686410286,,0.0,0.0043148982245509926,0.023342746693524236,0.019046335041824833,0.03231365069077312,0.0,0.0,0.0,0.0,0.0,0.1582799854229622,0.09745657291667101,0.0608234125062912,0.3126545991553884,0.5420635600236131,0.04264369265469987,0.02641342292694225,0.016230269727757617,0.29987439019091333,0.5294920518620141,0.25708499383601535,0.14347605236896144,0.11360894146705391,0.27658690648261486,0.4638604307623685
ZERO,1,0,2011,VOL,3.191891195797325e-16,1.8665624601510444e-15,-0.03881586681602708,0.732518882585282,0.7324983581350418,0.7324983581400549,-0.0395123802885214,-1.4877637386907363,0.0,-0.010413018167985157,-0.0005546060797368891,-0.04326689091744149,-0.03826126073628832,0.0,0.0,0.0,0.0,0.0,0.08631648908186762,0.058522978503634526,0.027793510578233094,0.1752182114129468,0.3975057679701193,0.025833231282566788,0.020109827587604226,0.005723403694962562,0.10392507269091111,0.3436081955348572,0.0554703785985563,0.05263758197256918,0.002832796625987122,0.019029723584370606,0.27528824675610086
ZERO,1,0,2015_2016,VOL,3.5475095083725705e-16,5.551115123125783e-17,-0.025103102439136236,0.9071992560129729,0.9071942751899832,0.9071942751966557,-0.01949424684327431,0.617990746142072,0.0,-0.006856042248607192,-0.005386744263464454,-0.019936848020512474,-0.019716358175671838,0.0,0.0,0.0,0.0,0.0,0.022494290318327892,0.013378662266473607,0.009115628051854285,0.07013392786048367,0.15691511010258075,0.003739175603134373,0.003544198974463522,0.00019497662867085097,0.005627470587324934,0.09790598111708515,0.019857358235607858,0.012144445474561727,0.007712912761046131,0.06363246446040083,0.1489062271775735
ZERO,1,0,2018Q4,VOL,3.237427687041716e-16,2.0816681711721685e-15,0.07093583654769353,0.7132335954156588,0.7111668123949216,0.7111668123889525,-0.035109187670421926,,0.0,0.16974592987430767,0.10495126406533369,-0.06058067332816129,-0.03401542751764224,0.0,0.0,0.0,0.0,0.0,0.07421611984357268,0.0683439918606924,0.005872127982880282,0.03482658079751333,0.31320829680871953,0.022058891190989027,0.016117114774565233,0.005941776416423794,0.1482263746720759,0.3924864347271356,0.04913528956345348,0.051189934472360754,-0.002054644908907277,-0.01488559859898575,0.25967421752338915
ZERO,1,0,COVID,VOL,2.949029909160572e-16,2.0539125955565396e-15,0.03438562568761039,0.4257724452545517,0.42532136140422183,0.4253213614037562,-0.11055098819997593,,0.0,0.09735763598941753,0.13331217190100209,-0.13151954847319358,-0.09892654621339375,0.0,0.0,0.0,0.0,0.0,0.26027084249887533,0.24613037968913198,0.01414046280974332,0.07853840904040454,0.610712722087085,0.08845865266476027,0.09093124000630548,-0.002472587341545207,-0.036672878947187515,0.5586132534015807,0.17359038339781563,0.1733365235807296,0.0002538598170860329,0.0017251426454021335,0.5416414627839375
ZERO,1,0,2022,VOL,4.432218481120742e-16,3.2612801348363973e-16,0.008802933412618591,0.6305096064970712,0.6301948758558262,0.6301948758601137,-0.06084304244849141,,0.0,0.06679322150005564,0.06891135025872981,-0.07331465215587375,-0.06010841684611155,0.0,0.0,0.0,0.0,0.0,0.087824349780847,0.08957923270206747,-0.0017548829212204742,-0.011552440079028559,0.36368440862652696,0.018055834633631175,0.022534092227052084,-0.004478257593420909,-0.11646098183005682,0.29606062567699654,0.043578595918563834,0.09152110347226683,-0.047942507553702995,-0.2798140502695263,0.16578751359206534
ZERO,1,0,2023_PLUS,VOL,4.883246584874712e-16,4.787836793695988e-16,-0.05207938339495799,0.8994133506421349,0.8995443917690945,0.8995443917661258,-0.028603370202036515,0.7689598724593412,0.0,-0.021690721530130557,-0.02340521501964074,-0.026336099644779617,-0.028674168375317728,0.0,0.0,0.0,0.0,0.0,0.03225066733179048,0.015425976058438373,0.016824691273352108,0.12190263566915371,0.21017952711785692,0.008679736671042222,0.004696318606333828,0.003983418064708394,0.09485917599958005,0.18590425868279947,0.036050905238983355,0.018661022348502976,0.01738988289048038,0.09714945860060964,0.1823862951082056
ZERO,1,0,2024_PLUS,VOL,4.883246584874712e-16,7.077671781985373e-16,-0.06042422235470882,0.8952495888152043,0.8953998792179152,0.8953998792151676,-0.03716004997427946,0.7215834562216042,0.0,-0.021966029496406546,-0.023207039874400752,-0.03440258825997548,-0.03721718248030877,0.0,0.0,0.0,0.0,0.0,0.03725833287206862,0.016746843492348396,0.02051148937972022,0.1432108692836237,0.2329044217634123,0.010563390317497992,0.0054440035115634056,0.0051193868059345865,0.11003001048528682,0.2032547328290808,0.03605090523898313,0.0194392470672331,0.016611658171750032,0.09320709330798482,0.1823862951082048
ZERO,1,0,EX_MAJOR_SHOCKS,VOL,5.100087019371813e-16,3.3306690738754696e-16,-0.0306453830618853,0.8875914123564144,0.8876932615602958,0.8876932615550733,-0.013592758463843335,0.7985981632029365,0.0,-0.017223653422628663,-0.016998463959291246,-0.014502225871659852,-0.01364691910259439,0.0,0.0,0.0,0.0,0.0,0.035278940265834946,0.01711393928215743,0.018165000983677515,0.13494861789480128,0.23252550394805427,0.010436312851020743,0.005094084101667833,0.0053422287493529105,0.1328136673429231,0.23029285822072565,0.07919784532980811,0.032006300990847114,0.047191544338961,0.15732831964932903,0.23857495033592613
ZERO,1,0,ALL,CORE_VOL,4.909267437014364e-16,2.5847379792054426e-16,-0.007281825066638714,0.9222567455653916,0.9222943371394078,0.9222943371395629,8.375859757854542e-05,0.9300537846500605,0.0,-0.009042215645713546,-0.007297713915625145,-0.0035307754728494396,1.5888848986172906e-05,0.0,0.0,0.0,0.0,0.0,0.03539593815368666,0.01454164026708954,0.020854297886597123,0.12234202156515739,0.19132873974206277,0.011095616612461397,0.004398649681729927,0.00669696693073147,0.12834225203495164,0.19610776211489644,0.11793210083547545,0.03108422962346702,0.08684787121200843,0.16601109961590998,0.21278579616027005
ZERO,1,0,DOTCOM,CORE_VOL,4.66423774603264e-16,1.2455314557513475e-15,-0.006077308383894392,0.8159851346354117,0.8158195370421909,0.8158195370418944,-0.026899719415697562,,0.0,0.01319157137812703,0.021461333419448985,-0.033460175864298135,-0.02753864180334213,0.0,0.0,0.0,0.0,0.0,0.05982462014913972,0.04774802297764727,0.012076597171492454,0.05758504048802715,0.23235963192091247,0.018190168577357183,0.014790572383905465,0.0033995961934517177,0.05183379590579218,0.22631047229544043,0.04355132302877607,0.05304691081661983,-0.009495587787843762,-0.03404471184274516,0.1311936541377533
ZERO,1,0,GFC,CORE_VOL,4.904930628324422e-16,7.632783294297951e-16,0.03013730597293242,0.8358340672493796,0.8355976737615586,0.8355976737596024,0.01751628330683129,,0.0,0.0021606230796573566,0.013543318283938179,0.0077416571094358275,0.016593987688995,0.0,0.0,0.0,0.0,0.0,0.08577017408093549,0.0490210867725224,0.036749087308413086,0.1512468923671435,0.29373824986094565,0.02593695040542121,0.013221429020456699,0.012715521384964512,0.18889425303746232,0.3220501845469562,0.11793210083547534,0.06771481082244235,0.05021729001303299,0.10321851005836669,0.21278579616027016
ZERO,1,0,2011,CORE_VOL,3.7643499428696714e-16,7.008282842946301e-16,-0.01832288375408153,0.8662833841735846,0.8662654453239151,0.8662654453178619,-0.019124526869759267,-0.17433950419544406,0.0,-0.0052058758885393614,0.0004193983290878721,-0.02179769954920933,-0.018742282083170105,0.0,0.0,0.0,0.0,0.0,0.046056051241692014,0.029301241761193975,0.01675480948049804,0.08919533660145407,0.21209789940756274,0.0147389814904062,0.010053113714557665,0.0046858677758485345,0.07194735404829422,0.19604341317370555,0.02814899114077618,0.02617701158932806,0.001971979551448122,0.011247742629344581,0.13969773805183605
ZERO,1,0,2015_2016,CORE_VOL,3.642377198465052e-16,1.6202317265623378e-15,-0.012489987733014234,0.9536079801109736,0.9536050579354789,0.9536050579317642,-0.009699504883095907,0.8099322222760441,0.0,-0.003427436007500558,-0.0026631886095024554,-0.010021524574200961,-0.009826799123513398,0.0,0.0,0.0,0.0,0.0,0.01213844698270175,0.00669025200369372,0.005448194979008031,0.03986591274837281,0.08467507611089509,0.0022294297382026845,0.0017717805078907994,0.0004576492303118851,0.012565975885862057,0.05837503477166761,0.010770022164688364,0.006064366176969371,0.004705655987718993,0.03696787197731466,0.08076217128856644
ZERO,1,0,2018Q4,CORE_VOL,2.220446049250313e-16,1.3877787807814457e-17,0.034705954616157275,0.8565772346701124,0.8553291004032829,0.8553291004043986,-0.016187929799890866,,0.0,0.08502241927743615,0.05134618488867878,-0.030800790428616363,-0.016640230272521518,0.0,0.0,0.0,0.0,0.0,0.0383278296878502,0.03422329037095426,0.004104539316895944,0.020246211892980925,0.1617518442382685,0.01102944559549457,0.008060780946282042,0.002968664649212527,0.06166455270554427,0.19624321736356876,0.024372928069056,0.025302063688247944,-0.0009291356191919453,-0.005668332848829616,0.12880805387159966
ZERO,1,0,COVID,CORE_VOL,3.9855271860567143e-16,3.677613769070831e-16,0.025156982355499985,0.7130007584564737,0.7125345696961872,0.7125345696996052,-0.05050763551202961,,0.0,0.048700182751608374,0.07315638320517708,-0.06645155794217382,-0.04799940084967746,0.0,0.0,0.0,0.0,0.0,0.13754157388061916,0.12356549760167812,0.013976076278941041,0.046185099404826735,0.32273453368153526,0.060402594041197744,0.04544748279450084,0.014955111246696906,0.13245567533041935,0.3814402385159802,0.08395184278839829,0.08318081548150424,0.0007710273068940454,0.003249048460093551,0.2619488363425517
ZERO,1,0,2022,CORE_VOL,4.345482307321902e-16,1.1102230246251565e-15,0.005040125255111022,0.8153543134321808,0.8151406986039785,0.8151406986096994,-0.029628830640528514,,0.0,0.033388797121362286,0.03519998259128901,-0.037062228533429664,-0.030159857336179097,0.0,0.0,0.0,0.0,0.0,0.04518700271217854,0.044823746068573256,0.0003632566436052864,0.0018471179905464874,0.1871213211369298,0.009166247679452365,0.01126097729091189,-0.0020947296114595254,-0.042125462590558715,0.15029850893928043,0.022035402985709496,0.04490148039310693,-0.022866077407397434,-0.10491112509626177,0.08383002239968318
ZERO,1,0,2023_PLUS,CORE_VOL,4.739793084927724e-16,5.134781488891349e-16,-0.025940320479033663,0.9497520484655979,0.949820791923038,0.9498207919190487,-0.014193624694439466,0.88492077745103,0.0,-0.010834867740763955,-0.011735155380396085,-0.013151712831834885,-0.014205165098637063,0.0,0.0,0.0,0.0,0.0,0.017385927555860964,0.007706083137793557,0.009679844418067407,0.06641979353657079,0.1133051293048486,0.0050404863277420595,0.002346040863550447,0.0026944454641916124,0.06076338339345899,0.10795809938404011,0.01793835191831339,0.009288759498824017,0.008649592419489371,0.045917222306713246,0.09075249359315707
ZERO,1,0,2024_PLUS,CORE_VOL,4.440892098500626e-16,6.106226635438361e-16,-0.030104914678686034,0.9476821511270828,0.9477611529505787,0.9477611529552046,-0.01847446955641807,0.8612856571594739,0.0,-0.01097015994404464,-0.01163440479531097,-0.017168005937791282,-0.018470509883374453,0.0,0.0,0.0,0.0,0.0,0.02011561845208859,0.008364341356739496,0.011751277095349094,0.0775107825954221,0.12574412548419012,0.006331124111697305,0.0027190208588216483,0.0036121032528756564,0.07333896807697893,0.12181987990154863,0.017938351918313056,0.009672822935446912,0.008265528982866144,0.043968027052667336,0.09075249359315563
ZERO,1,0,EX_MAJOR_SHOCKS,CORE_VOL,4.7683211545912485e-16,3.2959746043559335e-16,-0.015108120071393727,0.9438129085538094,0.9438665770498784,0.9438665770538837,-0.006589359643962789,0.9007092478894899,0.0,-0.008608767699524962,-0.008456544364643988,-0.007325119002511644,-0.006651575706750068,0.0,0.0,0.0,0.0,0.0,0.01912580486460952,0.008556575177811693,0.010569229686797826,0.07382594730054637,0.12605926881716167,0.0057364498093773475,0.002546262480963811,0.0031901873284135365,0.07458708821337279,0.1265833481134131,0.04355132302877607,0.015843708105181986,0.02770761492359408,0.08764948270858952,0.1311936541377533
ZERO,1,1,ALL,VOL,4.954532877715634e-16,2.8796409701215e-16,-0.016430136330323294,0.8445429972998681,0.8446143706064286,0.8446143705995441,-0.0015535142472176827,0.8421721542954506,-0.0002683903718812767,-0.01808144113952533,-0.015119121986191792,-0.006466116336760693,-0.0010173139854667528,0.0,0.0,-0.0002936772926551778,-4.6237021513346385e-08,-2.3066009283795056e-08,0.06379339248707132,0.029046682527797407,0.03474670995927391,0.22280074164995933,0.34482751585547977,0.019914719299926456,0.008795305896577059,0.011119413403349397,0.23270221024909055,0.35197963046675174,0.2567020866063189,0.06390746201306574,0.19279462459325314,0.39320024185656055,0.46316954830416357
ZERO,1,1,DOTCOM,VOL,4.692427002517263e-16,8.413408858487514e-16,-0.01468399494678145,0.6317954741462017,0.6315538311834685,0.631553831181041,-0.05528148541810305,,-0.0002760255127777667,0.02638924811506258,0.04018803144201364,-0.06545608744734042,-0.05462512563239675,0.0,0.0,-0.0002466071162538489,-3.496608734989561e-07,-2.936401436494401e-07,0.11552478475244457,0.09536224034877216,0.020162544403672406,0.12437830289607354,0.4486942280265376,0.03637347993620067,0.02959459356925819,0.006778886366942481,0.13348873980660603,0.4525356314529698,0.08662632605141996,0.10942590298039567,-0.022799576928975718,-0.1024533338784368,0.2609524457317878
ZERO,1,1,GFC,VOL,4.954532877715634e-16,3.0531133177191805e-16,0.055330900039166825,0.6720336201760801,0.6716783633956183,0.6716783633883823,0.03153197251879151,,-0.00032474238583282607,0.0043148982245509795,0.023339090982322425,0.019046335041824847,0.032308475113813594,0.0,0.0,-0.00031712378587082777,4.3485927751250977e-07,4.5772890132830043e-07,0.15827680128981111,0.09745675686215521,0.0608200444276559,0.3126375816121847,0.5420526552806865,0.042633998861284446,0.026412192924851842,0.016221805936432604,0.2997111999530443,0.5293716873662042,0.2567020866063209,0.1434482557816349,0.11325383082468599,0.2757037135724939,0.4631695483041667
ZERO,1,1,2011,VOL,3.7513395167998453e-16,7.771561172376096e-16,-0.039252241337062954,0.732518882585282,0.7324983581350418,0.732498358140055,-0.03992657037788629,-1.515731598202047,-0.0004434013029912644,-0.010413018167985157,-0.0005547031112865828,-0.043266890917441465,-0.0382528949533033,0.0,0.0,-0.0004436876218594863,-9.828168674503668e-07,-9.556506128093328e-07,0.08632439920515089,0.05852324241023385,0.027801156794917042,0.1752667069406313,0.3975421957681434,0.02582533727789864,0.02010931954808863,0.005716017729810008,0.10379000151375861,0.3435031972607383,0.05530587504824935,0.05262837064454151,0.002677504403707842,0.017985412572738335,0.2744718489760014
ZERO,1,1,2015_2016,VOL,4.520309907635189e-16,1.4051260155412137e-15,-0.02542656953478986,0.9071992560129729,0.9071942751899832,0.9071942751966559,-0.019812055998669045,0.6130683496312096,-0.00031044037886193194,-0.006856042248607192,-0.005385897315420126,-0.019936848020512488,-0.019713376893975364,0.0,0.0,-0.0003276905377373334,3.345693195715556e-07,3.9521234155702006e-07,0.02249129827643795,0.013378621549335001,0.009112676727102947,0.07011119895916484,0.15689423829129223,0.0037316122195305557,0.0035441467414342384,0.00018746547809631725,0.005410673478687955,0.09770794268003613,0.019580910366123416,0.012141048166596669,0.007439862199526748,0.061378043939977034,0.14683320171427827
ZERO,1,1,2018Q4,VOL,2.949029909160572e-16,1.1518563880486e-15,0.07059884841522535,0.7132335954156588,0.7111668123949216,0.7111668123889525,-0.035431168755616305,,-0.0005549437238151067,0.16974592987430767,0.10492226231868278,-0.060580673328161305,-0.03400572722278352,0.0,0.0,-0.00031896326426002333,2.178257157742228e-06,1.2765835872551166e-06,0.07420930203365297,0.06834276470263997,0.005866537331013,0.034793170376235194,0.3131795241561287,0.02205436501117275,0.01611663291495291,0.005937732096219839,0.14812370259029894,0.3924059019313726,0.049017888918357566,0.051184977752782634,-0.0021670888344250683,-0.01569967442894349,0.25905376894309506
ZERO,1,1,COVID,VOL,4.787836793695988e-16,2.157996004115148e-15,0.03398315134265012,0.4257724452545517,0.42532136140422183,0.4253213614037562,-0.11090230898650957,,-0.0004963656438414574,0.09735763598941753,0.13328029591131435,-0.1315195484731936,-0.09890157974655518,0.0,0.0,-0.0003982196985832249,3.23283028316728e-06,2.6548764763326087e-06,0.26025392479873466,0.2461296992394467,0.014124225559287995,0.07844792825451508,0.6106730255363492,0.08845865266476038,0.09092927734692025,-0.002470624682159861,-0.03664270254956614,0.5586132534015811,0.17352378323999917,0.17332904453494047,0.00019473870505870572,0.0013233089615131144,0.5414336551496939
ZERO,1,1,2022,VOL,4.727121472036799e-16,1.0443035325380379e-15,0.008378702653498576,0.6305096064970712,0.6301948758558262,0.6301948758601138,-0.061243487608247854,,-0.0005162214002902923,0.06679322150005564,0.0688935043373699,-0.07331465215587374,-0.06009275673180571,0.0,0.0,-0.0004220438270558065,-4.109969723738883e-08,-1.1250108548841569e-09,0.08782731086563722,0.08957964679590677,-0.0017523359302695496,-0.011535704617334996,0.363696670605961,0.018046204530511686,0.022533614753723882,-0.004487410223212196,-0.11669755487823807,0.2959027213533948,0.04331788049089891,0.09150234994851159,-0.04818446945761268,-0.2811954708636455,0.16479566514911825
ZERO,1,1,2023_PLUS,VOL,4.550396517921662e-16,1.3877787807814457e-17,-0.052441813060880915,0.8994133506421349,0.8995443917690946,0.8995443917661258,-0.02895721593910655,0.7673520232341621,-0.00031017786066751124,-0.021690721530130533,-0.023401653158330548,-0.026336099644779627,-0.028669993216513527,0.0,0.0,-0.0003701239489290023,-7.42714871368597e-08,-4.273710784929227e-08,0.03224980966256949,0.01542611767642435,0.01682369198614514,0.12189552044866203,0.21017393763626757,0.008672384736993131,0.004696104521188509,0.003976280215804623,0.09468871601089701,0.18574679355441126,0.03599898619725983,0.018660008004097173,0.017338978193162657,0.09686452803851253,0.18212362981304153
ZERO,1,1,2024_PLUS,VOL,3.896622607912903e-16,5.551115123125783e-16,-0.06083473434207726,0.8952495888152043,0.8953998792179152,0.8953998792151676,-0.037561512102843114,0.7196919411263532,-0.0003563479604302004,-0.021966029496406546,-0.023202984877355746,-0.03440258825997547,-0.037210936887575284,0.0,0.0,-0.00042092403177234873,4.555759490121355e-08,1.1145462668382359e-07,0.03725648170026434,0.016747045689893936,0.020509436010370405,0.1431967348503499,0.23289284996012893,0.010555102987096374,0.005443734168719169,0.005111368818377204,0.10985704544287811,0.20309527274325423,0.03599898619725994,0.019438194756025706,0.016560791441234235,0.09292113425321868,0.1821236298130421
ZERO,1,1,EX_MAJOR_SHOCKS,VOL,4.68592178948235e-16,4.0939474033052647e-16,-0.03091899289134213,0.8875914123564144,0.8876932615602958,0.8876932615550733,-0.013858814373158071,0.7967925009925252,-0.00024441767777933697,-0.017223653422628663,-0.016996327216925428,-0.01450222587165985,-0.013645238140685285,0.0,0.0,-0.0002772529809858352,-1.7522166463183073e-07,-1.745527451728726e-07,0.03527946462912428,0.0171140230555398,0.018165441573584476,0.13495161141799028,0.23252840418231502,0.01043144514647247,0.005093932969190307,0.005337512177282164,0.13269590960609268,0.2301854450366444,0.07891359552867794,0.032002445389869294,0.046911150138808644,0.15639152439669912,0.23771867852821205
ZERO,1,1,ALL,CORE_VOL,5.32993787993874e-16,1.5699247457590104e-16,-0.007428411915329003,0.9222567455653916,0.9222943371394078,0.9222943371395629,-5.667879707420276e-05,0.928642694982476,-0.00013389164974022494,-0.009042215645713546,-0.007297193273225464,-0.0035307754728494366,1.5900811667285185e-05,0.0,0.0,-0.00014711099288434472,-2.612780672726933e-08,-8.460886636704779e-09,0.035395793823114724,0.014541689267826008,0.020854104555288716,0.12234074889381441,0.19132770934279753,0.011092354121711154,0.004398473551158286,0.006693880570552868,0.12828267129503124,0.19605009972601828,0.11777526399726468,0.03107686685100053,0.08669839714626415,0.16572304514467284,0.21250281424737716
ZERO,1,1,DOTCOM,CORE_VOL,3.708106955171986e-16,4.137315490204685e-16,-0.006200237200043132,0.8159851346354117,0.8158195370421909,0.8158195370418946,-0.027019017375420548,,-0.00013799703401271802,0.01319157137812703,0.02145829663934684,-0.033460175864298135,-0.027534475516891036,0.0,0.0,-0.00012385957837009927,-2.3734613917785163e-07,-1.9874412842382533e-07,0.05982520688713025,0.047748660092682416,0.012076546794447834,0.05758409371230144,0.23235901350753907,0.018186926281026153,0.014790185698293448,0.0033967405827327046,0.05178995093699568,0.22627013371304217,0.043456067967959644,0.053040949555381856,-0.009584881587422212,-0.03436412413871426,0.1309067085610286
ZERO,1,1,GFC,CORE_VOL,4.917941054394248e-16,4.2674197509029455e-16,0.02997740517943291,0.8358340672493796,0.8355976737615586,0.8355976737596024,0.017372642044798076,,-0.00016368938898000848,0.0021606230796573566,0.013542246001897792,0.007741657109435838,0.016592651733772352,0.0,0.0,-0.0001578687221381895,3.589426719166966e-07,3.7616590052911963e-07,0.08576856920384532,0.04902120608858421,0.03674736311526111,0.15123987043619191,0.29373275361714346,0.025932457766208207,0.013220673715073308,0.012711784051134899,0.18883661460352152,0.32199440099241206,0.11777526399726623,0.06769967088848272,0.05007559310878351,0.1029240579889037,0.2125028142473797
ZERO,1,1,2011,CORE_VOL,3.8467493079785697e-16,5.48172618408671e-16,-0.01854326648280942,0.8662833841735846,0.8662654453239151,0.8662654453178619,-0.019331780497049512,-0.18846414461017288,-0.00021930603750413793,-0.0052058758885393614,0.00041929782283178004,-0.021797699549209355,-0.018740247438069905,0.0,0.0,-0.0002216727372994719,-6.559080748472686e-07,-6.441302712768233e-07,0.046059945512388595,0.02930140011216517,0.016758545400223424,0.08921530022501623,0.2121158333513593,0.014735119702109209,0.010052816615754703,0.004682303086354506,0.07189229344453785,0.19599204746982735,0.028071427609198896,0.026171720587345626,0.0018997070218532697,0.010835188841270216,0.1393128059644847
ZERO,1,1,2015_2016,CORE_VOL,5.32993787993874e-16,1.734723475976807e-18,-0.012653409955478916,0.9536079801109736,0.953605057935479,0.9536050579317642,-0.00985994606498889,0.8074453264264616,-0.00015495140836600287,-0.0034274360075005504,-0.0026629791123838,-0.010021524574200975,-0.009826056149684657,0.0,0.0,-0.00016454508371636182,1.3712986652666214e-07,1.7039030590517345e-07,0.012137273648605396,0.0066902307914890324,0.005447042857116363,0.039857476175119144,0.08466689119613169,0.0022253400839918475,0.0017717531442032336,0.00045358693978861386,0.012454425545890713,0.05826795191425749,0.010647341346064043,0.006062592355452923,0.0045847489906111205,0.03601751856658353,0.0798422131737132
ZERO,1,1,2018Q4,CORE_VOL,2.6281060661048627e-16,2.7269853042355408e-15,0.034548643775499266,0.8565772346701124,0.8553291004032829,0.8553291004043987,-0.016336967546961234,,-0.00027523258694358383,0.08502241927743615,0.05133921673650691,-0.030800790428616363,-0.016637900499533648,0.0,0.0,-0.0001535379024989968,1.5203945661072624e-06,8.65441027722704e-07,0.03832319274391141,0.03422255229570481,0.0041006404482065995,0.02022690654083692,0.16173227531824796,0.011027096659217195,0.008060492935176411,0.002966603724040784,0.06162137489857611,0.19620142353010117,0.024316376488113134,0.025299167568311187,-0.0009827910801980533,-0.005995560200481753,0.1285091854277277
ZERO,1,1,COVID,CORE_VOL,3.712308238590367e-16,1.7867651802561113e-15,0.024964881932996702,0.7130007584564737,0.7125345696961872,0.7125345696996049,-0.050659777625038205,,-0.0002396397469864288,0.048700182751608374,0.07314789820115292,-0.0664515579421738,-0.047993572057607924,0.0,0.0,-0.0001915277411497698,2.518343479777789e-06,2.0835306032656335e-06,0.1375337023773397,0.12356494248947153,0.013968759887868165,0.046160837107618424,0.3227160635865044,0.06039883213851838,0.04544588065875832,0.014952951479760057,0.13243466728809394,0.3814164822340177,0.08392420357737773,0.08317502102011809,0.0007491825572596422,0.0031569193185929656,0.26186259572026405
ZERO,1,1,2022,CORE_VOL,4.172009959724221e-16,8.838416110101832e-16,0.004831063082320147,0.8153543134321808,0.8151406986039786,0.8151406986096993,-0.029823111505882238,,-0.0002555373454953688,0.03338879712136225,0.03519547370684501,-0.03706222853342964,-0.030155970224636088,0.0,0.0,-0.0002084942389386744,3.8505268418846343e-08,5.3839049015307284e-08,0.04518788611212324,0.04482401527800656,0.00036387083411668075,0.0018502436110087173,0.18712497933408434,0.00916231830733643,0.011260671389626734,-0.0020983530822903038,-0.04219807177596713,0.15023407921942722,0.021910568840487032,0.04489001765589884,-0.022979448815411807,-0.10542573632899388,0.0833551116754715
ZERO,1,1,2023_PLUS,CORE_VOL,4.440892098500626e-16,7.216449660063518e-16,-0.02612558733957676,0.9497520484655979,0.949820791923038,0.9498207919190487,-0.014374320130166818,0.8840988768005493,-0.00015509015114515033,-0.010834867740763955,-0.011734259041502068,-0.013151712831834866,-0.014204127677368809,0.0,0.0,-0.00018705577602980882,-1.479042350615819e-07,-1.4484467679715686e-07,0.01738632876987603,0.007706158719409356,0.009680170050466674,0.06642206236261716,0.11330774404057142,0.00503670461463477,0.0023459284893870905,0.002690776125247679,0.0606804810699324,0.10787710193003819,0.017913002160553138,0.009288229751342691,0.008624772409210446,0.04578533405335172,0.09062424581770911
ZERO,1,1,2024_PLUS,CORE_VOL,4.440892098500626e-16,1.8388068845354155e-16,-0.03031557309298702,0.9476821511270828,0.9477611529505786,0.9477611529552046,-0.0186802973312076,0.8603150068913873,-0.00017817742153899196,-0.010970159944044662,-0.011633383835699795,-0.017168005937791244,-0.01846895413213951,0.0,0.0,-0.00021312497140220157,-1.2797494764164577e-07,-1.1015374569662881e-07,0.020115842154991986,0.008364449497388876,0.01175139265760311,0.07751160012598035,0.12574552386654758,0.006326648559676858,0.0027188792560795816,0.003607769303597276,0.07325076238224593,0.12173376388170676,0.01791300216055347,0.00967227234084489,0.008240729819708581,0.04383598087815632,0.09062424581771078
ZERO,1,1,EX_MAJOR_SHOCKS,CORE_VOL,5.32993787993874e-16,7.28583859910259e-17,-0.015246507318249475,0.9438129085538094,0.9438665770498784,0.9438665770538837,-0.006723679170087704,0.8997960693083186,-0.00012192451366261085,-0.008608767699524962,-0.00845599050569187,-0.007325119002511643,-0.006651141388965038,0.0,0.0,-0.00013924199241549672,-1.3085678008928835e-07,-1.3343117714210918e-07,0.019126333870194717,0.008556618734395033,0.010569715135799684,0.0738291735762241,0.12606245416272732,0.005733699328372477,0.002546182406666979,0.003187516921705498,0.07452451415785422,0.12652265463467827,0.043456067967959644,0.01584170198368784,0.027614365984271805,0.08735394730277124,0.1309067085610286
ZERO,1,3,ALL,VOL,4.638216893892988e-16,1.5612511283791264e-16,-0.017012776744584138,0.8445429972998681,0.8446143706064285,0.8446143705995441,-0.0021139186598461562,0.8365614028711822,-0.0008051594490308395,-0.018081441139525346,-0.01511494166926191,-0.0064661163367606845,-0.0010169760190741777,0.0,0.0,-0.0008807899256567228,-1.3865828703681706e-07,-6.91305914839198e-08,0.0637924931537989,0.029046866593569226,0.03474562656022967,0.22279335747708573,0.3448217410294331,0.019902717299871385,0.008794657869066767,0.011108059430804618,0.23246144673047464,0.3517675029704701,0.2559368807901251,0.06387870135530094,0.19205817943482417,0.3916753043610328,0.4617888815673573
ZERO,1,3,DOTCOM,VOL,3.707971429900425e-16,1.3877787807814457e-15,-0.01517044923196173,0.6317954741462017,0.6315538311834685,0.631553831181041,-0.0557677074431692,,-0.0008280971012386676,0.02638924811506258,0.04017116076739827,-0.06545608744734042,-0.05460121998478111,0.0,0.0,-0.0007395094465995664,-1.0487285015075262e-06,-8.80567980709833e-07,0.1155265785869165,0.09536477860563644,0.020161799981280065,0.12437066431183974,0.448689852030166,0.03635976709947554,0.029593392366219613,0.006766374733255927,0.13323921110224324,0.4523650250870871,0.08621851174025352,0.10941283992133788,-0.023194328181084356,-0.10422109023851522,0.25972394919090724
ZERO,1,3,GFC,VOL,4.0245584642661925e-16,1.033895191682177e-15,0.05468022249488926,0.6720336201760801,0.6716783633956183,0.6716783633883823,0.030934078326158677,,-0.0009742150116852928,0.0043148982245509795,0.023331781936303624,0.01904633504182485,0.032298127338717335,0.0,0.0,-0.0009510596180090592,1.3046470345145415e-06,1.3728378783986372e-06,0.15827034974015106,0.09745712435461534,0.06081322538553571,0.3126031197292011,0.5420305605732156,0.04261461086759787,0.02640973299915899,0.016204877868438883,0.29938483319498843,0.5291309533227968,0.25593688079012467,0.14339267046708593,0.11254421032303874,0.27393915386729006,0.46178888156735687
ZERO,1,3,2011,VOL,3.442036965780465e-16,3.122502256758253e-16,-0.040124425657793915,0.732518882585282,0.7324983581350418,0.7324983581400549,-0.04075438723266863,-1.5716311234363933,-0.001330203209266106,-0.010413018167985157,-0.0005548969997210834,-0.04326689091744149,-0.038236170452960426,0.0,0.0,-0.0013304925893978562,-2.948324206954575e-06,-2.8656157148556123e-06,0.0863400751822791,0.058523769820597815,0.02781630536168128,0.17536279105416064,0.3976143869727826,0.02580954654515398,0.020108303540793057,0.005701243004360923,0.10351981601764515,0.34329316448840685,0.05497694216860327,0.052609949296061886,0.0023669928725413847,0.015897668054538294,0.2728394217594208
ZERO,1,3,2015_2016,VOL,4.215378046623641e-16,5.273559366969494e-16,-0.0260731957481366,0.9071992560129729,0.9071942751899832,0.9071942751966557,-0.02044736614335435,0.6032282432983571,-0.0009312934486405738,-0.006856042248607192,-0.00538420396903638,-0.019936848020512467,-0.019707416231485708,0.0,0.0,-0.0009827607655337502,1.0036368740609448e-06,1.1852179187091543e-06,0.02248514590917984,0.013378540094295122,0.009106605814884719,0.07006444660758493,0.15685132076101982,0.0037067102907333283,0.0035440422469366697,0.0001626680437966585,0.004694949837598106,0.097055914524804,0.019028255890654378,0.012134253989076083,0.006894001901578295,0.05687156886617617,0.14268895997282982
ZERO,1,3,2018Q4,VOL,2.220446049250313e-16,6.522560269672795e-16,0.06992537292618811,0.7132335954156588,0.7111668123949216,0.7111668123889525,-0.036074634828780094,,-0.0016648890394068204,0.16974592987430767,0.10486428629828921,-0.06058067332816132,-0.033986335935229824,0.0,0.0,-0.0009564058499786507,6.536105081589383e-06,3.828413106720163e-06,0.07419549873112499,0.06834031082693945,0.005855187904185544,0.034725353995956554,0.31312127119323807,0.022045314301068923,0.01611566940189168,0.005929644899177244,0.14791840259792144,0.39224486568935757,0.04878311722897921,0.051175065601311465,-0.002391948372332253,-0.017327445762852278,0.2578130282193166
ZERO,1,3,COVID,VOL,3.660266534311063e-16,1.0061396160665481e-15,0.033178761888876834,0.4257724452545517,0.42532136140422183,0.4253213614037562,-0.11160440086197143,,-0.0014891215312337464,0.09735763598941753,0.133216572001738,-0.13151954847319364,-0.09885166913880833,0.0,0.0,-0.0011941027211896324,9.699537945835623e-06,7.961747137800106e-06,0.2602199145686741,0.2461283372721729,0.014091577296501234,0.07826600317971966,0.6105932222054047,0.08845865266476016,0.09092535252947365,-0.002466699864713484,-0.03658236273129534,0.55861325340158,0.17339057447085682,0.1733140884344999,7.648603635690421e-05,0.000519693153872236,0.5410180135043352
ZERO,1,3,2022,VOL,4.475586568020162e-16,1.1258355359089478e-15,0.007530888708918909,0.6305096064970712,0.6301948758558262,0.6301948758601137,-0.06204373386314904,,-0.0015486523774774518,0.06679322150005564,0.06885783056419503,-0.07331465215587375,-0.06006145231540648,0.0,0.0,-0.0012654863419765303,-1.2312276212598156e-07,-3.1978942392645825e-09,0.08783308366257236,0.08958047457250867,-0.0017473909099363083,-0.01150321401500598,0.36372057600628216,0.0180269455875839,0.02253265990988479,-0.004505714322300888,-0.11717065348469413,0.295586933420642,0.04279669591858115,0.09146484594932502,-0.04866815003074387,-0.28395599102678815,0.16281290520594405
ZERO,1,3,2023_PLUS,VOL,3.48245737802344e-16,2.7755575615628914e-16,-0.05316633224226955,0.8994133506421349,0.8995443917690946,0.8995443917661258,-0.02966456630748404,0.7641378337956232,-0.0009305144110307282,-0.021690721530130533,-0.023394531668658052,-0.02633609964477963,-0.02866164550095353,0.0,0.0,-0.0011100268893023295,-2.2282577998086495e-07,-1.28183355916801e-07,0.0322479762424525,0.01542640078533758,0.01682157545711492,0.1218804352135292,0.21016198912775363,0.008657679789823652,0.004695676304950595,0.003962003484873057,0.0943477765424372,0.18543184018587977,0.035895149195393605,0.01865797972891492,0.017237169466478686,0.09629468055581791,0.1815983046945745
ZERO,1,3,2024_PLUS,VOL,3.48245737802344e-16,5.134781488891349e-16,-0.0616553221296732,0.8952495888152043,0.8953998792179152,0.8953998792151676,-0.03836399927776485,0.7159109207542896,-0.0010690256462779196,-0.021966029496406546,-0.023194877743098568,-0.03440258825997548,-0.03719845006154957,0.0,0.0,-0.0012623284849447227,1.365891319148248e-07,3.341599191455641e-07,0.03725263760913715,0.016747449906122508,0.02050518770301464,0.14316747725115586,0.23286882027999645,0.010538525985609212,0.005443195415821271,0.005095330569787941,0.10951107234496038,0.20277630753349585,0.035895149195393494,0.01943609056082929,0.016459058634564205,0.09234923016699814,0.18159830469457394
ZERO,1,3,EX_MAJOR_SHOCKS,VOL,4.638352419164549e-16,2.5673907444456745e-16,-0.031466002845292704,0.8875914123564144,0.8876932615602958,0.8876932615550733,-0.014390715667205164,0.7931821576673149,-0.0007332407850509194,-0.017223653422628663,-0.016992054829381407,-0.014502225871659852,-0.013641877090192059,0.0,0.0,-0.0008315474025965246,-5.256382371327084e-07,-5.23523122968404e-07,0.03528042108978745,0.017114191543860346,0.0181662295459271,0.134956897698414,0.23253358236724364,0.010421709661149824,0.0050936307041766285,0.005328078956973195,0.1324603948933435,0.22997061698643895,0.07834540824901082,0.03199473546162146,0.04635067278738936,0.1545190437359415,0.23600707575084312
ZERO,1,3,ALL,CORE_VOL,4.752329172547087e-16,5.724587470723463e-17,-0.00772152368729348,0.9222567455653916,0.9222943371394078,0.9222943371395629,-0.00033749132345192723,0.9258207511863149,-0.0004016726863986858,-0.009042215645713546,-0.00729615213814386,-0.0035307754728494357,1.592473555132141e-05,0.0,0.0,-0.0004412709477394795,-7.833684271807089e-08,-2.533696151918482e-08,0.0353954873007212,0.014541787710019904,0.020853699590701297,0.1223380920381596,0.1913255455652786,0.011085828931833325,0.0043981213119995005,0.006687707619833824,0.12816350666116694,0.19593477126532877,0.11746171450371257,0.031062143154766853,0.08639957134894571,0.16514719494317476,0.21193707448569687
ZERO,1,3,DOTCOM,CORE_VOL,3.7643499428696714e-16,1.046905617752003e-15,-0.006445990508013963,0.8159851346354117,0.8158195370421909,0.8158195370418946,-0.027257504171131375,,-0.0004140074988298011,0.01319157137812703,0.02145222489785082,-0.033460175864298114,-0.027526145537398128,0.0,0.0,-0.0003714737711001588,-7.118493870362361e-07,-5.960973675427879e-07,0.05982640739693301,0.047749949907944206,0.012076457488988807,0.057582234868179816,0.23235780208128098,0.01818044283443769,0.014789412516341013,0.003391030318096677,0.051702277287732024,0.22618947080696195,0.0432655867659234,0.053029028891453556,-0.009763442125530153,-0.03500281098939184,0.1303329045247381
ZERO,1,3,GFC,CORE_VOL,4.752329172547087e-16,4.961309141293668e-16,0.02965768261929533,0.8358340672493796,0.8355976737615586,0.8355976737596024,0.017085437247200807,,-0.0004910646073711019,0.0021606230796573566,0.013540101805756266,0.007741657109435848,0.016589980281137243,0.0,0.0,-0.00047352793591871504,1.0769748945883129e-06,1.1284683210352343e-06,0.08576534525471291,0.04902144459523544,0.03674390065947747,0.15122576857017078,0.29372171251589885,0.02592347088329519,0.013219163169670159,0.012704307713625032,0.18872131699362227,0.32188281396096086,0.11746171450371212,0.0676693951176468,0.04979231938606532,0.10233545649102127,0.2119370744856962
ZERO,1,3,2011,CORE_VOL,3.651592916931179e-16,5.204170427930421e-16,-0.018983897836138772,0.8662833841735846,0.8662654453239151,0.8662654453178619,-0.019746154177963226,-0.21670483051682943,-0.0006579248386332075,-0.0052058758885393614,0.00041909685901008625,-0.02179769954920932,-0.018736178946068195,0.0,0.0,-0.000664883763682507,-1.9677228406575475e-06,-1.9319853976339624e-06,0.04606770685944486,0.029301716661675054,0.01676599019776981,0.0892550835409559,0.21215157600325485,0.014727394419307108,0.010052222468024063,0.004675171951283044,0.07178214683625261,0.19588929336777228,0.02791631005677997,0.02616113939878062,0.0017551706579993498,0.010010205598809385,0.13854298898963402
ZERO,1,3,2015_2016,CORE_VOL,3.847833510151055e-16,1.0755285551056204e-16,-0.012980174985671028,0.9536079801109736,0.953605057935479,0.9536050579317642,-0.010180748887524196,0.8024727432298939,-0.000464845671672275,-0.0034274360075005504,-0.0026625601888933506,-0.01002152457420097,-0.0098245704477566,0.0,0.0,-0.0004935554015571921,4.113440554128401e-07,5.110525362211286e-07,0.01213488853848943,0.006690188361860194,0.005444700176629236,0.03984032178334529,0.08465025320439445,0.0022171606515337186,0.0017716984011671988,0.0004454622503665198,0.012231322387830312,0.058053782951686506,0.010402022866427552,0.006059044944096814,0.004342977922330737,0.03411722847848875,0.07800262057402352
ZERO,1,3,2018Q4,CORE_VOL,2.223156554681527e-16,1.0685896612017132e-15,0.034234121585760446,0.8565772346701124,0.855329100403283,0.8553291004043987,-0.01663494632503454,,-0.0008257408169635795,0.08502241927743609,0.05132528298209922,-0.03080079042861634,-0.01663324180714777,0.0,0.0,-0.0004605158090437722,4.562247084746982e-06,2.596219851698614e-06,0.03831388180675349,0.03422107654369855,0.004092805263054944,0.020188111583592683,0.16169298112212083,0.011022399919173524,0.0080599170609491,0.0029624828582244245,0.06153504147367983,0.19611785601355525,0.024203274473958314,0.025293376209370333,-0.001090101735412019,-0.006649978624657216,0.12791145460560505
ZERO,1,3,COVID,CORE_VOL,3.3957212042246e-16,4.614364446098307e-16,0.02458079489172535,0.7130007584564737,0.7125345696961872,0.7125345696996049,-0.05096395549831664,,-0.0007189433942118108,0.048700182751608374,0.07313093124418846,-0.0664515579421739,-0.04798191653603951,0.0,0.0,-0.0005744699975782565,7.556257785519618e-06,6.250181154198311e-06,0.1375179314837887,0.12356383222424494,0.013954099259543773,0.04611222075453092,0.3226790579609883,0.06039130693672312,0.04544267707252081,0.014948629864202312,0.1323926353590129,0.3813689608516465,0.08386891488907344,0.08316343459934905,0.0007054802897243917,0.0029726207627390755,0.2616900824426137
ZERO,1,3,2022,CORE_VOL,4.421376459395887e-16,5.273559366969494e-16,0.004413093031444104,0.8153543134321808,0.8151406986039786,0.8151406986096994,-0.030211521054377632,,-0.0007666136233179539,0.03338879712136225,0.035186458131333566,-0.037062228533429685,-0.030148197869801167,0.0,0.0,-0.0006253288893431994,1.1572862558132244e-07,1.6165925437677905e-07,0.04518962315111927,0.04482455354207179,0.00036506960904747476,0.0018563443319745687,0.18713217248725422,0.009154460656603795,0.011260059672484272,-0.002105599015880477,-0.042343267267381135,0.15010523770977346,0.021660953713170006,0.044867094140062735,-0.02320614042689273,-0.1064545624975799,0.08240549247731765
ZERO,1,3,2023_PLUS,CORE_VOL,4.479245750352301e-16,9.159339953157541e-16,-0.0264960332438538,0.9497520484655979,0.949820791923038,0.9498207919190487,-0.014735622601715681,0.8824554650819042,-0.0004652649476330135,-0.010834867740763955,-0.011732466650653898,-0.01315171283183488,-0.014202053171657913,0.0,0.0,-0.0005610789093351267,-4.437511480632248e-07,-4.3451220777510604e-07,0.017387105225188465,0.0077063098230881755,0.00968079540210029,0.06642642218704276,0.11331280424626322,0.0050291405829999,0.002345703715670347,0.0026834368673295528,0.06051466456839527,0.10771509405502677,0.017862300514057572,0.00928717048388017,0.008575130030177402,0.04552154730688207,0.09036773948592891
ZERO,1,3,2024_PLUS,CORE_VOL,4.479381275623862e-16,1.1969591984239969e-15,-0.030736778793086006,0.9476821511270828,0.947761152950579,0.9477611529552046,-0.019091841195428783,0.8583742184017494,-0.0005345284029981391,-0.010970159944044594,-0.011631342275812091,-0.017168005937791327,-0.01846584317850234,0.0,0.0,-0.000639262830788901,-3.8401659479853803e-07,-3.305079838714278e-07,0.020116259017111948,0.008364665691577594,0.011751593325534354,0.07751303425570988,0.12574812970055904,0.006317696383010649,0.0027185960132792703,0.0035991003697313784,0.07307433143858189,0.12156151120317849,0.01786230051405846,0.009671171387605981,0.008191129126452479,0.043571878313570234,0.09036773948593346
ZERO,1,3,EX_MAJOR_SHOCKS,CORE_VOL,4.479381275623862e-16,5.377642775528102e-17,-0.015523226681908503,0.9438129085538094,0.9438665770498784,0.9438665770538837,-0.006992262600627852,0.8979698735750363,-0.00036577080841060627,-0.008608767699524962,-0.008454882943420883,-0.007325119002511641,-0.006650272880774725,0.0,0.0,-0.0004176706015890204,-3.9256743215010946e-07,-4.002561239264155e-07,0.019127374660757396,0.008556706325488744,0.010570668335268651,0.07383549795743383,0.1260687036537056,0.00572819830610917,0.0025460222581115757,0.003182176047997594,0.07439936534014302,0.1264012663476235,0.0432655867659234,0.015837690430636764,0.02742789633528664,0.08676297723247961,0.1303329045247381
ZERO,2,0,ALL,VOL,6.654290833629783e-16,5.793976409762536e-16,-0.018305551534095008,0.8465953209160944,0.8466725287021031,0.8466725286978755,-0.0036259887216435333,0.8251580460004672,0.0,-0.017948967276418343,-0.014994937926259198,-0.00870570116291743,-0.003310613607835229,0.0,0.0,0.0,0.0,0.0,0.06435981289385932,0.028708912522344865,0.03565090037151446,0.22701479350664922,0.3464841498310953,0.018974212759507336,0.008880005853214912,0.010094206906292424,0.20597840605107387,0.32778503385649993,0.2327681555769704,0.06264272248822489,0.1701254330887455,0.34607427599780305,0.4199853725517977
ZERO,2,0,DOTCOM,VOL,3.5648567431323386e-16,7.979727989493313e-16,-0.014666588327519922,0.6230473907417036,0.6228387991521968,0.6228387991492564,-0.0520462807013436,,0.0,0.01886269488997171,0.03538540223701208,-0.06045073617608712,-0.0500519905645328,0.0,0.0,0.0,0.0,0.0,0.1261269543204182,0.10085641163327946,0.025270542687138742,0.15267133422795365,0.47348698913807585,0.04123524347146777,0.029331324420820586,0.011903919050647187,0.2455409680349826,0.5299362687126841,0.10260004459715488,0.11215012589311102,-0.009550081295956137,-0.043446589482329045,0.3090715466095788
ZERO,2,0,GFC,VOL,4.544975507059235e-16,1.2420620087993939e-15,0.04818237123731353,0.6705919544547214,0.6702484145332235,0.6702484145357012,0.024702053976688412,,0.0,0.00433369102746022,0.02342556717134669,0.011538005062084458,0.024756804065968082,0.0,0.0,0.0,0.0,0.0,0.1583590645231969,0.09707486391141645,0.06128420061178044,0.31440631447903145,0.5423343832643539,0.045830241356346266,0.02748311199619064,0.018347129360155624,0.32792768193605926,0.5493137106945862,0.2327681555769715,0.14337635738537868,0.08939179819159282,0.21757619682319218,0.41998537255179935
ZERO,2,0,2011,VOL,3.7361606863850483e-16,1.1587952819525071e-15,-0.04083641919902116,0.7421449177563773,0.7418983202036449,0.7418983201973416,-0.041350341539587596,-1.6172637953136926,0.0,-0.010047106485663045,-0.0005379535630796414,-0.04561468873142927,-0.04029846563594268,0.0,0.0,0.0,0.0,0.0,0.08574173929299769,0.05650022318313233,0.029241516109865362,0.18202565505885082,0.3948589231013625,0.018656498504637548,0.01773335867975645,0.0009231398248810974,0.018086872067099025,0.2712781624263302,0.04573407795368811,0.0502634334169465,-0.004529355463258389,-0.029948957871627435,0.22696895991990385
ZERO,2,0,2015_2016,VOL,4.440892098500626e-16,2.7755575615628914e-17,-0.02435976536151449,0.9103848110316903,0.9104637488624815,0.9104637488606686,-0.019200398096581466,0.6293025608102271,0.0,-0.00661450920013152,-0.005191826208481286,-0.01932410704290517,-0.019167939153033175,0.0,0.0,0.0,0.0,0.0,0.021514103788154312,0.012903826258454487,0.008610277529699825,0.06600472100646004,0.15007754932041462,0.005451942676654477,0.004611847764571575,0.0008400949120829018,0.0179312271901374,0.10593950584536982,0.007163705219708771,0.012190593276339756,-0.005026888056630985,-0.04148823092464382,0.05371914552895085
ZERO,2,0,2018Q4,VOL,3.1051550219984847e-16,3.0531133177191805e-16,0.04798761064032242,0.7147547116546775,0.714568663830111,0.7145686638264936,-0.06015669892384318,,0.0,0.16774667750324707,0.10183662879549396,-0.09611557314405995,-0.053849018155171846,0.0,0.0,0.0,0.0,0.0,0.06884848810197738,0.06778020626675571,0.0010682818352216739,0.006314681275606859,0.2905557140649039,0.02468391424647509,0.020853603877599936,0.003830310368875156,0.07330174257168898,0.33763805422093485,0.04248880618105744,0.05149276342244735,-0.009003957241389915,-0.06537577027138375,0.22454833576020072
ZERO,2,0,COVID,VOL,3.5388358909926865e-16,2.248201624865942e-15,-0.030458801626352117,0.42625959055294516,0.4268423241763065,0.42684232417144524,-0.17979688225915008,,0.0,0.09709996617193502,0.1280380333164145,-0.21361825501647386,-0.15849683494276437,0.0,0.0,0.0,0.0,0.0,0.25494551788781095,0.24515535290490673,0.009790164982904193,0.0540832683495196,0.5982171099854932,0.06502431609713566,0.09214325599043383,-0.027118939893298166,-0.3961415801542698,0.4048812616894988,0.15338127089635367,0.17349211612173454,-0.02011084522538087,-0.13681093696427893,0.47858443714345644
ZERO,2,0,2022,VOL,4.2674197509029455e-16,1.1379786002407855e-15,0.0034350369659410795,0.6368044483460835,0.6360300731672027,0.6360300731621571,-0.06614825244711604,,0.0,0.06573928362556762,0.06751389596066448,-0.0792289122019195,-0.06407885899472227,0.0,0.0,0.0,0.0,0.0,0.09065164330636583,0.08815658330292656,0.00249506000343927,0.016272646297648574,0.3753923526808547,0.023731827063389437,0.02773831957517736,-0.004006492511787925,-0.08237939919244464,0.3107359837960889,0.0556823228154365,0.09028949531748098,-0.03460717250204448,-0.20054149714105196,0.21183412764956733
ZERO,2,0,2023_PLUS,VOL,4.414871246360974e-16,1.096345236817342e-15,-0.04539738650780123,0.9013784167691483,0.9015623536756238,0.9015623536758602,-0.02231476248492653,0.7965199422990608,0.0,-0.021100433423610718,-0.022750986863053668,-0.02147803913320887,-0.02264639964474647,0.0,0.0,0.0,0.0,0.0,0.03320949673264782,0.01536386085456004,0.01784563587808778,0.12895799146099407,0.2160006777064557,0.00581613358044248,0.0037321565906566004,0.0020839769897858795,0.06109390392449654,0.15369030962456043,0.04608178805356278,0.01841543682472746,0.027666351228835317,0.15434770638668283,0.23313385723148383
ZERO,2,0,2024_PLUS,VOL,4.414871246360974e-16,1.6653345369377348e-15,-0.04704649747749806,0.8979147781719803,0.8980748070623034,0.8980748070684315,-0.0242039519030037,0.7799900505229737,0.0,-0.021180170106514438,-0.022388740066402527,-0.023997991845669343,-0.02465775741109387,0.0,0.0,0.0,0.0,0.0,0.03851941273188163,0.016652969598784206,0.02186644313309742,0.1521044646016938,0.2401274805156005,0.006613921712857761,0.0036702244984055873,0.0029436972144521734,0.09118602086640737,0.1839624975266667,0.04608178805356289,0.01906642264375291,0.027015365409809977,0.15126528657404126,0.2331338572314845
ZERO,2,0,EX_MAJOR_SHOCKS,VOL,6.654290833629783e-16,3.400058012914542e-16,-0.030186704881315404,0.889965849572036,0.8900723091846403,0.8900723091781575,-0.013444114002536214,0.8025680722336715,0.0,-0.016951906375322713,-0.016729195660787215,-0.01449238343856893,-0.013457509220527847,0.0,0.0,0.0,0.0,0.0,0.036127245730962584,0.01691251264567928,0.019214733085283306,0.14137204451615282,0.23639063098539992,0.010819797973034041,0.005104185138222833,0.005715612834811208,0.13844922749642508,0.23324923479941195,0.09416403560277276,0.03129166399868155,0.0628723716040912,0.20910725078861747,0.28365898117314725
ZERO,2,0,ALL,CORE_VOL,5.221517662690189e-16,5.273559366969494e-16,-0.008400575744999889,0.9232853096400504,0.9233261775045503,0.9233261775062438,-0.0011306327113777964,0.919763516808483,0.0,-0.008975664434293795,-0.007237306892029369,-0.004678069407780861,-0.0011632688529699912,0.0,0.0,0.0,0.0,0.0,0.03563920583301128,0.014367941471049861,0.021271264361961417,0.12411525269660295,0.19186537962860528,0.010333503085599015,0.004440717867877558,0.0058927852177214565,0.11025798235686735,0.17851426574059703,0.1073181666067925,0.030467528679030353,0.07685063792776214,0.14672825952584334,0.1936349930350566
ZERO,2,0,DOTCOM,CORE_VOL,3.7643499428696714e-16,3.8510861166685117e-16,-0.005219855838084764,0.8115763902969775,0.8114273251630076,0.811427325155826,-0.0248196100875673,,0.0,0.009430951068244674,0.019295785938722994,-0.030330657486102187,-0.024515641776808143,0.0,0.0,0.0,0.0,0.0,0.0655304367869895,0.05048979623714975,0.015040640549839751,0.0696683559786222,0.24600458623895982,0.02077828998583156,0.014661561928476771,0.006116728057354789,0.09686008562959247,0.26703296836214274,0.051662388470213205,0.05431845546602132,-0.002656066995808115,-0.009566460084241335,0.15562736223680396
ZERO,2,0,GFC,CORE_VOL,4.529796676644438e-16,1.124100812432971e-15,0.02599127116137849,0.8351617643274949,0.8349368717147961,0.834936871713853,0.013577065724004134,,0.0,0.0021693075319153448,0.013599633099191391,0.0036779647812181693,0.012391638062188225,0.0,0.0,0.0,0.0,0.0,0.08486083616097603,0.048700261532016675,0.03616057462895936,0.14862852155435746,0.29062402825648637,0.024378496887048164,0.01375275362428642,0.010625743262761743,0.15249549355632952,0.29219664112300137,0.10731816660679394,0.06759121464187556,0.03972695196491838,0.08163553492494624,0.19363499303505904
ZERO,2,0,2011,CORE_VOL,3.3306690738754696e-16,7.979727989493313e-16,-0.019470549369024433,0.8710404092344106,0.8708897177033457,0.8708897176973325,-0.020126249171602602,-0.24789501474304101,0.0,-0.005025867153022772,0.00040298086674402285,-0.023114013872834682,-0.019873530235769255,0.0,0.0,0.0,0.0,0.0,0.045999789066398705,0.028305203336568774,0.01769458572982993,0.09370144791096446,0.21183880013886525,0.011152351500307078,0.008868883476495233,0.002283468023811845,0.03811898503573574,0.1621627670907161,0.023282427587183796,0.024975884042195307,-0.0016934564550115105,-0.0095933834555606,0.11554596944590712
ZERO,2,0,2015_2016,CORE_VOL,4.440892098500626e-16,7.355227538141662e-16,-0.01212390146771658,0.9552004714132636,0.9552416407217489,0.9552416407230964,-0.009564217946837303,0.8155031807419574,0.0,-0.003306533113320487,-0.002567892429303667,-0.009728488399864853,-0.009556009038412177,0.0,0.0,0.0,0.0,0.0,0.011721757775014607,0.006452273204103631,0.005269484570910976,0.038491213600140184,0.08176834591503235,0.0034204040615940096,0.0023055087886904926,0.001114895272903517,0.02268016490351632,0.06646363279430534,0.00467492025333438,0.0060981847994892036,-0.0014232645461548232,-0.0111842098522843,0.035056261211613426
ZERO,2,0,2018Q4,CORE_VOL,3.7730235602495554e-16,1.2490009027033011e-15,0.02417288208489965,0.8574445914055104,0.857328453629613,0.8573284536311175,-0.027891315665379002,,0.0,0.08384740862383139,0.05019683743581632,-0.04764019142238573,-0.02602395535091792,0.0,0.0,0.0,0.0,0.0,0.03564873416706468,0.03389513478552936,0.0017535993815353257,0.00863589451405189,0.15044547377829676,0.014966724899745265,0.010421886505764144,0.004544838393981121,0.07250195872573117,0.20472182097017422,0.02117341590161448,0.025486803163991434,-0.004313387262376955,-0.02634416428129782,0.11189900894852056
ZERO,2,0,COVID,CORE_VOL,3.7903707950093235e-16,1.124100812432971e-15,-0.0071904730974620135,0.7133802278476651,0.713793825335286,0.713793825330297,-0.08622415672919001,,0.0,0.04848684934421292,0.07151065313119875,-0.10642573313025983,-0.07870112622865964,0.0,0.0,0.0,0.0,0.0,0.1344090996338952,0.12276177210864464,0.01164732752525055,0.03838760004523012,0.31538433703362323,0.051437340653996855,0.0460314082858575,0.0054059323681393545,0.04718472458060563,0.3202804217245768,0.07441872910438818,0.08331009056335537,-0.008891361458967184,-0.03748791996313239,0.23220335425061123
ZERO,2,0,2022,CORE_VOL,3.170207152347615e-16,1.1796119636642288e-16,0.00248073290122261,0.8185100340997451,0.8179994029855377,0.817999402987892,-0.03229801971046753,,0.0,0.032872465511835355,0.034579219160950206,-0.039935242388619376,-0.032098486259727714,0.0,0.0,0.0,0.0,0.0,0.04654617958259555,0.044121725190441385,0.002424454392154163,0.01228421907098498,0.19274973099786152,0.012266054321414421,0.013860926024298795,-0.0015948717028843734,-0.025513034608483087,0.1606072910728774,0.027945301660450728,0.04435501528971242,-0.01640971362926169,-0.07510059340519293,0.10631324807995401
ZERO,2,0,2023_PLUS,CORE_VOL,5.221517662690189e-16,5.551115123125783e-16,-0.02274492126396535,0.9506956040495425,0.950792234160067,0.950792234164839,-0.011176874353202082,0.8980527680729005,0.0,-0.010547846538393062,-0.01139348666016077,-0.010972467215763422,-0.011351434603804025,0.0,0.0,0.0,0.0,0.0,0.018386689573823972,0.007687234233445583,0.010699455340378389,0.07325385972321241,0.11959041236598555,0.003021024936974981,0.0018658362628808448,0.0011551886740941361,0.032108761148343046,0.07983005402566423,0.02371313230473271,0.009177484411696524,0.014535647893036185,0.07711837869033178,0.11996787092586403
ZERO,2,0,2024_PLUS,CORE_VOL,5.221517662690189e-16,6.938893903907228e-16,-0.02356294588234023,0.9489588850774453,0.9490430422626097,0.9490430422625673,-0.012114515663197684,0.8898093840974435,0.0,-0.010588913318497402,-0.011195318205692492,-0.012317388503212295,-0.012367627676647047,0.0,0.0,0.0,0.0,0.0,0.02144807265585852,0.008335209856988213,0.013112862798870306,0.08622507658990297,0.13370587149435142,0.0034561813670457436,0.001835058464488469,0.0016211229025572746,0.04751588165413312,0.09613173300053213,0.023713132304733042,0.009501813831258366,0.014211318473474677,0.07552762191834705,0.1199678709258658
ZERO,2,0,EX_MAJOR_SHOCKS,CORE_VOL,5.221517662690189e-16,5.204170427930421e-16,-0.014842043392008036,0.9449892952034133,0.9450453500827957,0.9450453500784481,-0.006477488542130205,0.9029276878547483,0.0,-0.00847453515465748,-0.008319601260662175,-0.007329109411132365,-0.00652244213134534,0.0,0.0,0.0,0.0,0.0,0.019783560429012664,0.008458666542840082,0.011324893886172582,0.07844358421244801,0.1294493460082402,0.005929075784473221,0.0025517970627648295,0.003377278721708392,0.07704440239832733,0.12781684031835028,0.051662388470213205,0.01549533718690077,0.036167051283312435,0.11428387972643561,0.15562736223680396
ZERO,2,1,ALL,VOL,4.881599105792302e-16,1.8388068845354155e-16,-0.018589293267060533,0.8465953209160944,0.8466725287021031,0.8466725286978755,-0.0038984340844782917,0.8224404254393575,-0.00026174552511403734,-0.017948967276418343,-0.01499288534519515,-0.008705701162917433,-0.0033100425693776436,0.0,0.0,-0.0002862068562515981,-1.6354156592311554e-07,-1.584962359594599e-07,0.06435981350114395,0.028709094321266948,0.035650719179877,0.2270121941455383,0.3464819486428192,0.018967768659906396,0.008879683133581957,0.010088085526324439,0.20585213998911323,0.32767371016509605,0.23244613858994667,0.06262904838051397,0.1698170902094327,0.34543742684829093,0.41940435482655125
ZERO,2,1,DOTCOM,VOL,3.668940151690947e-16,7.181755190543981e-16,-0.01492016800063338,0.6230473907417036,0.6228387991521968,0.6228387991492564,-0.05229479415597922,,-0.000282144178264488,0.01886269488997171,0.03537868618855379,-0.06045073617608714,-0.050040117612599036,0.0,0.0,-0.0002548416708340979,-4.1559430922787995e-06,-3.894905753317236e-06,0.12614160052816348,0.10086203355657655,0.025279566971586925,0.15271636221317753,0.47351369043228186,0.04122706562833812,0.02933064619494264,0.011896419433395478,0.24538284133521626,0.5298311708568351,0.102418130328634,0.1121421370312845,-0.0097240067026505,-0.044236227979866705,0.3085235495346954
ZERO,2,1,GFC,VOL,4.3368086899420177e-16,4.787836793695988e-16,0.04789246125322007,0.6705919544547214,0.6702484145332235,0.6702484145357012,0.024438400296772668,,-0.0002914081185521344,0.00433369102746022,0.023422177334214818,0.011538005062084461,0.024753187532248925,0.0,0.0,-0.0002830768720219234,1.4921064086682526e-07,1.7325877776033917e-07,0.1583580625267409,0.09707484262431584,0.06128321990242505,0.314401248810634,0.5423309517138357,0.045822266852155506,0.02748234728127965,0.018339919570875857,0.32779433732322316,0.549218129603186,0.23244613858994845,0.1433495680065423,0.08909657058340614,0.21684348505443685,0.419404354826554
ZERO,2,1,2011,VOL,3.8228968601838886e-16,7.563394355258879e-16,-0.041245013892189396,0.7421449177563773,0.741898320203645,0.7418983201973416,-0.041736662106955265,-1.6434512064129374,-0.0004160288441652529,-0.010047106485663038,-0.0005377429069612306,-0.04561468873142929,-0.04028994335486944,0.0,0.0,-0.0004176264893208022,2.7638099725407633e-07,2.9885896283418463e-07,0.08573994720241612,0.056500225909611373,0.02923972129280475,0.1820144855826129,0.3948506701435507,0.01863875599797283,0.017732873345664188,0.0009058826523086413,0.017748587373536573,0.2710201743261703,0.04552839233674855,0.05025391729556472,-0.004725524958816174,-0.031244101850005146,0.22594818388951132
ZERO,2,1,2015_2016,VOL,4.440892098500626e-16,1.0408340855860843e-16,-0.024666085538969894,0.9103848110316903,0.9104637488624815,0.9104637488606686,-0.019500542801585675,0.6246410994344845,-0.00029377158082695843,-0.00661450920013152,-0.0051910813758461,-0.019324107042905173,-0.019165116470987183,0.0,0.0,-0.00030953460527151133,-3.670834690182738e-07,-3.5308686499717557e-07,0.021516856821833033,0.012903952412129382,0.00861290440970365,0.0660249220108301,0.15009675386417676,0.005435765030726625,0.004611725449988779,0.0008240395807378453,0.01758849166610399,0.10562514967602188,0.00688281407618907,0.012186094340262854,-0.005303280264073784,-0.04376774346259382,0.05161280087157749
ZERO,2,1,2018Q4,VOL,2.8189256484623115e-16,2.6298407895808396e-15,0.04769939197279832,0.7147547116546775,0.714568663830111,0.7145686638264936,-0.06042434619291159,,-0.0004930104354494971,0.16774667750324707,0.10181135440492058,-0.09611557314406,-0.05383575631836011,0.0,0.0,-0.0002755638668404364,-1.1924998198099974e-06,-6.422469243400991e-07,0.06886202828387303,0.06778082619581996,0.0010812020880530682,0.006391077124340949,0.29061285660103975,0.024683914246475203,0.0208533094595712,0.0038306047869040016,0.07330696389556468,0.3376380542209363,0.04238531315252991,0.051485988303696995,-0.009100675151167081,-0.06607476753194885,0.22400138729524177
ZERO,2,1,COVID,VOL,3.972516759986888e-16,5.655198531684391e-16,-0.030801470109385914,0.42625959055294516,0.4268423241763065,0.42684232417144524,-0.18008355518602698,,-0.00045973131398856486,0.09709996617193502,0.12800947140881033,-0.2136182550164738,-0.1584605207859501,0.0,0.0,-0.0003523095832779282,2.243110670860472e-06,1.888851032351097e-06,0.25493620596338773,0.24515688834072888,0.00977931762265885,0.05402380311226618,0.5981952600131422,0.06502431609713599,0.09214322017391707,-0.02711890407678108,-0.3961408497045851,0.40488126168950067,0.15331427260583896,0.1734849481738021,-0.020170675567963148,-0.13721126267951655,0.47837538724467676
ZERO,2,1,2022,VOL,4.163336342344337e-16,1.2190769227427012e-15,0.0030651348001241308,0.6368044483460835,0.6360300731672027,0.6360300731621571,-0.06649306361458378,,-0.00045306813622876584,0.06573928362556762,0.06749876430348807,-0.07922891220191951,-0.0640644146417649,0.0,0.0,-0.0003702783293271623,1.232254675602609e-06,1.0634677293464138e-06,0.09064614331906834,0.08815632317065406,0.0024898201484142846,0.016238444697146637,0.37536957699697315,0.023722890537072182,0.027737967808895155,-0.004015077271822973,-0.0825553174200424,0.3106189721437831,0.05541813582327826,0.09027105307065642,-0.03485291724737816,-0.20194395619447514,0.2108290722174212
ZERO,2,1,2023_PLUS,VOL,4.2825985813177425e-16,4.440892098500626e-16,-0.04571735192420734,0.9013784167691483,0.9015623536756238,0.9015623536758602,-0.022626868878777406,0.7950857940715758,-0.00027318811771179073,-0.021100433423610718,-0.02274792083937941,-0.021478039133208872,-0.022643175353533707,0.0,0.0,-0.0003258241436512911,-3.8556281490728707e-07,-4.315876424854878e-07,0.03321128673409114,0.01536386330713449,0.017847423426956652,0.1289709111184465,0.21601232020522532,0.005810032705871528,0.0037320169104032366,0.002078015795468291,0.06091889599834277,0.15352909508420964,0.04598267026528513,0.018414329024283305,0.027568341241001826,0.15379996829098974,0.2326324072383853
ZERO,2,1,2024_PLUS,VOL,3.5822039778921066e-16,1.1102230246251565e-16,-0.047402982473422894,0.8979147781719803,0.8980748070623034,0.8980748070684315,-0.024552678735597466,0.7783229711409162,-0.0003073197276974212,-0.021180170106514438,-0.022385331426225685,-0.023997991845669354,-0.02465377081538015,0.0,0.0,-0.00036357938007352007,-2.827859918299901e-07,-3.0085174365302875e-07,0.03852026035041789,0.01665294084475505,0.02186731950566284,0.15211053028443722,0.24013276451369692,0.006609201710369762,0.003670071684314491,0.0029391300260552707,0.0910441134754505,0.18383121332287344,0.04598267026528491,0.019065279520625755,0.026917390744659153,0.15071573906413893,0.2326324072383843
ZERO,2,1,EX_MAJOR_SHOCKS,VOL,4.882141206878545e-16,2.740863092043355e-16,-0.030460954681785335,0.889965849572036,0.8900723091846403,0.8900723091781575,-0.013710735877112606,0.8007670639524999,-0.0002447915531984225,-0.016951906375322713,-0.01672705620829845,-0.014492383438568936,-0.01345565953200244,0.0,0.0,-0.00027788696131205614,-3.2031794199274744e-07,-3.519801721174521e-07,0.03612842570342005,0.01691269040374077,0.01921573529967928,0.14137778543407598,0.2363956487844937,0.010812844195424845,0.005103986082535671,0.005708858112889174,0.138284941169033,0.2330993278131307,0.0938905930123819,0.031287442352132544,0.06260315066024935,0.20820892530779167,0.28283526491987543
ZERO,2,1,ALL,CORE_VOL,4.977030072794708e-16,7.45931094670027e-17,-0.008543195697334,0.9232853096400504,0.9233261775045503,0.9233261775062438,-0.0012670142589770034,0.9183978556035335,-0.00013036418039705743,-0.008975664434293795,-0.007236787405236362,-0.004678069407780857,-0.0011631185931670277,0.0,0.0,-0.00014319833969081558,-9.635318150943184e-08,-9.135923971895364e-08,0.0356392614317769,0.014368033088633103,0.021271228343143794,0.12411425301330559,0.19186445822832365,0.010329878790475984,0.004440542426569487,0.005889336363906497,0.11019309025532875,0.17845165499017135,0.10718631346548457,0.03046052398014354,0.07672578948534103,0.14648793161717266,0.1933970893985516
ZERO,2,1,DOTCOM,CORE_VOL,3.452099717193846e-16,1.1041514924592377e-15,-0.005348433889507204,0.8115763902969775,0.8114273251630076,0.8114273251558263,-0.024941092757532993,,-0.0001413824986087528,0.009430951068244674,0.019293578527496864,-0.03033065748610218,-0.02451139443055244,0.0,0.0,-0.00012804876078442902,-2.7030447600384815e-06,-2.5692256683035866e-06,0.06553815300980362,0.05049254990207455,0.015045603107729066,0.06968709587331301,0.2460188594868742,0.02077459924450612,0.014661123740035989,0.0061134755044701325,0.0968079088182171,0.26698553666240876,0.05157782585867243,0.054311661855159676,-0.002733835996487244,-0.009846322799110796,0.15537262650801464
ZERO,2,1,GFC,CORE_VOL,4.106957829375091e-16,2.220446049250313e-16,0.025849621210123085,0.8351617643274949,0.8349368717147961,0.834936871713853,0.01345162703214806,,-0.00014562361235423603,0.0021693075319153448,0.013598651167143583,0.0036779647812181667,0.012390737037261464,0.0,0.0,-0.00013989348141457903,1.0436898334825158e-07,1.2648713239519525e-07,0.08486046249629411,0.048700253591815235,0.03616020890447888,0.14862701348956242,0.2906227485621071,0.024375849692337775,0.013752284649600321,0.010623565042737454,0.1524632066500764,0.2921649122840021,0.10718631346548368,0.06757658460260851,0.03960972886287517,0.08139220440492767,0.19339708939854983
ZERO,2,1,2011,CORE_VOL,3.408731630294426e-16,2.1371793224034263e-15,-0.01967817468804863,0.8710404092344106,0.8708897177033457,0.8708897176973325,-0.02032079274953119,-0.26120201474771315,-0.0002068476565315802,-0.005025867153022772,0.0004029635681076831,-0.02311401387283468,-0.019871432583789497,0.0,0.0,-0.00020997020755561072,2.4499273742723977e-07,2.6453519093176095e-07,0.04599837867819315,0.028305205838569047,0.0176931728396241,0.09369396721069079,0.21183230500157768,0.011143030899988887,0.008868600015078158,0.002274430884910729,0.03796794424492633,0.16202723923020124,0.02318332547862878,0.024970452365316476,-0.0017871268866876955,-0.010123712321618683,0.11505414576625705
ZERO,2,1,2015_2016,CORE_VOL,3.864096542738338e-16,3.469446951953614e-16,-0.012278830730944622,0.9552004714132636,0.9552416407217488,0.9552416407230965,-0.009715899133128501,0.8131455274443228,-0.00014684700393684531,-0.0033065331133204966,-0.0025677080155044616,-0.009728488399864852,-0.009555304278851222,0.0,0.0,-0.00015563859794204824,-1.9162364681027122e-07,-1.7983864654282169e-07,0.011723095263684785,0.006452340021381758,0.005270755242303027,0.038500514073827485,0.08177767593518293,0.003413406243623851,0.002305444668216229,0.001107961575407622,0.022539084226097184,0.06632765458952172,0.0045462308158397136,0.006095839127163938,-0.0015496083113242243,-0.012176812200542342,0.03409124570514099
ZERO,2,1,2018Q4,CORE_VOL,2.498001805406602e-16,5.134781488891349e-16,0.02403603401284976,0.8574445914055104,0.857328453629613,0.8573284536311176,-0.028016841904089762,,-0.00024386442687613518,0.08384740862383139,0.050190715632504546,-0.047640191422385576,-0.026020807167745554,0.0,0.0,-0.00013347680213089832,-7.557402501394765e-07,-3.976497788464385e-07,0.03565539539780138,0.03389550698321531,0.001759888414586075,0.008666881798949921,0.15047358563240743,0.01496504680351507,0.010421711556928837,0.004543335246586233,0.07247777734926841,0.20469886718981745,0.0211235012553882,0.025482846685255467,-0.004359345429867267,-0.02662421204793297,0.11163521592283698
ZERO,2,1,COVID,CORE_VOL,4.202367620553815e-16,2.5543803183758484e-15,-0.0073599504651493675,0.7133802278476651,0.713793825335286,0.7137938253302968,-0.08635002454319612,,-0.00022039934218742385,0.04848684934421292,0.07150298668751166,-0.10642573313025977,-0.07869243078870902,0.0,0.0,-0.00017200365860765192,1.7204064867185193e-06,1.497294658197585e-06,0.1344044420939483,0.12276311617615698,0.011641325917791323,0.03836798973637068,0.31537340834536964,0.051430747948740585,0.04603137981133465,0.0053993681374059355,0.04712741814079546,0.3202393714993329,0.07439063701778692,0.08330452499904284,-0.008913887981255919,-0.0375820148104935,0.23211570055354835
ZERO,2,1,2022,CORE_VOL,3.894454203567932e-16,1.5183167223487004e-15,0.0022982990778832313,0.8185100340997451,0.8179994029855377,0.817999402987892,-0.032464936107774234,,-0.00022368831090194724,0.032872465511835355,0.03457539238821745,-0.039935242388619396,-0.032094914728190475,0.0,0.0,-0.0001827559680212341,6.617573153651848e-07,5.773858790115259e-07,0.04654384479081122,0.04412155906476958,0.0024222857260416397,0.012273220548611463,0.19274006252469378,0.012262635094212965,0.013860704025416781,-0.0015980689312038165,-0.025564089627555298,0.16056252094517365,0.027819557452676502,0.04434379438020997,-0.016524236927533464,-0.07562083662225993,0.10583487517426349
ZERO,2,1,2023_PLUS,CORE_VOL,4.976487971708465e-16,1.1622647289044608e-15,-0.022907384664049096,0.9506956040495425,0.950792234160067,0.950792234164839,-0.011335155062786956,0.8973245750079176,-0.0001360856312083081,-0.010547846538393062,-0.011392719418475071,-0.010972467215763419,-0.011350627189227145,0.0,0.0,-0.000163900014528508,-1.336892899801819e-07,-1.380418172097048e-07,0.018387025017760072,0.00768723563765733,0.010699789380102742,0.07325614743167475,0.11959259415507162,0.003017951339353009,0.0018657627256436285,0.0011521886137093804,0.032025308252455975,0.07974883474765959,0.023688652189087,0.0091769062543825,0.0145117459347045,0.07699133151184567,0.11984402278482997
ZERO,2,1,2024_PLUS,CORE_VOL,4.976487971708465e-16,7.875644580934704e-16,-0.0237440468260931,0.9489588850774453,0.9490430422626097,0.9490430422625674,-0.012291478928775912,0.888962477066705,-0.00015303271568858342,-0.010588913318497402,-0.011194466650712241,-0.0123173885032123,-0.012366628891838228,0.0,0.0,-0.00018292599349597135,-4.482542134837014e-08,-2.5290045875947176e-08,0.021447726048285126,0.008335194729587353,0.013112531318697773,0.0862228883286893,0.13370371076558052,0.0034536921454968103,0.0018349778207816525,0.0016187143247151578,0.04744517294806905,0.09606249670882516,0.023688652189087,0.009501216185245354,0.014187436003841647,0.07540045640410808,0.11984402278482997
ZERO,2,1,EX_MAJOR_SHOCKS,CORE_VOL,4.976216921165344e-16,5.898059818321144e-17,-0.014980712637419347,0.9449892952034133,0.9450453500827957,0.9450453500784481,-0.0066120571464377,0.9020171431257974,-0.00012209662893119714,-0.00847453515465748,-0.008319039843789672,-0.007329109411132362,-0.0065219257408695,0.0,0.0,-0.00013953060426296726,-1.9507379108519288e-07,-2.1644849714842107e-07,0.019784267658754517,0.008458755144641505,0.011325512514113012,0.07844696781050797,0.1294524933721265,0.005925386388814902,0.0025516916653446978,0.003373694723470204,0.07696245714534111,0.1277373056804283,0.05157782585867243,0.01549314310480121,0.03608468275387122,0.11402281376186629,0.15537262650801464
ZERO,2,3,ALL,VOL,5.087076593301987e-16,3.2959746043559335e-16,-0.0191565480413739,0.8465953209160944,0.8466725287021031,0.8466725286978755,-0.004443095690877127,0.8170066810168979,-0.000785225417161178,-0.017948967276418343,-0.014988781297197377,-0.008705701162917436,-0.0033089008265808958,0.0,0.0,-0.0008583905927032146,-4.905247893500385e-07,-4.7532489208336573e-07,0.06435972133432405,0.028709458409854283,0.03565026292446977,0.22700639121957245,0.34647703425193443,0.018954881578222352,0.008879037703741731,0.01007584387448062,0.20559963550447347,0.32745108208773355,0.2318025470926901,0.06260170385797914,0.16920084323471096,0.3441647299272046,0.4182431177403335
ZERO,2,3,DOTCOM,VOL,5.087076593301987e-16,9.020562075079397e-17,-0.015427004532154759,0.6230473907417036,0.6228387991521968,0.6228387991492563,-0.05279148772635406,,-0.0008464565290322853,0.01886269488997171,0.03536525910362331,-0.06045073617608716,-0.05001638200939031,0.0,0.0,-0.000764203141127136,-1.2465047569372085e-05,-1.1678485260708141e-05,0.1261708823965313,0.10087329754105878,0.02529758485547251,0.15280617385916784,0.4735669268294167,0.041210710726543455,0.029329289931880727,0.011881420794662728,0.24506661445018485,0.5296209852267146,0.10205441294620488,0.11212616183087065,-0.010071748884665777,-0.04581483918008811,0.30742789022618944
ZERO,2,3,GFC,VOL,4.629543276513104e-16,3.0531133177191805e-16,0.04731289433695568,0.6705919544547214,0.6702484145332235,0.6702484145357012,0.023911343368193835,,-0.0008742150305917887,0.00433369102746022,0.023415399630862744,0.011538005062084458,0.02474595654787194,0.0,0.0,-0.0008489815417765627,4.4770667238154475e-07,5.19699997864147e-07,0.1583559909191277,0.09707479964521637,0.06128119127391132,0.31439077201777255,0.5423238570518364,0.04580631911158166,0.027480817843223482,0.018325501268358177,0.3275276817907572,0.5490269826161185,0.23180254709269021,0.14329599678757332,0.0885065503051169,0.21537941048341236,0.4182431177403335
ZERO,2,3,2011,VOL,4.0362136376204116e-16,4.85722573273506e-16,-0.04206170895703355,0.7421449177563773,0.7418983202036449,0.7418983201973416,-0.042508810267568004,-1.6957943468485996,-0.0012480855764139026,-0.010047106485663045,-0.0005373217958742895,-0.045614688731429265,-0.04027290550577814,0.0,0.0,-0.0012523777835473202,8.290433485534732e-07,8.961281657110388e-07,0.08573622140613832,0.0565002310841794,0.02923599032195892,0.18199126650591158,0.3948335120602404,0.018603268765055893,0.01773190286663555,0.000871365898420344,0.017071990157086492,0.27050416585154136,0.04511715510524572,0.0502348862801526,-0.005117731174906881,-0.033833023444185706,0.22390729685536082
ZERO,2,3,2015_2016,VOL,4.440892098500626e-16,2.8449465006019636e-16,-0.025278450893348924,0.9103848110316903,0.9104637488624815,0.9104637488606686,-0.020100557055550868,0.6153223615341783,-0.0008812890863965964,-0.00661450920013152,-0.005189592167180042,-0.019324107042905186,-0.019159472800606744,0.0,0.0,-0.0009283267157791827,-1.1014674135800456e-06,-1.0592097826717982e-06,0.02152219897332107,0.012904204567302485,0.008617994406018584,0.06606406867530379,0.15013401951146177,0.005403411718738885,0.004611480860538156,0.000791930858200729,0.016903067411896178,0.10499647580915972,0.006321284353765777,0.012177096993792325,-0.0058558126400265476,-0.04832418105052705,0.04740200548671225
ZERO,2,3,2018Q4,VOL,2.654126918244515e-16,4.163336342344337e-17,0.04712332225404581,0.7147547116546775,0.714568663830111,0.7145686638264936,-0.060959279407290345,,-0.0014790965955868165,0.16774667750324707,0.1017608258439044,-0.09611557314406,-0.0538092432259478,0.0,0.0,-0.0008263347592376945,-3.5771105628063936e-06,-1.92560467314548e-06,0.06888897132006619,0.06778206569705858,0.001106905623007609,0.006543060836320058,0.29072656212073933,0.02468391424647509,0.020852720749748865,0.0038311934967262262,0.07331740412815957,0.33763805422093485,0.04217834564038858,0.051472439657420876,-0.009294094017032295,-0.0674724334708694,0.22290758837301017
ZERO,2,3,COVID,VOL,4.145989107584569e-16,4.85722573273506e-16,-0.0314863685811132,0.42625959055294516,0.4268423241763065,0.42684232417144513,-0.1806564739422939,,-0.0013792156746205123,0.09709996617193502,0.12795237104700166,-0.21361825501647388,-0.15838792197839488,0.0,0.0,-0.0010564829324050894,6.730507831379241e-06,5.665282684621215e-06,0.25491741862855816,0.2451599571369926,0.009757461491565561,0.053903977298935035,0.5981511764566272,0.06502431609713566,0.09214314855004224,-0.027118832452906583,-0.3961393889943092,0.4048812616894991,0.1531802685436192,0.17347061419519727,-0.020290345651578057,-0.13801186272863464,0.4779572641041031
ZERO,2,3,2022,VOL,4.0158848468863084e-16,1.2160411566597418e-15,0.002325824195304055,0.6368044483460835,0.6360300731672027,0.6360300731621571,-0.06718219599750964,,-0.0013591980979782822,0.06573928362556762,0.067468514284177,-0.0792289122019195,-0.0640355386297765,0.0,0.0,-0.0011103407584137973,3.697119767259963e-06,3.1892993185715405e-06,0.09063502890005765,0.08815580250630978,0.0024792263937478687,0.016169298013102296,0.37532355170996323,0.0237050194244258,0.027737264162272568,-0.004032244737846767,-0.08290710381334265,0.31038497424067724,0.054890008475982466,0.0902341717021713,-0.03534416322618883,-0.204746568370199,0.20881989964261427
ZERO,2,3,2023_PLUS,VOL,4.705437428587089e-16,7.147060721024445e-16,-0.046357018265250766,0.9013784167691483,0.901562353675624,0.9015623536758602,-0.023250816166565547,0.792218683120982,-0.0008195488272830517,-0.021100433423610676,-0.022741790482282302,-0.02147803913320892,-0.022636728558567305,0.0,0.0,-0.0009772048209033244,-1.1566798804046816e-06,-1.2944034971174152e-06,0.03321477164445448,0.015363868189025298,0.017850903455429182,0.12899606341358905,0.21603498670349508,0.005797780426682185,0.0037317375687762055,0.0020660428579059795,0.06056740260433113,0.15320533075586795,0.04578445832034883,0.018412113782839246,0.027372344537509585,0.1527046425472114,0.23162962680767252
ZERO,2,3,2024_PLUS,VOL,4.705437428587089e-16,5.759281940243e-16,-0.048115626644017695,0.8979147781719803,0.8980748070623034,0.8980748070684315,-0.025249805607196946,0.7749903360591525,-0.0009219449469008533,-0.021180170106514438,-0.022378516206332383,-0.023997991845669354,-0.0246458000513097,0.0,0.0,-0.001090408152990334,-8.483255435308639e-07,-9.022333846965799e-07,0.03852184141397896,0.01665288334235826,0.021868958071620703,0.15212186741102485,0.24014262075974346,0.006599342412532839,0.0036697660956922437,0.002929576316840595,0.09074731348566545,0.18355698252113684,0.0457844583203485,0.019062993643948922,0.026721464676399576,0.14961679570523112,0.23162962680767096
ZERO,2,3,EX_MAJOR_SHOCKS,VOL,5.087076593301987e-16,3.0878077872387166e-16,-0.031009244042262366,0.889965849572036,0.8900723091846403,0.8900723091781575,-0.014243768578105151,0.7971660280951316,-0.0007343624852960847,-0.016951906375322713,-0.01672277841388236,-0.014492383438568934,-0.01345196114441506,0.0,0.0,-0.0008334487842958986,-9.608813594062766e-07,-1.055699668735198e-06,0.03613069181169132,0.016913046487993882,0.019217645323697435,0.14138856521724041,0.23640505862741057,0.010798937197656143,0.00510358797120284,0.005695349226453303,0.1379563867690755,0.2327995258578639,0.09334399238591995,0.031279000391029266,0.062064991994890684,0.20641329286605603,0.28118868960247156
ZERO,2,3,ALL,CORE_VOL,5.429684479807406e-16,9.367506770274758e-17,-0.008828376900850476,0.9232853096400504,0.9233261775045503,0.9233261775062438,-0.0015397183230369538,0.9156667481619765,-0.00039109045029660087,-0.008975664434293795,-0.007235748581240272,-0.004678069407780856,-0.0011628181216457483,0.0,0.0,-0.0004295361964822134,-2.889665833994431e-07,-2.740014821500176e-07,0.03563935528395526,0.01436821657928078,0.02127113870467448,0.12411214752953947,0.19186251688834344,0.010322630223611587,0.004440191549911557,0.00588243867370003,0.11006330766860917,0.1783264338932451,0.10692269506383367,0.030446516359546316,0.07647617870428736,0.14600745996746545,0.19292144068984218
ZERO,2,3,DOTCOM,CORE_VOL,4.557985933129061e-16,1.0408340855860843e-15,-0.0056054817450948285,0.8115763902969775,0.8114273251630076,0.8114273251558263,-0.025183946503666677,,-0.0004241660993956151,0.009430951068244674,0.01928916488006163,-0.03033065748610219,-0.024502902511750097,0.0,0.0,-0.00038403953300850016,-8.106983265559697e-06,-7.70458039681889e-06,0.0655536001167914,0.05049806682598024,0.015055533290811163,0.06972457411583555,0.24604739509031814,0.020767217884902926,0.014660247522410103,0.006106970362492824,0.0967035570382151,0.2668906748442932,0.051408720968077026,0.05429807665560793,-0.0028893556875309034,-0.010405941276065755,0.15486321629985444
ZERO,2,3,GFC,CORE_VOL,5.429684479807406e-16,1.5959455978986625e-16,0.025566383420031008,0.8351617643274949,0.8349368717147961,0.834936871713853,0.013200810474027241,,-0.000436868183380271,0.0021693075319153448,0.013596687590477014,0.0036779647812181762,0.012388935245009239,0.0,0.0,-0.00041961884649709623,3.131287488923844e-07,3.794310420109582e-07,0.08485970427859954,0.04870023756858441,0.03615946671001513,0.1486239531064607,0.2906201518839375,0.02437055488371343,0.013751346695290573,0.010619208188422859,0.1523986281853621,0.2921014495814984,0.10692269506383412,0.06754732850205625,0.03937536656177787,0.08090576031244356,0.19292144068984285
ZERO,2,3,2011,CORE_VOL,4.137315490204685e-16,8.673617379884035e-17,-0.02009330696190124,0.8710404092344106,0.8708897177033457,0.8708897176973325,-0.02070976201946884,-0.287808428628507,-0.0006205492273664278,-0.005025867153022772,0.0004029289760368521,-0.023114013872834693,-0.01986723802584718,0.0,0.0,-0.000629791381707139,7.349954259202605e-07,7.934696161411353e-07,0.04599553068006851,0.028305210763577865,0.017690319916490643,0.09367886203642772,0.2118191893652287,0.011124388225027017,0.008868033221972417,0.0022563550030546,0.03766584025629083,0.1617561620714778,0.02298514716112432,0.02495958975003887,-0.001974442588914549,-0.011184129675378518,0.11407062694144998
ZERO,2,3,2015_2016,CORE_VOL,3.441257695468991e-16,4.510281037539698e-16,-0.012588618530247758,0.9552004714132636,0.9552416407217488,0.9552416407230965,-0.010019190666695862,0.8084312971473687,-0.0004405334717965037,-0.0033065331133204966,-0.0025673392467483857,-0.00972848839986483,-0.009553894970605069,0.0,0.0,-0.0004668447631193042,-5.749747911192985e-07,-5.395497754493424e-07,0.01172573275595179,0.006452473580459944,0.005273259175491846,0.03851884176654097,0.08179607448804294,0.003399410306032302,0.0023053164491368544,0.0010940938568954478,0.022256917403999044,0.06605569231841413,0.00428890507755153,0.00609114805506672,-0.0018022429775151894,-0.014161491765076306,0.03216161315334154
ZERO,2,3,2018Q4,CORE_VOL,2.6194324487249787e-16,3.712308238590367e-16,0.023762406910939615,0.8574445914055104,0.857328453629613,0.8573284536311176,-0.0282678288966281,,-0.0007316400890750213,0.08384740862383139,0.050178473669531286,-0.04764019142238566,-0.02601451164771953,0.0,0.0,-0.00040036251472379866,-2.267086140085492e-06,-1.1925961479686035e-06,0.03566868975778917,0.03389625130542501,0.0017724384523641612,0.008728718675449443,0.15052969074619804,0.014961691411595202,0.010421361749241242,0.004540329662353959,0.0724294264403732,0.20465297057926934,0.021023670070883016,0.025474934801704596,-0.00445126473082158,-0.027184285272906283,0.11110761987219542
ZERO,2,3,COVID,CORE_VOL,3.9855271860567143e-16,2.733924198139448e-15,-0.007698814706611629,0.7133802278476651,0.713793825335286,0.713793825330297,-0.0866016785761271,,-0.000661220224110019,0.04848684934421292,0.07148765631212906,-0.10642573313025992,-0.07867504263608045,0.0,0.0,-0.0005159204316668158,5.162439483533721e-06,4.492049009318459e-06,0.1343951012013787,0.12276580317765184,0.011629298023726864,0.038328687114903004,0.3153514904006889,0.051417559848964345,0.046031322874473646,0.005386236974490699,0.047012781772533985,0.32015725430384123,0.07433444238742648,0.08329339629186083,-0.008958953904434352,-0.037770245938928415,0.23194036053071276
ZERO,2,3,2022,CORE_VOL,4.231641079210924e-16,1.0538445116559103e-15,0.0019335482590121245,0.8185100340997451,0.8179994029855377,0.817999402987892,-0.03279865430631726,,-0.0006710675385901435,0.032872465511835355,0.03456774043991318,-0.039935242388619376,-0.032087773153482275,0.0,0.0,-0.0005481509912039361,1.985487763380937e-06,1.7319637841003734e-06,0.046539152734752454,0.04412122672069779,0.002417926014054661,0.012251110160222844,0.19272063251881,0.012255798333754744,0.01386025993514163,-0.0016044616013868862,-0.025666169962373253,0.16047300286966726,0.027568121118050293,0.04432135458129094,-0.016753233463240647,-0.07666093441889354,0.10487832749608006
ZERO,2,3,2023_PLUS,CORE_VOL,4.1403648088148004e-16,3.2612801348363973e-16,-0.02323224378309713,0.9506956040495425,0.950792234160067,0.950792234164839,-0.011651648195703579,0.8958684922381043,-0.0004082523904016637,-0.010547846538393062,-0.011391185148247853,-0.010972467215763419,-0.011349012575940868,0.0,0.0,-0.0004916320388202676,-4.0103557867387585e-07,-4.140200878140624e-07,0.01838767473651201,0.007687238441148908,0.010700436295363103,0.0732605779455614,0.11959682004539063,0.0030118039909435013,0.0018656156616868383,0.001146188329256663,0.03185839894386033,0.0795863921442771,0.02363968639853542,0.009175750136857674,0.014463936261677746,0.07673720903341319,0.11959629837772978
ZERO,2,3,2024_PLUS,CORE_VOL,4.1404325714505807e-16,5.342948306008566e-16,-0.024106166907695764,0.9489588850774453,0.9490430422626097,0.9490430422625674,-0.012645323067344921,0.8872690455653247,-0.0004590951446354479,-0.010588913318497402,-0.01119276379181071,-0.012317388503212293,-0.012364631605389672,0.0,0.0,-0.0005486957488664328,-1.344093544952455e-07,-7.576162841664614e-08,0.021447007663825984,0.008335164485664154,0.01311184317816183,0.08621834623866054,0.13369923240420434,0.003448712419781244,0.001834816555458113,0.001613895864323131,0.04730371832803493,0.09592398845012395,0.023639686398535642,0.009500021096623956,0.014139665301911686,0.07514609725427956,0.119596298377731
ZERO,2,3,EX_MAJOR_SHOCKS,CORE_VOL,4.557985933129061e-16,7.806255641895632e-17,-0.01525799594191321,0.9449892952034133,0.9450453500827957,0.9450453500784481,-0.006881138683663773,0.9001962151676876,-0.00036628725842141445,-0.00847453515465748,-0.008317917169735026,-0.00732910941113236,-0.0065208931124555196,0.0,0.0,-0.0004185363999319478,-5.851437674193179e-07,-6.492597906392747e-07,0.01978566399710513,0.008458932635270588,0.011326731361834541,0.07845360341043717,0.12945866305566678,0.005918007745489763,0.002551480870624026,0.003366526874865737,0.0767985711950514,0.12757823959493053,0.051408720968077026,0.015488755657787734,0.03591996531028929,0.11350075493051648,0.15486321629985444
ZERO,3,0,ALL,VOL,6.010816844259637e-16,3.469446951953614e-17,-0.02400723820355906,0.8468672290546237,0.846949108606732,0.8469491086138046,-0.009075392894013615,0.7764738655835195,0.0,-0.018280979251516026,-0.015363039427057907,-0.013395305585893089,-0.008644198776501116,0.0,0.0,0.0,0.0,0.0,0.06296587054182944,0.028585786276646347,0.03438008426518309,0.21925740971985452,0.3396434135730335,0.019214906560398863,0.009127416556597746,0.010087490003801117,0.1998425946921838,0.32237291535943213,0.22415553434985225,0.06295509096602236,0.16120044338382988,0.32812729505467986,0.40444555386073655
ZERO,3,0,DOTCOM,VOL,6.010816844259637e-16,8.81239525796218e-16,-0.03862859711469163,0.6209364449678105,0.6210742367291582,0.6210742367270305,-0.06406952207973413,,0.0,0.001925095139127519,0.020117179481403902,-0.06750000521980316,-0.05874577659609465,0.0,0.0,0.0,0.0,0.0,0.12350606396772115,0.09954566276217583,0.023960401205545323,0.14758068802775826,0.4715767377564938,0.044068666985484554,0.03319796993106951,0.010870697054415047,0.19989905734342384,0.503188165051432,0.11068155065791774,0.11421555392079297,-0.0035340032628752294,-0.016229892356024234,0.33341621026875823
ZERO,3,0,GFC,VOL,4.848552115355176e-16,1.5265566588595902e-16,0.037537052008623034,0.6754782717689523,0.6753524246774079,0.6753524246817464,0.013829752743919333,,0.0,0.004266612645002693,0.02295727403225977,0.0010310996347047852,0.014579777976363414,0.0,0.0,0.0,0.0,0.0,0.15700459295212496,0.09546391625052691,0.061540676701598046,0.3131341711487372,0.537695706556089,0.044346167811573786,0.027331151074971242,0.017015016736602544,0.2990934170377847,0.526552832669201,0.22415553434985247,0.14185836000414187,0.0822971743457106,0.1995707917714611,0.4044455538607372
ZERO,3,0,2011,VOL,4.896257010944538e-16,1.0755285551056204e-15,-0.032174174301436924,0.7451651373048662,0.7447365479142265,0.7447365479164983,-0.03223751927459177,-1.0620882828354516,0.0,-0.009936622989153933,-0.0005551253341238977,-0.03709661306659097,-0.0316190489673141,0.0,0.0,0.0,0.0,0.0,0.0868742138636951,0.05572271154736835,0.03115150231632674,0.19298112116864552,0.4000742090649143,0.028692853447349655,0.019416980559714463,0.009275872887635192,0.16337266974005782,0.3765744805738468,0.044819647275248675,0.04959564941583838,-0.004776002140589708,-0.03144100429727015,0.22243082579124818
ZERO,3,0,2015_2016,VOL,5.004677228193088e-16,1.3079815008865125e-15,-0.019669366684549494,0.9043497422317159,0.9043498908228262,0.9043498908251857,-0.013918544537684888,0.7006792244408675,0.0,-0.007066171736119162,-0.005561621730595224,-0.014333086274353146,-0.014107744953952962,0.0,0.0,0.0,0.0,0.0,0.021025029346369142,0.0138598938039656,0.007165135542403542,0.0553320725930474,0.14666587601154168,0.00393961554155553,0.003893223772441147,4.6391769114383086e-05,0.001260321350148752,0.09679002905642164,0.012561132970043687,0.012589751978375752,-2.8619008332064766e-05,-0.00023698091325341508,0.0941933412014001
ZERO,3,0,2018Q4,VOL,3.161533534967731e-16,6.314393452555578e-16,0.05282547061319204,0.7160226355263148,0.7147006051053908,0.7147006051039435,-0.055767741652747005,,0.0,0.1676691362253666,0.1022687294391255,-0.08728708407523719,-0.04944325882593283,0.0,0.0,0.0,0.0,0.0,0.06577091553702219,0.0676391481792033,-0.0018682326421811113,-0.011034040707799342,0.27756768311682245,0.032585630596351445,0.02191883092252256,0.010666799673828886,0.19300729531099015,0.42217495673806527,0.04287267357275437,0.05145113418766467,-0.0085784606149103,-0.062267511015986265,0.22657702970822213
ZERO,3,0,COVID,VOL,4.3021142204224816e-16,1.790234627208065e-15,-0.06033747357628386,0.4449952672657673,0.4438085023339659,0.4438085023346994,-0.19911798982063608,,0.0,0.09422568672900825,0.1231679187437006,-0.2470451341703661,-0.18350539231998625,0.0,0.0,0.0,0.0,0.0,0.23027674935116604,0.23815929511689488,-0.007882545765728832,-0.04192480553455091,0.5403330587452327,0.0025133595351699567,0.07737672271038931,-0.07486336317521936,-1.206702734128335,0.018027727050460074,0.13317333786765806,0.16707091936309593,-0.03389758149543787,-0.22094839343755313,0.41553109172616487
ZERO,3,0,2022,VOL,4.388308293135079e-16,1.0547118733938987e-15,-0.0016929209133422496,0.638016087214055,0.6375754555721851,0.63757545556951,-0.07139400001515075,,0.0,0.06546016075100725,0.06713809438336259,-0.08479033408307689,-0.06883101529670589,0.0,0.0,0.0,0.0,0.0,0.08767368988870561,0.08771566174231793,-4.1971853612321475e-05,-0.0002729532350500552,0.363060519535245,0.02080048685720235,0.02803123373272417,-0.007230746875521818,-0.14635197470755634,0.26860899852698006,0.03400721384500305,0.09041398398368106,-0.05640677013867801,-0.32710168021433916,0.12937478385243273
ZERO,3,0,2023_PLUS,VOL,4.956972332603726e-16,8.187894806610529e-16,-0.057806040285411364,0.9045042285943055,0.90464311494935,0.9046431149485752,-0.03559038547022844,0.741389203634997,0.0,-0.020465164799003274,-0.021941905659906804,-0.032428267991252556,-0.035864134625503745,0.0,0.0,0.0,0.0,0.0,0.030757102356431684,0.014832838391951736,0.01592426396447995,0.11470263090138877,0.2001585559723369,0.006206764471489941,0.0041181847640496955,0.0020885797074402454,0.053544980691712096,0.14392743286134901,0.0434629758460533,0.01778479239927022,0.025678183446783076,0.14275367413172957,0.21988494009762738
ZERO,3,0,2024_PLUS,VOL,4.440892098500626e-16,3.3306690738754696e-16,-0.06333174792324078,0.8983023466789746,0.8984287700827711,0.8984287700784915,-0.040892492356756016,0.7046397803703824,0.0,-0.02114444103252214,-0.02219109227227089,-0.037815567987615685,-0.041140655650969554,0.0,0.0,0.0,0.0,0.0,0.036100211316628675,0.01651808857696313,0.019582122739665545,0.13620053972838098,0.2252149066199154,0.008162556580845609,0.004861525733298858,0.0033010308475467515,0.07687150632076623,0.170751507841717,0.04346297584605341,0.018947637479205914,0.024515338366847494,0.137175819845601,0.21988494009762816
ZERO,3,0,EX_MAJOR_SHOCKS,VOL,6.010816844259637e-16,2.220446049250313e-16,-0.03440230689120531,0.8892045337488526,0.889307465800446,0.8893074657958615,-0.01728584992996378,0.7799294979308431,0.0,-0.017389651564787535,-0.017239011907866864,-0.01762396607218663,-0.017163294983338222,0.0,0.0,0.0,0.0,0.0,0.03539188851085634,0.016959203740366108,0.018432684770490232,0.13620460491363173,0.23239790097660418,0.011715111165209291,0.005354483033242409,0.006360628131966882,0.14801399477555266,0.24241018146384785,0.09973331518526807,0.03216584086138674,0.06756747432388133,0.22537796475450633,0.30043583405680185
ZERO,3,0,ALL,CORE_VOL,5.594483210025203e-16,3.122502256758253e-17,-0.011202962745909054,0.9234439359934186,0.9234871446180356,0.9234871446146793,-0.003815480583053407,0.8956916686804212,0.0,-0.009138985790797303,-0.0074362644955482055,-0.006927526389292993,-0.0037666982503608173,0.0,0.0,0.0,0.0,0.0,0.03489608355306692,0.014301452676913962,0.02059463087615296,0.1203753939727572,0.1882325271818449,0.010687312850417123,0.004563093071507762,0.006124219778909361,0.11126549487956527,0.17930351053842297,0.10425082530308549,0.030619693147836635,0.07363113215524886,0.14062222263329183,0.1881005655400767
ZERO,3,0,DOTCOM,CORE_VOL,5.032866484677712e-16,1.2073675392798577e-15,-0.015959362769473705,0.8106026900568395,0.8106716127662592,0.8106716127597156,-0.03026532575045327,,0.0,0.0009618642839600603,0.0116806233092703,-0.03225895762699324,-0.027639986078742795,0.0,0.0,0.0,0.0,0.0,0.06380355862789086,0.04979170717910039,0.014011851448790469,0.06605981767096614,0.24361778740564244,0.024236265537845178,0.016587208443144985,0.007649057094700193,0.10774580395840239,0.2767363484741784,0.056301894620509274,0.05555421788229098,0.0007476767382182947,0.0027049760278340385,0.16960337313433105
ZERO,3,0,GFC,CORE_VOL,4.562322741819003e-16,5.551115123125783e-16,0.02108994593924208,0.8377038751277723,0.8376142597247065,0.8376142597260431,0.008536137422644106,,0.0,0.002134120521732652,0.013353538766283245,-0.0012341370584928312,0.007736407172959388,0.0,0.0,0.0,0.0,0.0,0.08436146415251955,0.04784191263617654,0.03651955151634301,0.14957629380803716,0.288913822332745,0.025623107429518885,0.013668545190931497,0.011954562238587388,0.1694450983902307,0.30424094041513094,0.10425082530308438,0.06694198481443436,0.03730884048865002,0.07656437434204788,0.18810056554007482
ZERO,3,0,2011,CORE_VOL,3.5930459996169617e-16,8.847089727481716e-16,-0.01522789088934121,0.872585893208452,0.872329250784377,0.8723292507805946,-0.015613230128234092,0.02402296074448666,0.0,-0.0049698305469605165,0.0003951567313695493,-0.019018978236274776,-0.015623047620709873,0.0,0.0,0.0,0.0,0.0,0.04638044987550097,0.027896790721153364,0.018483659154347604,0.09766874347980647,0.21359182402651222,0.016099861908282317,0.009708236967422276,0.006391624940860041,0.09613471446843491,0.21129990248432728,0.022767855758441646,0.02463529170165213,-0.0018674359432104826,-0.010558600140712082,0.1129922537485677
ZERO,3,0,2015_2016,CORE_VOL,3.54940686217442e-16,1.4502288259166107e-15,-0.009762908056722981,0.9521728143954533,0.9521726015995942,0.9521726016033457,-0.006902623729416017,0.8514318606126613,0.0,-0.0035332590176458427,-0.0027477793736993563,-0.007265846910379979,-0.007015128683022175,0.0,0.0,0.0,0.0,0.0,0.011681987175398312,0.00693458962310578,0.004747397552292532,0.03480020762539182,0.08149091515685669,0.0019698077707778414,0.0019466956002947913,2.3112170483050032e-05,0.0005963506992420209,0.04839501452821271,0.007054397974741833,0.006289660175053502,0.0007647377996883309,0.006018471139100923,0.05289947308017484
ZERO,3,0,2018Q4,CORE_VOL,3.0184188481996443e-16,1.2871648191747909e-15,0.026700733432475587,0.85804794824071,0.8572467690643063,0.857246769060057,-0.02566220280375653,,0.0,0.08389541426545909,0.0503522168789887,-0.04288888837200858,-0.023651483446511825,0.0,0.0,0.0,0.0,0.0,0.03409877985222673,0.03384843099606294,0.0002503488561637901,0.0012326014666677043,0.14390432675922693,0.01684088123582416,0.010956588132943645,0.005884293102880515,0.0888482908410907,0.21818814542017895,0.021403031994419397,0.025489229571544314,-0.004086197577124917,-0.0249569651414554,0.11311250295170339
ZERO,3,0,COVID,CORE_VOL,4.586175189613684e-16,6.938893903907228e-16,-0.026301287652572197,0.7225209584066761,0.721471031948184,0.7214710319442487,-0.09816335765156187,,0.0,0.047186236033336416,0.06906615678742782,-0.1275085068175421,-0.09536744444000071,0.0,0.0,0.0,0.0,0.0,0.1250975955516811,0.11964422975629968,0.005453365795381415,0.01779056519760991,0.2935353509920978,0.0012566797675849228,0.03868510950084536,-0.03742842973326044,-0.37156732264226733,0.009013863525229593,0.06469808756992468,0.08029359545273551,-0.015595507882810833,-0.06492829298063585,0.20187274262992527
ZERO,3,0,2022,CORE_VOL,4.787836793695988e-16,5.412337245047638e-16,-1.833908541018503e-05,0.8190770197907113,0.8187827930807478,0.8187827930804246,-0.034904807944282135,,0.0,0.03273097166890551,0.034408784173796544,-0.04253252289583993,-0.03442712325920727,0.0,0.0,0.0,0.0,0.0,0.04486782886410248,0.043888230865941374,0.000979597998161108,0.00495755940174003,0.18579960850852706,0.010400243428601269,0.0140102755032281,-0.0036100320746268316,-0.05691586971602369,0.1343044992634912,0.01741494066544358,0.04448154897066825,-0.02706660830522467,-0.12394464685326745,0.06625224267602747
ZERO,3,0,2023_PLUS,CORE_VOL,4.440892098500626e-16,2.3245294578089215e-16,-0.028949600956644783,0.9523166665676399,0.9523892634397709,0.9523892634354727,-0.017836226744342043,0.8704862100762784,0.0,-0.010218051579489766,-0.011011402763668417,-0.016283043874255484,-0.017938198192976134,0.0,0.0,0.0,0.0,0.0,0.016846241448864346,0.00741129865780904,0.009434942791055306,0.06451137437768273,0.10963059272912634,0.0032124227796694396,0.0020563086129333497,0.00115611416673609,0.028151247931276102,0.07449223602199173,0.021656680972722886,0.00885210647702439,0.012804574495698495,0.06781715697263202,0.10956401179863107
ZERO,3,0,2024_PLUS,CORE_VOL,4.440892098500626e-16,3.3306690738754696e-16,-0.031697652767608,0.9492336041657836,0.9492997803097003,0.9492997803121117,-0.02048196688637538,0.8521716833943817,0.0,-0.010554443482185486,-0.01112662754694759,-0.018988906618373727,-0.020571025220660743,0.0,0.0,0.0,0.0,0.0,0.019809331064771923,0.008252818485713548,0.011556512579058376,0.07600995369180474,0.12358256318296346,0.004231622070682298,0.0024268223668426556,0.0018047997038396421,0.03977354025080848,0.08852077679692327,0.021656680972722442,0.00942639621648933,0.012230284756233112,0.06497315715601482,0.10956401179862885
ZERO,3,0,EX_MAJOR_SHOCKS,CORE_VOL,5.594483210025203e-16,6.938893903907228e-18,-0.016846342479482024,0.9446319162161672,0.9446859999086648,0.9446859999134666,-0.008303096934882237,0.8922344638336931,0.0,-0.008689756677797885,-0.008582693779612084,-0.008762399254279062,-0.008263648699869945,0.0,0.0,0.0,0.0,0.0,0.01932870386954405,0.008478230027798628,0.010850473841745423,0.07544910887632128,0.12692033109514667,0.00625007426189593,0.0026758086340072373,0.0035742656278886925,0.07829403081511943,0.1293271241410069,0.056301894620509274,0.015938514381612534,0.04036338023889674,0.12772267652363833,0.16960337313433105
ZERO,3,1,ALL,VOL,5.205136045490291e-16,5.030698080332741e-16,-0.024292777378081123,0.8468672290546237,0.846949108606732,0.8469491086138047,-0.009349218637851556,0.7738059165099925,-0.0002641531553240741,-0.018280979251516026,-0.015361008507816833,-0.013395305585893085,-0.00864314997272326,0.0,0.0,-0.00028863655409627623,2.843760175922586e-10,1.765655574765763e-08,0.06296581539521559,0.028585595520923435,0.034380219874292156,0.21925984118172037,0.33964551817274335,0.01920808253648692,0.0091270956068282,0.010080986929658718,0.19971249288727533,0.32225842713769337,0.22378326601622878,0.06294006473499314,0.16084320128123564,0.3273901067154523,0.4037738672445047
ZERO,3,1,DOTCOM,VOL,4.163336342344337e-16,9.43689570931383e-16,-0.03882413285827141,0.6209364449678105,0.6210742367291582,0.6210742367270305,-0.06425730378779046,,-0.000215506431185076,0.001925095139127519,0.020112521601544114,-0.06750000521980312,-0.05873574305530326,0.0,0.0,-0.00020484747695727137,4.3096693820184294e-06,3.936072445955136e-06,0.123490073662955,0.09953954603072376,0.02395052763223124,0.14753097994103637,0.47154870290103834,0.044063492430343805,0.033197354684076,0.010866137746267802,0.19981295653030018,0.5031290805570662,0.11051710825074446,0.11420958206535803,-0.0036924738146135727,-0.016957202510956115,0.3329208452880449
ZERO,3,1,GFC,VOL,4.718447854656915e-16,4.163336342344337e-16,0.03721896633563507,0.6754782717689523,0.6753524246774079,0.6753524246817464,0.01353820109851435,,-0.0003231960626682926,0.004266612645002693,0.02295349431623575,0.0010310996347047598,0.014577364295851271,0.0,0.0,-0.000311793509812773,-1.4365290989302494e-07,-9.876663876201754e-08,0.1570059181502807,0.09546351824011853,0.061542399910162165,0.31314230509168883,0.5377002449797446,0.04434211854129667,0.02732969518228149,0.017012423359015177,0.29904017709090547,0.5265047528724596,0.22378326601622878,0.1418291550494838,0.08195411096674499,0.19872478837715646,0.40377386724450504
ZERO,3,1,2011,VOL,3.5865407865820487e-16,1.0755285551056204e-15,-0.03252585320613706,0.7451651373048662,0.7447365479142265,0.7447365479164985,-0.03256769851292991,-1.08462788064792,-0.0003549125755815046,-0.009936622989153933,-0.0005549297943614291,-0.03709661306659095,-0.03161358144262011,0.0,0.0,-0.0003582154343830681,8.29393197605446e-07,8.734652286188535e-07,0.08686809989481306,0.055722596745930164,0.031145503148882897,0.19294381957646467,0.40004605293945494,0.028678768571037468,0.019416297585464183,0.009262470985573285,0.1631346644329349,0.37638962600750214,0.044657671573054114,0.04958582179890059,-0.004928150225846473,-0.032440514905182294,0.2216269732090097
ZERO,3,1,2015_2016,VOL,3.5388358909926865e-16,9.645062526431047e-16,-0.019960192705717944,0.9043497422317159,0.9043498908228262,0.9043498908251857,-0.01420321003668483,0.6962535471119976,-0.0002776591195987617,-0.007066171736119162,-0.0055608208119453115,-0.014333086274353125,-0.014105605045153317,0.0,0.0,-0.0002939663695625173,1.737337888330832e-07,1.9952094223509368e-07,0.02102320322781974,0.013859829238732468,0.007163373989087271,0.055318441584661704,0.1466531374192509,0.003933799963304521,0.003893120566648589,4.067939665593212e-05,0.0011051307020251144,0.09664714963533161,0.012274524852950996,0.012585539041484628,-0.0003110141885336315,-0.0025752763498794184,0.09204412614024393
ZERO,3,1,2018Q4,VOL,3.5388358909926865e-16,4.718447854656915e-16,0.05247925667533199,0.7160226355263148,0.7147006051053908,0.7147006051039435,-0.05609223485344794,,-0.000587441720812525,0.1676691362253666,0.10223864741409208,-0.08728708407523723,-0.04942877321502458,0.0,0.0,-0.00033093319083805846,5.434735727989616e-07,3.1566710301282714e-07,0.06577475523736867,0.06764007612612333,-0.0018653208887546568,-0.011016903867883343,0.277583887494096,0.032585630596351445,0.02191805866329699,0.010667571933054454,0.1930185716008549,0.4221749567380658,0.042754318722284856,0.051445418068552407,-0.00869109934626755,-0.06308249180358372,0.22595153826492742
ZERO,3,1,COVID,VOL,3.469446951953614e-16,8.326672684688674e-16,-0.06072521401846534,0.4449952672657673,0.4438085023339659,0.4438085023346994,-0.19946266537644214,,-0.0005421714864271497,0.09422568672900825,0.12313447317605489,-0.2470451341703661,-0.18345555914836642,0.0,0.0,-0.00040327724553947087,-1.258916914509814e-06,-8.508006151701492e-07,0.2302871157957048,0.238158402320086,-0.00787128652438121,-0.0418647223420745,0.5403573830971344,0.0025118034145956702,0.07737669579802231,-0.07486489238342664,-1.2067268595605847,0.01801656536961882,0.13310802377165754,0.16706364957048314,-0.033955625798825606,-0.22131624583390153,0.41532729689717907
ZERO,3,1,2022,VOL,4.0072112295064244e-16,4.9873299934333204e-17,-0.0020958324535515216,0.638016087214055,0.6375754555721851,0.6375754555695102,-0.07176983988576444,,-0.0004966404537174039,0.06546016075100725,0.06712136887460445,-0.08479033408307686,-0.06881389106780596,0.0,0.0,-0.0004033544669334742,8.441075958854902e-09,4.4206583415326435e-08,0.08767642689700017,0.08771552251416884,-3.9095617168666275e-05,-0.000254248135402646,0.36307185360427596,0.020792462917039477,0.028031094841724252,-0.0072386319246847755,-0.14651115804051718,0.26850538063831286,0.03372801544191262,0.09039366520942915,-0.056665649767516535,-0.3285642036559231,0.1283126200063619
ZERO,3,1,2023_PLUS,VOL,4.061565333731733e-16,4.996003610813204e-16,-0.05816056313363566,0.9045042285943055,0.90464311494935,0.9046431149485752,-0.035936945574893964,0.739803150764809,-0.0003057056852182704,-0.020465164799003274,-0.021938653548810277,-0.03242826799125256,-0.03585903598557345,0.0,0.0,-0.00036239882538076666,-4.2637995369427926e-07,-4.747738706662084e-07,0.030759111666230687,0.014833022144714464,0.015926089521516223,0.11471593224169141,0.20017163199436305,0.00619790041801644,0.00411802746358763,0.0020798729544288103,0.05332155037253894,0.14372188607976155,0.0433992177281729,0.017783768651650544,0.025615449076522356,0.14240410215616928,0.21956237935120015
ZERO,3,1,2024_PLUS,VOL,4.061565333731733e-16,3.191891195797325e-16,-0.0637098681413609,0.8983023466789746,0.8984287700827711,0.8984287700784915,-0.041262054313201624,0.7028763414265257,-0.0003302642932520455,-0.02114444103252214,-0.02218757521839047,-0.03781556798761568,-0.04113438429925084,0.0,0.0,-0.0003870692404178649,-7.452943149652921e-07,-8.39383301394031e-07,0.03610479425206929,0.016518343352555614,0.019586450899513677,0.13623088500836145,0.22524349773724306,0.008154761996813989,0.004861297012369051,0.003293464984444938,0.0766949106512671,0.17058845390595367,0.04339921772817301,0.018946553326311455,0.024452664401861557,0.1368242970213791,0.21956237935120015
ZERO,3,1,EX_MAJOR_SHOCKS,VOL,5.205136045490291e-16,6.106226635438361e-16,-0.03466934002101628,0.8892045337488526,0.889307465800446,0.8893074657958614,-0.017544792442153442,0.778213306132767,-0.00023853842498353336,-0.017389651564787535,-0.01723692600400739,-0.017623966072186626,-0.0171613375837234,0.0,0.0,-0.0002711397701780441,4.682655813729622e-08,6.333689316492682e-08,0.03539106223864985,0.016959075585305267,0.018431986653344584,0.13620126155376022,0.23239542325111473,0.011709654272060388,0.005354291623548349,0.006355362648512039,0.14789080644177277,0.2422972669178568,0.0995075311321465,0.03216190163451538,0.06734562949763112,0.22463502785673917,0.2997556839967128
ZERO,3,1,ALL,CORE_VOL,4.974319567363494e-16,4.145989107584569e-16,-0.0113472341360326,0.9234439359934186,0.9234871446180356,0.9234871446146793,-0.003953287043519105,0.8943440189814492,-0.000131895436163378,-0.009138985790797303,-0.007435767998303579,-0.006927526389292987,-0.003766502307264031,0.0,0.0,-0.00014496548099459218,-1.1707200159018425e-08,1.6505300163373518e-09,0.034896151864395514,0.014301359262809454,0.02059479260158606,0.12037719603499997,0.18823422690271308,0.010683897163347403,0.004562918660076097,0.006120978503271306,0.11120625464705858,0.1792462047693234,0.10409705623410082,0.030612006110338763,0.07348505012376205,0.14034117189148598,0.18782311882678226
ZERO,3,1,DOTCOM,CORE_VOL,3.948664312192207e-16,5.863365348801608e-16,-0.016061160376390687,0.8106026900568395,0.8106716127662594,0.8106716127597156,-0.030357870855747808,,-0.00010915552840469239,0.0009618642839600467,0.011678445878106257,-0.032258957626993226,-0.02763687526519438,0.0,0.0,-0.00010524566014356149,2.740037693692349e-06,2.5146708415827704e-06,0.0637948552287542,0.049788818843874955,0.014006036384879239,0.06603721267910923,0.24360161381863998,0.024233456548595142,0.01658681402650762,0.007646642522087521,0.10771119349093872,0.2767042746620335,0.056223768551649234,0.05555060000117362,0.0006731685504756113,0.002435385328023787,0.1693680267947869
ZERO,3,1,GFC,CORE_VOL,4.119968255444917e-16,5.204170427930421e-17,0.020932808819634767,0.8377038751277723,0.8376142597247065,0.8376142597260431,0.008395292734751904,,-0.00016236554664306922,0.002134120521732652,0.013352433081193453,-0.0012341370584928253,0.0077357573817920244,0.0,0.0,-0.00015524811847922703,-1.7709454874719456e-07,-1.3352487142965882e-07,0.08436250731839151,0.04784167254860802,0.03652083476978349,0.14958140264993192,0.2889173948767071,0.025620648153399435,0.013667648257038187,0.011952999896361248,0.16942079971849622,0.30421173972269444,0.10409705623409937,0.06692611226698308,0.03717094396711629,0.07627890150656702,0.18782311882677982
ZERO,3,1,2011,CORE_VOL,4.367166350771612e-16,2.6020852139652106e-17,-0.015405873310933385,0.872585893208452,0.872329250784377,0.8723292507805946,-0.01577860542737976,0.012615815912193136,-0.00017656109106243848,-0.0049698305469605165,0.00039514826147153486,-0.01901897823627476,-0.015621697368973193,0.0,0.0,-0.00017975829181848406,3.9514413285579776e-07,4.34088386730005e-07,0.04637822531949412,0.02789673020254299,0.01848149511695113,0.09765727734953755,0.21358157947355016,0.016093749196544938,0.00970784069722569,0.006385908499319248,0.09604816254054227,0.2112196772375905,0.022690045333610076,0.02462968688318301,-0.0019396415495729347,-0.01096650764667273,0.1126060963800335
ZERO,3,1,2015_2016,CORE_VOL,4.399692415946177e-16,1.321859288694327e-15,-0.009909792886608947,0.9521728143954533,0.9521726015995943,0.9521726016033457,-0.007046256182882911,0.8491966243742757,-0.00013891034768212995,-0.0035332590176458357,-0.002747580931845884,-0.007265846910380013,-0.00701459480785019,0.0,0.0,-0.0001478266936145302,1.860516451329527e-07,2.0954670298043065e-07,0.01168037615634615,0.006934555699861095,0.004745820456485056,0.034788638269723005,0.08147967705028081,0.0019669202649677878,0.001946641360407432,2.0278904560355748e-05,0.0005232447553303876,0.048324073146164714,0.0069202116491874355,0.006287456686269399,0.0006327549629180362,0.0049796825072226936,0.051893237545717064
ZERO,3,1,2018Q4,CORE_VOL,3.157196726277789e-16,6.591949208711867e-17,0.026535901709779708,0.85804794824071,0.8572467690643064,0.8572467690600569,-0.02581509601652876,,-0.0002924377758124745,0.08389541426545902,0.0503448994167843,-0.042888888372008466,-0.0236480577469618,0.0,0.0,-0.0001610969264571593,2.73091837008408e-07,1.5696641443463878e-07,0.03410063604636282,0.03384899712645861,0.00025163891990420684,0.0012389565946404613,0.14391216030543108,0.01683897706790117,0.010956128281207178,0.005882848786693991,0.08882586602568243,0.218163475281968,0.021345263697722494,0.02548590155461905,-0.004140637856896556,-0.02528895196033698,0.1128072043083923
ZERO,3,1,COVID,CORE_VOL,3.470802204669221e-16,4.3368086899420177e-16,-0.026500220744547248,0.7225209584066761,0.721471031948184,0.7214710319442487,-0.09832959168292785,,-0.0002653729054953567,0.047186236033336416,0.06905686653086321,-0.12750850681754203,-0.09535468720558656,0.0,0.0,-0.00020184167834506552,-8.733095327046536e-07,-5.583914784015135e-07,0.12510177903199754,0.11964353092592617,0.005458248106071373,0.017806452209342405,0.2935451673227608,0.0012559028394626415,0.03868508854942487,-0.03742918570996223,-0.3715747502469635,0.009008290805556873,0.06466945409498548,0.08028812803378005,-0.01561867393879457,-0.06502325941986276,0.20178339967816095
ZERO,3,1,2022,CORE_VOL,3.686287386450715e-16,5.542441505745899e-16,-0.00021895750514422385,0.8190770197907113,0.8187827930807478,0.8187827930804245,-0.035088701960931945,,-0.0002467467982763338,0.03273097166890551,0.03440452368889002,-0.042532522895839905,-0.03442286589714018,0.0,0.0,-0.00020062715899481684,-1.825108630629015e-08,1.1862100196492754e-08,0.04486902182085292,0.043888143306914124,0.0009808785139387988,0.0049640376492045,0.1858045485937242,0.01039626757688665,0.014010187462423926,-0.0036139198855372756,-0.056977085967605756,0.13425315673700666,0.017279932737753967,0.04446919023873841,-0.027189257500984443,-0.1244992417738322,0.06573862749006099
ZERO,3,1,2023_PLUS,CORE_VOL,4.974319567363494e-16,3.5735303605122226e-16,-0.029130407818015014,0.9523166665676399,0.9523892634397709,0.9523892634354728,-0.018012809369760796,0.8696773221784678,-0.0001521329601330207,-0.010218051579489766,-0.011010587043634121,-0.016283043874255488,-0.01793692304162623,0.0,0.0,-0.00018247817307395382,-3.736873942615096e-07,-4.1955968035226505e-07,0.01684829728158596,0.007411396087271038,0.009436901194314923,0.06452480793493842,0.10964397150922456,0.0032080238508458286,0.002056226084487467,0.0011517977663583617,0.0280460877147668,0.07439023013215484,0.02162574670032602,0.00885157360147093,0.01277417309885509,0.06765595042410888,0.1094075112254298
ZERO,3,1,2024_PLUS,CORE_VOL,4.974319567363494e-16,6.245004513516506e-17,-0.031890859252222736,0.9492336041657836,0.9492997803097003,0.9492997803121117,-0.020670616755041865,0.8512706264742593,-0.00016422734542274504,-0.010554443482185486,-0.011125746436135054,-0.01898890661837373,-0.020569457916386168,0.0,0.0,-0.0001949759717281317,-6.006394319757448e-07,-6.789279733174846e-07,0.019812967719332608,0.008252954089412456,0.011560013629920152,0.07603304875636152,0.12360525082903051,0.004227762346857851,0.00242670199924247,0.001801060347615381,0.03969102835011418,0.08844003571337311,0.021625746700326798,0.009425830359810372,0.012199916340516426,0.06481163068970641,0.10940751122543346
ZERO,3,1,EX_MAJOR_SHOCKS,CORE_VOL,4.974319567363494e-16,5.30825383648903e-16,-0.016981774859928744,0.9446319162161672,0.9446859999086648,0.9446859999134666,-0.008434179851008056,0.8913641938410661,-0.00011910754410133793,-0.008689756677797885,-0.008582161471936139,-0.00876239925427906,-0.008263204085248608,0.0,0.0,-0.0001364514563671543,3.037824230934761e-08,4.2153623689187633e-08,0.019328263673685148,0.00847816951676672,0.010850094156918427,0.07544745044823753,0.12691905054632135,0.006246298850329179,0.002675707303454962,0.0035705915468742175,0.07821337673004192,0.12924900296997477,0.056223768551649234,0.015936470435042094,0.04028729811660714,0.12748110378517297,0.1693680267947869
ZERO,3,3,ALL,VOL,5.122313163907766e-16,2.636779683484747e-16,-0.0248636235605693,0.8468672290546237,0.846949108606732,0.8469491086138046,-0.009896637556231061,0.7684715210400533,-0.0007924472302613015,-0.018280979251516026,-0.015356947763916913,-0.013395305585893084,-0.008641052908342179,0.0,0.0,-0.000865675711028392,6.651997853141863e-10,5.2822717921004376e-08,0.06296560607630393,0.028585215301435263,0.034380390774868666,0.21926405500280644,0.33964917858528043,0.019194435789179683,0.009126453755343308,0.010067982033836374,0.19945231924258466,0.3220294725132835,0.2230393337072003,0.0629100162796008,0.1601293174275995,0.32591708988694423,0.40243158446021965
ZERO,3,3,DOTCOM,VOL,4.822531263215524e-16,7.077671781985373e-16,-0.03921499480869721,0.6209364449678105,0.6210742367291583,0.6210742367270305,-0.0646326475839856,,-0.0006465435552214676,0.0019250951391275029,0.020103209596803267,-0.06750000521980316,-0.05871568273953277,0.0,0.0,-0.0006143244880991194,1.2926277064569778e-05,1.1802822132116586e-05,0.12345813178794723,0.09952735774043558,0.02393077404751165,0.1474314448512536,0.4714925754046637,0.04405314400165934,0.03319612428595131,0.01085701971570803,0.19964077187104745,0.5030109193509958,0.11018831022628284,0.11419764001577704,-0.004009329789494198,-0.018411312368621813,0.3319303767717613
ZERO,3,3,GFC,VOL,4.2760933682828295e-16,4.85722573273506e-17,0.03658310299568733,0.6754782717689523,0.6753524246774079,0.6753524246817464,0.012955403165046266,,-0.0009695756138518939,0.004266612645002693,0.02294593731306634,0.0010310996347047785,0.014572538511298158,0.0,0.0,-0.0009350765029953364,-4.310653152467004e-07,-2.9632568178009846e-07,0.15700847975168458,0.0954627218486945,0.06154575790299008,0.3131581223662666,0.5377090177299606,0.04433402211536673,0.027326783603863584,0.017007238511503146,0.2989337399897607,0.526408618387378,0.2230393337071973,0.14177075348816925,0.08126858021902805,0.19703459001313195,0.40243158446021465
ZERO,3,3,2011,VOL,4.163336342344337e-16,8.881784197001252e-16,-0.03322885187932675,0.7451651373048662,0.7447365479142265,0.7447365479164983,-0.03322769905097549,-1.129684058725907,-0.0010647384420526648,-0.009936622989153933,-0.0005545388800085073,-0.037096613066590935,-0.03160265002117487,0.0,0.0,-0.0010742826002085775,2.488310419421312e-06,2.6196220643261914e-06,0.08685574821559158,0.05572236659931365,0.031133381616277933,0.19286845270301345,0.399989170832839,0.028650593661514234,0.019414931712896516,0.009235661948617718,0.16265857905267955,0.37601984919396914,0.04433379382303426,0.04956616799355951,-0.005232374170525245,-0.03443867315246263,0.22001963357623722
ZERO,3,3,2015_2016,VOL,4.451192019139238e-16,8.326672684688674e-17,-0.02054160296774197,0.9043497422317159,0.9043498908228262,0.9043498908251857,-0.014772299096657934,0.687405871773083,-0.0008329571100975238,-0.007066171736119162,-0.005559219401540678,-0.014333086274353132,-0.01410132633984262,0.0,0.0,-0.0008816558249024448,5.213653265386702e-07,5.985985436872934e-07,0.021019385846465746,0.013859700076255949,0.007159685770209798,0.05528990453341964,0.14662650822548706,0.003922171949115462,0.0038929141669752365,2.9257782140225397e-05,0.0007948370593735543,0.096361467994736,0.011701569810169343,0.012577113760931291,-0.0008755439507619478,-0.0072492202072522716,0.08774765463831091
ZERO,3,3,2018Q4,VOL,3.400058012914542e-16,8.326672684688674e-17,0.05178737881031448,0.7160226355263148,0.7147006051053908,0.7147006051039434,-0.05674067802509092,,-0.001762381419613092,0.1676691362253666,0.10217851390880812,-0.08728708407523723,-0.04939981668892617,0.0,0.0,-0.000992264629292016,1.6299717911260081e-06,9.462197246240408e-07,0.0657822703144487,0.0676419309682777,-0.001859660653829004,-0.010983593878766573,0.2776156027669723,0.03258563059635167,0.021916514476547966,0.010669116119803701,0.19304111839214388,0.42217495673806815,0.04251764116516232,0.05143398685410927,-0.008916345688946947,-0.06471202513947927,0.22470072525462037
ZERO,3,3,COVID,VOL,2.92300905702092e-16,5.065392549852277e-16,-0.061500100674681646,0.4449952672657673,0.4438085023339659,0.4438085023346994,-0.20015142904329378,,-0.0016265318940098677,0.09422568672900825,0.12306761459580236,-0.2470451341703661,-0.18335594168186287,0.0,0.0,-0.0012092221911957038,-3.7769604009384675e-06,-2.551397424928151e-06,0.23030764861564382,0.2381566157439794,-0.007848967128335577,-0.0417456163155796,0.5404055623485504,0.0025086902563367097,0.07737664198047267,-0.07486795172413596,-1.2067751254004828,0.017994235429722782,0.13297738813807702,0.16704911188111937,-0.03407172374304235,-0.22205190965404786,0.41491968401978774
ZERO,3,3,2022,VOL,3.5561831257524545e-16,2.0209528495129803e-16,-0.0029010664050910517,0.638016087214055,0.637575455572185,0.6375754555695101,-0.07252093462249877,,-0.001489917766635838,0.06546016075100726,0.067087933950792,-0.08479033408307687,-0.06877965909535294,0.0,0.0,-0.001209473712573437,2.5213673102021914e-08,1.324520431206368e-07,0.0876817911030271,0.08771524353377366,-3.3452430746566675e-05,-0.00021754875168045196,0.36309406701207814,0.020776416174968775,0.028030817053310543,-0.0072544008783417685,-0.1468294988342711,0.26829815955993996,0.033169906292115026,0.09035303112960624,-0.05718312483749122,-0.3314865761951151,0.12618938665504376
ZERO,3,3,2023_PLUS,VOL,4.440892098500626e-16,1.0408340855860843e-16,-0.058869280796674445,0.9045042285943055,0.90464311494935,0.904643114948575,-0.036629736791042145,0.7366325125697095,-0.0009170962158486336,-0.020465164799003274,-0.02193215134560142,-0.03242826799125255,-0.03584884187164126,0.0,0.0,-0.0010868634615258687,-1.2792929417744677e-06,-1.4241179060048967e-06,0.030763002825992994,0.01483338953000371,0.015929613295989284,0.11474161769651747,0.20019695456571762,0.006180174108198835,0.0041177128867655385,0.002062461221433297,0.05287474062759112,0.14331083418986434,0.0432717021820217,0.017781721517640903,0.025489980664380796,0.1417049722521897,0.2189172613471707
ZERO,3,3,2024_PLUS,VOL,4.440892098500626e-16,4.579669976578771e-16,-0.06446573675477885,0.8983023466789746,0.8984287700827711,0.8984287700784915,-0.04200080550984436,0.6993511976085969,-0.0009907746940659818,-0.02114444103252214,-0.02218054340781899,-0.03781556798761569,-0.04112184569912188,0.0,0.0,-0.0011608300287835561,-2.236060951426486e-06,-2.5176190548713967e-06,0.036113819472683786,0.016518852725555144,0.019594966747128642,0.13629059868420812,0.2252998025106443,0.00813917250009323,0.004860839596528763,0.003278332903564468,0.07634171674272217,0.17026233915928135,0.04327170218202159,0.018944385400593622,0.024327316781427966,0.13612126618902276,0.21891726134717038
ZERO,3,3,EX_MAJOR_SHOCKS,VOL,5.122584214450887e-16,2.914335439641036e-16,-0.03520320679264559,0.8892045337488526,0.889307465800446,0.8893074657958614,-0.01806247719233882,0.7747818303877602,-0.000715602730698888,-0.017389651564787535,-0.017232755233161055,-0.017623966072186626,-0.017157423728946342,0.0,0.0,-0.000813217663445409,1.4027472214386841e-07,1.89832906931077e-07,0.035389314260586044,0.016958820700611527,0.018430493559974517,0.13619384834971737,0.232389822883175,0.011698741469839943,0.005353908815514903,0.00634483265432504,0.14764445574067775,0.24207145818849596,0.09905615274142099,0.03215402405183643,0.06690212868958456,0.22314984316339104,0.29839595537402397
ZERO,3,3,ALL,CORE_VOL,5.043708506402567e-16,1.0408340855860843e-17,-0.011635716954922742,0.9234439359934186,0.9234871446180356,0.9234871446146793,-0.0042288396811149265,0.8916489448282156,-0.00039568400859007834,-0.009138985790797303,-0.007434775145001083,-0.006927526389292985,-0.003766110471555867,0.0,0.0,-0.00043483619863132566,-3.526885248514419e-08,4.860265544221972e-09,0.03489627145474575,0.01430117310573123,0.020595098349014518,0.12038069157999953,0.1882375263875028,0.01067706594621623,0.004562569865982517,0.0061144960802337125,0.11108777769622447,0.17913159586528793,0.10378964040214533,0.03059663392461376,0.07319300647753157,0.13977932563170614,0.18726844607787396
ZERO,3,3,DOTCOM,CORE_VOL,4.2197148553135833e-16,1.3877787807814457e-17,-0.016264680375323387,0.8106026900568395,0.8106716127662594,0.8106716127597156,-0.030542883057913382,,-0.000327484808659072,0.0009618642839600467,0.011674092410370141,-0.03225895762699322,-0.027630655282661065,0.0,0.0,-0.0003156588651045751,8.2180947122958e-06,7.541362072098715e-06,0.06377749180219244,0.049783065623026035,0.013994426179166408,0.06599206053930573,0.24356932530224162,0.024227838688037545,0.016586025273198426,0.007641813414839119,0.10764197436591472,0.27664012838444285,0.05606753254569108,0.055543365509771125,0.0005241670359199535,0.0018962788705770839,0.16889738271088506
ZERO,3,3,GFC,CORE_VOL,5.002373298576557e-16,1.3877787807814457e-16,0.02061861124262991,0.8377038751277723,0.8376142597247065,0.8376142597260431,0.008113678736794715,,-0.0004870932747297068,0.002134120521732652,0.013350222066004272,-0.0012341370584928173,0.007734458014037168,0.0,0.0,-0.00046566824812312765,-5.313625915653401e-07,-4.00589288262711e-07,0.08436457945428857,0.04784119226548769,0.03652338718880088,0.1495915625367038,0.28892449134792675,0.025615730582822363,0.013665854552606951,0.011949876030215412,0.1693722162189062,0.3041533499937733,0.10378964040214445,0.06689437143594745,0.03689526896619699,0.075708254505095,0.18726844607787252
ZERO,3,3,2011,CORE_VOL,2.743031496388326e-16,6.210310043996969e-16,-0.015761753749378028,0.872585893208452,0.872329250784377,0.8723292507805946,-0.016109272023049303,-0.010193064133451498,-0.0005296894194557547,-0.0049698305469605165,0.0003951313140455191,-0.019018978236274787,-0.015618997283375154,0.0,0.0,-0.0005391898143238092,1.1854231724144031e-06,1.302034274795696e-06,0.04637375292157281,0.027896608890289776,0.018477144031283033,0.09763422337840655,0.21356098313107508,0.016081521148477836,0.00970704820929752,0.006374472939180316,0.09587502159137307,0.2110591922981001,0.022534434957963367,0.024618478110064124,-0.0020840431521007563,-0.011782190832491102,0.11183383362338462
ZERO,3,3,2015_2016,CORE_VOL,4.0549161250957866e-16,9.107298248878237e-16,-0.01020350175294852,0.9521728143954533,0.9521726015995943,0.9521726016033457,-0.007333460181970973,0.8447270770283332,-0.00041672626882180425,-0.0035332590176458357,-0.0027471840960020806,-0.0072658469103799835,-0.007013527173234712,0.0,0.0,-0.00044341926221369576,5.58349024593177e-07,6.287785028783966e-07,0.011677114785296955,0.0069344878426511325,0.004742626942645822,0.03476521132645294,0.08145692645935176,0.001961146901407855,0.0019465328872618343,1.461401414602076e-05,0.0003770758342197533,0.04818223087226148,0.006651894743501141,0.006283050021340997,0.0003688447221601443,0.002902649561551063,0.049881184500209064
ZERO,3,3,2018Q4,CORE_VOL,3.0661237437890065e-16,1.5334955527634975e-15,0.02620635245566194,0.85804794824071,0.8572467690643063,0.8572467690600568,-0.026120772055838126,,-0.0008773560068227566,0.08389541426545909,0.050330267446476826,-0.04288888837200849,-0.02364120773473888,0.0,0.0,-0.00048317784702905925,8.189481451783095e-07,4.705909545873622e-07,0.03410431545530762,0.03385012883629354,0.0002541866190140796,0.0012515072899071944,0.1439276882178484,0.01683516962506592,0.010955208814417583,0.005879960810648337,0.08878102755617834,0.21811414657526973,0.021229729702075706,0.025479246208440887,-0.004249516506365181,-0.025952873555910028,0.11219662075055647
ZERO,3,3,COVID,CORE_VOL,4.111294638065033e-16,1.5334955527634975e-15,-0.02689795346032109,0.7225209584066761,0.7214710319481838,0.7214710319442487,-0.09866193136549159,,-0.0007961437133938437,0.04718623603333645,0.06903828973489583,-0.1275085068175419,-0.09532917786135767,0.0,0.0,-0.0006053903675837548,-2.6201569409188118e-06,-1.6749662770260863e-06,0.12511011426337015,0.11964213318527495,0.005467981078095208,0.01783812276156549,0.29356472553293866,0.0012543485211259364,0.038685046655664856,-0.03743069813453892,-0.37158961015811065,0.008997142051734963,0.0646121768128034,0.08027719544334189,-0.015665018630538485,-0.06521323230881815,0.20160468153549582
ZERO,3,3,2022,CORE_VOL,3.7296554733501353e-16,4.643637904755415e-16,-0.0006200528611623735,0.8190770197907113,0.8187827930807478,0.8187827930804246,-0.03545635088109472,,-0.0007402447607181623,0.03273097166890551,0.0343960046625381,-0.04253252289583992,-0.03441435311702317,0.0,0.0,-0.0006017399240550926,-5.4819871671525437e-08,3.5517377323834775e-08,0.0448713866043107,0.043887968006291356,0.0009834185980193422,0.0049768881112610686,0.18581434126370144,0.010388316515948764,0.014010011375690648,-0.0036216948597418835,-0.05709950774603545,0.1341504799809089,0.01700998049977087,0.04444447496545911,-0.02743449446568824,-0.1256079633466214,0.06471163913992095
ZERO,3,3,2023_PLUS,CORE_VOL,4.054645074552665e-16,1.942890293094024e-16,-0.02949193731333996,0.9523166665676399,0.9523892634397709,0.9523892634354727,-0.01836588981763418,0.8680599231967387,-0.00045639291096392643,-0.010218051579489766,-0.011008955865091218,-0.01628304387425548,-0.017934373163854832,0.0,0.0,-0.0005473495737329774,-1.1212348948837735e-06,-1.258710661126463e-06,0.016852381580546916,0.007411590888531466,0.00944079069201545,0.06455148835340807,0.1096705509760647,0.003199226857830799,0.002056061040932096,0.001143165816898703,0.027835789287563917,0.07418623840226601,0.021563874314628584,0.008850508047717698,0.012713366266910886,0.06733351873950699,0.10909449064738719
ZERO,3,3,2024_PLUS,CORE_VOL,3.9432433013297796e-16,1.6653345369377348e-16,-0.03227717853177997,0.9492336041657836,0.9492997803097003,0.9492997803121117,-0.021047822254183307,0.8494689495744607,-0.000492678217841072,-0.010554443482185486,-0.011123984504531921,-0.018988906618373724,-0.020566323845840777,0.0,0.0,-0.0005848334225541376,-1.8021551368925385e-06,-2.036758852972592e-06,0.019820211714340896,0.008253225208206177,0.011566986506134719,0.07607904674103605,0.12365044324203445,0.004220042651828272,0.0024264612785566894,0.0017935813732715827,0.039526000103083825,0.08827854837134708,0.021563874314628695,0.009424698855383329,0.012139175459245366,0.06448855922754027,0.10909449064738785
ZERO,3,3,EX_MAJOR_SHOCKS,CORE_VOL,5.043708506402567e-16,9.71445146547012e-17,-0.017252587091128452,0.9446319162161672,0.9446859999086648,0.9446859999134666,-0.008696292675779593,0.8896238030635476,-0.00035731999524115727,-0.008689756677797885,-0.008581097000740907,-0.008762399254279057,-0.008262314970899147,0.0,0.0,-0.0004093014727059633,9.097371216815337e-08,1.2635321766282897e-07,0.019327366907673088,0.008478049220453088,0.01084931768722,0.07544400872860935,0.12691637197035388,0.006238748345021097,0.002675504648799537,0.0035632436962215602,0.07805207646567325,0.12909276720438423,0.05606753254569108,0.015932383006524775,0.040135149539166304,0.12699801744417938,0.16889738271088506
ZERO,4,0,ALL,VOL,4.61883678005981e-16,4.510281037539698e-16,-0.019024903484589004,0.8461781444420922,0.8463202544346154,0.8463202544403088,-0.004358427561799855,0.8185585406578418,0.0,-0.017988167599727455,-0.0150277322718729,-0.009006541231027884,-0.003997171212715655,0.0,0.0,0.0,0.0,0.0,0.062139437676469886,0.028626811821517356,0.03351262585495253,0.2142661997159564,0.3358283860648704,0.019337703316328517,0.00868206410345125,0.010655639212877266,0.22310677641888366,0.34260993364049563,0.24337358145680288,0.06557366701399348,0.1777999144428094,0.3638553207916714,0.43912082399777164
ZERO,4,0,DOTCOM,VOL,3.9876955904016853e-16,1.1102230246251565e-15,-0.021228231481258283,0.6253840501522063,0.6254026537334145,0.6254026537326138,-0.055174357019258255,,0.0,0.01893058196519869,0.03433281932799315,-0.06535260996811704,-0.05556105080925032,0.0,0.0,0.0,0.0,0.0,0.11720941920130909,0.09733282109433733,0.01987659810697176,0.12430968278800825,0.4556624050183905,0.026323418560764374,0.023740524182837223,0.00258289437792715,0.06517121333124776,0.4153729871942221,0.0990027916536319,0.11250900380472062,-0.013506212151088715,-0.06154486495143274,0.2982352108636652
ZERO,4,0,GFC,VOL,4.388850394221322e-16,5.898059818321144e-16,0.049951282870053605,0.6732229878180078,0.6735426142212048,0.6735426142223884,0.023766491228370074,,0.0,0.00429039769921055,0.02330852475139176,0.013691638925370307,0.026642758118662433,0.0,0.0,0.0,0.0,0.0,0.15587082981461123,0.0955779327513121,0.06029289706329913,0.30696324291867816,0.5338128929400658,0.055856402370832135,0.03211412077785253,0.023742281592979607,0.3588549786156414,0.5683664330789813,0.24337358145680366,0.14738101339190368,0.09599256806489997,0.23594198535751598,0.4391208239977731
ZERO,4,0,2011,VOL,4.536301889679351e-16,1.4051260155412137e-15,-0.030161214103586936,0.7424512580982991,0.7429001660594337,0.7429001660631412,-0.02948025179180838,-0.9330748200839115,0.0,-0.010008107700365447,-0.0004925218571174427,-0.034774825967067886,-0.02966869224646809,0.0,0.0,0.0,0.0,0.0,0.08517820193366363,0.056086374187089144,0.029091827746574483,0.18062852933236717,0.39226371385241543,0.009208436663072257,0.012994046899798398,-0.0037856102367261404,-0.10106085138466714,0.1825159856466697,0.053245145686674156,0.04922182397181141,0.004023321714862749,0.02642099685368915,0.2642448668042655
ZERO,4,0,2015_2016,VOL,4.440892098500626e-16,6.938893903907228e-17,-0.03697271002178916,0.9052620241927798,0.9053916796839848,0.905391679684048,-0.031337090442011696,0.43736367236785495,0.0,-0.006989209367031986,-0.0054575044133502795,-0.03111955769566418,-0.03151520560843881,0.0,0.0,0.0,0.0,0.0,0.021468046653725162,0.013708275193717645,0.007759771460007517,0.05985401080458419,0.14975626510927997,0.007318844158354557,0.004420760587363223,0.0028980835709913333,0.06860625424115518,0.15684461239385183,0.0030027900450529943,0.0125466158759715,-0.009543825830918506,-0.07899983691169421,0.02251730221663739
ZERO,4,0,2018Q4,VOL,3.555098923579969e-16,3.8163916471489756e-16,0.05611826509947271,0.6993768048341735,0.6974756168482515,0.6974756168449446,-0.05666464199131066,,0.0,0.17779218224035548,0.1085538035408565,-0.09346916633029244,-0.052435538441384176,0.0,0.0,0.0,0.0,0.0,0.07547274066175733,0.07182184774423833,0.003650892917518994,0.02210884735147045,0.31851151216176654,0.005923835912040931,0.013824592471145536,-0.007900756559104605,-0.24565612915827084,0.12881699646718403,0.043366244202033166,0.05416340923311558,-0.010797165031082412,-0.07994609389525875,0.229185492344531
ZERO,4,0,COVID,VOL,3.937822290467352e-16,3.0531133177191805e-16,-0.054815838072950734,0.44345056374004344,0.44374861910791197,0.4437486191035955,-0.1952394000670576,,0.0,0.09423583168469735,0.1243382749826483,-0.23802142930962655,-0.17915411305559872,0.0,0.0,0.0,0.0,0.0,0.2234587580879229,0.23825788814787238,-0.014799130059949483,-0.07875325997382143,0.5243349778093737,0.04678830813240653,0.06897730097496269,-0.022188992842556154,-0.4037289842709204,0.3775155905868218,0.1362922497896084,0.16662170129177267,-0.030329451502164262,-0.1971137455409473,0.4252628060218122
ZERO,4,0,2022,VOL,3.369700352084948e-16,8.465450562766819e-16,0.008882230021570209,0.6296310396064655,0.6293238590273763,0.629323859026456,-0.06274989744490467,,0.0,0.06695054225132317,0.06901146442258879,-0.0737091681142015,-0.06012923440101774,0.0,0.0,0.0,0.0,0.0,0.09004640920897689,0.08962742637333893,0.0004189828356379599,0.0027590502807673944,0.37288605226031346,0.022907146143510568,0.027037573836776407,-0.00413042769326584,-0.08986193336638326,0.31378909786700915,0.046304267113612574,0.09310716583575662,-0.04680289872214405,-0.27571506739688667,0.17615687590793916
ZERO,4,0,2023_PLUS,VOL,4.408366033326061e-16,1.6653345369377348e-16,-0.04389450350958235,0.9036922944287653,0.9037917985426538,0.9037917985422024,-0.02131404058479025,0.8029098365074275,0.0,-0.02057577209792375,-0.022156555142175436,-0.02023012043681105,-0.021737948367407084,0.0,0.0,0.0,0.0,0.0,0.029345589367860414,0.015035498445121892,0.014310090922738522,0.10328418683519969,0.1910692482117089,0.0036492953165116297,0.0032723552914517146,0.00037694002505991517,0.012275869467531009,0.10740131421645527,0.049981472928902204,0.01779350089209797,0.032187972036804235,0.17895244610359962,0.2528628785081408
ZERO,4,0,2024_PLUS,VOL,4.408366033326061e-16,1.3322676295501878e-15,-0.04313210225252334,0.9011225530775846,0.9012064156189492,0.9012064156163806,-0.02102367527773366,0.7978071901221266,0.0,-0.02046525530509001,-0.021612624060991178,-0.02072343517349862,-0.0215194781915335,0.0,0.0,0.0,0.0,0.0,0.033732961044023874,0.016168170489826716,0.017564790554197157,0.12196774261872212,0.21059416580407653,0.0038079388910376814,0.0033137215142236727,0.0004942173768140087,0.016364976601999204,0.11362429641906391,0.049981472928902204,0.018271812525304965,0.03170966040359724,0.17676327501638744,0.2528628785081408
ZERO,4,0,EX_MAJOR_SHOCKS,VOL,4.61897230533137e-16,4.0245584642661925e-16,-0.031036301766958915,0.8891182924344321,0.8892343677492871,0.8892343677434426,-0.014022250654646504,0.7972917123534611,0.0,-0.01707934257865481,-0.016873519333457848,-0.014884459601165575,-0.014162782433500663,0.0,0.0,0.0,0.0,0.0,0.03450634045448746,0.016957467646245117,0.01754887280824234,0.13017407963790428,0.22736201219979002,0.009593413351480305,0.004740964788128563,0.0048524485633517425,0.12764228518228637,0.2243707982092712,0.09090415061853241,0.031996258243701114,0.058907892374831294,0.19638199101153242,0.2738389299460309
ZERO,4,0,ALL,CORE_VOL,6.661338147750939e-16,3.7296554733501353e-16,-0.008566227538076135,0.9231332799608936,0.9232093561367422,0.9232093561354732,-0.0013132387328407547,0.9183034580530439,0.0,-0.008988321569777505,-0.007259843129517867,-0.004590636844298547,-0.0013063844085578953,0.0,0.0,0.0,0.0,0.0,0.03431786282905239,0.014315175854328344,0.020002686974724043,0.11716791037337249,0.18546856743507945,0.010667344006304195,0.004338536863835507,0.006328807142468688,0.12146537951711267,0.18899545423443354,0.11493337347941124,0.03194479554622964,0.0829885779331816,0.15889537918311292,0.20737516933850397
ZERO,4,0,DOTCOM,CORE_VOL,5.459228989007636e-16,5.30825383648903e-16,-0.009447503421734199,0.8127766550678643,0.8127736068929577,0.8127736068997773,-0.026951704962298914,,0.0,0.009461638252608004,0.018612738870800064,-0.03348877169612256,-0.028060242292533732,0.0,0.0,0.0,0.0,0.0,0.061031749846777256,0.04881647373631587,0.012215276110461387,0.05861114793646205,0.23726654484909093,0.013906419943367485,0.01186489883775356,0.002041521105613925,0.03963497726017917,0.21943772917335413,0.049482863778848474,0.05468495794911321,-0.005202094170264737,-0.018761351304541263,0.1490617796400443
ZERO,4,0,GFC,CORE_VOL,4.719532056829401e-16,1.4883927423881005e-15,0.028795469586547485,0.8366699465186684,0.8368552378093733,0.8368552378034668,0.014695849252799754,,0.0,0.0021440958080060067,0.013495621746010293,0.0069080148570759845,0.015299847840538679,0.0,0.0,0.0,0.0,0.0,0.08325247987259524,0.04782272847581523,0.03542975139678001,0.14510130373713648,0.28511586919811704,0.03307455077785061,0.01605131593905193,0.01702323483879868,0.20703481485556907,0.3365498609540424,0.11493337347941146,0.06984515767526356,0.0450882158041479,0.09308361173966961,0.20737516933850442
ZERO,4,0,2011,CORE_VOL,4.0722633598555547e-16,1.9081958235744878e-17,-0.014351861331251024,0.871362820493232,0.8716205706232619,0.8716205706162395,-0.01430451198112895,0.08016893267310672,0.0,-0.004997417291256849,0.0004158730897136135,-0.017921588100843624,-0.014767734420964657,0.0,0.0,0.0,0.0,0.0,0.045194907790180594,0.02803053412820164,0.017164373661978954,0.09076170327034949,0.20813215088527504,0.0064772632762691365,0.00649010176181216,-1.2838485543023581e-05,-0.0002920315501508952,0.128382714071556,0.026624859163122294,0.024351366643134198,0.002273492519988096,0.012833866942346006,0.13213377994385644
ZERO,4,0,2015_2016,CORE_VOL,4.82578386973298e-16,4.961309141293668e-16,-0.018507821234339222,0.9526758323991089,0.9527436742618964,0.9527436742581904,-0.015709435418261197,0.7183551715407378,0.0,-0.0034910709057833036,-0.002704165080402846,-0.015635579855313688,-0.015803656153936873,0.0,0.0,0.0,0.0,0.0,0.011865413530773167,0.006851377237037853,0.005014036293735313,0.03673236383889922,0.08277045615779721,0.003925026449072597,0.0022082888427498865,0.0017167376063227102,0.03861765320822108,0.08411427251633319,0.002069233572060125,0.006263917109748385,-0.00419468353768826,-0.03300538846924361,0.01551675508437611
ZERO,4,0,2018Q4,CORE_VOL,2.3765711620882257e-16,6.245004513516506e-16,0.027853153713669865,0.8497168576504919,0.8485494277274936,0.8485494277274228,-0.0262266927025821,,0.0,0.08900680158522276,0.053426372925876785,-0.04693276744016642,-0.025573219212206295,0.0,0.0,0.0,0.0,0.0,0.038926039174785515,0.03597177673299731,0.0029542624417882024,0.014699085491718944,0.16427641942399296,0.005923835912041042,0.006910987680505243,-0.0009871517684642006,-0.025262704498625776,0.12881699646718647,0.021606498839489063,0.026786798677171375,-0.005180299837682312,-0.031892079016417885,0.1141878012608174
ZERO,4,0,COVID,CORE_VOL,3.8510861166685117e-16,7.494005416219807e-16,-0.020836996100228183,0.7224073717879946,0.7225911317789699,0.7225911317805512,-0.09358143109787409,,0.0,0.04699647733295397,0.06923858913183555,-0.11882528185279481,-0.09007558523206448,0.0,0.0,0.0,0.0,0.0,0.12111423852439662,0.11921935526313482,0.0018948832612618038,0.00617313860971469,0.284188599777781,0.04131133330533432,0.03440411402315546,0.006907219282178856,0.07714692585646299,0.3333241361614965,0.06619557700070722,0.07960931458951104,-0.01341373758880382,-0.05568635475753547,0.20654525011516844
ZERO,4,0,2022,CORE_VOL,3.690624195140657e-16,5.342948306008566e-16,0.00542638472512369,0.8148940411119838,0.8146817311224748,0.814681731121781,-0.030465395276269458,,0.0,0.03347169461155891,0.035280138530463204,-0.03685738079643553,-0.02985375380534005,0.0,0.0,0.0,0.0,0.0,0.04613766178509182,0.04482734764164886,0.0013103141434429588,0.006662917789644784,0.19105804123335668,0.01370907056657708,0.013513054727221661,0.00019601583935541927,0.00329501115034736,0.18779104383983014,0.023601264660024768,0.0458501644996584,-0.02224889983963363,-0.10252572856075948,0.08978708246878131
ZERO,4,0,2023_PLUS,CORE_VOL,4.22296746183104e-16,2.6020852139652106e-16,-0.022013880360480242,0.9518632524195709,0.9519152567793845,0.951915256776474,-0.010698302286230033,0.9011557499811834,0.0,-0.010283746114235486,-0.011102682405216115,-0.010272819831205024,-0.010911197955264388,0.0,0.0,0.0,0.0,0.0,0.015850838235593412,0.0075223975791314235,0.008328440656461988,0.05701921778400265,0.1032048703208941,0.002081119497118672,0.0016355964429199468,0.0004455230541987251,0.01377514589434814,0.06124880275397726,0.024832418340122175,0.008861382680156238,0.015971035659965938,0.0845919127024427,0.12563048693530288
ZERO,4,0,2024_PLUS,CORE_VOL,4.22296746183104e-16,8.465450562766819e-16,-0.021604895685112924,0.9505783222484752,0.950622123347414,0.9506221233516609,-0.010527607359084368,0.8987215012123421,0.0,-0.010228709267403008,-0.010811717564207643,-0.010568783535167898,-0.010793178120906126,0.0,0.0,0.0,0.0,0.0,0.018265666697222044,0.008091439968796021,0.010174226728426022,0.06689675197291911,0.11403217274453437,0.0022288470031748622,0.0016562894970656161,0.0005725575061092461,0.017972663501822583,0.06650610206942442,0.024832418340121398,0.009098803336402672,0.015733615003718726,0.08343932100095486,0.12563048693529888
ZERO,4,0,EX_MAJOR_SHOCKS,CORE_VOL,6.661338147750939e-16,2.740863092043355e-16,-0.015342963007414945,0.9445899699421716,0.9446510666392399,0.9446510666368013,-0.006842340128070362,0.8997900657749011,0.0,-0.008534446786633794,-0.008394904791176225,-0.0075555842714232855,-0.006948058216238446,0.0,0.0,0.0,0.0,0.0,0.01881453266803626,0.008478717690549364,0.010335814977486896,0.07213236715757143,0.123968811228926,0.005319107207103851,0.002369164465274555,0.0029499427418292964,0.07304044867638537,0.12440330527761778,0.049482863778848474,0.0158487481515851,0.03363411562726337,0.1063989032159306,0.1490617796400443
ZERO,4,1,ALL,VOL,5.568462357885551e-16,2.7755575615628914e-17,-0.019311058517352556,0.8461781444420922,0.8463202544346154,0.8463202544403088,-0.004633140851589043,0.8158216784227976,-0.00026405277475010736,-0.017988167599727455,-0.01502573162039333,-0.009006541231027882,-0.003996711522177822,0.0,0.0,-0.0002884511409224595,-1.7299651507346178e-07,-1.642338589195776e-07,0.06214031876900371,0.028626923976821123,0.033513394792182585,0.21427156470187325,0.3358335387816793,0.019331239826757794,0.008681692190786357,0.010649547635971437,0.22297749520989552,0.34249541871094646,0.24305245744074544,0.06555719371222613,0.17749526372851931,0.3632196293442215,0.4385414174669041
ZERO,4,1,DOTCOM,VOL,5.577135975265435e-16,2.8102520310824275e-16,-0.021462604682213546,0.6253840501522063,0.6254026537334145,0.6254026537326138,-0.0554098199574074,,-0.00026229243922339975,0.01893058196519869,0.03432536669418014,-0.06535260996811708,-0.05554953770855502,0.0,0.0,-0.00023878640412980647,3.570097597730449e-07,3.527362914247109e-07,0.11721055194449287,0.09733176527532097,0.019878786669171894,0.12432507710995244,0.4556725678418201,0.026320397422422225,0.02374013214319417,0.0025802652792280556,0.06510423229353335,0.41532531484288904,0.0988292920867313,0.11250237855823386,-0.01367308647150256,-0.062303393930280615,0.29771256216805697
ZERO,4,1,GFC,VOL,4.579669976578771e-16,4.649058915617843e-16,0.04965162671844491,0.6732229878180078,0.6735426142212049,0.6735426142223884,0.023495143692389586,,-0.0003006706879837369,0.004290397699210537,0.023304879514296488,0.0136916389253703,0.0266386771837479,0.0,0.0,-0.00029155869786350784,-4.107687603968399e-07,-3.7128173643476457e-07,0.1558739502082449,0.09557881133305632,0.060295138875188586,0.30697602954790015,0.5338235793934238,0.05585364887303066,0.03211334516249881,0.023740303710531853,0.3588208772254162,0.5683384148812902,0.24305245744074766,0.14734895584819907,0.09570350159254859,0.2352129497268508,0.4385414174669079
ZERO,4,1,2011,VOL,3.746765538884672e-16,8.534839501805891e-16,-0.03054981093219144,0.7424512580982991,0.7429001660594335,0.7429001660631412,-0.029847952462411276,-0.9579805397925977,-0.0003913758267800354,-0.010008107700365435,-0.0004923523034567105,-0.0347748259670679,-0.02966279569187952,0.0,0.0,-0.00039492814008337086,2.0308562922252403e-07,2.6520322901464137e-07,0.08517705201301343,0.0560864681129144,0.029090583900099026,0.18062091173596673,0.39225841822354957,0.009201488360266845,0.012993581487996286,-0.0037920931277294415,-0.10123266120505159,0.18237826668507995,0.053079341418878045,0.04921307445720391,0.0038662669616741363,0.025388165666077156,0.2634220138268841
ZERO,4,1,2015_2016,VOL,4.597017211338539e-16,2.220446049250313e-16,-0.037246286514391616,0.9052620241927798,0.9053916796839848,0.905391679684048,-0.031604574523832155,0.43320049165879115,-0.0002655820589836714,-0.006989209367031986,-0.005456843508113536,-0.031119557695664175,-0.0315112824672311,0.0,0.0,-0.00027748645434803025,-6.614544179428172e-07,-6.74084698724172e-07,0.02147326639383053,0.013708414514744943,0.007764851879085585,0.059893262334764,0.14979267684229103,0.0073115066598994985,0.004420603217026239,0.002890903442873259,0.06843602430860862,0.15668736801533745,0.0027411383489264196,0.01254260057537937,-0.00980146222645295,-0.08112974776478254,0.020555230200685504
ZERO,4,1,2018Q4,VOL,4.0939474033052647e-16,6.453171330633722e-16,0.05575410782290702,0.6993768048341735,0.6974756168482515,0.6974756168449447,-0.0570097089559487,,-0.000614505195945603,0.17779218224035548,0.10852074278952845,-0.09346916633029241,-0.05241941429757961,0.0,0.0,-0.00034918403548717846,3.381257524315406e-06,1.963366444712675e-06,0.07545957210132542,0.07182121992449031,0.0036383521768351135,0.022032820157180555,0.3184559379496815,0.005923835912041042,0.013823773312337306,-0.007899937400296264,-0.2456244032446493,0.12881699646718647,0.04325043106370963,0.05415801711042845,-0.01090758604671882,-0.08076046643710755,0.22857343355052995
ZERO,4,1,COVID,VOL,3.2612801348363973e-16,2.1441182163073336e-15,-0.05521689790888634,0.44345056374004344,0.44374861910791197,0.4437486191035954,-0.19558955062258931,,-0.0005564596194784593,0.09423583168469735,0.12430275163156614,-0.23802142930962655,-0.17910482674796518,0.0,0.0,-0.00041407219951694043,-1.1077210205812963e-06,-7.50592968209239e-07,0.22346800648350165,0.238259502142512,-0.014791495659010334,-0.07871330972538582,0.524356678714418,0.04678830813240653,0.06897544600150896,-0.022187137869102425,-0.4036816082428314,0.3775155905868218,0.13622883172723177,0.16661472766913688,-0.030385895941905106,-0.19747163302339366,0.4250649272488052
ZERO,4,1,2022,VOL,4.0288952729561345e-16,2.2811613709095013e-15,0.00848613722341321,0.6296310396064655,0.6293238590273763,0.6293238590264562,-0.06311722530958591,,-0.00048192720602300817,0.06695054225132317,0.06899480576131767,-0.07370916811420151,-0.06011476875208533,0.0,0.0,-0.0003943062016738016,4.423750068977644e-07,4.0641585695395255e-07,0.09004611844542287,0.08962756703085054,0.0004185514145723379,0.0027562118762380905,0.3728848481959345,0.02288755663627435,0.02703703139253437,-0.00414947475626002,-0.09027525749574417,0.3135207548021506,0.046038162567440755,0.0930846932194902,-0.047046530652049445,-0.2771136129791698,0.17514452546076598
ZERO,4,1,2023_PLUS,VOL,4.887583393564654e-16,1.0824674490095276e-15,-0.04427266979115907,0.9036922944287653,0.9037917985426538,0.9037917985422023,-0.021684679383116245,0.8012118367966645,-0.0003223621590040057,-0.02057577209792375,-0.02215303463157757,-0.020230120436811064,-0.021734469850258713,0.0,0.0,-0.0003849139879932793,-2.337186540866063e-07,-2.513213305888568e-07,0.029345829780478935,0.015035445626296717,0.014310384154182218,0.10328626388060191,0.19107081353921695,0.0036447987963235742,0.003272240405944562,0.00037255839037901237,0.012133126634706115,0.10726897848154959,0.04992353321965404,0.01779228173229619,0.03213125148735785,0.17863589138746272,0.25256975386010905
ZERO,4,1,2024_PLUS,VOL,4.887583393564654e-16,1.1587952819525071e-15,-0.04354344210996999,0.9011225530775846,0.9012064156189492,0.9012064156163806,-0.021427365730631892,0.7958789288677834,-0.0003532528347906541,-0.02046525530509001,-0.021608855773612795,-0.020723435173498634,-0.02151570423863178,0.0,0.0,-0.0004187130557547493,-1.7177008570910957e-07,-1.6904197182666788e-07,0.03373265263734074,0.01616811972748808,0.01756453290985266,0.12196591057667083,0.21059224042764468,0.0038042359461997466,0.0033135316828487825,0.0004907042633509641,0.016248545048142216,0.11351380501835406,0.04992353321965337,0.01827056374037661,0.03165296947927676,0.17644602715269264,0.2525697538601056
ZERO,4,1,EX_MAJOR_SHOCKS,VOL,5.568462357885551e-16,1.1102230246251565e-16,-0.03130847396800672,0.8891182924344321,0.8892343677492871,0.8892343677434426,-0.014286835064812806,0.7955065643229678,-0.00024301484222948708,-0.01707934257865481,-0.016871419725955874,-0.014884459601165575,-0.014161061265744344,0.0,0.0,-0.0002758440888395409,-1.5003115467934338e-07,-1.4888746706852738e-07,0.03450682731953032,0.016957448122841806,0.017549379196688517,0.13017812015607189,0.2273656903570701,0.009587412593567941,0.004740771415549974,0.004846641178017967,0.12748887506950524,0.22423045245397744,0.09064598211840702,0.03199246537260092,0.0586535167458061,0.1955315033702011,0.2730612252390504
ZERO,4,1,ALL,CORE_VOL,4.812231342576911e-16,2.2551405187698492e-17,-0.008710366634857941,0.9231332799608936,0.9232093561367422,0.9232093561354731,-0.0014510614509768427,0.9169252837337404,-0.00013172526700841127,-0.008988321569777505,-0.007259348048054183,-0.004590636844298533,-0.0013063222744885185,0.0,0.0,-0.00014456689522077153,-1.3473713446563662e-07,-1.2941709444566347e-07,0.03431854471104967,0.014315240578407024,0.020003304132642646,0.11717171769096635,0.18547246851102495,0.010663772816676832,0.004338334881551956,0.0063254379351248766,0.12140024552655226,0.18893218275791768,0.11479961715818632,0.031936375679889384,0.08286324147829693,0.15865284409994396,0.20713383177984357
ZERO,4,1,DOTCOM,CORE_VOL,4.720616259001886e-16,2.5847379792054426e-16,-0.009564331098085424,0.8127766550678643,0.8127736068929577,0.8127736068997773,-0.027065400563641998,,-0.0001289468610404426,0.009461638252608004,0.018609936495594212,-0.03348877169612256,-0.02805632518918919,0.0,0.0,-0.00011818694861099336,2.429926388662584e-07,2.445441208035911e-07,0.06103185524676219,0.048815976752979606,0.012215878493782584,0.058614812856596976,0.23726995342204826,0.01390414440910194,0.011864647856948185,0.002039496552153755,0.039595478765232506,0.21940182215530613,0.04940322556913468,0.05467892250204964,-0.005275696932914964,-0.01902638550509894,0.1488218781395908
ZERO,4,1,GFC,CORE_VOL,3.7470027081099033e-16,4.85722573273506e-17,0.028647419125454158,0.8366699465186684,0.8368552378093733,0.8368552378034668,0.014565222591129131,,-0.0001517660801097402,0.0021440958080060067,0.013494557773761797,0.00690801485707602,0.015298660258950245,0.0,0.0,-0.0001454920754087358,-3.444483990032345e-07,-3.068318491977797e-07,0.08325424648480031,0.0478233052071447,0.035430941277655614,0.14510651959163512,0.2851219193383069,0.03307320733839042,0.016050842956759973,0.017022364381630448,0.20702303757449703,0.33653619079517694,0.11479961715818754,0.06982772566039441,0.044971891497793126,0.09284012168368172,0.20713383177984568
ZERO,4,1,2011,CORE_VOL,3.621235256101585e-16,1.7191109646930158e-15,-0.014548005625065199,0.871362820493232,0.8716205706232619,0.8716205706162395,-0.014488396683451341,0.06759776779320305,-0.0001944093695758264,-0.004997417291256849,0.00041585166345156773,-0.01792158810084358,-0.014766271214634428,0.0,0.0,-0.00019780513257522742,1.7165151634288132e-07,2.1905869460817122e-07,0.04519405440147248,0.028030591806427696,0.01716346259504478,0.09075691341443781,0.2081282208489933,0.00647380290231489,0.00648982964861354,-1.6026746298650196e-05,-0.0003645513001111489,0.12831412766692774,0.0265454342889061,0.02434637875425183,0.0021990555346542706,0.012413320588202215,0.13173961039022763
ZERO,4,1,2015_2016,CORE_VOL,4.165504746689308e-16,1.4710455076283324e-15,-0.018646172130057294,0.9526758323991089,0.9527436742618964,0.9527436742581904,-0.01584457424392382,0.7162498013948746,-0.00013193184853675348,-0.0034910709057833036,-0.0027040022077117554,-0.01563557985531369,-0.015802676343908195,0.0,0.0,-0.00013900070937772338,-4.803707377675815e-07,-4.928690610929097e-07,0.011868946516785134,0.006851450714064428,0.005017495802720706,0.036757727666334006,0.08279510147361802,0.003919495414120712,0.002208206255368793,0.0017112891587519191,0.03849502000475924,0.08399574109055119,0.0019484827692682893,0.006261819378280742,-0.0043133366090124525,-0.03393843643350003,0.014611269759538081
ZERO,4,1,2018Q4,CORE_VOL,3.187554387107383e-16,9.783840404509192e-16,0.027680282311718096,0.8497168576504919,0.8485494277274936,0.8485494277274227,-0.026388971577119336,,-0.00030608539168931384,0.08900680158522276,0.05341833254551236,-0.04693276744016641,-0.025569331843903413,0.0,0.0,-0.00016986036215360374,2.0016505912954496e-06,1.1419722617717551e-06,0.03891946001708102,0.03597140526437964,0.002948054752701379,0.01466817170316348,0.1642486539360719,0.005923835912041042,0.006910490704428285,-0.0009866547923872426,-0.025249664995770527,0.12881699646718647,0.021550146661884262,0.02678361885676095,-0.005233472194876687,-0.03221879942388406,0.1138899866400982
ZERO,4,1,COVID,CORE_VOL,3.4954678040932663e-16,1.9116652705264414e-15,-0.021046292060828475,0.7224073717879946,0.7225911317789699,0.7225911317805512,-0.09375230462469022,,-0.0002771575505333245,0.04699647733295397,0.06922869253585355,-0.11882528185279481,-0.09006314509300753,0.0,0.0,-0.00021075866753859625,-1.5237727575464274e-06,-1.0808361339872573e-06,0.12112047687786026,0.1192207045101582,0.0018997723677020573,0.006189093514094024,0.2842032377671484,0.041311055321642365,0.03440262902895008,0.006908426292692282,0.07715912723393159,0.3333218932255616,0.06616793886641148,0.07960409204215657,-0.013436153175745091,-0.0557782024356015,0.20645901285250723
ZERO,4,1,2022,CORE_VOL,3.8445809036335987e-16,6.218983661376853e-16,0.005230380951853547,0.8148940411119838,0.8146817311224748,0.814681731121781,-0.030643504120312165,,-0.00023946067490533663,0.03347169461155891,0.035275912416186,-0.03685738079643549,-0.02985018650845658,0.0,0.0,-0.000195552323475204,2.1594794566051971e-07,2.073675999504175e-07,0.04613762111031683,0.044827446007552924,0.0013101751027639053,0.006662214103298036,0.19105787279736464,0.013701525299773282,0.01351270685503514,0.00018881844473814247,0.0031740049409743065,0.18768768646616618,0.023473433919216524,0.045836410870945477,-0.022362976951728952,-0.10304487941521168,0.08930077169551054
ZERO,4,1,2023_PLUS,CORE_VOL,3.903127820947816e-16,2.983724378680108e-16,-0.02220599593876965,0.9518632524195709,0.9519152567793845,0.951915256776474,-0.01088641892189296,0.9002931342159481,-0.0001607694494595128,-0.010283746114235486,-0.011101799828589616,-0.010272819831205014,-0.0109103243175858,0.0,0.0,-0.00019374630903057813,-1.189481949494858e-07,-1.2548356395564435e-07,0.015850900979793803,0.007522369866669071,0.008328531113124732,0.05701982626149393,0.10320527884863051,0.002078256087210094,0.0016355360117805973,0.0004427200754294966,0.013688454900370295,0.06116453059712257,0.02480447817897502,0.008860747119924128,0.015943731059050892,0.08444700734925847,0.12548913396670003
ZERO,4,1,2024_PLUS,CORE_VOL,3.719355552711523e-16,9.194034422677078e-16,-0.021813773656241237,0.9505783222484752,0.950622123347414,0.9506221233516609,-0.010732415923427496,0.8977423320622561,-0.00017612637103347646,-0.010228709267403008,-0.010810774742700615,-0.010568783535167882,-0.0107922312588413,0.0,0.0,-0.00021068713792505374,-8.612573483729176e-08,-8.051677518747561e-08,0.01826547175473603,0.008091413304511907,0.010174058450224122,0.06689563379550922,0.11403095572269706,0.002225433609481145,0.0016561895501676221,0.0005692440593135228,0.01786859786434314,0.0664042505250726,0.02480447817897502,0.00909815152041582,0.0157063266585592,0.08329431611010663,0.12548913396670003
ZERO,4,1,EX_MAJOR_SHOCKS,CORE_VOL,4.812231342576911e-16,4.336808689942018e-17,-0.015480414417865102,0.9445899699421716,0.9446510666392399,0.9446510666368013,-0.006975711162278464,0.898888616122,-0.00012102548229722417,-0.008534446786633794,-0.008394364533815885,-0.007555584271423273,-0.006947629355842898,0.0,0.0,-0.00013832619418451878,-9.550070754172987e-08,-9.433402175807097e-08,0.018814883391565146,0.008478708703937465,0.01033617468762768,0.07213503101312169,0.12397137852455598,0.005315452456452548,0.0023690620466422924,0.0029463904098102553,0.07295230809813935,0.12431782795157686,0.04940322556913468,0.015846778892576907,0.03355644667655777,0.10615254225658766,0.1488218781395908
ZERO,4,3,ALL,VOL,5.39499001028787e-16,3.5735303605122226e-16,-0.019883135875831723,0.8461781444420922,0.8463202544346154,0.8463202544403088,-0.005182334309761019,0.8103494816758842,-0.0007921459014031772,-0.017988167599727455,-0.015021731392069604,-0.009006541231027879,-0.003995792393551339,0.0,0.0,-0.0008651195647014821,-5.189483429701188e-07,-4.925255089408987e-07,0.062141979301453626,0.02862714917313941,0.033514830128314216,0.21428163107913667,0.3358432825768797,0.019318313754297517,0.008680948385354867,0.01063736536894265,0.222718957491843,0.3422664049156986,0.2424106414749415,0.06552425149813534,0.17688638997680617,0.3619492533907208,0.4373833839857363
ZERO,4,3,DOTCOM,VOL,4.2240516640035253e-16,1.1796119636642288e-16,-0.021931063911747206,0.6253840501522063,0.6254026537334146,0.6254026537326138,-0.05588044518133086,,-0.0007868998278247395,0.01893058196519868,0.03431046754670026,-0.06535260996811704,-0.05552652059032378,0.0,0.0,-0.0007160685144606637,1.070613308883371e-06,1.0576463370978648e-06,0.11721283807753419,0.09732968958753221,0.019883148490001973,0.12435572498030434,0.4556928053103322,0.026314354361388896,0.023739347977869987,0.002575006383518909,0.06497025643320287,0.41522995776351057,0.0984823993149716,0.1124891299562033,-0.014006730641231702,-0.06381983904231903,0.2966675851809961
ZERO,4,3,GFC,VOL,4.3021142204224816e-16,5.48172618408671e-16,0.04905258476116175,0.6732229878180078,0.673542614221205,0.6735426142223884,0.022952716022833813,,-0.0009020008516645186,0.004290397699210537,0.023297591291984998,0.013691638925370326,0.0266305178028669,0.0,0.0,-0.0008744108777837452,-1.2322393106928854e-06,-1.1134559058597334e-06,0.15588011444439978,0.09558056751852048,0.0602995469258793,0.3070012168579157,0.5338446901345326,0.055848143098116795,0.032111793947263476,0.02373634915085332,0.3587526951431482,0.568282390907022,0.24241064147494318,0.14728485004827863,0.09512579142666455,0.23375626729514642,0.43738338398573895
ZERO,4,3,2011,VOL,4.2739249639378585e-16,4.510281037539698e-16,-0.03132656180091824,0.7424512580982991,0.7429001660594338,0.7429001660631411,-0.030582912087458794,-1.0077636002709056,-0.0011741236875325582,-0.010008107700365428,-0.0004920132675268693,-0.034774825967067886,-0.02965100700141264,0.0,0.0,-0.0011843373229026269,6.097066998626565e-07,7.957909234468644e-07,0.0851746048688701,0.05608665563507467,0.02908794923379543,0.1806047636011734,0.3922471486049359,0.00918759445365324,0.012992650829069106,-0.003805056375415866,-0.10157620083094065,0.18210288225742466,0.052747809231755816,0.049195576959353615,0.0035522322724022004,0.023323350765093842,0.2617766867741066
ZERO,4,3,2015_2016,VOL,4.440892098500626e-16,1.1032841307212493e-15,-0.03779322196851523,0.9052620241927798,0.9053916796839848,0.905391679684048,-0.03213932498819623,0.4248774405441007,-0.0007967262555057856,-0.006989209367031986,-0.005455522039499137,-0.03111955769566419,-0.031503438321643214,0.0,0.0,-0.0008322399955034974,-1.98419832098005e-06,-2.021611870480406e-06,0.02148354166022995,0.013708693101735642,0.007774848558494307,0.05997049940102528,0.14986435478969806,0.007296828591625636,0.004420288491334266,0.0028765401002913693,0.06809549521053315,0.15637281343823584,0.0022180522392759583,0.012534570512170662,-0.010316518272894704,-0.085387351199125,0.01663271552613166
ZERO,4,3,2018Q4,VOL,3.3133218391157016e-16,1.3253287356462806e-15,0.05502639935439424,0.6993768048341735,0.6974756168482515,0.6974756168449447,-0.05769924260166415,,-0.00184357198939728,0.17779218224035548,0.10845465623459542,-0.09346916633029245,-0.052387183148700917,0.0,0.0,-0.0010469599229720565,1.0143089551402961e-05,5.886191470468511e-06,0.07543302726820322,0.07181996359212839,0.0036130636760748347,0.021879513770373782,0.3183439129342429,0.005923835912041042,0.013822135338389052,-0.00789829942634801,-0.24556096957390516,0.12881699646718647,0.04301883587663835,0.05414723400055921,-0.011128398123920857,-0.08238879538863375,0.22734948026727408
ZERO,4,3,COVID,VOL,3.963843142607004e-16,2.067790383364354e-15,-0.05601837888021127,0.44345056374004344,0.443748619107912,0.44374861910359537,-0.19628922248531316,,-0.0016693800444513311,0.09423583168469739,0.12423174129609557,-0.23802142930962655,-0.17900630437656181,0.0,0.0,-0.0012415644555935387,-3.3239047636369617e-06,-2.251344149426369e-06,0.22348627018041956,0.23826272831189682,-0.014776458131477266,-0.07863463716143082,0.5243995335803456,0.04678830813240653,0.06897173654808886,-0.022183428415682327,-0.4035868783812293,0.3775155905868218,0.13610198743636004,0.16660078240234388,-0.030498794965983844,-0.1981873791497335,0.4246691442226447
ZERO,4,3,2022,VOL,4.631711680858075e-16,1.1015494072452725e-16,0.0076945223982997635,0.6296310396064655,0.6293238590273763,0.629323859026456,-0.06385131456955677,,-0.001445763172772665,0.06695054225132317,0.06896150430993934,-0.07370916811420149,-0.060085851240531236,0.0,0.0,-0.0011823490472017899,1.3267683494303076e-06,1.218376093555897e-06,0.09004540461534064,0.08962784770265117,0.00041755691268946515,0.0027496680427046005,0.37288189219487167,0.0228483789781811,0.027035946593074664,-0.004187567614893563,-0.09110184909326602,0.3129840872525307,0.045506208642291046,0.09303975178838242,-0.04753354314609137,-0.27990811976163177,0.17312079530752855
ZERO,4,3,2023_PLUS,VOL,5.39499001028787e-16,9.645062526431047e-16,-0.0450286338065318,0.9036922944287653,0.9037917985426538,0.9037917985422024,-0.022425587440447647,0.7978174921869406,-0.000967065937017548,-0.02057577209792375,-0.02214599588125755,-0.02023012043681106,-0.02172751508758215,0.0,0.0,-0.00115436950751579,-7.008033958361033e-07,-7.53330175346716e-07,0.02934618383384449,0.015035339979751289,0.014310843854093203,0.10328950303949491,0.19107311878207778,0.003635806050919198,0.003272010669790229,0.00036379538112896875,0.011847652657909657,0.10700431569296309,0.04980765013290833,0.01778984377929549,0.03201780635361284,0.1780027727597242,0.2519834860058857
ZERO,4,3,2024_PLUS,VOL,3.6613507364835485e-16,1.2906342661267445e-15,-0.044365689019820104,0.9011225530775846,0.9012064156189493,0.9012064156163806,-0.02223431290465877,0.792024435243926,-0.0010597398786813884,-0.020465255305089986,-0.021601321800352662,-0.020723435173498665,-0.02150815896867669,0.0,0.0,-0.001255701821125267,-5.148452413543771e-07,-5.064296641880593e-07,0.03373188974451749,0.016168018203773393,0.017563871540744097,0.12196123213388654,0.21058747770380626,0.0037968284582674053,0.0033131520489466486,0.0004836764093207567,0.016015632469745245,0.11329277452689157,0.04980765013290833,0.018268066545053863,0.03153958358785447,0.17581152250702625,0.25198348600588594
ZERO,4,3,EX_MAJOR_SHOCKS,VOL,5.39499001028787e-16,2.498001805406602e-16,-0.0318526113926102,0.8891182924344321,0.8892343677492871,0.8892343677434426,-0.014815796096744216,0.7919372296731566,-0.0007290318664322206,-0.01707934257865481,-0.016867221570080346,-0.014884459601165575,-0.014157619810580531,0.0,0.0,-0.0008273235484197441,-4.5002218719611904e-07,-4.464635293299006e-07,0.034507701988213624,0.01695741015776761,0.017550291830446013,0.13018544976656166,0.22737237898644957,0.009575411906092242,0.004740384668609349,0.004835027237482893,0.12718208135599707,0.22394978031682133,0.09012990461036663,0.031984880585608,0.05814502402475863,0.19383145508085142,0.2715065975173303
ZERO,4,3,ALL,CORE_VOL,4.653395724307785e-16,3.694961003830599e-16,-0.008998584897222953,0.9231332799608936,0.9232093561367422,0.9232093561354731,-0.0017266466319870444,0.9141691581951981,-0.0003951734193512223,-0.008988321569777505,-0.007258358024766569,-0.004590636844298541,-0.0013061980256518755,0.0,0.0,-0.00043364066411092543,-4.042039068571356e-07,-3.88182693213309e-07,0.03431989010620998,0.014315370481185252,0.020004519625024725,0.11717921776407758,0.18548016462484507,0.01065663037903429,0.004337930929127251,0.006318699449907039,0.12126997773500814,0.18880563877041745,0.11453219344647314,0.03191953799184721,0.08261265545462593,0.15816796436120129,0.20665131712093487
ZERO,4,3,DOTCOM,CORE_VOL,4.591596200476111e-16,5.533767888366015e-16,-0.00979789134896604,0.8127766550678643,0.8127736068929575,0.8127736068997773,-0.027292691263399338,,-0.00038685867091340726,0.009461638252608024,0.018604333487358394,-0.03348877169612255,-0.02804849330056119,0.0,0.0,-0.0003544649702844252,7.287473929374661e-07,7.334345217362765e-07,0.06103210228154024,0.04881500085629392,0.012217101425246318,0.0586222083641299,0.23727682358706415,0.013899592608382992,0.011864145823879374,0.002035446784503618,0.039516470047767704,0.21932999656557972,0.049243969213858874,0.05466685304917451,-0.0054228838353156394,-0.019556352237281915,0.14834213557977272
ZERO,4,3,GFC,CORE_VOL,4.354155924701786e-16,3.122502256758253e-17,0.02835138607331501,0.8366699465186684,0.8368552378093733,0.836855237803467,0.014304035696591989,,-0.000455294945389222,0.0021440958080060067,0.01349243017339876,0.006908014857076003,0.015296285474382944,0.0,0.0,-0.0004364093241212472,-1.0332308136983316e-06,-9.202503454767396e-07,0.08325776658881315,0.04782445816035358,0.03543330842845957,0.14511689942371453,0.2851339746850886,0.03307052010531915,0.01604989700446524,0.017020623100853907,0.20699947899323756,0.3365088468737867,0.11453219344647336,0.06979286631647186,0.044739327130001505,0.09235336893863655,0.2066513171209351
ZERO,4,3,2011,CORE_VOL,3.780612975456954e-16,1.2646134139870924e-15,-0.014940188701479147,0.871362820493232,0.8716205706232619,0.8716205706162395,-0.014856060910272438,0.04246220039604751,-0.000583232607886155,-0.004997417291256849,0.0004158088365484957,-0.01792158810084359,-0.014763345308226683,0.0,0.0,-0.0005933095873490774,5.152352511648027e-07,6.573575468519304e-07,0.04519231860403372,0.028030707016803352,0.01716161158723037,0.0907471809440834,0.20812022713306166,0.0064668835971693275,0.006489285535343503,-2.2401938174175517e-05,-0.0005095578640701426,0.12817698345398076,0.026386595714816052,0.024336403925945937,0.002050191788870115,0.011572356697557185,0.1309513267389676
ZERO,4,3,2015_2016,CORE_VOL,4.4403669380733285e-16,1.0026701691145945e-15,-0.0189228197673181,0.9526758323991089,0.9527436742618963,0.9527436742581904,-0.016114797621943185,0.7120398852003402,-0.0003957910742808171,-0.0034910709057833114,-0.002703676505483908,-0.01563557985531369,-0.015800717007328057,0.0,0.0,-0.00041694780529819096,-1.4411187830917268e-06,-1.4784492089487344e-06,0.011875974957414881,0.006851597645116253,0.005024377312298628,0.036808180613475905,0.08284413029469484,0.003908432440022237,0.0022080410889415703,0.001700391351080667,0.038249734444907646,0.08375865886187484,0.0017070224419856173,0.006257624198768519,-0.004550601756782902,-0.035804117494887544,0.012800608647313694
ZERO,4,3,2018Q4,CORE_VOL,2.4752335597844066e-16,3.469446951953614e-16,0.027334664389155383,0.8497168576504919,0.8485494277274936,0.8485494277274228,-0.026713407829908165,,-0.0009183028702569822,0.08900680158522276,0.05340225512123076,-0.04693276744016649,-0.025561558735324397,0.0,0.0,-0.0005094566925219373,6.004561523751102e-06,3.4246957706136895e-06,0.038906261292368405,0.035970661959331574,0.0029355993330368313,0.01460614521473802,0.16419295242410925,0.005923835912041042,0.006909497005583076,-0.000985661093542034,-0.025223593630881336,0.12881699646718647,0.02143744505958145,0.026777260003788217,-0.005339814944206767,-0.03287218992764096,0.11329437194744796
ZERO,4,3,COVID,CORE_VOL,2.96637714392034e-16,5.585809592645319e-16,-0.021464730762744466,0.7224073717879946,0.7225911317789699,0.7225911317805512,-0.09409390534410611,,-0.00083149002384968,0.04699647733295397,0.06920890371643182,-0.11882528185279478,-0.09003827039486124,0.0,0.0,-0.0006321215850240423,-4.5723298454192e-06,-3.242499290440143e-06,0.12113291784261143,0.11922340189351188,0.0019095159490995495,0.006220890897421061,0.28423242987862596,0.041310499465431305,0.0343996596840621,0.006910839781369207,0.07718352338389667,0.3333174082506998,0.06611265243185538,0.07959364928749757,-0.013480996855642191,-0.05596193830258711,0.2062865066070636
ZERO,4,3,2022,CORE_VOL,4.653395724307785e-16,1.1015494072452725e-15,0.004838512374946008,0.8148940411119838,0.8146817311224748,0.814681731121781,-0.030999585268611324,,-0.0007183791666589271,0.03347169461155891,0.03526746214652126,-0.03685738079643551,-0.029843053574125,0.0,0.0,-0.0005865179718373726,6.476228178847452e-07,6.217743860183798e-07,0.04613751503691138,0.04482764247577717,0.0013098725611342121,0.00666068233945083,0.191057433542832,0.013686436522810402,0.013512011185268319,0.00017442533754208345,0.002932025045923603,0.18748099578189514,0.023217828032420118,0.045808905980254666,-0.022591077947834548,-0.10408273964363235,0.08832836165020574
ZERO,4,3,2023_PLUS,CORE_VOL,3.585185533866442e-16,4.371503159461554e-16,-0.022590132573351407,0.9518632524195709,0.9519152567793845,0.951915256776474,-0.01126255708029092,0.8985683270975204,-0.00048230228771755393,-0.010283746114235486,-0.011100034961469296,-0.010272819831205017,-0.010908577330409314,0.0,0.0,-0.0005811441286895329,-3.56641580753393e-07,-3.761527828282877e-07,0.015850997161929642,0.007522314443762168,0.008328682718167474,0.057020842562634955,0.10320590509089667,0.0020725290945136574,0.0016354151688368138,0.0004371139256768436,0.013515067949322002,0.06099598119545535,0.02474859231447679,0.008859476199825855,0.015889116114650936,0.08415716924324879,0.12520639999075156
ZERO,4,3,2024_PLUS,CORE_VOL,3.585185533866442e-16,2.7755575615628914e-17,-0.022231420598518792,0.9505783222484752,0.950622123347414,0.9506221233516609,-0.011141923494366851,0.8957845047274888,-0.0005283749790528569,-0.010228709267403008,-0.010808889417154239,-0.010568783535167886,-0.010790337858750627,0.0,0.0,-0.0006319521354124058,-2.581026467344226e-07,-2.411872014936118e-07,0.01826504834196091,0.008091359983372681,0.010173688358588229,0.06689317694710617,0.1140283123656538,0.0022186051978129243,0.001655989672465323,0.0005626155253476012,0.017660417066118983,0.0662004989697923,0.02474859231447657,0.00909684809367961,0.01565174422079696,0.08300427894636875,0.12520639999075067
ZERO,4,3,EX_MAJOR_SHOCKS,CORE_VOL,4.591596200476111e-16,4.718447854656915e-16,-0.015755263124442725,0.9445899699421716,0.9446510666392401,0.9446510666368013,-0.007242398629339758,0.897085873038955,-0.00036307380687860646,-0.00853444678663376,-0.008393284166229744,-0.007555584271423315,-0.006946771755706882,0.0,0.0,-0.00041492427391057223,-2.8648054797389146e-07,-2.8292859505534984e-07,0.018815566585356852,0.00847869127900519,0.010336875306351662,0.0721402227749095,0.12397638469092398,0.005308143242925854,0.0023688572084746423,0.002939286034451212,0.07277603542871913,0.12414688002999974,0.049243969213858874,0.01584284088714616,0.033401128326712715,0.10565989156613398,0.14834213557977272
