symbol,baseline,period,loss,n,relative_improvement,gain_sum,share_of_total,evidence
QQQ,GARCH,ALL,MSE,6364,0.10786652944592157,7.320817264046156e-05,1.0,EXPOSED_HISTORY
QQQ,GARCH,2000_2009,MSE,2181,0.15484098113874667,3.078959396370528e-05,0.4205759118577988,EXPOSED_HISTORY
QQQ,GARCH,2010_2019,MSE,2516,-0.09056023759843934,-1.719516807954648e-05,-0.23488044379956086,EXPOSED_HISTORY
QQQ,GARCH,2020_2022,MSE,756,0.20408982240758566,4.985960980764603e-05,0.6810661707472948,EXPOSED_HISTORY
QQQ,GARCH,2023_PLUS,MSE,911,0.21358846362400663,9.754136948656728e-06,0.1332383611944672,EXPOSED_HISTORY
QQQ,GARCH,2020_PLUS,MSE,1667,0.2055857796952657,5.961374675630276e-05,0.8143045319417621,EXPOSED_HISTORY
QQQ,GARCH,DOTCOM,MSE,418,0.04567780772183805,3.6208714674286443e-06,0.04945993509783931,EXPOSED_HISTORY
QQQ,GARCH,GFC,MSE,756,0.2417768538613908,2.7357191882953753e-05,0.37369040772687795,EXPOSED_HISTORY
QQQ,GARCH,2011,MSE,252,0.20049052076474294,1.9320796938799872e-06,0.026391584767028353,EXPOSED_HISTORY
QQQ,GARCH,2015_2016,MSE,504,-0.12875443462414826,-1.856790728744192e-05,-0.2536316181341151,EXPOSED_HISTORY
QQQ,GARCH,2018Q4,MSE,63,-0.06407613166850123,-2.1879954612548853e-07,-0.002988731151644124,EXPOSED_HISTORY
QQQ,GARCH,COVID,MSE,93,0.21322695205829345,4.7260230001892184e-05,0.6455594819173487,EXPOSED_HISTORY
QQQ,GARCH,2022,MSE,251,0.1932147135066803,2.3520913916729432e-06,0.032128808940833496,EXPOSED_HISTORY
QQQ,GARCH,2025_SPRING,MSE,82,0.3157457209271429,1.1486891797110144e-05,0.15690723293319075,EXPOSED_HISTORY
QQQ,GARCH,YEAR_2001,MSE,166,0.013323249094240541,7.065036585678448e-07,0.00965061185228063,EXPOSED_HISTORY
QQQ,GARCH,YEAR_2002,MSE,252,0.11105764887405134,2.914367808860801e-06,0.039809323245558706,EXPOSED_HISTORY
QQQ,GARCH,YEAR_2003,MSE,252,0.009601657537841035,5.020019448685487e-08,0.0006857184474935198,EXPOSED_HISTORY
QQQ,GARCH,YEAR_2004,MSE,252,-0.1562532185787202,-1.005807546986811e-07,-0.0013739006325516577,EXPOSED_HISTORY
QQQ,GARCH,YEAR_2005,MSE,252,-0.25675970483558075,-5.616801275787109e-08,-0.0007672369181200882,EXPOSED_HISTORY
QQQ,GARCH,YEAR_2006,MSE,251,-0.24424865078197056,-8.192081370742118e-08,-0.0011190118637402543,EXPOSED_HISTORY
QQQ,GARCH,YEAR_2007,MSE,251,-0.02158170391597447,-3.944666938395126e-08,-0.0005388287668055985,EXPOSED_HISTORY
QQQ,GARCH,YEAR_2008,MSE,253,0.23691670549799715,2.4989291913473253e-05,0.3413456587176426,EXPOSED_HISTORY
QQQ,GARCH,YEAR_2009,MSE,252,0.41181641588875006,2.4073466388644456e-06,0.03288357777604088,EXPOSED_HISTORY
QQQ,GARCH,YEAR_2010,MSE,252,-0.11166735390815652,-2.624413107300311e-06,-0.03584863564604014,EXPOSED_HISTORY
QQQ,GARCH,YEAR_2011,MSE,252,0.20049052076474294,1.9320796938799872e-06,0.026391584767028353,EXPOSED_HISTORY
QQQ,GARCH,YEAR_2012,MSE,250,0.228560516911698,1.5090746509825009e-07,0.0020613472465619877,EXPOSED_HISTORY
QQQ,GARCH,YEAR_2013,MSE,252,0.34375111880331144,1.706673095454094e-07,0.0023312603414319204,EXPOSED_HISTORY
QQQ,GARCH,YEAR_2014,MSE,252,-0.03839130673523439,-3.506850926622706e-08,-0.00047902451326650085,EXPOSED_HISTORY
QQQ,GARCH,YEAR_2015,MSE,252,-0.1339311088975026,-1.8837967063891564e-05,-0.25732054748051414,EXPOSED_HISTORY
QQQ,GARCH,YEAR_2016,MSE,252,0.07590996796823668,2.700597764496423e-07,0.0036889293463989903,EXPOSED_HISTORY
QQQ,GARCH,YEAR_2017,MSE,251,-0.01790795293494596,-6.6296787792317785e-09,-9.05592714599136e-05,EXPOSED_HISTORY
QQQ,GARCH,YEAR_2018,MSE,251,-0.026007759557125087,-1.5636269501282812e-07,-0.002135863925749838,EXPOSED_HISTORY
QQQ,GARCH,YEAR_2019,MSE,252,0.47677082813982363,1.941558729730393e-06,0.026521065336048415,EXPOSED_HISTORY
QQQ,GARCH,YEAR_2020,MSE,253,0.2046488981402822,4.687393183998304e-05,0.6402827737579151,EXPOSED_HISTORY
QQQ,GARCH,YEAR_2021,MSE,252,0.20549544938496433,6.335865759900487e-07,0.008654588048546243,EXPOSED_HISTORY
QQQ,GARCH,YEAR_2022,MSE,251,0.1932147135066803,2.3520913916729432e-06,0.032128808940833496,EXPOSED_HISTORY
QQQ,GARCH,YEAR_2023,MSE,250,-0.2031673226339863,-2.1906087012231083e-07,-0.002992300753061519,EXPOSED_HISTORY
QQQ,GARCH,YEAR_2024,MSE,252,-0.1988136449340543,-1.0125531683881473e-06,-0.013831149335757596,EXPOSED_HISTORY
QQQ,GARCH,YEAR_2025,MSE,250,0.3028501079937731,1.1289873133936698e-05,0.15421602160981787,EXPOSED_HISTORY
QQQ,GARCH,YEAR_2026,MSE,159,-0.1371187224207795,-3.041221467695092e-07,-0.004154210326531541,EXPOSED_HISTORY
QQQ,GARCH,EX_GFC,MSE,5608,0.08107445853825812,4.585098075750781e-05,0.6263095922731221,EXPOSED_HISTORY
QQQ,GARCH,EX_COVID,MSE,6271,0.056772737052182554,2.594794263856938e-05,0.3544405180826514,EXPOSED_HISTORY
QQQ,GARCH,EX_2022,MSE,6113,0.10630770964366232,7.085608124878862e-05,0.9678711910591666,EXPOSED_HISTORY
QQQ,GARCH,EX_ALL_THREE,MSE,5264,-0.011338720703420346,-3.7613406360573106e-06,-0.05137869858506,EXPOSED_HISTORY
QQQ,GARCH,COMMON_ALL,MSE,6364,0.10786652944592157,7.320817264046156e-05,1.0,EXPOSED_HISTORY
QQQ,GARCH,ALL,QLIKE,6364,0.10888659724113692,172.76010750802345,1.0,EXPOSED_HISTORY
QQQ,GARCH,2000_2009,QLIKE,2181,0.1232887877707024,33.41518489178291,0.19341956527916038,EXPOSED_HISTORY
QQQ,GARCH,2010_2019,QLIKE,2516,0.10769090055300423,97.57083843508367,0.5647764396682389,EXPOSED_HISTORY
QQQ,GARCH,2020_2022,QLIKE,756,0.1638196289988244,37.50001596673117,0.21706409255961806,EXPOSED_HISTORY
QQQ,GARCH,2023_PLUS,QLIKE,911,0.023661112676362506,4.2740682144257045,0.024739902492982677,EXPOSED_HISTORY
QQQ,GARCH,2020_PLUS,QLIKE,1667,0.10200065435685468,41.77408418115688,0.24180399505260078,EXPOSED_HISTORY
QQQ,GARCH,DOTCOM,QLIKE,418,0.10683136905245738,4.356554379009398,0.0252173632087319,EXPOSED_HISTORY
QQQ,GARCH,GFC,QLIKE,756,0.1891517740931279,27.6095697583928,0.1598144974360504,EXPOSED_HISTORY
QQQ,GARCH,2011,QLIKE,252,0.10508450415457504,5.71201572130782,0.033063279501852234,EXPOSED_HISTORY
QQQ,GARCH,2015_2016,QLIKE,504,0.09839046166966181,39.21810908000401,0.22700905692700277,EXPOSED_HISTORY
QQQ,GARCH,2018Q4,QLIKE,63,0.2552629478909946,5.787094195698392,0.033497861741198696,EXPOSED_HISTORY
QQQ,GARCH,COVID,QLIKE,93,0.2938133740373656,21.305865658554925,0.12332630470009069,EXPOSED_HISTORY
QQQ,GARCH,2022,QLIKE,251,0.10956430361707359,4.045057371004512,0.023414302233035186,EXPOSED_HISTORY
QQQ,GARCH,2025_SPRING,QLIKE,82,0.19045610203198982,8.661318094736504,0.050134942723014046,EXPOSED_HISTORY
QQQ,GARCH,YEAR_2001,QLIKE,166,0.08183410068003849,1.678849967944973,0.00971781039130809,EXPOSED_HISTORY
QQQ,GARCH,YEAR_2002,QLIKE,252,0.13213806406966844,2.677704411064424,0.015499552817423804,EXPOSED_HISTORY
QQQ,GARCH,YEAR_2003,QLIKE,252,0.24647021852578632,7.828272519853405,0.04531296392883895,EXPOSED_HISTORY
QQQ,GARCH,YEAR_2004,QLIKE,252,-0.07526500203802389,-1.3566932851009554,-0.007853047237991252,EXPOSED_HISTORY
QQQ,GARCH,YEAR_2005,QLIKE,252,-0.0426117793560532,-0.7965959223163215,-0.004610994597113951,EXPOSED_HISTORY
QQQ,GARCH,YEAR_2006,QLIKE,251,-0.267369113450286,-4.225922558055417,-0.024461217459355616,EXPOSED_HISTORY
QQQ,GARCH,YEAR_2007,QLIKE,251,0.05679443977377385,2.669372660591752,0.015451325535137093,EXPOSED_HISTORY
QQQ,GARCH,YEAR_2008,QLIKE,253,0.2913570015736109,21.177393224943756,0.12258265829083384,EXPOSED_HISTORY
QQQ,GARCH,YEAR_2009,QLIKE,252,0.14318568902383688,3.7628038728572903,0.02178051361007943,EXPOSED_HISTORY
QQQ,GARCH,YEAR_2010,QLIKE,252,0.03600527437157286,3.8779960189712686,0.022447288757279592,EXPOSED_HISTORY
QQQ,GARCH,YEAR_2011,QLIKE,252,0.10508450415457504,5.71201572130782,0.033063279501852234,EXPOSED_HISTORY
QQQ,GARCH,YEAR_2012,QLIKE,250,0.16003408294190802,4.560944386317406,0.026400448877386715,EXPOSED_HISTORY
QQQ,GARCH,YEAR_2013,QLIKE,252,0.2171417104012301,9.80537262385015,0.05675715745543144,EXPOSED_HISTORY
QQQ,GARCH,YEAR_2014,QLIKE,252,0.030514584526999733,1.6672486153643804,0.00965065743135723,EXPOSED_HISTORY
QQQ,GARCH,YEAR_2015,QLIKE,252,0.027002269241875543,8.305650160497503,0.04807620393563234,EXPOSED_HISTORY
QQQ,GARCH,YEAR_2016,QLIKE,252,0.33967556695925905,30.912458919506513,0.17893285299137043,EXPOSED_HISTORY
QQQ,GARCH,YEAR_2017,QLIKE,251,-0.03522369168874451,-2.07441828947451,-0.012007507516619068,EXPOSED_HISTORY
QQQ,GARCH,YEAR_2018,QLIKE,251,0.12518295369996613,9.16032307188043,0.05302336982775378,EXPOSED_HISTORY
QQQ,GARCH,YEAR_2019,QLIKE,252,0.30166737745750294,25.643247206862696,0.1484326884067941,EXPOSED_HISTORY
QQQ,GARCH,YEAR_2020,QLIKE,253,0.16413636565144152,20.89007653893213,0.12091956204624345,EXPOSED_HISTORY
QQQ,GARCH,YEAR_2021,QLIKE,252,0.19414751004960362,12.564882056794527,0.07273022828033943,EXPOSED_HISTORY
QQQ,GARCH,YEAR_2022,QLIKE,251,0.10956430361707359,4.045057371004512,0.023414302233035186,EXPOSED_HISTORY
QQQ,GARCH,YEAR_2023,QLIKE,250,-0.06058725853955038,-1.5149217648166613,-0.008768932751134715,EXPOSED_HISTORY
QQQ,GARCH,YEAR_2024,QLIKE,252,-0.09156503990326814,-3.9289627401789677,-0.022742303167393525,EXPOSED_HISTORY
QQQ,GARCH,YEAR_2025,QLIKE,250,0.09537250011758602,7.626324338412452,0.044144012459926635,EXPOSED_HISTORY
QQQ,GARCH,YEAR_2026,QLIKE,159,0.06384640319821122,2.0916283810088805,0.012107125951584276,EXPOSED_HISTORY
QQQ,GARCH,EX_GFC,QLIKE,5608,0.10075415993068071,145.15053774963064,0.8401855025639495,EXPOSED_HISTORY
QQQ,GARCH,EX_COVID,QLIKE,6271,0.10002982471777844,151.4542418494685,0.8766736952999091,EXPOSED_HISTORY
QQQ,GARCH,EX_2022,QLIKE,6113,0.10887045167143827,168.71505013701892,0.9765856977669647,EXPOSED_HISTORY
QQQ,GARCH,EX_ALL_THREE,QLIKE,5264,0.08999328191161005,119.7996147200712,0.6934448956308237,EXPOSED_HISTORY
QQQ,GARCH,COMMON_ALL,QLIKE,6364,0.10888659724113692,172.76010750802345,1.0,EXPOSED_HISTORY
QQQ,ROLLING22,ALL,MSE,6364,0.229862607145905,0.00018071858267783156,1.0,EXPOSED_HISTORY
QQQ,ROLLING22,2000_2009,MSE,2181,0.23760488457515305,5.2375928700744304e-05,0.28982038219121764,EXPOSED_HISTORY
QQQ,ROLLING22,2010_2019,MSE,2516,0.0735955397782293,1.645013205670394e-05,0.09102623434154372,EXPOSED_HISTORY
QQQ,ROLLING22,2020_2022,MSE,756,0.3497864909006988,0.00010460167287353624,0.5788097235136602,EXPOSED_HISTORY
QQQ,ROLLING22,2023_PLUS,MSE,911,0.16875163126518722,7.2908490468471185e-06,0.04034365995357861,EXPOSED_HISTORY
QQQ,ROLLING22,2020_PLUS,MSE,1667,0.32693312369166805,0.00011189252192038333,0.6191533834672387,EXPOSED_HISTORY
QQQ,ROLLING22,DOTCOM,MSE,418,0.29777693548423156,3.2078854093632516e-05,0.17750722487028212,EXPOSED_HISTORY
QQQ,ROLLING22,GFC,MSE,756,0.21100878045259996,2.294468975793615e-05,0.12696364379328842,EXPOSED_HISTORY
QQQ,ROLLING22,2011,MSE,252,0.14363603423977256,1.2922895445033553e-06,0.0071508393069191455,EXPOSED_HISTORY
QQQ,ROLLING22,2015_2016,MSE,504,0.0734348043559937,1.2901083664135353e-05,0.071387698337222,EXPOSED_HISTORY
QQQ,ROLLING22,2018Q4,MSE,63,0.12555364370747202,5.216977717178935e-07,0.0028867964986640485,EXPOSED_HISTORY
QQQ,ROLLING22,COVID,MSE,93,0.3700828240668095,0.00010245158581546204,0.5669122914609357,EXPOSED_HISTORY
QQQ,ROLLING22,2022,MSE,251,0.05068945251758239,5.24422432673581e-07,0.0029018733154214304,EXPOSED_HISTORY
QQQ,ROLLING22,2025_SPRING,MSE,82,0.20481578906181552,6.411774845521056e-06,0.03547933339512394,EXPOSED_HISTORY
QQQ,ROLLING22,YEAR_2001,MSE,166,0.3802048089474791,3.2095826666889466e-05,0.17760114201485824,EXPOSED_HISTORY
QQQ,ROLLING22,YEAR_2002,MSE,252,-0.0007281054896086658,-1.697257325693568e-08,-9.391714457606621e-05,EXPOSED_HISTORY
QQQ,ROLLING22,YEAR_2003,MSE,252,-0.812287729921676,-2.3208754549170243e-06,-0.012842483714330957,EXPOSED_HISTORY
QQQ,ROLLING22,YEAR_2004,MSE,252,-0.34153935395711943,-1.8948559863962195e-07,-0.0010485119783028589,EXPOSED_HISTORY
QQQ,ROLLING22,YEAR_2005,MSE,252,-0.21192584379629786,-4.807533429140663e-08,-0.00026602319240800435,EXPOSED_HISTORY
QQQ,ROLLING22,YEAR_2006,MSE,251,-0.2717693975770967,-8.917876297632431e-08,-0.0004934675873111731,EXPOSED_HISTORY
QQQ,ROLLING22,YEAR_2007,MSE,251,0.09268124614021811,1.9073469234711475e-07,0.0010554237949460846,EXPOSED_HISTORY
QQQ,ROLLING22,YEAR_2008,MSE,253,0.22038110900382135,2.2752138446005462e-05,0.1258981677969768,EXPOSED_HISTORY
QQQ,ROLLING22,YEAR_2009,MSE,252,0.0005280641945609732,1.8166195835710153e-09,1.0052201365531498e-05,EXPOSED_HISTORY
QQQ,ROLLING22,YEAR_2010,MSE,252,0.017404323690348278,4.6276779520235294e-07,0.0025607095205440644,EXPOSED_HISTORY
QQQ,ROLLING22,YEAR_2011,MSE,252,0.14363603423977256,1.2922895445033553e-06,0.0071508393069191455,EXPOSED_HISTORY
QQQ,ROLLING22,YEAR_2012,MSE,250,-0.05615253285760424,-2.708033814289879e-08,-0.00014984811048001146,EXPOSED_HISTORY
QQQ,ROLLING22,YEAR_2013,MSE,252,-0.3099642742110771,-7.709513746997103e-08,-0.00042660326529568425,EXPOSED_HISTORY
QQQ,ROLLING22,YEAR_2014,MSE,252,0.1809374299599038,2.0953510370505914e-07,0.0011594552181642495,EXPOSED_HISTORY
QQQ,ROLLING22,YEAR_2015,MSE,252,0.0717560264118593,1.232921657436483e-05,0.0682232916597416,EXPOSED_HISTORY
QQQ,ROLLING22,YEAR_2016,MSE,252,0.1481735959413435,5.718670897705247e-07,0.0031644066774804045,EXPOSED_HISTORY
QQQ,ROLLING22,YEAR_2017,MSE,251,-0.3556959333666372,-9.887162143389855e-08,-0.0005471026829053754,EXPOSED_HISTORY
QQQ,ROLLING22,YEAR_2018,MSE,251,0.15703649093766991,1.149139248997217e-06,0.006358722119051789,EXPOSED_HISTORY
QQQ,ROLLING22,YEAR_2019,MSE,252,0.23052987120855717,6.383637972073695e-07,0.003532363898323537,EXPOSED_HISTORY
QQQ,ROLLING22,YEAR_2020,MSE,253,0.36207813451615567,0.00010339884112476596,0.5721538958121196,EXPOSED_HISTORY
QQQ,ROLLING22,YEAR_2021,MSE,252,0.21688018261207742,6.784093160966866e-07,0.0037539543861191756,EXPOSED_HISTORY
QQQ,ROLLING22,YEAR_2022,MSE,251,0.05068945251758239,5.24422432673581e-07,0.0029018733154214304,EXPOSED_HISTORY
QQQ,ROLLING22,YEAR_2023,MSE,250,-0.36779295089291764,-3.488349729369202e-07,-0.0019302662059871897,EXPOSED_HISTORY
QQQ,ROLLING22,YEAR_2024,MSE,252,0.1563118227660233,1.1311838370978744e-06,0.006259366470986798,EXPOSED_HISTORY
QQQ,ROLLING22,YEAR_2025,MSE,250,0.19892694896943897,6.45370326597241e-06,0.03571134285331065,EXPOSED_HISTORY
QQQ,ROLLING22,YEAR_2026,MSE,159,0.021264940341432226,5.479691671375379e-08,0.0003032168352683503,EXPOSED_HISTORY
QQQ,ROLLING22,EX_GFC,MSE,5608,0.23288878611556685,0.00015777389291989543,0.8730363562067117,EXPOSED_HISTORY
QQQ,ROLLING22,EX_COVID,MSE,6271,0.1536549892392205,7.826699686236952e-05,0.43308770853906436,EXPOSED_HISTORY
QQQ,ROLLING22,EX_2022,MSE,6113,0.23225182095364938,0.000180194160245158,0.9970981266845786,EXPOSED_HISTORY
QQQ,ROLLING22,EX_ALL_THREE,MSE,5264,0.14040496040059847,5.4797884671759796e-05,0.30322219143035456,EXPOSED_HISTORY
QQQ,ROLLING22,COMMON_ALL,MSE,6364,0.229862607145905,0.00018071858267783156,1.0,EXPOSED_HISTORY
QQQ,ROLLING22,ALL,QLIKE,6364,0.21192284638693082,380.1990752491568,1.0,EXPOSED_HISTORY
QQQ,ROLLING22,2000_2009,QLIKE,2181,0.11067208987600441,29.57011650883325,0.07777535095122205,EXPOSED_HISTORY
QQQ,ROLLING22,2010_2019,QLIKE,2516,0.21595675162238115,222.68097642229708,0.5856957339424537,EXPOSED_HISTORY
QQQ,ROLLING22,2020_2022,QLIKE,756,0.30419870421820194,83.68307101301895,0.22010329972049172,EXPOSED_HISTORY
QQQ,ROLLING22,2023_PLUS,QLIKE,911,0.20063173471329665,44.264911305007516,0.11642561538583249,EXPOSED_HISTORY
QQQ,ROLLING22,2020_PLUS,QLIKE,1667,0.2581047654952954,127.94798231802648,0.33652891510632427,EXPOSED_HISTORY
QQQ,ROLLING22,DOTCOM,QLIKE,418,0.21638608483000732,10.0578463500953,0.02645415784744891,EXPOSED_HISTORY
QQQ,ROLLING22,GFC,QLIKE,756,0.21673402027889554,32.7496463056897,0.08613815350347129,EXPOSED_HISTORY
QQQ,ROLLING22,2011,QLIKE,252,0.2881565244942753,19.691404407534634,0.051792352189784306,EXPOSED_HISTORY
QQQ,ROLLING22,2015_2016,QLIKE,504,0.18361617920079332,80.82927923504377,0.21259725364159215,EXPOSED_HISTORY
QQQ,ROLLING22,2018Q4,QLIKE,63,0.45528993495173253,14.11231889885559,0.03711823572849915,EXPOSED_HISTORY
QQQ,ROLLING22,COVID,QLIKE,93,0.44490068104280023,41.04303692622704,0.10795143807051662,EXPOSED_HISTORY
QQQ,ROLLING22,2022,QLIKE,251,0.25077483504430487,11.003472495314893,0.02894134471027832,EXPOSED_HISTORY
QQQ,ROLLING22,2025_SPRING,QLIKE,82,0.29966358733062426,15.752764037853137,0.04143293622565978,EXPOSED_HISTORY
QQQ,ROLLING22,YEAR_2001,QLIKE,166,0.3249740450366482,9.06832206749175,0.023851510058379242,EXPOSED_HISTORY
QQQ,ROLLING22,YEAR_2002,QLIKE,252,0.05326820747315697,0.9895242826035502,0.0026026477890696677,EXPOSED_HISTORY
QQQ,ROLLING22,YEAR_2003,QLIKE,252,-0.4608004832749819,-7.549599779453141,-0.019856965129401334,EXPOSED_HISTORY
QQQ,ROLLING22,YEAR_2004,QLIKE,252,-0.07750027473155563,-1.3940872676415001,-0.0036667297697342096,EXPOSED_HISTORY
QQQ,ROLLING22,YEAR_2005,QLIKE,252,-0.011357207156819094,-0.21887593301953068,-0.0005756877048585512,EXPOSED_HISTORY
QQQ,ROLLING22,YEAR_2006,QLIKE,251,-0.25536716045920893,-4.074813166837576,-0.01071757779570405,EXPOSED_HISTORY
QQQ,ROLLING22,YEAR_2007,QLIKE,251,0.17880434389524114,9.65253005246746,0.02538809450323319,EXPOSED_HISTORY
QQQ,ROLLING22,YEAR_2008,QLIKE,253,0.30603822526228086,22.715100781137345,0.05974528151140662,EXPOSED_HISTORY
QQQ,ROLLING22,YEAR_2009,QLIKE,252,0.016683063084292016,0.38201547208489495,0.0010047774888314702,EXPOSED_HISTORY
QQQ,ROLLING22,YEAR_2010,QLIKE,252,0.2709113088070949,38.58003917689926,0.1014732588489767,EXPOSED_HISTORY
QQQ,ROLLING22,YEAR_2011,QLIKE,252,0.2881565244942753,19.691404407534634,0.051792352189784306,EXPOSED_HISTORY
QQQ,ROLLING22,YEAR_2012,QLIKE,250,0.11817772774707769,3.208178523274424,0.00843815446203282,EXPOSED_HISTORY
QQQ,ROLLING22,YEAR_2013,QLIKE,252,-0.044552276725780215,-1.5077999515410336,-0.003965816988252597,EXPOSED_HISTORY
QQQ,ROLLING22,YEAR_2014,QLIKE,252,0.3261310831580654,25.636040725596455,0.067427940767074,EXPOSED_HISTORY
QQQ,ROLLING22,YEAR_2015,QLIKE,252,0.14875090534243507,52.298369975011546,0.13755522666839398,EXPOSED_HISTORY
QQQ,ROLLING22,YEAR_2016,QLIKE,252,0.3219310468660458,28.53090926003222,0.07504202697319816,EXPOSED_HISTORY
QQQ,ROLLING22,YEAR_2017,QLIKE,251,-0.07475627122667539,-4.24065857020884,-0.011153784546766188,EXPOSED_HISTORY
QQQ,ROLLING22,YEAR_2018,QLIKE,251,0.38694897631350544,40.40544678604297,0.10627444782595531,EXPOSED_HISTORY
QQQ,ROLLING22,YEAR_2019,QLIKE,252,0.2527547116463553,20.079046089655403,0.05281192774205711,EXPOSED_HISTORY
QQQ,ROLLING22,YEAR_2020,QLIKE,253,0.3386148776368112,54.46559639411599,0.1432554678320112,EXPOSED_HISTORY
QQQ,ROLLING22,YEAR_2021,QLIKE,252,0.25884168784056705,18.214002123588074,0.04790648717820223,EXPOSED_HISTORY
QQQ,ROLLING22,YEAR_2022,QLIKE,251,0.25077483504430487,11.003472495314893,0.02894134471027832,EXPOSED_HISTORY
QQQ,ROLLING22,YEAR_2023,QLIKE,250,-0.3167065101928297,-6.378569861441385,-0.016776921030808137,EXPOSED_HISTORY
QQQ,ROLLING22,YEAR_2024,QLIKE,252,0.35412102016349034,25.680199610196954,0.06754408751091223,EXPOSED_HISTORY
QQQ,ROLLING22,YEAR_2025,QLIKE,250,0.22437366795780622,20.925759642080312,0.055038954601262464,EXPOSED_HISTORY
QQQ,ROLLING22,YEAR_2026,QLIKE,159,0.11633427854780354,4.037521914171637,0.010619494304465937,EXPOSED_HISTORY
QQQ,ROLLING22,EX_GFC,QLIKE,5608,0.21148035074181826,347.44942894346707,0.9138618464965286,EXPOSED_HISTORY
QQQ,ROLLING22,EX_COVID,QLIKE,6271,0.1992933980456989,339.1560383229297,0.8920485619294832,EXPOSED_HISTORY
QQQ,ROLLING22,EX_2022,QLIKE,6113,0.21094880008540262,369.19560275384185,0.9710586552897216,EXPOSED_HISTORY
QQQ,ROLLING22,EX_ALL_THREE,QLIKE,5264,0.19604529891788247,295.4029195219251,0.7769690637157336,EXPOSED_HISTORY
QQQ,ROLLING22,COMMON_ALL,QLIKE,6364,0.21192284638693082,380.1990752491568,1.0,EXPOSED_HISTORY
QQQ,EWMA,ALL,MSE,6364,0.13262218659916614,9.257859146233223e-05,1.0,EXPOSED_HISTORY
QQQ,EWMA,2000_2009,MSE,2181,0.15476869081986078,3.077258716341698e-05,0.3323942034259349,EXPOSED_HISTORY
QQQ,EWMA,2010_2019,MSE,2516,0.0004572111063858575,9.471830382762502e-08,0.0010231123884204198,EXPOSED_HISTORY
QQQ,EWMA,2020_2022,MSE,756,0.22836929158756236,5.7546615672671245e-05,0.6215974423858612,EXPOSED_HISTORY
QQQ,EWMA,2023_PLUS,MSE,911,0.10391299762014206,4.164670322416369e-06,0.0449852417997833,EXPOSED_HISTORY
QQQ,EWMA,2020_PLUS,MSE,1667,0.21129101466484423,6.171128599508763e-05,0.6665826841856447,EXPOSED_HISTORY
QQQ,EWMA,DOTCOM,MSE,418,0.1796423994870734,1.656565151405802e-05,0.17893609367342928,EXPOSED_HISTORY
QQQ,EWMA,GFC,MSE,756,0.1672139933296498,1.722634068613506e-05,0.18607261586113027,EXPOSED_HISTORY
QQQ,EWMA,2011,MSE,252,0.053909407769786144,4.3902236639992266e-07,0.004742158629390567,EXPOSED_HISTORY
QQQ,EWMA,2015_2016,MSE,504,0.003415551120132365,5.578878666233644e-07,0.006026100179438938,EXPOSED_HISTORY
QQQ,EWMA,2018Q4,MSE,63,0.05390046401968651,2.0700389047042994e-07,0.002235980124569667,EXPOSED_HISTORY
QQQ,EWMA,COVID,MSE,93,0.24830510914609139,5.76032866214894e-05,0.6222095811959577,EXPOSED_HISTORY
QQQ,EWMA,2022,MSE,251,0.008139426240196701,8.059630484548992e-08,0.0008705717334042873,EXPOSED_HISTORY
QQQ,EWMA,2025_SPRING,MSE,82,0.13949554618411686,4.035429809284678e-06,0.04358923316441455,EXPOSED_HISTORY
QQQ,EWMA,YEAR_2001,MSE,166,0.25512293569202793,1.7920250005423432e-05,0.19356796989846953,EXPOSED_HISTORY
QQQ,EWMA,YEAR_2002,MSE,252,-0.061648400614552123,-1.3545984913654115e-06,-0.014631876225040231,EXPOSED_HISTORY
QQQ,EWMA,YEAR_2003,MSE,252,-0.9647935011241291,-2.5426498015048686e-06,-0.02746477086486464,EXPOSED_HISTORY
QQQ,EWMA,YEAR_2004,MSE,252,-0.6501937969360703,-2.9325589048316764e-07,-0.0031676426034466694,EXPOSED_HISTORY
QQQ,EWMA,YEAR_2005,MSE,252,-0.4547959263279051,-8.594664498058266e-08,-0.0009283641457815014,EXPOSED_HISTORY
QQQ,EWMA,YEAR_2006,MSE,251,-0.305073974217114,-9.755269980748876e-08,-0.0010537284945319175,EXPOSED_HISTORY
QQQ,EWMA,YEAR_2007,MSE,251,-0.00868780266257918,-1.6082401301118522e-08,-0.00017371620206235288,EXPOSED_HISTORY
QQQ,EWMA,YEAR_2008,MSE,253,0.17618952611418426,1.7214047211619357e-05,0.1859398262569516,EXPOSED_HISTORY
QQQ,EWMA,YEAR_2009,MSE,252,0.008185250269812205,2.8375875816823317e-08,0.0003065058062410542,EXPOSED_HISTORY
QQQ,EWMA,YEAR_2010,MSE,252,-0.054132955722370646,-1.3416745280392855e-06,-0.014492276311907136,EXPOSED_HISTORY
QQQ,EWMA,YEAR_2011,MSE,252,0.053909407769786144,4.3902236639992266e-07,0.004742158629390567,EXPOSED_HISTORY
QQQ,EWMA,YEAR_2012,MSE,250,-0.00016263441107033927,-8.282342635941859e-11,-8.946282833987298e-07,EXPOSED_HISTORY
QQQ,EWMA,YEAR_2013,MSE,252,-0.42669591909521065,-9.74455179100267e-08,-0.0010525707549749739,EXPOSED_HISTORY
QQQ,EWMA,YEAR_2014,MSE,252,0.038644735877302105,3.812869036559277e-08,0.0004118521330183158,EXPOSED_HISTORY
QQQ,EWMA,YEAR_2015,MSE,252,0.0016779990118207522,2.680774583511833e-07,0.002895674411510753,EXPOSED_HISTORY
QQQ,EWMA,YEAR_2016,MSE,252,0.08101184295009412,2.8981040827218056e-07,0.0031304257679281794,EXPOSED_HISTORY
QQQ,EWMA,YEAR_2017,MSE,251,-0.40775178027733916,-1.0915027402832042e-07,-0.0011790012388850264,EXPOSED_HISTORY
QQQ,EWMA,YEAR_2018,MSE,251,0.05760002614238413,3.7702336579080436e-07,0.004072468157437945,EXPOSED_HISTORY
QQQ,EWMA,YEAR_2019,MSE,252,0.09781226366259177,2.310091580519322e-07,0.0024952762231851807,EXPOSED_HISTORY
QQQ,EWMA,YEAR_2020,MSE,253,0.2396431949583393,5.7415417140344603e-05,0.6201802839450783,EXPOSED_HISTORY
QQQ,EWMA,YEAR_2021,MSE,252,0.02023902672127509,5.060222748115706e-08,0.000546586707378733,EXPOSED_HISTORY
QQQ,EWMA,YEAR_2022,MSE,251,0.008139426240196701,8.059630484548992e-08,0.0008705717334042873,EXPOSED_HISTORY
QQQ,EWMA,YEAR_2023,MSE,250,-0.50006380879998,-4.3246669801723637e-07,-0.004671346703229932,EXPOSED_HISTORY
QQQ,EWMA,YEAR_2024,MSE,252,0.05163196086715305,3.324030778168595e-07,0.0035904961672710853,EXPOSED_HISTORY
QQQ,EWMA,YEAR_2025,MSE,250,0.1461311228475164,4.447736298445796e-06,0.04804281668354678,EXPOSED_HISTORY
QQQ,EWMA,YEAR_2026,MSE,159,-0.07823731518884203,-1.8300235582905002e-07,-0.0019767243478046306,EXPOSED_HISTORY
QQQ,EWMA,EX_GFC,MSE,5608,0.12663330968078834,7.535225077619716e-05,0.8139273841388697,EXPOSED_HISTORY
QQQ,EWMA,EX_COVID,MSE,6271,0.07504194874173475,3.4975304840842825e-05,0.3777904188040423,EXPOSED_HISTORY
QQQ,EWMA,EX_2022,MSE,6113,0.13441337268844433,9.249799515748674e-05,0.9991294282665957,EXPOSED_HISTORY
QQQ,EWMA,EX_ALL_THREE,MSE,5264,0.0500300631278946,1.766836784986228e-05,0.19084723120950775,EXPOSED_HISTORY
QQQ,EWMA,COMMON_ALL,MSE,6364,0.13262218659916614,9.257859146233223e-05,1.0,EXPOSED_HISTORY
QQQ,EWMA,ALL,QLIKE,6364,0.1658840230765809,281.1772213475054,1.0,EXPOSED_HISTORY
QQQ,EWMA,2000_2009,QLIKE,2181,0.04231665916990501,10.49944366233613,0.03734101792463453,EXPOSED_HISTORY
QQQ,EWMA,2010_2019,QLIKE,2516,0.16823834949850236,163.52435933763485,0.581570436445618,EXPOSED_HISTORY
QQQ,EWMA,2020_2022,QLIKE,756,0.256038462708122,65.87493668990453,0.23428262209224288,EXPOSED_HISTORY
QQQ,EWMA,2023_PLUS,QLIKE,911,0.1896629627591243,41.27848165762986,0.14680592353750452,EXPOSED_HISTORY
QQQ,EWMA,2020_PLUS,QLIKE,1667,0.22562103120579402,107.15341834753437,0.3810885456297473,EXPOSED_HISTORY
QQQ,EWMA,DOTCOM,QLIKE,418,0.17773027491348126,7.872722061947219,0.02799914596288497,EXPOSED_HISTORY
QQQ,EWMA,GFC,QLIKE,756,0.16062410707689756,22.648686756515936,0.08054950770185096,EXPOSED_HISTORY
QQQ,EWMA,2011,QLIKE,252,0.24411082039378096,15.709474028988026,0.055870365151566716,EXPOSED_HISTORY
QQQ,EWMA,2015_2016,QLIKE,504,0.17396394391060632,75.6854486591497,0.26917347108146594,EXPOSED_HISTORY
QQQ,EWMA,2018Q4,QLIKE,63,0.43916764683443743,13.221265048628368,0.047021109979205174,EXPOSED_HISTORY
QQQ,EWMA,COVID,QLIKE,93,0.4826834804363248,47.780776228421416,0.16993117721072226,EXPOSED_HISTORY
QQQ,EWMA,2022,QLIKE,251,0.18902035011247154,7.662258005726095,0.027250635627614914,EXPOSED_HISTORY
QQQ,EWMA,2025_SPRING,QLIKE,82,0.34699271938512166,19.562837156972574,0.06957475809462876,EXPOSED_HISTORY
QQQ,EWMA,YEAR_2001,QLIKE,166,0.28734703113942495,7.5949924650844896,0.02701140735613814,EXPOSED_HISTORY
QQQ,EWMA,YEAR_2002,QLIKE,252,0.015546479026404825,0.27772959686273024,0.0009877386067468309,EXPOSED_HISTORY
QQQ,EWMA,YEAR_2003,QLIKE,252,-0.5532375852866114,-8.524633047138414,-0.0303176516443445,EXPOSED_HISTORY
QQQ,EWMA,YEAR_2004,QLIKE,252,-0.30022390382147224,-4.47539353391152,-0.01591662906569663,EXPOSED_HISTORY
QQQ,EWMA,YEAR_2005,QLIKE,252,-0.18530414568992093,-3.0470976264939664,-0.010836929150559017,EXPOSED_HISTORY
QQQ,EWMA,YEAR_2006,QLIKE,251,-0.2475509728609997,-3.974840948583127,-0.014136425879501252,EXPOSED_HISTORY
QQQ,EWMA,YEAR_2007,QLIKE,251,0.07893584003976828,3.799216931242895,0.013511823301459629,EXPOSED_HISTORY
QQQ,EWMA,YEAR_2008,QLIKE,253,0.25891126191717473,17.99514167118972,0.06399928694419248,EXPOSED_HISTORY
QQQ,EWMA,YEAR_2009,QLIKE,252,0.03655550094280313,0.8543281540833187,0.003038397456198841,EXPOSED_HISTORY
QQQ,EWMA,YEAR_2010,QLIKE,252,0.20036923533984674,26.017013246818784,0.09252887955196236,EXPOSED_HISTORY
QQQ,EWMA,YEAR_2011,QLIKE,252,0.24411082039378096,15.709474028988026,0.055870365151566716,EXPOSED_HISTORY
QQQ,EWMA,YEAR_2012,QLIKE,250,0.13891621102610585,3.861992905183218,0.013735084537343095,EXPOSED_HISTORY
QQQ,EWMA,YEAR_2013,QLIKE,252,-0.14807159171676276,-4.5593903614304,-0.016215361755052962,EXPOSED_HISTORY
QQQ,EWMA,YEAR_2014,QLIKE,252,0.17910133882438772,11.556956252564468,0.04110203592303549,EXPOSED_HISTORY
QQQ,EWMA,YEAR_2015,QLIKE,252,0.15475923343532172,54.797574163733294,0.19488624967955448,EXPOSED_HISTORY
QQQ,EWMA,YEAR_2016,QLIKE,252,0.2579346960490422,20.887874495416398,0.07428722140191146,EXPOSED_HISTORY
QQQ,EWMA,YEAR_2017,QLIKE,251,-0.08636357154346808,-4.846754968478789,-0.01723736704293237,EXPOSED_HISTORY
QQQ,EWMA,YEAR_2018,QLIKE,251,0.3131076318109687,29.180168512719206,0.10377856489539597,EXPOSED_HISTORY
QQQ,EWMA,YEAR_2019,QLIKE,252,0.15536792759573714,10.919451062120647,0.03883476410283377,EXPOSED_HISTORY
QQQ,EWMA,YEAR_2020,QLIKE,253,0.32883581766085146,52.1219905849391,0.18537060127115282,EXPOSED_HISTORY
QQQ,EWMA,YEAR_2021,QLIKE,252,0.10457188639148673,6.090688099239329,0.021661385193475116,EXPOSED_HISTORY
QQQ,EWMA,YEAR_2022,QLIKE,251,0.18902035011247154,7.662258005726095,0.027250635627614914,EXPOSED_HISTORY
QQQ,EWMA,YEAR_2023,QLIKE,250,-0.3564000137970129,-6.967953362759381,-0.024781357925675374,EXPOSED_HISTORY
QQQ,EWMA,YEAR_2024,QLIKE,252,0.2756371566116751,17.822943711036448,0.06338686905582998,EXPOSED_HISTORY
QQQ,EWMA,YEAR_2025,QLIKE,250,0.28902602556275425,29.406621866409424,0.10458394078112729,EXPOSED_HISTORY
QQQ,EWMA,YEAR_2026,QLIKE,159,0.03209252160131415,1.016869442943366,0.003616471626222604,EXPOSED_HISTORY
QQQ,EWMA,EX_GFC,QLIKE,5608,0.16636128290829122,258.5285345909894,0.9194504922981489,EXPOSED_HISTORY
QQQ,EWMA,EX_COVID,QLIKE,6271,0.1462353460329655,233.39644511908392,0.8300688227892775,EXPOSED_HISTORY
QQQ,EWMA,EX_2022,QLIKE,6113,0.16531715831073346,273.51496334177926,0.972749364372385,EXPOSED_HISTORY
QQQ,EWMA,EX_ALL_THREE,QLIKE,5264,0.14357485814796112,203.08550035684195,0.7222686794598119,EXPOSED_HISTORY
QQQ,EWMA,COMMON_ALL,QLIKE,6364,0.1658840230765809,281.1772213475054,1.0,EXPOSED_HISTORY
QQQ,CURRENT,ALL,MSE,6364,0.6141394332633652,0.0009636942774479715,1.0,EXPOSED_HISTORY
QQQ,CURRENT,2000_2009,MSE,2181,0.5729515285450915,0.00022547437310395125,0.23396877866811272,EXPOSED_HISTORY
QQQ,CURRENT,2010_2019,MSE,2516,0.7469873082169292,0.0006113493389502823,0.6343809995108,EXPOSED_HISTORY
QQQ,CURRENT,2020_2022,MSE,756,0.3148756474579838,8.936372321803138e-05,0.09273036616413446,EXPOSED_HISTORY
QQQ,CURRENT,2023_PLUS,MSE,911,0.5108489806217344,3.7506842175706305e-05,0.03891985565695263,EXPOSED_HISTORY
QQQ,CURRENT,2020_PLUS,MSE,1667,0.355153904332035,0.00012687056539373764,0.13165022182108704,EXPOSED_HISTORY
QQQ,CURRENT,DOTCOM,MSE,418,0.6080178618729845,0.00011734185248002413,0.12176252907796192,EXPOSED_HISTORY
QQQ,CURRENT,GFC,MSE,756,0.5355380932769231,9.892227594125652e-05,0.10264902288640726,EXPOSED_HISTORY
QQQ,CURRENT,2011,MSE,252,0.4861505834358232,7.2893659365932535e-06,0.007563981759751392,EXPOSED_HISTORY
QQQ,CURRENT,2015_2016,MSE,504,0.7704169604061781,0.0005462434795894059,0.5668223754902362,EXPOSED_HISTORY
QQQ,CURRENT,2018Q4,MSE,63,0.5333888341620294,4.153475243196766e-06,0.0043099511332534675,EXPOSED_HISTORY
QQQ,CURRENT,COVID,MSE,93,0.2568718634775433,6.0277611813668784e-05,0.06254847955857358,EXPOSED_HISTORY
QQQ,CURRENT,2022,MSE,251,0.6736795067789603,2.0275937977694293e-05,0.02103980323654974,EXPOSED_HISTORY
QQQ,CURRENT,2025_SPRING,MSE,82,0.4201709250917641,1.8038839176547898e-05,0.018718425125775214,EXPOSED_HISTORY
QQQ,CURRENT,YEAR_2001,MSE,166,0.577946850334369,7.16473147422494e-05,0.07434651882751014,EXPOSED_HISTORY
QQQ,CURRENT,YEAR_2002,MSE,252,0.6620275715686925,4.5694537737774746e-05,0.04741601025045179,EXPOSED_HISTORY
QQQ,CURRENT,YEAR_2003,MSE,252,0.5643936259212886,6.708987256091725e-06,0.006961738191346617,EXPOSED_HISTORY
QQQ,CURRENT,YEAR_2004,MSE,252,0.5716107710415135,9.931177261994144e-07,0.0010305319326263526,EXPOSED_HISTORY
QQQ,CURRENT,YEAR_2005,MSE,252,0.6381530615071276,4.84857807246168e-07,0.000503124090899611,EXPOSED_HISTORY
QQQ,CURRENT,YEAR_2006,MSE,251,0.7103154969047512,1.023281893133288e-06,0.0010618324888709671,EXPOSED_HISTORY
QQQ,CURRENT,YEAR_2007,MSE,251,0.5961709205533227,2.7565820003883467e-06,0.0028604320528791047,EXPOSED_HISTORY
QQQ,CURRENT,YEAR_2008,MSE,253,0.5246044599713997,8.881924699982534e-05,0.09216537762892399,EXPOSED_HISTORY
QQQ,CURRENT,YEAR_2009,MSE,252,0.6811865712100397,7.346446941042847e-06,0.007623213204604166,EXPOSED_HISTORY
QQQ,CURRENT,YEAR_2010,MSE,252,0.6503558333111901,4.8596565586543556e-05,0.05042736760379613,EXPOSED_HISTORY
QQQ,CURRENT,YEAR_2011,MSE,252,0.4861505834358232,7.2893659365932535e-06,0.007563981759751392,EXPOSED_HISTORY
QQQ,CURRENT,YEAR_2012,MSE,250,0.6691444011911682,1.0301316658904757e-06,0.001068940316443968,EXPOSED_HISTORY
QQQ,CURRENT,YEAR_2013,MSE,252,0.6921361022834206,7.324998453139056e-07,0.0007600956677398681,EXPOSED_HISTORY
QQQ,CURRENT,YEAR_2014,MSE,252,0.4510068232425597,7.792227423723635e-07,0.0008085787791911348,EXPOSED_HISTORY
QQQ,CURRENT,YEAR_2015,MSE,252,0.7728057663432524,0.0005425156716767215,0.5629541280595715,EXPOSED_HISTORY
QQQ,CURRENT,YEAR_2016,MSE,252,0.5313764219871691,3.7278079126842527e-06,0.0038682474306645574,EXPOSED_HISTORY
QQQ,CURRENT,YEAR_2017,MSE,251,0.5575340912713748,4.748393077837099e-07,0.0004927281596412155,EXPOSED_HISTORY
QQQ,CURRENT,YEAR_2018,MSE,251,0.47081018433505883,5.4880141469329256e-06,0.005694766769256047,EXPOSED_HISTORY
QQQ,CURRENT,YEAR_2019,MSE,252,0.25130964668470845,7.152201294461902e-07,0.0007421649647440228,EXPOSED_HISTORY
QQQ,CURRENT,YEAR_2020,MSE,253,0.26911564244408237,6.707661460635785e-05,0.06960362448554565,EXPOSED_HISTORY
QQQ,CURRENT,YEAR_2021,MSE,252,0.45085438159073365,2.011170633979205e-06,0.002086938442039037,EXPOSED_HISTORY
QQQ,CURRENT,YEAR_2022,MSE,251,0.6736795067789603,2.0275937977694293e-05,0.02103980323654974,EXPOSED_HISTORY
QQQ,CURRENT,YEAR_2023,MSE,250,0.5802019345164015,1.7929811291669316e-06,0.001860528978043799,EXPOSED_HISTORY
QQQ,CURRENT,YEAR_2024,MSE,252,0.6491242914445213,1.129530300829224e-05,0.01172083644431733,EXPOSED_HISTORY
QQQ,CURRENT,YEAR_2025,MSE,250,0.43911734310273054,2.0346797929382566e-05,0.021113332729612543,EXPOSED_HISTORY
QQQ,CURRENT,YEAR_2026,MSE,159,0.617510638493463,4.071760108864572e-06,0.004225157504978959,EXPOSED_HISTORY
QQQ,CURRENT,EX_GFC,MSE,5608,0.6246264615688232,0.0008647720015067147,0.8973509771135925,EXPOSED_HISTORY
QQQ,CURRENT,EX_COVID,MSE,6271,0.6769609816957598,0.0009034166656343023,0.9374515204414261,EXPOSED_HISTORY
QQQ,CURRENT,EX_2022,MSE,6113,0.6129751048214789,0.0009434183394702768,0.9789601967634498,EXPOSED_HISTORY
QQQ,CURRENT,EX_ALL_THREE,MSE,5264,0.7003794573529691,0.0007842184517153515,0.813762694318469,EXPOSED_HISTORY
QQQ,CURRENT,COMMON_ALL,MSE,6364,0.6141394332633652,0.0009636942774479715,1.0,EXPOSED_HISTORY
QQQ,CURRENT,ALL,QLIKE,6364,0.6538631671703401,2670.798191360436,1.0,EXPOSED_HISTORY
QQQ,CURRENT,2000_2009,QLIKE,2181,0.6941102966052826,539.1883193553174,0.20188283828388723,EXPOSED_HISTORY
QQQ,CURRENT,2010_2019,QLIKE,2516,0.6351907042959253,1407.6496858434248,0.5270520589675869,EXPOSED_HISTORY
QQQ,CURRENT,2020_2022,QLIKE,756,0.619562732621338,311.7221881074222,0.11671499146427045,EXPOSED_HISTORY
QQQ,CURRENT,2023_PLUS,QLIKE,911,0.7003694716740049,412.23799805427115,0.15435011128425533,EXPOSED_HISTORY
QQQ,CURRENT,2020_PLUS,QLIKE,1667,0.6631291481204644,723.9601861616934,0.2710651027485258,EXPOSED_HISTORY
QQQ,CURRENT,DOTCOM,QLIKE,418,0.660534909616169,70.87261594255563,0.02653611799342089,EXPOSED_HISTORY
QQQ,CURRENT,GFC,QLIKE,756,0.6360808144397458,206.869343176856,0.07745599942595516,EXPOSED_HISTORY
QQQ,CURRENT,2011,QLIKE,252,0.6792506334095623,103.01417470765011,0.03857055731162426,EXPOSED_HISTORY
QQQ,CURRENT,2015_2016,QLIKE,504,0.6229359569606816,593.7182917643585,0.2222999452691458,EXPOSED_HISTORY
QQQ,CURRENT,2018Q4,QLIKE,63,0.48140842166619313,15.673426660864685,0.005868442891554096,EXPOSED_HISTORY
QQQ,CURRENT,COVID,QLIKE,93,0.16783161542115732,10.327844130404152,0.003866950398503683,EXPOSED_HISTORY
QQQ,CURRENT,2022,QLIKE,251,0.6852255382640315,71.56360592600024,0.026794838396063007,EXPOSED_HISTORY
QQQ,CURRENT,2025_SPRING,QLIKE,82,0.519699318649047,39.83533240281998,0.014915141298088451,EXPOSED_HISTORY
QQQ,CURRENT,YEAR_2001,QLIKE,166,0.6285862082515544,31.87906338641106,0.011936155823953395,EXPOSED_HISTORY
QQQ,CURRENT,YEAR_2002,QLIKE,252,0.6891719893635222,38.99355255614457,0.014599962169467495,EXPOSED_HISTORY
QQQ,CURRENT,YEAR_2003,QLIKE,252,0.6755469756548422,49.83169212048057,0.018657977334894625,EXPOSED_HISTORY
QQQ,CURRENT,YEAR_2004,QLIKE,252,0.7506334858342528,58.343692051446595,0.02184503952420599,EXPOSED_HISTORY
QQQ,CURRENT,YEAR_2005,QLIKE,252,0.7617918836854108,62.331965709283345,0.023338328560696325,EXPOSED_HISTORY
QQQ,CURRENT,YEAR_2006,QLIKE,251,0.8194880974962937,90.93901035469524,0.034049375444714244,EXPOSED_HISTORY
QQQ,CURRENT,YEAR_2007,QLIKE,251,0.6917248742019537,99.47287032834946,0.03724462246909061,EXPOSED_HISTORY
QQQ,CURRENT,YEAR_2008,QLIKE,253,0.5185069079788676,55.4675557236001,0.020768156839040826,EXPOSED_HISTORY
QQQ,CURRENT,YEAR_2009,QLIKE,252,0.6975445746191247,51.92891712490645,0.019443220117823727,EXPOSED_HISTORY
QQQ,CURRENT,YEAR_2010,QLIKE,252,0.4909502336346929,100.13666433883657,0.03749316015817336,EXPOSED_HISTORY
QQQ,CURRENT,YEAR_2011,QLIKE,252,0.6792506334095623,103.01417470765011,0.03857055731162426,EXPOSED_HISTORY
QQQ,CURRENT,YEAR_2012,QLIKE,250,0.7881385155554169,89.05421835051655,0.033343671805152235,EXPOSED_HISTORY
QQQ,CURRENT,YEAR_2013,QLIKE,252,0.6895193594184219,78.5083664753733,0.02939509496798901,EXPOSED_HISTORY
QQQ,CURRENT,YEAR_2014,QLIKE,252,0.6173732470755258,85.46861339027035,0.03200114994339383,EXPOSED_HISTORY
QQQ,CURRENT,YEAR_2015,QLIKE,252,0.6283898548415139,506.08888752412054,0.1894897522250949,EXPOSED_HISTORY
QQQ,CURRENT,YEAR_2016,QLIKE,252,0.5932016950425311,87.62940424023796,0.032810193044050924,EXPOSED_HISTORY
QQQ,CURRENT,YEAR_2017,QLIKE,251,0.7277697137113782,162.98708881898347,0.06102561000161605,EXPOSED_HISTORY
QQQ,CURRENT,YEAR_2018,QLIKE,251,0.571089426966768,85.23543873508304,0.03191384471159399,EXPOSED_HISTORY
QQQ,CURRENT,YEAR_2019,QLIKE,252,0.6485151488156962,109.52682926235302,0.04100902479889837,EXPOSED_HISTORY
QQQ,CURRENT,YEAR_2020,QLIKE,253,0.5308668075478951,120.38158566693431,0.04507326164003991,EXPOSED_HISTORY
QQQ,CURRENT,YEAR_2021,QLIKE,252,0.6966600400173264,119.77699651448766,0.04484689142816753,EXPOSED_HISTORY
QQQ,CURRENT,YEAR_2022,QLIKE,251,0.6852255382640315,71.56360592600024,0.026794838396063007,EXPOSED_HISTORY
QQQ,CURRENT,YEAR_2023,QLIKE,250,0.7629211805471208,85.33795368732913,0.031952228350079936,EXPOSED_HISTORY
QQQ,CURRENT,YEAR_2024,QLIKE,252,0.7191553282208644,119.93732345089256,0.04490692102416004,EXPOSED_HISTORY
QQQ,CURRENT,YEAR_2025,QLIKE,250,0.6664314516123833,144.5214398198966,0.054111703492760385,EXPOSED_HISTORY
QQQ,CURRENT,YEAR_2026,QLIKE,159,0.6706186412857957,62.4412810961528,0.023379258417254963,EXPOSED_HISTORY
QQQ,CURRENT,EX_GFC,QLIKE,5608,0.6554015071714333,2463.9288481835797,0.9225440005740448,EXPOSED_HISTORY
QQQ,CURRENT,EX_COVID,QLIKE,6271,0.6612974449669622,2660.470347230031,0.9961330496014962,EXPOSED_HISTORY
QQQ,CURRENT,EX_2022,QLIKE,6113,0.6530402388103818,2599.2345854344353,0.9732051616039369,EXPOSED_HISTORY
QQQ,CURRENT,EX_ALL_THREE,QLIKE,5264,0.6628842441966478,2382.0373981271755,0.8918822117794781,EXPOSED_HISTORY
QQQ,CURRENT,COMMON_ALL,QLIKE,6364,0.6538631671703401,2670.798191360436,1.0,EXPOSED_HISTORY
QQQ,HIST_MEAN,ALL,MSE,6364,0.5578648270658486,0.0007639705350164133,1.0,EXPOSED_HISTORY
QQQ,HIST_MEAN,2000_2009,MSE,2181,0.7471680634090834,0.0004966413166333126,0.6500791507916501,EXPOSED_HISTORY
QQQ,HIST_MEAN,2010_2019,MSE,2516,0.423936821681955,0.00015238757372126933,0.1994678678517299,EXPOSED_HISTORY
QQQ,HIST_MEAN,2020_2022,MSE,756,0.3183169526496519,9.079644834375569e-05,0.11884810235751435,EXPOSED_HISTORY
QQQ,HIST_MEAN,2023_PLUS,MSE,911,0.4020248754131257,2.414519631807579e-05,0.031604878999105704,EXPOSED_HISTORY
QQQ,HIST_MEAN,2020_PLUS,MSE,1667,0.33287657839161533,0.00011494164466183148,0.15045298135662005,EXPOSED_HISTORY
QQQ,HIST_MEAN,DOTCOM,MSE,418,0.30116525537097305,3.260117535664023e-05,0.04267334126431959,EXPOSED_HISTORY
QQQ,HIST_MEAN,GFC,MSE,756,0.6074626627804227,0.00013276770552977452,0.1737864216542358,EXPOSED_HISTORY
QQQ,HIST_MEAN,2011,MSE,252,0.6859207222034929,1.6826331826935525e-05,0.022024843964137994,EXPOSED_HISTORY
QQQ,HIST_MEAN,2015_2016,MSE,504,0.006368152275940009,1.0432494612900717e-06,0.0013655624313674065,EXPOSED_HISTORY
QQQ,HIST_MEAN,2018Q4,MSE,63,-0.38913842896433937,-1.0178444870975114e-06,-0.001332308564852758,EXPOSED_HISTORY
QQQ,HIST_MEAN,COVID,MSE,93,0.3193759888028176,8.182729634950692e-05,0.10710792183595003,EXPOSED_HISTORY
QQQ,HIST_MEAN,2022,MSE,251,-0.09400953360518272,-8.439617381590264e-07,-0.0011047045657865517,EXPOSED_HISTORY
QQQ,HIST_MEAN,2025_SPRING,MSE,82,0.05202086465927114,1.3660335515187128e-06,0.0017880709908391487,EXPOSED_HISTORY
QQQ,HIST_MEAN,YEAR_2001,MSE,166,0.15405145238775264,9.52798381156276e-06,0.012471663990755949,EXPOSED_HISTORY
QQQ,HIST_MEAN,YEAR_2002,MSE,252,0.4972589080823643,2.3073191545077462e-05,0.030201677273563637,EXPOSED_HISTORY
QQQ,HIST_MEAN,YEAR_2003,MSE,252,0.9493926447706312,9.714071907638623e-05,0.1271524419123039,EXPOSED_HISTORY
QQQ,HIST_MEAN,YEAR_2004,MSE,252,0.9924702398491901,9.810140402018343e-05,0.12840993143547846,EXPOSED_HISTORY
QQQ,HIST_MEAN,YEAR_2005,MSE,252,0.9966241184465845,8.116310084268382e-05,0.10623852245942979,EXPOSED_HISTORY
QQQ,HIST_MEAN,YEAR_2006,MSE,251,0.9924514136733855,5.486721180764426e-05,0.07181849206588246,EXPOSED_HISTORY
QQQ,HIST_MEAN,YEAR_2007,MSE,251,0.952442483576039,3.7395324709788554e-05,0.04894864788075255,EXPOSED_HISTORY
QQQ,HIST_MEAN,YEAR_2008,MSE,253,0.4846656745680783,7.569782537382326e-05,0.09908474463900227,EXPOSED_HISTORY
QQQ,HIST_MEAN,YEAR_2009,MSE,252,0.85123743413491,1.9674555446162712e-05,0.02575302913448098,EXPOSED_HISTORY
QQQ,HIST_MEAN,YEAR_2010,MSE,252,0.39883960031855425,1.7333598504962334e-05,0.022688831192409713,EXPOSED_HISTORY
QQQ,HIST_MEAN,YEAR_2011,MSE,252,0.6859207222034929,1.6826331826935525e-05,0.022024843964137994,EXPOSED_HISTORY
QQQ,HIST_MEAN,YEAR_2012,MSE,250,0.9817547054646296,2.740712559956803e-05,0.03587458461206126,EXPOSED_HISTORY
QQQ,HIST_MEAN,YEAR_2013,MSE,252,0.9887087995408512,2.8530085916982628e-05,0.037344484648704,EXPOSED_HISTORY
QQQ,HIST_MEAN,YEAR_2014,MSE,252,0.9592516480768204,2.2328932433798962e-05,0.029227478561485675,EXPOSED_HISTORY
QQQ,HIST_MEAN,YEAR_2015,MSE,252,-0.10777197637548008,-1.5516533789632055e-05,-0.020310382506177015,EXPOSED_HISTORY
QQQ,HIST_MEAN,YEAR_2016,MSE,252,0.8343571401467017,1.6559783250922124e-05,0.021675944937544416,EXPOSED_HISTORY
QQQ,HIST_MEAN,YEAR_2017,MSE,251,0.9825653032530718,2.1237435651994904e-05,0.027798762751417676,EXPOSED_HISTORY
QQQ,HIST_MEAN,YEAR_2018,MSE,251,0.5186623002072241,6.64684657825151e-06,0.008700396512162223,EXPOSED_HISTORY
QQQ,HIST_MEAN,YEAR_2019,MSE,252,0.838146832008332,1.1033967747485366e-05,0.014442923177983964,EXPOSED_HISTORY
QQQ,HIST_MEAN,YEAR_2020,MSE,253,0.31236598607318333,8.275366681752487e-05,0.10832049539154932,EXPOSED_HISTORY
QQQ,HIST_MEAN,YEAR_2021,MSE,252,0.7839142715608873,8.886743264389866e-06,0.011632311531751602,EXPOSED_HISTORY
QQQ,HIST_MEAN,YEAR_2022,MSE,251,-0.09400953360518272,-8.439617381590264e-07,-0.0011047045657865517,EXPOSED_HISTORY
QQQ,HIST_MEAN,YEAR_2023,MSE,250,0.8642353935502559,8.258144205897286e-06,0.010809506162066664,EXPOSED_HISTORY
QQQ,HIST_MEAN,YEAR_2024,MSE,252,0.5381213490473509,7.113374283899409e-06,0.009311058421574574,EXPOSED_HISTORY
QQQ,HIST_MEAN,YEAR_2025,MSE,250,0.21902303955947644,7.2885153545133335e-06,0.00954030950206312,EXPOSED_HISTORY
QQQ,HIST_MEAN,YEAR_2026,MSE,159,0.37062051243089833,1.485162473765762e-06,0.0019440049134013453,EXPOSED_HISTORY
QQQ,HIST_MEAN,EX_GFC,MSE,5608,0.5484459211236403,0.0006312028294866389,0.8262135783457643,EXPOSED_HISTORY
QQQ,HIST_MEAN,EX_COVID,MSE,6271,0.6127523184887007,0.0006821432386669065,0.8928920781640501,EXPOSED_HISTORY
QQQ,HIST_MEAN,EX_2022,MSE,6113,0.5621663624946858,0.0007648144967545723,1.0011047045657866,EXPOSED_HISTORY
QQQ,HIST_MEAN,EX_ALL_THREE,MSE,5264,0.6212212683616105,0.0005502194948752909,0.7202103610756008,EXPOSED_HISTORY
QQQ,HIST_MEAN,COMMON_ALL,MSE,6364,0.5578648270658486,0.0007639705350164133,1.0,EXPOSED_HISTORY
QQQ,HIST_MEAN,ALL,QLIKE,6364,0.6953090934933477,3226.41651192295,1.0,EXPOSED_HISTORY
QQQ,HIST_MEAN,2000_2009,QLIKE,2181,0.8450590619258701,1295.978297945777,0.4016773076745047,EXPOSED_HISTORY
QQQ,HIST_MEAN,2010_2019,QLIKE,2516,0.6435520341493064,1459.6336829622755,0.45240088425295444,EXPOSED_HISTORY
QQQ,HIST_MEAN,2020_2022,QLIKE,756,0.5278934213239024,214.02853587872093,0.06633630068771236,EXPOSED_HISTORY
QQQ,HIST_MEAN,2023_PLUS,QLIKE,911,0.5928261911106876,256.77599513617645,0.07958550738482846,EXPOSED_HISTORY
QQQ,HIST_MEAN,2020_PLUS,QLIKE,1667,0.5614322334177932,470.8045310148974,0.14592180807254085,EXPOSED_HISTORY
QQQ,HIST_MEAN,DOTCOM,QLIKE,418,0.4094119382701291,25.24955018635244,0.007825880537446067,EXPOSED_HISTORY
QQQ,HIST_MEAN,GFC,QLIKE,756,0.7509295724409623,356.83367462728097,0.11059752307509964,EXPOSED_HISTORY
QQQ,HIST_MEAN,2011,QLIKE,252,0.6685953476801534,98.13806537576056,0.030417047834059744,EXPOSED_HISTORY
QQQ,HIST_MEAN,2015_2016,QLIKE,504,0.27926124088495885,139.24670750295482,0.043158317281225274,EXPOSED_HISTORY
QQQ,HIST_MEAN,2018Q4,QLIKE,63,-0.9343337414457211,-8.15542048355383,-0.002527702314135872,EXPOSED_HISTORY
QQQ,HIST_MEAN,COVID,QLIKE,93,0.6946467847066373,116.49536455446363,0.03610673455332405,EXPOSED_HISTORY
QQQ,HIST_MEAN,2022,QLIKE,251,0.0035282763786145255,0.11640075105135161,3.607740991319703e-05,EXPOSED_HISTORY
QQQ,HIST_MEAN,2025_SPRING,QLIKE,82,0.2264603536057489,10.778022955727707,0.0033405553548025903,EXPOSED_HISTORY
QQQ,HIST_MEAN,YEAR_2001,QLIKE,166,0.28934243545656857,7.669207373739291,0.002377004749820236,EXPOSED_HISTORY
QQQ,HIST_MEAN,YEAR_2002,QLIKE,252,0.4999090504163457,17.580342812613146,0.00544887578762583,EXPOSED_HISTORY
QQQ,HIST_MEAN,YEAR_2003,QLIKE,252,0.851389966026225,137.11415810723918,0.04249735196945136,EXPOSED_HISTORY
QQQ,HIST_MEAN,YEAR_2004,QLIKE,252,0.9243387734439487,236.7892062499309,0.0733907743699229,EXPOSED_HISTORY
QQQ,HIST_MEAN,YEAR_2005,QLIKE,252,0.9412765683526549,312.4185825491918,0.0968314479530697,EXPOSED_HISTORY
QQQ,HIST_MEAN,YEAR_2006,QLIKE,251,0.9190988552936386,227.57312622578186,0.07053432976951506,EXPOSED_HISTORY
QQQ,HIST_MEAN,YEAR_2007,QLIKE,251,0.8008693964083731,178.29264531013732,0.05526026929606636,EXPOSED_HISTORY
QQQ,HIST_MEAN,YEAR_2008,QLIKE,253,0.6314473492199939,88.24947847037453,0.027352165519937063,EXPOSED_HISTORY
QQQ,HIST_MEAN,YEAR_2009,QLIKE,252,0.800400694953568,90.29155084676913,0.02798508825909622,EXPOSED_HISTORY
QQQ,HIST_MEAN,YEAR_2010,QLIKE,252,0.4359482513072017,80.24756844612133,0.024872042450059754,EXPOSED_HISTORY
QQQ,HIST_MEAN,YEAR_2011,QLIKE,252,0.6685953476801534,98.13806537576056,0.030417047834059744,EXPOSED_HISTORY
QQQ,HIST_MEAN,YEAR_2012,QLIKE,250,0.8901151961967407,193.91550420871008,0.06010243980965002,EXPOSED_HISTORY
QQQ,HIST_MEAN,YEAR_2013,QLIKE,252,0.8786157498031114,255.88253623243207,0.07930858749539613,EXPOSED_HISTORY
QQQ,HIST_MEAN,YEAR_2014,QLIKE,252,0.7963433270227386,207.1266041355533,0.06419710640896313,EXPOSED_HISTORY
QQQ,HIST_MEAN,YEAR_2015,QLIKE,252,-0.19539729989583154,-48.920567457883834,-0.015162508398125909,EXPOSED_HISTORY
QQQ,HIST_MEAN,YEAR_2016,QLIKE,252,0.7579424023063459,188.16727496083863,0.05832082567935117,EXPOSED_HISTORY
QQQ,HIST_MEAN,YEAR_2017,QLIKE,251,0.826266290760644,289.95567115161634,0.08986926209933206,EXPOSED_HISTORY
QQQ,HIST_MEAN,YEAR_2018,QLIKE,251,0.5267195532723175,71.24324816984964,0.02208123095904581,EXPOSED_HISTORY
QQQ,HIST_MEAN,YEAR_2019,QLIKE,252,0.6760427237860759,123.87777773927748,0.03839484991522254,EXPOSED_HISTORY
QQQ,HIST_MEAN,YEAR_2020,QLIKE,253,0.5341874272057434,121.99811063074168,0.037812263289599454,EXPOSED_HISTORY
QQQ,HIST_MEAN,YEAR_2021,QLIKE,252,0.6379933688487268,91.91402449692791,0.02848795998819972,EXPOSED_HISTORY
QQQ,HIST_MEAN,YEAR_2022,QLIKE,251,0.0035282763786145255,0.11640075105135161,3.607740991319703e-05,EXPOSED_HISTORY
QQQ,HIST_MEAN,YEAR_2023,QLIKE,250,0.7570290949823566,82.62540634761874,0.025609032820865973,EXPOSED_HISTORY
QQQ,HIST_MEAN,YEAR_2024,QLIKE,252,0.6466957889650126,85.73320477051,0.02657226816614971,EXPOSED_HISTORY
QQQ,HIST_MEAN,YEAR_2025,QLIKE,250,0.5181207422521412,77.77761756055592,0.024106502453460455,EXPOSED_HISTORY
QQQ,HIST_MEAN,YEAR_2026,QLIKE,159,0.25756873615862097,10.639766457491781,0.0032977039443523246,EXPOSED_HISTORY
QQQ,HIST_MEAN,EX_GFC,QLIKE,5608,0.6889634051706912,2869.582837295669,0.8894024769249003,EXPOSED_HISTORY
QQQ,HIST_MEAN,EX_COVID,QLIKE,6271,0.6953339276361861,3109.9211473684863,0.9638932654466759,EXPOSED_HISTORY
QQQ,HIST_MEAN,EX_2022,QLIKE,6113,0.7002626589452128,3226.3001111718986,0.9999639225900867,EXPOSED_HISTORY
QQQ,HIST_MEAN,EX_ALL_THREE,QLIKE,5264,0.6944270478015535,2752.971071990154,0.8532596649616631,EXPOSED_HISTORY
QQQ,HIST_MEAN,COMMON_ALL,QLIKE,6364,0.6953090934933477,3226.41651192295,1.0,EXPOSED_HISTORY
SPY,GARCH,ALL,MSE,7898,0.10886450894051247,5.807989643813635e-05,1.0,EXPOSED_HISTORY
SPY,GARCH,PRE2000,MSE,1200,0.09195326767449818,1.5724068240015644e-06,0.027073168521855224,EXPOSED_HISTORY
SPY,GARCH,2000_2009,MSE,2515,0.13398442302165015,2.839332131522179e-05,0.4888665968174523,EXPOSED_HISTORY
SPY,GARCH,2010_2019,MSE,2516,0.0014627026348205119,6.381719381009991e-08,0.0010987828443887572,EXPOSED_HISTORY
SPY,GARCH,2020_2022,MSE,756,0.08081920036421342,1.8774311759027638e-05,0.3232497457881153,EXPOSED_HISTORY
SPY,GARCH,2023_PLUS,MSE,911,0.3247763661657975,9.27603934607526e-06,0.1597117060281884,EXPOSED_HISTORY
SPY,GARCH,2020_PLUS,MSE,1667,0.10752968884773229,2.8050351105102895e-05,0.4829614518163036,EXPOSED_HISTORY
SPY,GARCH,DOTCOM,MSE,752,0.131506853982426,5.220963681705208e-06,0.08989278566063394,EXPOSED_HISTORY
SPY,GARCH,GFC,MSE,756,0.13584191102703214,2.329753643825325e-05,0.40112909745058795,EXPOSED_HISTORY
SPY,GARCH,2011,MSE,252,0.08028976793964704,7.817730104835367e-07,0.013460303107052544,EXPOSED_HISTORY
SPY,GARCH,2015_2016,MSE,504,-0.01995472584777147,-3.2074597814474055e-07,-0.0055224956967060415,EXPOSED_HISTORY
SPY,GARCH,2018Q4,MSE,63,0.03877611587720842,5.461988520560126e-08,0.0009404266976229803,EXPOSED_HISTORY
SPY,GARCH,COVID,MSE,93,0.08094424695734526,1.8149942837680354e-05,0.3124995730151261,EXPOSED_HISTORY
SPY,GARCH,2022,MSE,251,0.16026333298946638,7.87750901172132e-07,0.013563228405739373,EXPOSED_HISTORY
SPY,GARCH,2025_SPRING,MSE,82,0.3699078257144216,9.490625413120559e-06,0.16340637630491428,EXPOSED_HISTORY
SPY,GARCH,YEAR_1995,MSE,189,-0.1883579574184071,-1.0456743627449469e-08,-0.0001800406727409964,EXPOSED_HISTORY
SPY,GARCH,YEAR_1996,MSE,254,0.11216123163367664,2.0188693766941053e-07,0.0034760209650933154,EXPOSED_HISTORY
SPY,GARCH,YEAR_1997,MSE,253,0.13254323491813647,8.153417807863073e-07,0.014038278832930884,EXPOSED_HISTORY
SPY,GARCH,YEAR_1998,MSE,252,0.1065850364358163,8.210760722113658e-07,0.014137009921943177,EXPOSED_HISTORY
SPY,GARCH,YEAR_1999,MSE,252,-0.18382627705563648,-2.554412230380696e-07,-0.004398100525371152,EXPOSED_HISTORY
SPY,GARCH,YEAR_2000,MSE,252,0.12190621038222438,6.750150563248008e-07,0.011622180784082342,EXPOSED_HISTORY
SPY,GARCH,YEAR_2001,MSE,248,0.06754183286522708,1.7719680907250613e-06,0.030509146871714354,EXPOSED_HISTORY
SPY,GARCH,YEAR_2002,MSE,252,0.3498617964955455,2.7739805346553455e-06,0.04776145800483724,EXPOSED_HISTORY
SPY,GARCH,YEAR_2003,MSE,252,-0.33013454719765445,-1.1868984405310252e-07,-0.002043561564878558,EXPOSED_HISTORY
SPY,GARCH,YEAR_2004,MSE,252,-0.006725700183501271,-8.258554861310569e-10,-1.4219300253241924e-05,EXPOSED_HISTORY
SPY,GARCH,YEAR_2005,MSE,252,0.09029486396286523,9.631285475964777e-09,0.00016582821366121952,EXPOSED_HISTORY
SPY,GARCH,YEAR_2006,MSE,251,-0.12717297311173748,-1.529439067339938e-08,-0.00026333364229893483,EXPOSED_HISTORY
SPY,GARCH,YEAR_2007,MSE,251,0.012129468525054699,1.965320437890314e-08,0.00033838222145999685,EXPOSED_HISTORY
SPY,GARCH,YEAR_2008,MSE,253,0.13817275699570564,2.2492973633892003e-05,0.38727640738564906,EXPOSED_HISTORY
SPY,GARCH,YEAR_2009,MSE,252,0.11061738839761959,7.849095999823427e-07,0.013514307843478804,EXPOSED_HISTORY
SPY,GARCH,YEAR_2010,MSE,252,-0.10483461503203251,-1.260401172861327e-06,-0.021701160817389542,EXPOSED_HISTORY
SPY,GARCH,YEAR_2011,MSE,252,0.08028976793964704,7.817730104835367e-07,0.013460303107052544,EXPOSED_HISTORY
SPY,GARCH,YEAR_2012,MSE,250,0.11354149805759883,4.971883306747349e-08,0.000856042040647083,EXPOSED_HISTORY
SPY,GARCH,YEAR_2013,MSE,252,0.25024432032502664,9.927002151925612e-08,0.001709197633039744,EXPOSED_HISTORY
SPY,GARCH,YEAR_2014,MSE,252,-0.15917700930468226,-1.192715764669295e-07,-0.002053577636695191,EXPOSED_HISTORY
SPY,GARCH,YEAR_2015,MSE,252,-0.037032952142048714,-5.185834844300808e-07,-0.008928794922739723,EXPOSED_HISTORY
SPY,GARCH,YEAR_2016,MSE,252,0.09555583298293824,1.978375062853403e-07,0.0034062992260336824,EXPOSED_HISTORY
SPY,GARCH,YEAR_2017,MSE,251,0.32911404396626265,3.0024089751461786e-08,0.0005169446158266117,EXPOSED_HISTORY
SPY,GARCH,YEAR_2018,MSE,251,0.05597647423417107,1.4807615665578124e-07,0.0025495251496101437,EXPOSED_HISTORY
SPY,GARCH,YEAR_2019,MSE,252,0.44406079448257263,6.553738098055873e-07,0.011284004449003399,EXPOSED_HISTORY
SPY,GARCH,YEAR_2020,MSE,253,0.07889000565433346,1.785934953904898e-05,0.3074962359492466,EXPOSED_HISTORY
SPY,GARCH,YEAR_2021,MSE,252,0.1269734998632055,1.2721131880652775e-07,0.0021902814331293883,EXPOSED_HISTORY
SPY,GARCH,YEAR_2022,MSE,251,0.16026333298946638,7.87750901172132e-07,0.013563228405739373,EXPOSED_HISTORY
SPY,GARCH,YEAR_2023,MSE,250,-0.12569579857933344,-5.389971811685783e-08,-0.0009280271044262101,EXPOSED_HISTORY
SPY,GARCH,YEAR_2024,MSE,252,-0.07580829284513046,-1.2401656464969195e-07,-0.002135275237306731,EXPOSED_HISTORY
SPY,GARCH,YEAR_2025,MSE,250,0.3638257917313863,9.439423435888074e-06,0.16252479798999728,EXPOSED_HISTORY
SPY,GARCH,YEAR_2026,MSE,159,0.02634173747311519,1.453219295373674e-08,0.0002502103799240701,EXPOSED_HISTORY
SPY,GARCH,EX_GFC,MSE,7142,0.09608347474813805,3.47823599998831e-05,0.5988709025494121,EXPOSED_HISTORY
SPY,GARCH,EX_COVID,MSE,7805,0.129106767377263,3.9929953600455995e-05,0.6875004269848738,EXPOSED_HISTORY
SPY,GARCH,EX_2022,MSE,7647,0.1083865525885721,5.729214553696422e-05,0.9864367715942607,EXPOSED_HISTORY
SPY,GARCH,EX_ALL_THREE,MSE,6798,0.11925978267716086,1.5844666261030616e-05,0.2728081011285466,EXPOSED_HISTORY
SPY,GARCH,COMMON_ALL,MSE,6364,0.10836157791416423,5.5177053313134144e-05,0.9500198295275171,EXPOSED_HISTORY
SPY,GARCH,ALL,QLIKE,7898,0.12091874710171802,250.6237475334172,1.0,EXPOSED_HISTORY
SPY,GARCH,PRE2000,QLIKE,1200,0.14881273414266105,42.20608627151132,0.16840417832266164,EXPOSED_HISTORY
SPY,GARCH,2000_2009,QLIKE,2515,0.16843562465449513,76.84868181489304,0.30662968921030254,EXPOSED_HISTORY
SPY,GARCH,2010_2019,QLIKE,2516,0.11681059450095854,94.46075802971282,0.37690266369158726,EXPOSED_HISTORY
SPY,GARCH,2020_2022,QLIKE,756,0.08007517153357968,23.07655554229538,0.09207649222952602,EXPOSED_HISTORY
SPY,GARCH,2023_PLUS,QLIKE,911,0.05947084314663609,14.03166587500463,0.0559869765459225,EXPOSED_HISTORY
SPY,GARCH,2020_PLUS,QLIKE,1667,0.07079990992523122,37.108221417300015,0.14806346877544854,EXPOSED_HISTORY
SPY,GARCH,DOTCOM,QLIKE,752,0.26447647129755114,49.131102237351,0.19603530280305959,EXPOSED_HISTORY
SPY,GARCH,GFC,QLIKE,756,0.17265349698723742,32.434354445495934,0.12941452980696197,EXPOSED_HISTORY
SPY,GARCH,2011,QLIKE,252,0.07429867350860941,4.546629645644506,0.018141256327029728,EXPOSED_HISTORY
SPY,GARCH,2015_2016,QLIKE,504,0.19631602015860095,55.683536754543496,0.2221798105828693,EXPOSED_HISTORY
SPY,GARCH,2018Q4,QLIKE,63,0.27976305657490563,9.008628397127902,0.03594483158834231,EXPOSED_HISTORY
SPY,GARCH,COVID,QLIKE,93,0.08315743544661736,6.642088000514976,0.02650222920168148,EXPOSED_HISTORY
SPY,GARCH,2022,QLIKE,251,0.09180848126858965,4.133447835024589,0.0164926423601317,EXPOSED_HISTORY
SPY,GARCH,2025_SPRING,QLIKE,82,0.2078558165861384,12.256373901506926,0.048903481901182204,EXPOSED_HISTORY
SPY,GARCH,YEAR_1995,QLIKE,189,-0.1930066455533741,-4.517351390606464,-0.018024434775496038,EXPOSED_HISTORY
SPY,GARCH,YEAR_1996,QLIKE,254,0.2430527391912325,28.248139548531984,0.11271134450164379,EXPOSED_HISTORY
SPY,GARCH,YEAR_1997,QLIKE,253,0.17039046556422788,10.876499673164728,0.043397721804931906,EXPOSED_HISTORY
SPY,GARCH,YEAR_1998,QLIKE,252,0.22035200252696885,11.66612524126442,0.04654836325799056,EXPOSED_HISTORY
SPY,GARCH,YEAR_1999,QLIKE,252,-0.1494492935715217,-4.067326800843348,-0.01622881646640858,EXPOSED_HISTORY
SPY,GARCH,YEAR_2000,QLIKE,252,0.26397617283608477,13.24433769906173,0.052845501790670414,EXPOSED_HISTORY
SPY,GARCH,YEAR_2001,QLIKE,248,0.25308105577747786,25.42549461914003,0.10144886456040998,EXPOSED_HISTORY
SPY,GARCH,YEAR_2002,QLIKE,252,0.29777828645185633,10.461269919149247,0.0417409364519792,EXPOSED_HISTORY
SPY,GARCH,YEAR_2003,QLIKE,252,-0.3208716152953013,-4.026538682486331,-0.016066070043699462,EXPOSED_HISTORY
SPY,GARCH,YEAR_2004,QLIKE,252,0.118477285189996,2.598609428720528,0.010368568239424477,EXPOSED_HISTORY
SPY,GARCH,YEAR_2005,QLIKE,252,0.034038732920981696,0.798920407153588,0.0031877282780118955,EXPOSED_HISTORY
SPY,GARCH,YEAR_2006,QLIKE,251,-0.16569088766884654,-4.087766021341666,-0.0163103698734559,EXPOSED_HISTORY
SPY,GARCH,YEAR_2007,QLIKE,251,0.060190011298864365,4.058692886316699,0.016194366759979633,EXPOSED_HISTORY
SPY,GARCH,YEAR_2008,QLIKE,253,0.2858866785229054,26.934961128995408,0.10747170367566228,EXPOSED_HISTORY
SPY,GARCH,YEAR_2009,QLIKE,252,0.05496501264421605,1.4407004301838258,0.005748459371320063,EXPOSED_HISTORY
SPY,GARCH,YEAR_2010,QLIKE,252,-0.16048526122169915,-12.766276058125207,-0.050938014389171164,EXPOSED_HISTORY
SPY,GARCH,YEAR_2011,QLIKE,252,0.07429867350860941,4.546629645644506,0.018141256327029728,EXPOSED_HISTORY
SPY,GARCH,YEAR_2012,QLIKE,250,0.08795434292716797,2.8481492043069236,0.01136424314271002,EXPOSED_HISTORY
SPY,GARCH,YEAR_2013,QLIKE,252,0.16838098992940287,9.830915757334356,0.03922579505768319,EXPOSED_HISTORY
SPY,GARCH,YEAR_2014,QLIKE,252,-0.016392496534720857,-1.0388898848519759,-0.0041452172632342205,EXPOSED_HISTORY
SPY,GARCH,YEAR_2015,QLIKE,252,0.10886790188758633,18.803658379285736,0.07502744079261096,EXPOSED_HISTORY
SPY,GARCH,YEAR_2016,QLIKE,252,0.332483598582615,36.87987837525775,0.14715236979025834,EXPOSED_HISTORY
SPY,GARCH,YEAR_2017,QLIKE,251,0.2243575557273607,14.418688546763446,0.057531214374810645,EXPOSED_HISTORY
SPY,GARCH,YEAR_2018,QLIKE,251,0.08739997598485938,7.16343602504918,0.028582431216315745,EXPOSED_HISTORY
SPY,GARCH,YEAR_2019,QLIKE,252,0.16415760416566538,13.774568039048077,0.05496114464257394,EXPOSED_HISTORY
SPY,GARCH,YEAR_2020,QLIKE,253,0.008509498344891786,1.2772162036882229,0.005096149970855909,EXPOSED_HISTORY
SPY,GARCH,YEAR_2021,QLIKE,252,0.18981165052069393,17.66589150358257,0.07048769989853843,EXPOSED_HISTORY
SPY,GARCH,YEAR_2022,QLIKE,251,0.09180848126858965,4.133447835024589,0.0164926423601317,EXPOSED_HISTORY
SPY,GARCH,YEAR_2023,QLIKE,250,0.02789651961743822,0.8939850155055753,0.003567040331588589,EXPOSED_HISTORY
SPY,GARCH,YEAR_2024,QLIKE,252,-0.03493250969282591,-2.235204124620648,-0.008918564767381489,EXPOSED_HISTORY
SPY,GARCH,YEAR_2025,QLIKE,250,0.12141894935424857,11.804790019561507,0.047101641946310384,EXPOSED_HISTORY
SPY,GARCH,YEAR_2026,QLIKE,159,0.08359036091440153,3.568094964558197,0.01423685903540502,EXPOSED_HISTORY
SPY,GARCH,EX_GFC,QLIKE,7142,0.11576235480063557,218.18939308792125,0.8705854701930379,EXPOSED_HISTORY
SPY,GARCH,EX_COVID,QLIKE,7805,0.12243227117895639,243.98165953290226,0.9734977707983187,EXPOSED_HISTORY
SPY,GARCH,EX_2022,QLIKE,7647,0.12156512275458609,246.49029969839262,0.9835073576398683,EXPOSED_HISTORY
SPY,GARCH,EX_ALL_THREE,QLIKE,6798,0.11785492832968092,207.41385725238172,0.8275905986312249,EXPOSED_HISTORY
SPY,GARCH,COMMON_ALL,QLIKE,6364,0.11075348735516855,190.98020649752192,0.7620195946198488,EXPOSED_HISTORY
SPY,ROLLING22,ALL,MSE,7898,0.2604086638425379,0.00016739669147851957,1.0,EXPOSED_HISTORY
SPY,ROLLING22,PRE2000,MSE,1200,0.17485038875124714,3.2903330184513603e-06,0.01965590233229656,EXPOSED_HISTORY
SPY,ROLLING22,2000_2009,MSE,2515,0.19779842687719373,4.525086802593564e-05,0.27032116122642874,EXPOSED_HISTORY
SPY,ROLLING22,2010_2019,MSE,2516,0.11724252145314018,5.786150096556466e-06,0.0345654985498859,EXPOSED_HISTORY
SPY,ROLLING22,2020_2022,MSE,756,0.3358005655167591,0.00010795265846834154,0.6448912312116639,EXPOSED_HISTORY
SPY,ROLLING22,2023_PLUS,MSE,911,0.20968327439456091,5.116681869234557e-06,0.030566206679724803,EXPOSED_HISTORY
SPY,ROLLING22,2020_PLUS,MSE,1667,0.3269029578647009,0.0001130693403375761,0.6754574378913888,EXPOSED_HISTORY
SPY,ROLLING22,DOTCOM,MSE,752,0.2303789315594157,1.0321302127712922e-05,0.061657742674307014,EXPOSED_HISTORY
SPY,ROLLING22,GFC,MSE,756,0.1906937814897136,3.4921514492371876e-05,0.20861532079236478,EXPOSED_HISTORY
SPY,ROLLING22,2011,MSE,252,0.15728740151820653,1.6714213276497678e-06,0.00998479308573578,EXPOSED_HISTORY
SPY,ROLLING22,2015_2016,MSE,504,0.12527693101213278,2.347993411006194e-06,0.014026522210610655,EXPOSED_HISTORY
SPY,ROLLING22,2018Q4,MSE,63,0.18605216660608315,3.0949183237391695e-07,0.0018488527439840775,EXPOSED_HISTORY
SPY,ROLLING22,COVID,MSE,93,0.34051369242196505,0.00010640448387506154,0.6356426936234604,EXPOSED_HISTORY
SPY,ROLLING22,2022,MSE,251,0.11187534695427814,5.199460997088907e-07,0.003106071542492884,EXPOSED_HISTORY
SPY,ROLLING22,2025_SPRING,MSE,82,0.22723632393343607,4.753751266607418e-06,0.028398119608101225,EXPOSED_HISTORY
SPY,ROLLING22,YEAR_1995,MSE,189,0.11503095022093446,8.575242133569436e-09,5.1227070605931396e-05,EXPOSED_HISTORY
SPY,ROLLING22,YEAR_1996,MSE,254,0.15002153640445437,2.8206242984942645e-07,0.0016849940542918128,EXPOSED_HISTORY
SPY,ROLLING22,YEAR_1997,MSE,253,0.16567187222856605,1.0595997930916536e-06,0.006329872972594694,EXPOSED_HISTORY
SPY,ROLLING22,YEAR_1998,MSE,252,0.2129920945974595,1.862622178522933e-06,0.01112699517577948,EXPOSED_HISTORY
SPY,ROLLING22,YEAR_1999,MSE,252,0.04497744039408935,7.747337485377751e-08,0.0004628130590246399,EXPOSED_HISTORY
SPY,ROLLING22,YEAR_2000,MSE,252,0.007044217918386608,3.449303493981364e-08,0.00020605565519339912,EXPOSED_HISTORY
SPY,ROLLING22,YEAR_2001,MSE,248,0.23747436970889158,7.618591889479768e-06,0.0455122011205185,EXPOSED_HISTORY
SPY,ROLLING22,YEAR_2002,MSE,252,0.34107225893516857,2.6682172032933406e-06,0.01593948589859512,EXPOSED_HISTORY
SPY,ROLLING22,YEAR_2003,MSE,252,0.06123069052004748,3.119093781916832e-08,0.00018632947607074275,EXPOSED_HISTORY
SPY,ROLLING22,YEAR_2004,MSE,252,0.018791176459595715,2.3673923293347924e-09,1.4142408123033767e-05,EXPOSED_HISTORY
SPY,ROLLING22,YEAR_2005,MSE,252,-0.08798758604351287,-7.847283039213685e-09,-4.687836402203118e-05,EXPOSED_HISTORY
SPY,ROLLING22,YEAR_2006,MSE,251,-0.14978590019356375,-1.765964125844712e-08,-0.00010549576041479418,EXPOSED_HISTORY
SPY,ROLLING22,YEAR_2007,MSE,251,0.23009770002438734,4.783747956630111e-07,0.0028577314846416567,EXPOSED_HISTORY
SPY,ROLLING22,YEAR_2008,MSE,253,0.19931944614543518,3.492489105534775e-05,0.20863549181812432,EXPOSED_HISTORY
SPY,ROLLING22,YEAR_2009,MSE,252,-0.08264655846594415,-4.817513586389042e-07,-0.002877902510401305,EXPOSED_HISTORY
SPY,ROLLING22,YEAR_2010,MSE,252,0.030096613171294306,4.1218341854953035e-07,0.002462315204135453,EXPOSED_HISTORY
SPY,ROLLING22,YEAR_2011,MSE,252,0.15728740151820653,1.6714213276497678e-06,0.00998479308573578,EXPOSED_HISTORY
SPY,ROLLING22,YEAR_2012,MSE,250,0.06980944888485663,2.913177871691867e-08,0.0001740284019929801,EXPOSED_HISTORY
SPY,ROLLING22,YEAR_2013,MSE,252,-0.07068326335037733,-1.9634924210210885e-08,-0.00011729577231656607,EXPOSED_HISTORY
SPY,ROLLING22,YEAR_2014,MSE,252,0.14039792658455852,1.418631560785549e-07,0.0008474669052629327,EXPOSED_HISTORY
SPY,ROLLING22,YEAR_2015,MSE,252,0.11827530812205966,1.9479777373033948e-06,0.011636895090924543,EXPOSED_HISTORY
SPY,ROLLING22,YEAR_2016,MSE,252,0.1760194902372597,4.0001567370279915e-07,0.0023896271196861105,EXPOSED_HISTORY
SPY,ROLLING22,YEAR_2017,MSE,251,-0.5291216768094813,-2.1178034154916635e-08,-0.00012651405453634196,EXPOSED_HISTORY
SPY,ROLLING22,YEAR_2018,MSE,251,0.2138706901199523,6.793908490246842e-07,0.004058567962269816,EXPOSED_HISTORY
SPY,ROLLING22,YEAR_2019,MSE,252,0.3991145684189238,5.449791138959452e-07,0.0032556146067312043,EXPOSED_HISTORY
SPY,ROLLING22,YEAR_2020,MSE,253,0.3396527399423759,0.0001072550838671006,0.6407240365372672,EXPOSED_HISTORY
SPY,ROLLING22,YEAR_2021,MSE,252,0.16880182640470465,1.7762850153204312e-07,0.0010611231319039333,EXPOSED_HISTORY
SPY,ROLLING22,YEAR_2022,MSE,251,0.11187534695427814,5.199460997088907e-07,0.003106071542492884,EXPOSED_HISTORY
SPY,ROLLING22,YEAR_2023,MSE,250,-0.07261142203299076,-3.267753604440229e-08,-0.00019521016667522063,EXPOSED_HISTORY
SPY,ROLLING22,YEAR_2024,MSE,252,0.16323730185925778,3.433325380396045e-07,0.0020510114925638245,EXPOSED_HISTORY
SPY,ROLLING22,YEAR_2025,MSE,250,0.224471729708968,4.7774050298860936e-06,0.02853942325675614,EXPOSED_HISTORY
SPY,ROLLING22,YEAR_2026,MSE,159,0.05058926341095615,2.8621837353262245e-08,0.00017098209708006694,EXPOSED_HISTORY
SPY,ROLLING22,EX_GFC,MSE,7142,0.2881810325733001,0.00013247517698614767,0.7913846792076351,EXPOSED_HISTORY
SPY,ROLLING22,EX_COVID,MSE,7805,0.18463419342539744,6.099220760345801e-05,0.3643573063765395,EXPOSED_HISTORY
SPY,ROLLING22,EX_2022,MSE,7647,0.2614903659622553,0.00016687674537881064,0.9968939284575069,EXPOSED_HISTORY
SPY,ROLLING22,EX_ALL_THREE,MSE,6798,0.17922236552224802,2.5550747011377253e-05,0.15263591404168186,EXPOSED_HISTORY
SPY,ROLLING22,COMMON_ALL,MSE,6364,0.2650815235226315,0.00016376166670322697,0.978284966428031,EXPOSED_HISTORY
SPY,ROLLING22,ALL,QLIKE,7898,0.2451263705425245,591.6615954630616,1.0,EXPOSED_HISTORY
SPY,ROLLING22,PRE2000,QLIKE,1200,0.10915531512049026,29.580328902095008,0.049995350600615,EXPOSED_HISTORY
SPY,ROLLING22,2000_2009,QLIKE,2515,0.21380910338495607,103.18023866994493,0.17439063049071374,EXPOSED_HISTORY
SPY,ROLLING22,2010_2019,QLIKE,2516,0.2822004042170998,280.7873026841339,0.4745741566416472,EXPOSED_HISTORY
SPY,ROLLING22,2020_2022,QLIKE,756,0.2985644209341439,112.84328235603994,0.19072267529502837,EXPOSED_HISTORY
SPY,ROLLING22,2023_PLUS,QLIKE,911,0.22728003613503067,65.27044285084781,0.11031718697199563,EXPOSED_HISTORY
SPY,ROLLING22,2020_PLUS,QLIKE,1667,0.26778639271048754,178.11372520688775,0.301039862267024,EXPOSED_HISTORY
SPY,ROLLING22,DOTCOM,QLIKE,752,0.27199790614746355,51.05037869106526,0.08628306971844417,EXPOSED_HISTORY
SPY,ROLLING22,GFC,QLIKE,756,0.25336028417736256,52.74056339932686,0.08913974441428747,EXPOSED_HISTORY
SPY,ROLLING22,2011,QLIKE,252,0.2959917009451367,23.816676676031985,0.04025388306197558,EXPOSED_HISTORY
SPY,ROLLING22,2015_2016,QLIKE,504,0.301424340085496,98.36061854693497,0.16624472384413158,EXPOSED_HISTORY
SPY,ROLLING22,2018Q4,QLIKE,63,0.4931751714141185,22.567685692741623,0.03814289429260507,EXPOSED_HISTORY
SPY,ROLLING22,COVID,QLIKE,93,0.36498501565624963,42.09101191382015,0.07114034819325696,EXPOSED_HISTORY
SPY,ROLLING22,2022,QLIKE,251,0.3214326780311777,19.368865578201575,0.03273639142159059,EXPOSED_HISTORY
SPY,ROLLING22,2025_SPRING,QLIKE,82,0.2716060342581622,17.417151596603244,0.029437691630080837,EXPOSED_HISTORY
SPY,ROLLING22,YEAR_1995,QLIKE,189,0.1860074982963813,6.38064410973052,0.010784279660295906,EXPOSED_HISTORY
SPY,ROLLING22,YEAR_1996,QLIKE,254,0.0709049082085591,6.713841514352289,0.011347435030150515,EXPOSED_HISTORY
SPY,ROLLING22,YEAR_1997,QLIKE,253,0.09055150360771624,5.272725387147131,0.0089117249244823,EXPOSED_HISTORY
SPY,ROLLING22,YEAR_1998,QLIKE,252,0.1835613081981825,9.280380151065101,0.015685283990423356,EXPOSED_HISTORY
SPY,ROLLING22,YEAR_1999,QLIKE,252,0.05818783556979046,1.93273773979997,0.0032666269952629262,EXPOSED_HISTORY
SPY,ROLLING22,YEAR_2000,QLIKE,252,0.12930168236953232,5.483954739427226,0.009268735340402194,EXPOSED_HISTORY
SPY,ROLLING22,YEAR_2001,QLIKE,248,0.3110344389008737,33.87616286877772,0.05725597728252866,EXPOSED_HISTORY
SPY,ROLLING22,YEAR_2002,QLIKE,252,0.32151378759944294,11.69026108286031,0.01975835709551331,EXPOSED_HISTORY
SPY,ROLLING22,YEAR_2003,QLIKE,252,-0.10861606876932717,-1.623955384235834,-0.0027447368507412615,EXPOSED_HISTORY
SPY,ROLLING22,YEAR_2004,QLIKE,252,0.1145649282051926,2.5016951716558147,0.004228253432095542,EXPOSED_HISTORY
SPY,ROLLING22,YEAR_2005,QLIKE,252,-0.007192170372609885,-0.1618965028383963,-0.00027363023741922715,EXPOSED_HISTORY
SPY,ROLLING22,YEAR_2006,QLIKE,251,-0.04835718540288925,-1.3265467050287678,-0.002242069985952952,EXPOSED_HISTORY
SPY,ROLLING22,YEAR_2007,QLIKE,251,0.24971061447801168,21.091624114999124,0.03564812094740043,EXPOSED_HISTORY
SPY,ROLLING22,YEAR_2008,QLIKE,253,0.31814060277967116,31.391627930392175,0.053056727310184196,EXPOSED_HISTORY
SPY,ROLLING22,YEAR_2009,QLIKE,252,0.01028100603274995,0.2573113539355605,0.00043489615670284763,EXPOSED_HISTORY
SPY,ROLLING22,YEAR_2010,QLIKE,252,0.27238205176892916,34.55761728249364,0.05840774109302675,EXPOSED_HISTORY
SPY,ROLLING22,YEAR_2011,QLIKE,252,0.2959917009451367,23.816676676031985,0.04025388306197558,EXPOSED_HISTORY
SPY,ROLLING22,YEAR_2012,QLIKE,250,0.20024500530022016,7.3948055605141985,0.01249837004331282,EXPOSED_HISTORY
SPY,ROLLING22,YEAR_2013,QLIKE,252,0.03075133032271893,1.5404727462629864,0.0026036382250859825,EXPOSED_HISTORY
SPY,ROLLING22,YEAR_2014,QLIKE,252,0.36615379982073915,37.210501379600494,0.06289152729353312,EXPOSED_HISTORY
SPY,ROLLING22,YEAR_2015,QLIKE,252,0.29925716166084027,65.73103500705068,0.11109565926043677,EXPOSED_HISTORY
SPY,ROLLING22,YEAR_2016,QLIKE,252,0.30588675270332943,32.629583539884294,0.0551490645836948,EXPOSED_HISTORY
SPY,ROLLING22,YEAR_2017,QLIKE,251,-0.0767925554110398,-3.554951685203313,-0.0060084205438770185,EXPOSED_HISTORY
SPY,ROLLING22,YEAR_2018,QLIKE,251,0.42369473186055673,54.99092484133381,0.09294320480323787,EXPOSED_HISTORY
SPY,ROLLING22,YEAR_2019,QLIKE,252,0.27400415745763407,26.470637336165147,0.04473948882122052,EXPOSED_HISTORY
SPY,ROLLING22,YEAR_2020,QLIKE,253,0.3044232428906115,65.13010316687028,0.11007999110690371,EXPOSED_HISTORY
SPY,ROLLING22,YEAR_2021,QLIKE,252,0.2732006772147657,28.34431361096809,0.04790629276653409,EXPOSED_HISTORY
SPY,ROLLING22,YEAR_2022,QLIKE,251,0.3214326780311777,19.368865578201575,0.03273639142159059,EXPOSED_HISTORY
SPY,ROLLING22,YEAR_2023,QLIKE,250,-0.05624287086077029,-1.6588090787275622,-0.0028036450083080036,EXPOSED_HISTORY
SPY,ROLLING22,YEAR_2024,QLIKE,252,0.35600172742600833,36.60722716071462,0.06187190015614266,EXPOSED_HISTORY
SPY,ROLLING22,YEAR_2025,QLIKE,250,0.21534110121744043,23.442269428630695,0.03962107665663798,EXPOSED_HISTORY
SPY,ROLLING22,YEAR_2026,QLIKE,159,0.14956918567320865,6.879755340230059,0.011627855167522991,EXPOSED_HISTORY
SPY,ROLLING22,EX_GFC,QLIKE,7142,0.24434923212172788,538.9210320637347,0.9108602555857125,EXPOSED_HISTORY
SPY,ROLLING22,EX_COVID,QLIKE,7805,0.2391123862300495,549.5705835492414,0.9288596518067429,EXPOSED_HISTORY
SPY,ROLLING22,EX_2022,QLIKE,7647,0.2431726113856847,572.29272988486,0.9672636085784093,EXPOSED_HISTORY
SPY,ROLLING22,EX_ALL_THREE,QLIKE,6798,0.2352076931063969,477.46115457171305,0.8069835159708649,EXPOSED_HISTORY
SPY,ROLLING22,COMMON_ALL,QLIKE,6364,0.26463185995821215,551.8111078346349,0.9326464858729965,EXPOSED_HISTORY
SPY,EWMA,ALL,MSE,7898,0.1766792689522445,0.000102023401399313,1.0,EXPOSED_HISTORY
SPY,EWMA,PRE2000,MSE,1200,0.12093628634195053,2.1362015591181893e-06,0.02093834874958966,EXPOSED_HISTORY
SPY,EWMA,2000_2009,MSE,2515,0.1516062228013355,3.2794962887542904e-05,0.3214454962071451,EXPOSED_HISTORY
SPY,EWMA,2010_2019,MSE,2516,0.04064565549254717,1.84578467607208e-06,0.01809177748198963,EXPOSED_HISTORY
SPY,EWMA,2020_2022,MSE,756,0.2249641541169497,6.197862736734092e-05,0.6074942269838719,EXPOSED_HISTORY
SPY,EWMA,2023_PLUS,MSE,911,0.14489472238299628,3.267824909238894e-06,0.032030150577403695,EXPOSED_HISTORY
SPY,EWMA,2020_PLUS,MSE,1667,0.2189055465692572,6.524645227657981e-05,0.6395243775612756,EXPOSED_HISTORY
SPY,EWMA,DOTCOM,MSE,752,0.12011748077339646,4.707065100733336e-06,0.04613711203677858,EXPOSED_HISTORY
SPY,EWMA,GFC,MSE,756,0.1598048314117213,2.8188965753415713e-05,0.2762990193111277,EXPOSED_HISTORY
SPY,EWMA,2011,MSE,252,0.08903024425617778,8.751955378440064e-07,0.008578380311185154,EXPOSED_HISTORY
SPY,EWMA,2015_2016,MSE,504,0.04239831507159475,7.258720011244468e-07,0.007114759860665993,EXPOSED_HISTORY
SPY,EWMA,2018Q4,MSE,63,0.10488443732504615,1.5865105948445103e-07,0.001555045776836052,EXPOSED_HISTORY
SPY,EWMA,COVID,MSE,93,0.2288466718657468,6.115542604220654e-05,0.5994254769339453,EXPOSED_HISTORY
SPY,EWMA,2022,MSE,251,0.07219628777717269,3.211860073537153e-07,0.0031481601568704226,EXPOSED_HISTORY
SPY,EWMA,2025_SPRING,MSE,82,0.15708605964211686,3.012727200616319e-06,0.029529766301602704,EXPOSED_HISTORY
SPY,EWMA,YEAR_1995,MSE,189,0.037046050265839625,2.5380265422451937e-09,2.487690576313489e-05,EXPOSED_HISTORY
SPY,EWMA,YEAR_1996,MSE,254,0.04112405957258036,6.853826617102224e-08,0.0006717896603228106,EXPOSED_HISTORY
SPY,EWMA,YEAR_1997,MSE,253,0.04250564122731493,2.36886503752767e-07,0.00232188400409832,EXPOSED_HISTORY
SPY,EWMA,YEAR_1998,MSE,252,0.2175674515670608,1.9137596629665906e-06,0.018758046063140545,EXPOSED_HISTORY
SPY,EWMA,YEAR_1999,MSE,252,-0.054838673271380145,-8.552090031443538e-08,-0.0008382478837351454,EXPOSED_HISTORY
SPY,EWMA,YEAR_2000,MSE,252,-0.013088558682097462,-6.281638627007415e-08,-0.0006157056656464028,EXPOSED_HISTORY
SPY,EWMA,YEAR_2001,MSE,248,0.11165487520031359,3.074739870785631e-06,0.030137594204993207,EXPOSED_HISTORY
SPY,EWMA,YEAR_2002,MSE,252,0.2474677150961455,1.6951416162177805e-06,0.01661522349743179,EXPOSED_HISTORY
SPY,EWMA,YEAR_2003,MSE,252,-0.07519277306041605,-3.3443207530171256e-08,-0.00032779937809833165,EXPOSED_HISTORY
SPY,EWMA,YEAR_2004,MSE,252,-0.22192571299213104,-2.2451250228601196e-08,-0.0002200598090307581,EXPOSED_HISTORY
SPY,EWMA,YEAR_2005,MSE,252,-0.23381659947549438,-1.838851191823161e-08,-0.00018023817737913055,EXPOSED_HISTORY
SPY,EWMA,YEAR_2006,MSE,251,-0.24624477893026575,-2.6784996929136506e-08,-0.0002625377762529379,EXPOSED_HISTORY
SPY,EWMA,YEAR_2007,MSE,251,0.11554695584424046,2.0911026686823589e-07,0.0020496304181213468,EXPOSED_HISTORY
SPY,EWMA,YEAR_2008,MSE,253,0.1676846207734225,2.8265064629868993e-05,0.2770449155997197,EXPOSED_HISTORY
SPY,EWMA,YEAR_2009,MSE,252,-0.04733292311295312,-2.8520914332152e-07,-0.0027955267067133927,EXPOSED_HISTORY
SPY,EWMA,YEAR_2010,MSE,252,-0.029098605942524003,-3.7559219579074185e-07,-0.0036814318150470036,EXPOSED_HISTORY
SPY,EWMA,YEAR_2011,MSE,252,0.08903024425617778,8.751955378440064e-07,0.008578380311185154,EXPOSED_HISTORY
SPY,EWMA,YEAR_2012,MSE,250,0.23377261745114153,1.1842971600355608e-07,0.0011608093278524388,EXPOSED_HISTORY
SPY,EWMA,YEAR_2013,MSE,252,-0.15128055909544802,-3.908189385923395e-08,-0.000383067936602799,EXPOSED_HISTORY
SPY,EWMA,YEAR_2014,MSE,252,0.017376823057520197,1.535994827094661e-08,0.00015055318740872758,EXPOSED_HISTORY
SPY,EWMA,YEAR_2015,MSE,252,0.031618194651083176,4.7414737638993893e-07,0.004647437449513733,EXPOSED_HISTORY
SPY,EWMA,YEAR_2016,MSE,252,0.11849915328403526,2.517246247345079e-07,0.0024673224111522608,EXPOSED_HISTORY
SPY,EWMA,YEAR_2017,MSE,251,-0.6367959580168108,-2.3811013958666127e-08,-0.00023338776821869874,EXPOSED_HISTORY
SPY,EWMA,YEAR_2018,MSE,251,0.10859553347904471,3.042282701843615e-07,0.0029819459654519035,EXPOSED_HISTORY
SPY,EWMA,YEAR_2019,MSE,252,0.23007406469706893,2.4518430625340476e-07,0.002403216349293916,EXPOSED_HISTORY
SPY,EWMA,YEAR_2020,MSE,253,0.2281702425557126,6.164425810831325e-05,0.6042168489074542,EXPOSED_HISTORY
SPY,EWMA,YEAR_2021,MSE,252,0.014848597394839236,1.3183251673971161e-08,0.00012921791954742585,EXPOSED_HISTORY
SPY,EWMA,YEAR_2022,MSE,251,0.07219628777717269,3.211860073537153e-07,0.0031481601568704226,EXPOSED_HISTORY
SPY,EWMA,YEAR_2023,MSE,250,-0.19313003882336877,-7.813557735303198e-08,-0.0007658593644336007,EXPOSED_HISTORY
SPY,EWMA,YEAR_2024,MSE,252,0.0561999212895854,1.0479813790317898e-07,0.0010271970593590176,EXPOSED_HISTORY
SPY,EWMA,YEAR_2025,MSE,250,0.16461665714352813,3.2524902995989512e-06,0.03187984575096565,EXPOSED_HISTORY
SPY,EWMA,YEAR_2026,MSE,159,-0.021543432599014478,-1.1327950910204585e-08,-0.00011103286848737494,EXPOSED_HISTORY
SPY,EWMA,EX_GFC,MSE,7142,0.18410118730076075,7.383443564589728e-05,0.7237009806888723,EXPOSED_HISTORY
SPY,EWMA,EX_COVID,MSE,7805,0.13174014314942228,4.086797535710646e-05,0.40057452306605473,EXPOSED_HISTORY
SPY,EWMA,EX_2022,MSE,7647,0.17749047643285432,0.0001017022153919593,0.9968518398431298,EXPOSED_HISTORY
SPY,EWMA,EX_ALL_THREE,MSE,6798,0.09552193672603759,1.2357823596337045e-05,0.12112734359805671,EXPOSED_HISTORY
SPY,EWMA,COMMON_ALL,MSE,6364,0.18025242422226173,9.983272625591172e-05,0.9785277190002016,EXPOSED_HISTORY
SPY,EWMA,ALL,QLIKE,7898,0.17222863587866488,379.09893377358577,1.0,EXPOSED_HISTORY
SPY,EWMA,PRE2000,QLIKE,1200,0.010408321609255311,2.5391290401155198,0.006697800531488694,EXPOSED_HISTORY
SPY,EWMA,2000_2009,QLIKE,2515,0.17020578210299286,77.82197562976643,0.2052814415886621,EXPOSED_HISTORY
SPY,EWMA,2010_2019,QLIKE,2516,0.19182908202478233,169.5252029999051,0.44717931889819784,EXPOSED_HISTORY
SPY,EWMA,2020_2022,QLIKE,756,0.21477455941324997,72.51267444773464,0.1912763872109499,EXPOSED_HISTORY
SPY,EWMA,2023_PLUS,QLIKE,911,0.20350994758253382,56.69995165606406,0.1495650517707014,EXPOSED_HISTORY
SPY,EWMA,2020_PLUS,QLIKE,1667,0.20968161796783713,129.2126261037987,0.3408414389816513,EXPOSED_HISTORY
SPY,EWMA,DOTCOM,QLIKE,752,0.2428184825861167,43.817517824698605,0.11558333174017396,EXPOSED_HISTORY
SPY,EWMA,GFC,QLIKE,756,0.21121344621733196,41.61782491881165,0.10978090733346037,EXPOSED_HISTORY
SPY,EWMA,2011,QLIKE,252,0.25983062408467983,19.885596793103524,0.05245490034793941,EXPOSED_HISTORY
SPY,EWMA,2015_2016,QLIKE,504,0.2034034723133108,58.20715002060248,0.15354079063531817,EXPOSED_HISTORY
SPY,EWMA,2018Q4,QLIKE,63,0.4386015850704248,18.119354309232737,0.04779584613670899,EXPOSED_HISTORY
SPY,EWMA,COVID,QLIKE,93,0.4025087735359716,49.333522260574625,0.13013363495777788,EXPOSED_HISTORY
SPY,EWMA,2022,QLIKE,251,0.21689254697353955,11.324795574210347,0.02987292910977693,EXPOSED_HISTORY
SPY,EWMA,2025_SPRING,QLIKE,82,0.35494981995625197,25.702627146844392,0.06779925992140909,EXPOSED_HISTORY
SPY,EWMA,YEAR_1995,QLIKE,189,0.05888007023840591,1.746939333531965,0.0046081357078553865,EXPOSED_HISTORY
SPY,EWMA,YEAR_1996,QLIKE,254,-0.057082943525332386,-4.750641368001612,-0.012531402609638835,EXPOSED_HISTORY
SPY,EWMA,YEAR_1997,QLIKE,253,-0.060501876885076245,-3.021168877925162,-0.00796934153270274,EXPOSED_HISTORY
SPY,EWMA,YEAR_1998,QLIKE,252,0.20643779732760636,10.737827994454463,0.028324606159054928,EXPOSED_HISTORY
SPY,EWMA,YEAR_1999,QLIKE,252,-0.07467908054618677,-2.173828041944133,-0.005734197193080044,EXPOSED_HISTORY
SPY,EWMA,YEAR_2000,QLIKE,252,0.13481066124314167,5.754008129712813,0.015178117417627332,EXPOSED_HISTORY
SPY,EWMA,YEAR_2001,QLIKE,248,0.28123567559980944,29.360750052206466,0.0774487803485672,EXPOSED_HISTORY
SPY,EWMA,YEAR_2002,QLIKE,252,0.2607759079051206,8.702759642779323,0.022956433973979434,EXPOSED_HISTORY
SPY,EWMA,YEAR_2003,QLIKE,252,-0.12925241343246197,-1.8971812173291127,-0.005004448834620545,EXPOSED_HISTORY
SPY,EWMA,YEAR_2004,QLIKE,252,-0.08375136961704688,-1.494175744025185,-0.00394138735541148,EXPOSED_HISTORY
SPY,EWMA,YEAR_2005,QLIKE,252,-0.09157380674071147,-1.9019890150004257,-0.005017131006061799,EXPOSED_HISTORY
SPY,EWMA,YEAR_2006,QLIKE,251,-0.0877506818199647,-2.32002113738911,-0.006119830288878435,EXPOSED_HISTORY
SPY,EWMA,YEAR_2007,QLIKE,251,0.1786541385007866,13.784430557338979,0.036361037526873224,EXPOSED_HISTORY
SPY,EWMA,YEAR_2008,QLIKE,253,0.2770168524874552,25.77909014407995,0.06800095660378812,EXPOSED_HISTORY
SPY,EWMA,YEAR_2009,QLIKE,252,0.07658218701702113,2.0543042173927275,0.005418913202799053,EXPOSED_HISTORY
SPY,EWMA,YEAR_2010,QLIKE,252,0.18460887426346095,20.90043381037695,0.05513187178431789,EXPOSED_HISTORY
SPY,EWMA,YEAR_2011,QLIKE,252,0.25983062408467983,19.885596793103524,0.05245490034793941,EXPOSED_HISTORY
SPY,EWMA,YEAR_2012,QLIKE,250,0.23874410303023041,9.262410218327755,0.024432699206322923,EXPOSED_HISTORY
SPY,EWMA,YEAR_2013,QLIKE,252,-0.04537356755260635,-2.107447368506599,-0.0055590960057019245,EXPOSED_HISTORY
SPY,EWMA,YEAR_2014,QLIKE,252,0.1897245997353847,15.082622409277825,0.03978545193768816,EXPOSED_HISTORY
SPY,EWMA,YEAR_2015,QLIKE,252,0.1747624121166932,32.59519740191312,0.08598071505360755,EXPOSED_HISTORY
SPY,EWMA,YEAR_2016,QLIKE,252,0.2570075561190448,25.611952618689358,0.06756007558171061,EXPOSED_HISTORY
SPY,EWMA,YEAR_2017,QLIKE,251,-0.18145436950089588,-7.655915035868206,-0.020195031834198324,EXPOSED_HISTORY
SPY,EWMA,YEAR_2018,QLIKE,251,0.36326625187146033,42.673447815780435,0.11256546514390056,EXPOSED_HISTORY
SPY,EWMA,YEAR_2019,QLIKE,252,0.15917074854820945,13.276904336810942,0.035022267682611005,EXPOSED_HISTORY
SPY,EWMA,YEAR_2020,QLIKE,253,0.2620853473602638,52.85494516540852,0.13942256349625023,EXPOSED_HISTORY
SPY,EWMA,YEAR_2021,QLIKE,252,0.09951235382552792,8.332933708115768,0.02198089460492272,EXPOSED_HISTORY
SPY,EWMA,YEAR_2022,QLIKE,251,0.21689254697353955,11.324795574210347,0.02987292910977693,EXPOSED_HISTORY
SPY,EWMA,YEAR_2023,QLIKE,250,-0.14621724759389187,-3.97396812071735,-0.010482667627577068,EXPOSED_HISTORY
SPY,EWMA,YEAR_2024,QLIKE,252,0.2362517043967599,20.484441500123634,0.05403455318699953,EXPOSED_HISTORY
SPY,EWMA,YEAR_2025,QLIKE,250,0.3092565577141363,38.24333650396167,0.10087956756639743,EXPOSED_HISTORY
SPY,EWMA,YEAR_2026,QLIKE,159,0.04739343553923192,1.9461417726961163,0.005133598644881539,EXPOSED_HISTORY
SPY,EWMA,EX_GFC,QLIKE,7142,0.16839567223053642,337.4811088547741,0.8902190926665396,EXPOSED_HISTORY
SPY,EWMA,EX_COVID,QLIKE,7805,0.15864993993233145,329.76541151301114,0.8698663650422221,EXPOSED_HISTORY
SPY,EWMA,EX_2022,QLIKE,7647,0.17114340665818417,367.7741381993754,0.970127070890223,EXPOSED_HISTORY
SPY,EWMA,EX_ALL_THREE,QLIKE,6798,0.15132575032111162,276.82279101998915,0.7302125285989848,EXPOSED_HISTORY
SPY,EWMA,COMMON_ALL,QLIKE,6364,0.19415148762813106,369.4370377762882,0.9745135236833241,EXPOSED_HISTORY
SPY,CURRENT,ALL,MSE,7898,0.5278291111105828,0.0005314683264087925,1.0,EXPOSED_HISTORY
SPY,CURRENT,PRE2000,MSE,1200,0.5869893250946179,2.206860489106551e-05,0.04152383838221598,EXPOSED_HISTORY
SPY,CURRENT,2000_2009,MSE,2515,0.5979867458935065,0.00027298499554450435,0.5136430187460145,EXPOSED_HISTORY
SPY,CURRENT,2010_2019,MSE,2516,0.6541739696067295,8.241030668308345e-05,0.1550615579294098,EXPOSED_HISTORY
SPY,CURRENT,2020_2022,MSE,756,0.3913554808021972,0.0001372960759627795,0.2583335057622506,EXPOSED_HISTORY
SPY,CURRENT,2023_PLUS,MSE,911,0.46420295807585144,1.6708343327359645e-05,0.031438079180109026,EXPOSED_HISTORY
SPY,CURRENT,2020_PLUS,MSE,1667,0.39813401996035935,0.00015400441929013913,0.28977158494235966,EXPOSED_HISTORY
SPY,CURRENT,DOTCOM,MSE,752,0.7280920936947175,9.232794271177102e-05,0.17372238028866957,EXPOSED_HISTORY
SPY,CURRENT,GFC,MSE,756,0.5464651158099916,0.0001785752073698195,0.3360034803512708,EXPOSED_HISTORY
SPY,CURRENT,2011,MSE,252,0.6163239568482972,1.4385198373877306e-05,0.027066896857391578,EXPOSED_HISTORY
SPY,CURRENT,2015_2016,MSE,504,0.6789000646135089,3.466266742656017e-05,0.0652205704538985,EXPOSED_HISTORY
SPY,CURRENT,2018Q4,MSE,63,0.48308593859090876,1.265368684080192e-06,0.002380891995258625,EXPOSED_HISTORY
SPY,CURRENT,COVID,MSE,93,0.377166077389705,0.00012479336606522902,0.2348086609572308,EXPOSED_HISTORY
SPY,CURRENT,2022,MSE,251,0.64616743934035,7.537809017968092e-06,0.014182988229801286,EXPOSED_HISTORY
SPY,CURRENT,2025_SPRING,MSE,82,0.4147275132633862,1.145539681941508e-05,0.02155424180556692,EXPOSED_HISTORY
SPY,CURRENT,YEAR_1995,MSE,189,0.7724126218424519,2.23903537896823e-07,0.0004212923456977601,EXPOSED_HISTORY
SPY,CURRENT,YEAR_1996,MSE,254,0.7425180716812014,4.608502538524948e-06,0.008671264701069317,EXPOSED_HISTORY
SPY,CURRENT,YEAR_1997,MSE,253,0.5799736308767733,7.368204350481167e-06,0.013863863534952644,EXPOSED_HISTORY
SPY,CURRENT,YEAR_1998,MSE,252,0.44536054292455196,5.526387783576031e-06,0.010398338920625099,EXPOSED_HISTORY
SPY,CURRENT,YEAR_1999,MSE,252,0.7252174555352757,4.341606680586539e-06,0.00816907887987116,EXPOSED_HISTORY
SPY,CURRENT,YEAR_2000,MSE,252,0.7641039634268969,1.5749266899519102e-05,0.029633500468295357,EXPOSED_HISTORY
SPY,CURRENT,YEAR_2001,MSE,248,0.7438026082752556,7.102241002380156e-05,0.13363432305309733,EXPOSED_HISTORY
SPY,CURRENT,YEAR_2002,MSE,252,0.5187402685421127,5.556265788450357e-06,0.010454556767276876,EXPOSED_HISTORY
SPY,CURRENT,YEAR_2003,MSE,252,0.7637016946857973,1.545543760494034e-06,0.002908063724018126,EXPOSED_HISTORY
SPY,CURRENT,YEAR_2004,MSE,252,0.6400103009944111,2.1977313358447687e-07,0.00041352066090093344,EXPOSED_HISTORY
SPY,CURRENT,YEAR_2005,MSE,252,0.5999461208032575,1.455176317014574e-07,0.0002738030179234591,EXPOSED_HISTORY
SPY,CURRENT,YEAR_2006,MSE,251,0.557820556110517,1.7101093713388648e-07,0.0003217707032316147,EXPOSED_HISTORY
SPY,CURRENT,YEAR_2007,MSE,251,0.6050631833434046,2.452249958164295e-06,0.00461410367525474,EXPOSED_HISTORY
SPY,CURRENT,YEAR_2008,MSE,253,0.5130557845884482,0.00014781892743541105,0.2781330891988328,EXPOSED_HISTORY
SPY,CURRENT,YEAR_2009,MSE,252,0.8176849217815108,2.8304029976244166e-05,0.05325628747718335,EXPOSED_HISTORY
SPY,CURRENT,YEAR_2010,MSE,252,0.6779977863449856,2.796860367742848e-05,0.05262515617142481,EXPOSED_HISTORY
SPY,CURRENT,YEAR_2011,MSE,252,0.6163239568482972,1.4385198373877306e-05,0.027066896857391578,EXPOSED_HISTORY
SPY,CURRENT,YEAR_2012,MSE,250,0.6991620369195675,9.021316424807035e-07,0.0016974325611773258,EXPOSED_HISTORY
SPY,CURRENT,YEAR_2013,MSE,252,0.6222488719488684,4.899277050328982e-07,0.0009218380112007988,EXPOSED_HISTORY
SPY,CURRENT,YEAR_2014,MSE,252,0.6333370443007873,1.500286611663331e-06,0.0028229087927045104,EXPOSED_HISTORY
SPY,CURRENT,YEAR_2015,MSE,252,0.677491142415652,3.0505972803952613e-05,0.05739941834367786,EXPOSED_HISTORY
SPY,CURRENT,YEAR_2016,MSE,252,0.6894222375846089,4.156694622607557e-06,0.007821152110220636,EXPOSED_HISTORY
SPY,CURRENT,YEAR_2017,MSE,251,0.5522923749170382,7.549995479848409e-08,0.00014205918028765342,EXPOSED_HISTORY
SPY,CURRENT,YEAR_2018,MSE,251,0.4615747391054973,2.1408143959570677e-06,0.004028112851847366,EXPOSED_HISTORY
SPY,CURRENT,YEAR_2019,MSE,252,0.25792268430500753,2.8517689528502254e-07,0.0005365830494772918,EXPOSED_HISTORY
SPY,CURRENT,YEAR_2020,MSE,253,0.3819279992619544,0.00012885390135553533,0.24244888162239053,EXPOSED_HISTORY
SPY,CURRENT,YEAR_2021,MSE,252,0.5083483620426561,9.043655892760426e-07,0.0017016359100587807,EXPOSED_HISTORY
SPY,CURRENT,YEAR_2022,MSE,251,0.64616743934035,7.537809017968092e-06,0.014182988229801286,EXPOSED_HISTORY
SPY,CURRENT,YEAR_2023,MSE,250,0.5006519654132551,4.839710212731714e-07,0.0009106300361179241,EXPOSED_HISTORY
SPY,CURRENT,YEAR_2024,MSE,252,0.6562063625379826,3.3592356441180604e-06,0.006320669505964535,EXPOSED_HISTORY
SPY,CURRENT,YEAR_2025,MSE,250,0.41868649817024073,1.188793957310206e-05,0.022368105458759075,EXPOSED_HISTORY
SPY,CURRENT,YEAR_2026,MSE,159,0.6452938841421629,9.771970888663558e-07,0.0018386741792674954,EXPOSED_HISTORY
SPY,CURRENT,EX_GFC,MSE,7142,0.518874825536153,0.00035289311903897297,0.6639965196487292,EXPOSED_HISTORY
SPY,CURRENT,EX_COVID,MSE,7805,0.6015692164300266,0.00040667496034356345,0.7651913390427693,EXPOSED_HISTORY
SPY,CURRENT,EX_2022,MSE,7647,0.5264420284341537,0.0005239305173908243,0.9858170117701986,EXPOSED_HISTORY
SPY,CURRENT,EX_ALL_THREE,MSE,6798,0.6533703274664382,0.00022056194395577588,0.41500487046169715,EXPOSED_HISTORY
SPY,CURRENT,COMMON_ALL,MSE,6364,0.5192247229737437,0.0004903263066469997,0.9225880118956565,EXPOSED_HISTORY
SPY,CURRENT,ALL,QLIKE,7898,0.646630785390492,3334.151005149025,1.0,EXPOSED_HISTORY
SPY,CURRENT,PRE2000,QLIKE,1200,0.6824021271852432,518.7079341204412,0.15557421764022855,EXPOSED_HISTORY
SPY,CURRENT,2000_2009,QLIKE,2515,0.6532136682524896,714.6471043856502,0.21434155300164875,EXPOSED_HISTORY
SPY,CURRENT,2010_2019,QLIKE,2516,0.6331354600752576,1232.5766736797852,0.36968231846016625,EXPOSED_HISTORY
SPY,CURRENT,2020_2022,QLIKE,756,0.6111375869699713,416.6472087191754,0.12496350887399377,EXPOSED_HISTORY
SPY,CURRENT,2023_PLUS,QLIKE,911,0.6705032154602715,451.57208424397254,0.13543840202396257,EXPOSED_HISTORY
SPY,CURRENT,2020_PLUS,QLIKE,1667,0.6406391719640576,868.219292963148,0.26040191089795633,EXPOSED_HISTORY
SPY,CURRENT,DOTCOM,QLIKE,752,0.5770402881065311,186.41170128758625,0.05590979562704428,EXPOSED_HISTORY
SPY,CURRENT,GFC,QLIKE,756,0.6121860976334378,245.3451086531976,0.07358548196356557,EXPOSED_HISTORY
SPY,CURRENT,2011,QLIKE,252,0.6562610796137968,108.1502045808344,0.03243710450241004,EXPOSED_HISTORY
SPY,CURRENT,2015_2016,QLIKE,504,0.6093685865057379,355.6061630371128,0.10665568610658006,EXPOSED_HISTORY
SPY,CURRENT,2018Q4,QLIKE,63,0.5155100356407893,24.677209114220936,0.007401347172371981,EXPOSED_HISTORY
SPY,CURRENT,COVID,QLIKE,93,0.35355239204876077,40.05149690988526,0.012012502387574103,EXPOSED_HISTORY
SPY,CURRENT,2022,QLIKE,251,0.69842033036516,94.69387993420493,0.02840119712273573,EXPOSED_HISTORY
SPY,CURRENT,2025_SPRING,QLIKE,82,0.39791548180775194,30.87005714530052,0.009258745958904383,EXPOSED_HISTORY
SPY,CURRENT,YEAR_1995,QLIKE,189,0.808276671733073,117.71710126848241,0.03530646964900165,EXPOSED_HISTORY
SPY,CURRENT,YEAR_1996,QLIKE,254,0.6419197990004184,157.70861370772178,0.04730098110858442,EXPOSED_HISTORY
SPY,CURRENT,YEAR_1997,QLIKE,253,0.6325538917440559,91.16360196453304,0.027342373462913492,EXPOSED_HISTORY
SPY,CURRENT,YEAR_1998,QLIKE,252,0.6591814875411653,79.83439272265925,0.023944444207646475,EXPOSED_HISTORY
SPY,CURRENT,YEAR_1999,QLIKE,252,0.6979466188734673,72.28422445704473,0.021679949212082515,EXPOSED_HISTORY
SPY,CURRENT,YEAR_2000,QLIKE,252,0.6737393593710432,76.25786219529405,0.02287174818342866,EXPOSED_HISTORY
SPY,CURRENT,YEAR_2001,QLIKE,248,0.4812992920361743,69.6276326776721,0.020883167130146218,EXPOSED_HISTORY
SPY,CURRENT,YEAR_2002,QLIKE,252,0.6216056534477021,40.52620641462011,0.012154880313469405,EXPOSED_HISTORY
SPY,CURRENT,YEAR_2003,QLIKE,252,0.7689975194040897,55.178447625606054,0.0165494746759797,EXPOSED_HISTORY
SPY,CURRENT,YEAR_2004,QLIKE,252,0.802867862711687,78.74555841235512,0.023617874022726054,EXPOSED_HISTORY
SPY,CURRENT,YEAR_2005,QLIKE,252,0.7527125436799006,69.01077554917565,0.020698155375266546,EXPOSED_HISTORY
SPY,CURRENT,YEAR_2006,QLIKE,251,0.7354644345256478,79.95551285772953,0.0239807713370666,EXPOSED_HISTORY
SPY,CURRENT,YEAR_2007,QLIKE,251,0.6390264258492022,112.18769637955148,0.03364805499399901,EXPOSED_HISTORY
SPY,CURRENT,YEAR_2008,QLIKE,253,0.4743133574004077,60.70549183712037,0.0182071813014381,EXPOSED_HISTORY
SPY,CURRENT,YEAR_2009,QLIKE,252,0.7452180291331978,72.45192043652577,0.021730245668128464,EXPOSED_HISTORY
SPY,CURRENT,YEAR_2010,QLIKE,252,0.5547516544190672,115.01778470547795,0.034496873275341365,EXPOSED_HISTORY
SPY,CURRENT,YEAR_2011,QLIKE,252,0.6562610796137968,108.1502045808344,0.03243710450241004,EXPOSED_HISTORY
SPY,CURRENT,YEAR_2012,QLIKE,250,0.7726292404344244,100.35951535606526,0.03010047091480775,EXPOSED_HISTORY
SPY,CURRENT,YEAR_2013,QLIKE,252,0.6549395358504054,92.15763688718022,0.02764051080615681,EXPOSED_HISTORY
SPY,CURRENT,YEAR_2014,QLIKE,252,0.6077191655758954,99.79107703038892,0.02992998123848581,EXPOSED_HISTORY
SPY,CURRENT,YEAR_2015,QLIKE,252,0.6228546576771834,254.19239554493194,0.07623901711481433,EXPOSED_HISTORY
SPY,CURRENT,YEAR_2016,QLIKE,252,0.5780001879325554,101.41376749218091,0.030416668991765736,EXPOSED_HISTORY
SPY,CURRENT,YEAR_2017,QLIKE,251,0.7164874376455261,125.97457455859927,0.037783104113776826,EXPOSED_HISTORY
SPY,CURRENT,YEAR_2018,QLIKE,251,0.5467392807574538,90.22413825710765,0.02706060346930056,EXPOSED_HISTORY
SPY,CURRENT,YEAR_2019,QLIKE,252,0.6744393637632771,145.29557926701875,0.04357798403330702,EXPOSED_HISTORY
SPY,CURRENT,YEAR_2020,QLIKE,253,0.5383864057853622,173.5659441297691,0.05205701357308839,EXPOSED_HISTORY
SPY,CURRENT,YEAR_2021,QLIKE,252,0.6630589895094012,148.38738465520143,0.04450529817816966,EXPOSED_HISTORY
SPY,CURRENT,YEAR_2022,QLIKE,251,0.69842033036516,94.69387993420493,0.02840119712273573,EXPOSED_HISTORY
SPY,CURRENT,YEAR_2023,QLIKE,250,0.7843357608145065,113.29652579190122,0.033980622238445155,EXPOSED_HISTORY
SPY,CURRENT,YEAR_2024,QLIKE,252,0.6621534482022104,129.78920900149745,0.03892721379477422,EXPOSED_HISTORY
SPY,CURRENT,YEAR_2025,QLIKE,250,0.612778685487435,135.17551212674218,0.04054270844901348,EXPOSED_HISTORY
SPY,CURRENT,YEAR_2026,QLIKE,159,0.6520679021502833,73.31083732383165,0.0219878575417297,EXPOSED_HISTORY
SPY,CURRENT,EX_GFC,QLIKE,7142,0.6495336530233979,3088.8058964958273,0.9264145180364344,EXPOSED_HISTORY
SPY,CURRENT,EX_COVID,QLIKE,7805,0.65321445222109,3294.099508239139,0.9879874976124258,EXPOSED_HISTORY
SPY,CURRENT,EX_2022,QLIKE,7647,0.6452321937569843,3239.45712521482,0.9715988028772642,EXPOSED_HISTORY
SPY,CURRENT,EX_ALL_THREE,QLIKE,6798,0.6555030607827892,2954.060519651737,0.8860008185261246,EXPOSED_HISTORY
SPY,CURRENT,COMMON_ALL,QLIKE,6364,0.6392356912596642,2717.0058254467854,0.8149018509512123,EXPOSED_HISTORY
SPY,HIST_MEAN,ALL,MSE,7898,0.46097650331029505,0.0004065878047505714,1.0,EXPOSED_HISTORY
SPY,HIST_MEAN,PRE2000,MSE,1200,0.4584280268934441,1.3143799721637294e-05,0.03232708794524861,EXPOSED_HISTORY
SPY,HIST_MEAN,2000_2009,MSE,2515,0.5721686886956883,0.0002454364793718851,0.6036493876702783,EXPOSED_HISTORY
SPY,HIST_MEAN,2010_2019,MSE,2516,0.30607177202332747,1.9215632070385365e-05,0.04726071919981353,EXPOSED_HISTORY
SPY,HIST_MEAN,2020_2022,MSE,756,0.3634426211264603,0.00012191263532224285,0.29984331526380226,EXPOSED_HISTORY
SPY,HIST_MEAN,2023_PLUS,MSE,911,0.2629230428912017,6.879258264420774e-06,0.016919489920857265,EXPOSED_HISTORY
SPY,HIST_MEAN,2020_PLUS,MSE,1667,0.3561693194711225,0.00012879189358666366,0.3167628051846596,EXPOSED_HISTORY
SPY,HIST_MEAN,DOTCOM,MSE,752,0.3325719282745627,1.7181053842219105e-05,0.042256687587467444,EXPOSED_HISTORY
SPY,HIST_MEAN,GFC,MSE,756,0.59997603916971,0.00022228866494303895,0.546717492127945,EXPOSED_HISTORY
SPY,HIST_MEAN,2011,MSE,252,0.3513228438761742,4.850084153183544e-06,0.011928749698134492,EXPOSED_HISTORY
SPY,HIST_MEAN,2015_2016,MSE,504,0.07911111911425983,1.4084020463780144e-06,0.0034639554603513602,EXPOSED_HISTORY
SPY,HIST_MEAN,2018Q4,MSE,63,0.17346527589824778,2.841596959641198e-07,0.000698888881181379,EXPOSED_HISTORY
SPY,HIST_MEAN,COVID,MSE,93,0.36722538724016696,0.00011959548468336022,0.29414429868777847,EXPOSED_HISTORY
SPY,HIST_MEAN,2022,MSE,251,0.18670979250206587,9.475876858665786e-07,0.0023305856073275325,EXPOSED_HISTORY
SPY,HIST_MEAN,2025_SPRING,MSE,82,0.12731756677681583,2.3585087679965276e-06,0.005800736619346951,EXPOSED_HISTORY
SPY,HIST_MEAN,YEAR_1995,MSE,189,-0.09929723662604517,-5.959115362744003e-09,-1.4656404577603427e-05,EXPOSED_HISTORY
SPY,HIST_MEAN,YEAR_1996,MSE,254,0.2416887817211968,5.093409189970352e-07,0.0012527206006818124,EXPOSED_HISTORY
SPY,HIST_MEAN,YEAR_1997,MSE,253,0.2763146773852847,2.0374368645808135e-06,0.005011062409583868,EXPOSED_HISTORY
SPY,HIST_MEAN,YEAR_1998,MSE,252,0.5895485065271062,9.88548732241841e-06,0.02431329028297551,EXPOSED_HISTORY
SPY,HIST_MEAN,YEAR_1999,MSE,252,0.3036991942760102,7.174937310037799e-07,0.001764671056585033,EXPOSED_HISTORY
SPY,HIST_MEAN,YEAR_2000,MSE,252,0.4162277121521246,3.46669833372211e-06,0.008526321481405027,EXPOSED_HISTORY
SPY,HIST_MEAN,YEAR_2001,MSE,248,0.1571790771020911,4.562173928974204e-06,0.011220636417693226,EXPOSED_HISTORY
SPY,HIST_MEAN,YEAR_2002,MSE,252,0.6396999814782827,9.152181579522788e-06,0.02250972968836918,EXPOSED_HISTORY
SPY,HIST_MEAN,YEAR_2003,MSE,252,0.6417496123600523,8.566375449279382e-07,0.0021068943409492027,EXPOSED_HISTORY
SPY,HIST_MEAN,YEAR_2004,MSE,252,0.9329651293215161,1.7204511508513813e-06,0.004231438156161184,EXPOSED_HISTORY
SPY,HIST_MEAN,YEAR_2005,MSE,252,0.9495467868971749,1.8262044365432704e-06,0.0044915376585473055,EXPOSED_HISTORY
SPY,HIST_MEAN,YEAR_2006,MSE,251,0.920213793727421,1.5634674543044552e-06,0.0038453377992081995,EXPOSED_HISTORY
SPY,HIST_MEAN,YEAR_2007,MSE,251,0.28765742930857485,6.463657338588056e-07,0.0015897322209536765,EXPOSED_HISTORY
SPY,HIST_MEAN,YEAR_2008,MSE,253,0.5907270379359095,0.00020249693953692643,0.49803987520272974,EXPOSED_HISTORY
SPY,HIST_MEAN,YEAR_2009,MSE,252,0.7520912392155851,1.914535967225366e-05,0.047087884704261423,EXPOSED_HISTORY
SPY,HIST_MEAN,YEAR_2010,MSE,252,-0.045684788284822586,-5.803262194134615e-07,-0.0014273084746589315,EXPOSED_HISTORY
SPY,HIST_MEAN,YEAR_2011,MSE,252,0.3513228438761742,4.850084153183544e-06,0.011928749698134492,EXPOSED_HISTORY
SPY,HIST_MEAN,YEAR_2012,MSE,250,0.8395103013454532,2.0305027620624923e-06,0.004994008030585523,EXPOSED_HISTORY
SPY,HIST_MEAN,YEAR_2013,MSE,252,0.908029650903719,2.936471880457853e-06,0.0072222330481832445,EXPOSED_HISTORY
SPY,HIST_MEAN,YEAR_2014,MSE,252,0.7297424228774277,2.3452983233215263e-06,0.005768245618582416,EXPOSED_HISTORY
SPY,HIST_MEAN,YEAR_2015,MSE,252,-0.036505770762109035,-5.114612102923443e-07,-0.001257935443012388,EXPOSED_HISTORY
SPY,HIST_MEAN,YEAR_2016,MSE,252,0.5062380172842074,1.9198632566703585e-06,0.004721890903363748,EXPOSED_HISTORY
SPY,HIST_MEAN,YEAR_2017,MSE,251,0.9835596739459824,3.661528536938161e-06,0.009005505069647604,EXPOSED_HISTORY
SPY,HIST_MEAN,YEAR_2018,MSE,251,0.3483350134470049,1.3348582621858097e-06,0.0032830750125540597,EXPOSED_HISTORY
SPY,HIST_MEAN,YEAR_2019,MSE,252,0.599624351277517,1.2288123252714263e-06,0.0030222557364337657,EXPOSED_HISTORY
SPY,HIST_MEAN,YEAR_2020,MSE,253,0.36424446839621094,0.00011946975198915433,0.29383505996311227,EXPOSED_HISTORY
SPY,HIST_MEAN,YEAR_2021,MSE,252,0.6309377984692957,1.4952956472219458e-06,0.0036776696933624505,EXPOSED_HISTORY
SPY,HIST_MEAN,YEAR_2022,MSE,251,0.18670979250206587,9.475876858665786e-07,0.0023305856073275325,EXPOSED_HISTORY
SPY,HIST_MEAN,YEAR_2023,MSE,250,0.7590766903549034,1.5208753198043781e-06,0.003740582727849859,EXPOSED_HISTORY
SPY,HIST_MEAN,YEAR_2024,MSE,252,0.4250779285166798,1.3012401100256964e-06,0.0032003913910402834,EXPOSED_HISTORY
SPY,HIST_MEAN,YEAR_2025,MSE,250,0.17729987489157373,3.557090452451056e-06,0.008748640295872172,EXPOSED_HISTORY
SPY,HIST_MEAN,YEAR_2026,MSE,159,0.48211781523419794,5.000523821396437e-07,0.00122987550609495,EXPOSED_HISTORY
SPY,HIST_MEAN,EX_GFC,MSE,7142,0.36029826210142923,0.00018429913980753249,0.4532825078720551,EXPOSED_HISTORY
SPY,HIST_MEAN,EX_COVID,MSE,7805,0.5158569366524779,0.00028699232006721114,0.7058557013122215,EXPOSED_HISTORY
SPY,HIST_MEAN,EX_2022,MSE,7647,0.4625637924279902,0.0004056402170647048,0.9976694143926724,EXPOSED_HISTORY
SPY,HIST_MEAN,EX_ALL_THREE,MSE,6798,0.3526919876702772,6.375606743830564e-05,0.156807623576949,EXPOSED_HISTORY
SPY,HIST_MEAN,COMMON_ALL,MSE,6364,0.46115129633200536,0.0003885514636393232,0.9556397390661707,EXPOSED_HISTORY
SPY,HIST_MEAN,ALL,QLIKE,7898,0.6779666051571219,3835.879813977235,1.0,EXPOSED_HISTORY
SPY,HIST_MEAN,PRE2000,QLIKE,1200,0.695925095899499,552.5123926465684,0.14403798331567003,EXPOSED_HISTORY
SPY,HIST_MEAN,2000_2009,QLIKE,2515,0.8115752421499415,1634.139661859436,0.42601430209177416,EXPOSED_HISTORY
SPY,HIST_MEAN,2010_2019,QLIKE,2516,0.5552171907541532,891.5340891376748,0.2324197139569102,EXPOSED_HISTORY
SPY,HIST_MEAN,2020_2022,QLIKE,756,0.6623839796028785,520.1303813157347,0.1355961100294321,EXPOSED_HISTORY
SPY,HIST_MEAN,2023_PLUS,QLIKE,911,0.5170336447572188,237.56328901782075,0.06193189060621351,EXPOSED_HISTORY
SPY,HIST_MEAN,2020_PLUS,QLIKE,1667,0.6087293565001439,757.6936703335552,0.19752800063564557,EXPOSED_HISTORY
SPY,HIST_MEAN,DOTCOM,QLIKE,752,0.6853245245321318,297.5770348290216,0.0775772571770122,EXPOSED_HISTORY
SPY,HIST_MEAN,GFC,QLIKE,756,0.8648545915612231,994.6244139338381,0.2592949889382903,EXPOSED_HISTORY
SPY,HIST_MEAN,2011,QLIKE,252,0.5557873508404909,70.87566432246888,0.018477029458590203,EXPOSED_HISTORY
SPY,HIST_MEAN,2015_2016,QLIKE,504,0.315607590687234,105.12321581556463,0.027405242320813893,EXPOSED_HISTORY
SPY,HIST_MEAN,2018Q4,QLIKE,63,-0.08663297061446973,-1.849030311986925,-0.0004820355177055864,EXPOSED_HISTORY
SPY,HIST_MEAN,COVID,QLIKE,93,0.8610188755032293,453.68576846526366,0.11827423967041846,EXPOSED_HISTORY
SPY,HIST_MEAN,2022,QLIKE,251,0.3366224868006896,20.748632467715673,0.005409093473708822,EXPOSED_HISTORY
SPY,HIST_MEAN,2025_SPRING,QLIKE,82,0.41943572177826083,33.74575594475019,0.008797396576865341,EXPOSED_HISTORY
SPY,HIST_MEAN,YEAR_1995,QLIKE,189,-0.09187739062265732,-2.3495746813026743,-0.000612525625214132,EXPOSED_HISTORY
SPY,HIST_MEAN,YEAR_1996,QLIKE,254,0.5535585910253514,109.0822473807942,0.028437347537146163,EXPOSED_HISTORY
SPY,HIST_MEAN,YEAR_1997,QLIKE,253,0.7711430539580133,178.43845283309886,0.046518259561444605,EXPOSED_HISTORY
SPY,HIST_MEAN,YEAR_1998,QLIKE,252,0.8504843059624646,234.7943939900141,0.06121004968259612,EXPOSED_HISTORY
SPY,HIST_MEAN,YEAR_1999,QLIKE,252,0.5099022682352321,32.54687312396393,0.008484852159697276,EXPOSED_HISTORY
SPY,HIST_MEAN,YEAR_2000,QLIKE,252,0.7246753449840351,97.19765197405385,0.025339076479894817,EXPOSED_HISTORY
SPY,HIST_MEAN,YEAR_2001,QLIKE,248,0.543238548519619,89.24510055258091,0.023265875074445323,EXPOSED_HISTORY
SPY,HIST_MEAN,YEAR_2002,QLIKE,252,0.8183427191259534,111.13428230238686,0.028972305622672053,EXPOSED_HISTORY
SPY,HIST_MEAN,YEAR_2003,QLIKE,252,0.6701962609537837,33.68275514442427,0.008780972495981379,EXPOSED_HISTORY
SPY,HIST_MEAN,YEAR_2004,QLIKE,252,0.821554810014885,89.01662412364784,0.023206312095412313,EXPOSED_HISTORY
SPY,HIST_MEAN,YEAR_2005,QLIKE,252,0.832113968561891,112.37199500690129,0.02929497285014994,EXPOSED_HISTORY
SPY,HIST_MEAN,YEAR_2006,QLIKE,251,0.7879545295728148,106.86683882160301,0.02785979853492804,EXPOSED_HISTORY
SPY,HIST_MEAN,YEAR_2007,QLIKE,251,0.3432853692263603,33.12687159845927,0.008636055665183015,EXPOSED_HISTORY
SPY,HIST_MEAN,YEAR_2008,QLIKE,253,0.9238228213788509,815.9308834773376,0.21271023156258356,EXPOSED_HISTORY
SPY,HIST_MEAN,YEAR_2009,QLIKE,252,0.85457945303078,145.56665885804105,0.037948701710523655,EXPOSED_HISTORY
SPY,HIST_MEAN,YEAR_2010,QLIKE,252,0.08329569238300105,8.388068673589643,0.002186739178590809,EXPOSED_HISTORY
SPY,HIST_MEAN,YEAR_2011,QLIKE,252,0.5557873508404909,70.87566432246888,0.018477029458590203,EXPOSED_HISTORY
SPY,HIST_MEAN,YEAR_2012,QLIKE,250,0.7104037636375687,72.44932908963759,0.018887278174265436,EXPOSED_HISTORY
SPY,HIST_MEAN,YEAR_2013,QLIKE,252,0.7209726442375163,125.45770181012786,0.032706369306197566,EXPOSED_HISTORY
SPY,HIST_MEAN,YEAR_2014,QLIKE,252,0.6419084906901267,115.46888286483454,0.030102320318818994,EXPOSED_HISTORY
SPY,HIST_MEAN,YEAR_2015,QLIKE,252,0.00786870761393832,1.220727832344167,0.000318239332706948,EXPOSED_HISTORY
SPY,HIST_MEAN,YEAR_2016,QLIKE,252,0.5839022336705015,103.90248798322048,0.02708700298810695,EXPOSED_HISTORY
SPY,HIST_MEAN,YEAR_2017,QLIKE,251,0.8415949613005369,264.83828200406185,0.06904238267295035,EXPOSED_HISTORY
SPY,HIST_MEAN,YEAR_2018,QLIKE,251,0.45640289531027733,62.80031254107159,0.016371814443257294,EXPOSED_HISTORY
SPY,HIST_MEAN,YEAR_2019,QLIKE,252,0.4853105282352336,66.13263201631833,0.01724053808342568,EXPOSED_HISTORY
SPY,HIST_MEAN,YEAR_2020,QLIKE,253,0.7462829163743826,437.7264690417062,0.11411370800688596,EXPOSED_HISTORY
SPY,HIST_MEAN,YEAR_2021,QLIKE,252,0.4498414399639692,61.65527980631273,0.016073308548837303,EXPOSED_HISTORY
SPY,HIST_MEAN,YEAR_2022,QLIKE,251,0.3366224868006896,20.748632467715673,0.005409093473708822,EXPOSED_HISTORY
SPY,HIST_MEAN,YEAR_2023,QLIKE,250,0.684638248906951,67.6308512058861,0.017631118409771815,EXPOSED_HISTORY
SPY,HIST_MEAN,YEAR_2024,QLIKE,252,0.49767513304461397,65.60858852926089,0.017103921840876075,EXPOSED_HISTORY
SPY,HIST_MEAN,YEAR_2025,QLIKE,250,0.5061898909830316,87.56027548131645,0.022826647269359963,EXPOSED_HISTORY
SPY,HIST_MEAN,YEAR_2026,QLIKE,159,0.29998720719031813,16.76357380135731,0.004370203086205661,EXPOSED_HISTORY
SPY,HIST_MEAN,EX_GFC,QLIKE,7142,0.630287731827119,2841.2554000433965,0.7407050110617097,EXPOSED_HISTORY
SPY,HIST_MEAN,EX_COVID,QLIKE,7805,0.6591684388252201,3382.194045511971,0.8817257603295815,EXPOSED_HISTORY
SPY,HIST_MEAN,EX_2022,QLIKE,7647,0.6817261846981387,3815.1311815095187,0.9945909065262911,EXPOSED_HISTORY
SPY,HIST_MEAN,EX_ALL_THREE,QLIKE,6798,0.6038863372776627,2366.8209991104172,0.6170216779175824,EXPOSED_HISTORY
SPY,HIST_MEAN,COMMON_ALL,QLIKE,6364,0.6729702556783673,3155.4531316739303,0.822615223807598,EXPOSED_HISTORY
