symbol,model,period,n,start,end,MSE,QLIKE,OOS_R2,calibration_ratio,calibration_intercept,calibration_slope,high_risk_AUC,high_risk_events,high_forecast_n,eligible_n,precision,recall,base_rate,lift,DD_AUC,DD_events,tail_AUC,tail_events,negative5D_AUC,OO_SQ_spearman,evidence
QQQ,CURRENT,ALL,6364,2001-05-01,2026-08-20,2.4657107308504713e-07,0.641835935110484,-0.1458418170932878,1.0023850664274008,0.00014525103254667434,0.3562090030831442,0.869611413238782,134,283,6112,0.23674911660777384,0.5317460317460317,0.0206151832460733,11.48421111671995,0.758365040985655,208,0.7601852006116977,1698,0.5226773537390668,0.5951082339158682,EXPOSED_HISTORY
QQQ,CURRENT,2000_2009,2181,2001-05-01,2009-12-31,1.8043618666024466e-07,0.3561691688934922,0.4079549430781352,1.0047318092391986,0.00015943211207709623,0.5185369481862958,0.9097700610042234,50,89,1929,0.3146067415730337,0.6666666666666666,0.02177293934681182,14.44943820224719,0.8547564919018907,67,0.7925926532931253,789,0.5408324547716442,0.679853138970959,EXPOSED_HISTORY
QQQ,CURRENT,2010_2019,2516,2010-01-04,2019-12-31,3.252861611571606e-07,0.8808050930627187,-1.2768153417851171,0.9994291666237274,0.00011741460188524764,0.06628896698775122,0.7523129614802954,18,59,2516,0.03389830508474576,0.1111111111111111,0.007154213036565978,4.738229755178907,0.7239084491209137,45,0.7213989542056457,364,0.4951359113070193,0.46350815146036517,EXPOSED_HISTORY
QQQ,CURRENT,2020_2022,756,2020-01-02,2022-12-30,3.7540528791896235e-07,0.6655192685742708,0.005022891361108006,0.9977696689894503,0.00016559909414856557,0.5002575120450363,0.8378528716451119,51,99,756,0.29292929292929293,0.5686274509803921,0.06746031746031746,4.342245989304813,0.6317923608056156,77,0.6654952825165591,333,0.49311013140800375,0.5341603181962915,EXPOSED_HISTORY
QQQ,CURRENT,2023_PLUS,911,2023-01-03,2026-08-20,8.059342137112513e-08,0.6461040093287205,-0.22247547464365813,1.0050333717988658,0.00011000439692230931,0.3096019057356509,0.875,15,36,911,0.2222222222222222,0.5333333333333333,0.01646542261251372,13.496296296296295,0.7455746990795374,19,0.6269266067427862,212,0.4739910404595051,0.33863220810618117,EXPOSED_HISTORY
QQQ,CURRENT,2020_PLUS,1667,2020-01-02,2026-08-20,2.142933440526878e-07,0.6549090099223834,-0.03454673307332912,1.0004419902389883,0.0001228169318035759,0.48204395727373706,0.8684534287282569,66,135,1667,0.2740740740740741,0.5606060606060606,0.03959208158368326,6.9224466891133565,0.7044478039465308,96,0.6725130419140133,545,0.4890332725142035,0.4928500183525353,EXPOSED_HISTORY
QQQ,CURRENT,DOTCOM,418,2001-05-01,2002-12-31,4.6170047415205394e-07,0.25668849641839303,-0.7828229315963902,1.0048307368626785,0.0005916758672063623,0.25167893277369885,0.7259146341463415,8,24,166,0.0,,0.0,,0.5946821036106751,26,0.5798982275195519,329,0.45280898876404496,0.29479232842842673,EXPOSED_HISTORY
QQQ,CURRENT,GFC,756,2007-01-03,2009-12-31,2.4433289245627386e-07,0.4301917163857557,0.15485569098863183,1.002621792675026,0.00016130072638227558,0.5181778758868943,0.9300386821395225,42,64,756,0.4375,0.6666666666666666,0.05555555555555555,7.875,0.8565921882995053,41,0.7614536166260304,261,0.5607317124990262,0.6086025922116449,EXPOSED_HISTORY
QQQ,CURRENT,2011,252,2011-01-03,2011-12-30,5.95001966253117e-08,0.6018196928549016,0.38877175360715743,0.9947382589002106,0.00013063167670504414,0.3575014345713596,0.8246318607764391,3,13,252,0.0,0.0,0.011904761904761904,0.0,0.8571428571428571,7,0.6753654243514196,73,0.4296889786133367,0.45854151622383055,EXPOSED_HISTORY
QQQ,CURRENT,2015_2016,504,2015-01-02,2016-12-30,1.4067920145285342e-06,1.891065157655998,-3.327984547473509,1.0031969264114677,0.00015271000732067826,0.031455402797928585,0.6156941649899397,7,12,504,0.08333333333333333,0.14285714285714285,0.013888888888888888,6.0,0.5131578947368421,10,0.6965338822743964,86,0.48504601847208967,0.4070592006658775,EXPOSED_HISTORY
QQQ,CURRENT,2018Q4,63,2018-10-01,2018-12-31,1.2360247204465e-07,0.5167847901609036,-1.977079269994824,0.9451918635955433,0.0003550011124735309,0.09274880756771206,0.6055555555555555,3,14,63,0.07142857142857142,0.3333333333333333,0.047619047619047616,1.5,0.3877551020408163,14,0.58004158004158,37,0.21157894736842106,0.11155913978494625,EXPOSED_HISTORY
QQQ,CURRENT,COVID,93,2020-02-19,2020-06-30,2.5232283318741153e-06,0.6616875321436073,0.08410948563698395,1.0094701644218826,0.0005224336036273982,0.46761700931557787,0.908994708994709,30,35,93,0.6857142857142857,0.8,0.3225806451612903,2.125714285714286,0.7256493506493507,16,0.6044334975369459,58,0.5301587301587302,0.5641431171854018,EXPOSED_HISTORY
QQQ,CURRENT,2022,251,2022-01-03,2022-12-30,1.1990958397923948e-07,0.4160877724361901,-2.352561534847072,0.9945261233653847,0.0003151372886392254,0.11345010318685733,0.5909574468085106,16,45,251,0.08888888888888889,0.25,0.06374501992031872,1.3944444444444446,0.4273399014778325,48,0.4782224037021914,158,0.3945748364755675,0.09963043065831911,EXPOSED_HISTORY
QQQ,CURRENT,2025_SPRING,82,2025-02-03,2025-05-30,5.235627466807549e-07,0.9347650058164003,-0.6349285959672801,1.0096672319849598,0.0002867378241478241,0.3068759803617842,0.7972222222222223,10,15,82,0.4,0.6,0.12195121951219512,3.2800000000000002,0.5841694537346711,13,0.7020872865275142,31,0.47247990105132964,0.3132856629771117,EXPOSED_HISTORY
QQQ,CURRENT,YEAR_2001,166,2001-05-01,2001-12-31,7.467993458617867e-07,0.3055150558500559,-1.0043649674986308,1.0125182146729386,0.0006521133974790025,0.2529285495114828,0.7175632911392406,8,0,0,,,,,0.5966666666666667,16,0.5941611842105263,128,0.49294340171686307,0.28261243121642804,EXPOSED_HISTORY
QQQ,CURRENT,YEAR_2002,252,2002-01-02,2002-12-31,2.738972491369125e-07,0.22452496917372625,-0.4875210213185106,0.9988009297924717,0.0005685087004511536,0.2280488992065576,,0,24,166,0.0,,0.0,,0.5731404958677686,10,0.5776997366110623,201,0.42899584076054664,0.3015223127816234,EXPOSED_HISTORY
QQQ,CURRENT,YEAR_2003,252,2003-01-02,2003-12-31,4.717091774113017e-08,0.2927180745798216,0.8838231985553445,1.0269287092161865,0.00020061313491911555,0.2224673576714509,,0,1,252,0.0,,0.0,,,0,0.5363175675675675,104,0.5307894736842105,0.25040886707264676,EXPOSED_HISTORY
QQQ,CURRENT,YEAR_2004,252,2004-01-02,2004-12-31,6.894452584848112e-09,0.30843626333619617,0.9824230871324274,0.9928875694619576,0.00011102437185117134,0.11401224562301572,,0,0,252,,,0.0,,,0,0.5323426573426573,44,0.5166486280002547,0.04747732203128011,EXPOSED_HISTORY
QQQ,CURRENT,YEAR_2005,252,2005-01-03,2005-12-30,3.0150116542566094e-09,0.3246937589808702,0.9906704155976104,0.9974711751956551,6.748908489686405e-05,0.12129046163225349,,0,0,252,,,0.0,,,0,0.6050546963410034,11,0.48175458498771034,0.06720642369351879,EXPOSED_HISTORY
QQQ,CURRENT,YEAR_2006,251,2006-01-03,2006-12-29,5.739450017819838e-09,0.44211357708434695,0.9739420429951945,0.9869867922550094,9.449437377902845e-05,0.03846929079805298,,0,0,251,,,0.0,,,0,0.47464454976303316,40,0.46119536128456734,0.11833731739707834,EXPOSED_HISTORY
QQQ,CURRENT,YEAR_2007,251,2007-01-03,2007-12-31,1.8421560041420057e-08,0.5729246859099366,0.8822335516572413,1.001984915102102,9.192013592839814e-05,0.275234794430944,,0,1,251,0.0,,0.0,,0.6821862348178138,4,0.7232854864433812,42,0.49345479082321186,0.30367823942325933,EXPOSED_HISTORY
QQQ,CURRENT,YEAR_2008,253,2008-01-02,2008-12-31,6.691979275390706e-07,0.42282821561772105,-0.08401169561018329,0.9978409291574082,0.00033687164179644204,0.4618187713947164,0.8809523809523809,42,51,253,0.5490196078431373,0.6666666666666666,0.16600790513833993,3.3071895424836604,0.825075075075075,37,0.7493373722074972,139,0.527013251783894,0.5781562383753416,EXPOSED_HISTORY
QQQ,CURRENT,YEAR_2009,252,2009-01-02,2009-12-31,4.279674388556243e-08,0.2954178685434674,0.5333867634443428,1.01477067180043,0.0001388555220189064,0.44560197053716416,,0,12,252,0.0,,0.0,,,0,0.6811046511627907,80,0.5201431221839385,0.6067347399410451,EXPOSED_HISTORY
QQQ,CURRENT,YEAR_2010,252,2010-01-04,2010-12-31,2.9652000390383463e-07,0.8093849201138741,-0.7193491468041282,0.9994014722835461,0.00016518250631971239,0.10636991242287723,0.6348178137651822,5,6,252,0.0,0.0,0.01984126984126984,0.0,0.7550403225806451,4,0.6704628279883382,56,0.5155442200317089,0.4772470441966372,EXPOSED_HISTORY
QQQ,CURRENT,YEAR_2011,252,2011-01-03,2011-12-30,5.95001966253117e-08,0.6018196928549016,0.38877175360715743,0.9947382589002106,0.00013063167670504414,0.3575014345713596,0.8246318607764391,3,13,252,0.0,0.0,0.011904761904761904,0.0,0.8571428571428571,7,0.6753654243514196,73,0.4296889786133367,0.45854151622383055,EXPOSED_HISTORY
QQQ,CURRENT,YEAR_2012,250,2012-01-03,2012-12-31,6.15790352011734e-09,0.4519724215622594,0.9448542064844654,0.9927400628095937,7.769905419640832e-05,0.13351267656082602,,0,0,250,,,0.0,,,0,0.5206043956043956,26,0.5125257492192172,0.18410291364661832,EXPOSED_HISTORY
QQQ,CURRENT,YEAR_2013,252,2013-01-02,2013-12-31,4.19967316879253e-09,0.4518236254741383,0.9633240514951725,1.0401624266672296,5.625983029036145e-05,0.04898434193691265,,0,0,252,,,0.0,,,0,0.631578947368421,5,0.38369565217391305,0.22105892260058208,EXPOSED_HISTORY
QQQ,CURRENT,YEAR_2014,252,2014-01-02,2014-12-31,6.8561129903568094e-09,0.5493616152849162,0.9257762142621615,0.9854251984730914,5.587879179043715e-05,0.2790194018893227,,0,1,252,0.0,,0.0,,0.798,2,0.765761316872428,27,0.491242307432204,0.4385747055069764,EXPOSED_HISTORY
QQQ,CURRENT,YEAR_2015,252,2015-01-02,2015-12-31,2.7857452166252386e-06,3.195928802372752,-3.875880688279869,0.9817224012481126,0.00020824960611494814,0.024219156261988447,0.535230352303523,6,6,252,0.16666666666666666,0.16666666666666666,0.023809523809523808,7.0,0.40408163265306124,7,0.6392882276063134,49,0.46268751589117724,0.307492034497058,EXPOSED_HISTORY
QQQ,CURRENT,YEAR_2016,252,2016-01-04,2016-12-30,2.783881243183016e-08,0.5862015129392434,0.6465332355753493,1.0480863984141595,6.371636692932191e-05,0.35840291327430934,0.9362549800796812,1,6,252,0.0,0.0,0.003968253968253968,0.0,0.7402945113788487,3,0.7619107479572595,37,0.4955769870302627,0.47030923923354206,EXPOSED_HISTORY
QQQ,CURRENT,YEAR_2017,251,2017-01-03,2017-12-29,3.393137927292453e-09,0.892247835044666,0.9605965196346431,0.9994396911394294,3.7267126126777324e-05,0.11109262201547386,,0,1,251,0.0,,0.0,,,0,0.4658536585365854,5,0.47233082706766916,0.13007854297097324,EXPOSED_HISTORY
QQQ,CURRENT,YEAR_2018,251,2018-01-02,2018-12-31,4.6440367949627085e-08,0.5946238981501428,0.09042523959392124,0.9688710372747271,0.00011825199064053281,0.3912073694665144,0.8293010752688172,3,21,251,0.047619047619047616,0.3333333333333333,0.01195219123505976,3.984126984126984,0.6715063520871143,19,0.7490077653149266,61,0.4794547099108412,0.6061415291216089,EXPOSED_HISTORY
QQQ,CURRENT,YEAR_2019,252,2019-01-02,2019-12-31,1.1293538287492478e-08,0.670192940973421,0.7838182804480349,1.0497214101442347,6.8989519022165e-05,0.26724486483141824,,0,5,252,0.0,,0.0,,0.4497991967871486,3,0.5000881057268722,25,0.49886122077133316,0.33306412970365856,EXPOSED_HISTORY
QQQ,CURRENT,YEAR_2020,253,2020-01-02,2020-12-31,9.851711201570126e-07,0.8963011764399147,0.0591753581561526,0.9963596397569119,0.0002508728331658092,0.5068286139894436,0.8813892529488859,35,49,253,0.5102040816326531,0.7142857142857143,0.1383399209486166,3.688046647230321,0.6712553261225828,27,0.6271430359154049,122,0.4919155933132365,0.486289016244511,EXPOSED_HISTORY
QQQ,CURRENT,YEAR_2021,252,2021-01-04,2021-12-31,1.7701582096120105e-08,0.6822632481006609,0.606505594881996,1.0121961614968282,8.371177339681505e-05,0.3482177619946922,,0,5,252,0.0,,0.0,,0.288,2,0.6837963401915237,53,0.4769320237787542,0.48078718440748586,EXPOSED_HISTORY
QQQ,CURRENT,YEAR_2022,251,2022-01-03,2022-12-30,1.1990958397923948e-07,0.4160877724361901,-2.352561534847072,0.9945261233653847,0.0003151372886392254,0.11345010318685733,0.5909574468085106,16,45,251,0.08888888888888889,0.25,0.06374501992031872,1.3944444444444446,0.4273399014778325,48,0.4782224037021914,158,0.3945748364755675,0.09963043065831911,EXPOSED_HISTORY
QQQ,CURRENT,YEAR_2023,250,2023-01-03,2023-12-29,1.236108342631695e-08,0.4474273666180295,0.6765954452568853,1.021282587695455,9.707493921595941e-05,0.2162566078941541,,0,4,250,0.0,,0.0,,,0,0.5788095238095238,40,0.460836038961039,0.2120984975759612,EXPOSED_HISTORY
QQQ,CURRENT,YEAR_2024,252,2024-01-02,2024-12-31,6.90509222594969e-08,0.6618066237556883,-0.31635972422872727,0.9933350918874061,0.00011012339147748108,0.1503446341833006,0.8850202429149797,5,7,252,0.2857142857142857,0.4,0.01984126984126984,14.4,0.8850202429149797,5,0.5693824597820446,47,0.4996280516670048,0.22107766937145082,EXPOSED_HISTORY
QQQ,CURRENT,YEAR_2025,250,2025-01-02,2025-12-31,1.853426948306386e-07,0.8674346894657347,-0.3924070406469464,1.002416422207595,0.00013266233763767652,0.36472321434712884,0.885,10,18,250,0.3333333333333333,0.6,0.04,8.333333333333332,0.744888023369036,13,0.6822724053820127,71,0.466611875898911,0.4860853453655258,EXPOSED_HISTORY
QQQ,CURRENT,YEAR_2026,159,2026-01-02,2026-08-20,4.147062827335151e-08,0.5855972911389296,-0.6454823346984646,1.0054517665767817,0.00015616932647648566,0.15548418488279328,,0,7,159,0.0,,0.0,,0.0759493670886076,1,0.5874779541446208,54,0.4111111111111111,0.3000149271554812,EXPOSED_HISTORY
QQQ,CURRENT,EX_GFC,5608,2001-05-01,2026-08-20,2.4687279643657223e-07,0.6703671457659572,-0.2029459528862081,1.002334318473867,0.00014283457300484325,0.32267199342838176,0.8401153167071287,92,219,5356,0.1780821917808219,0.4642857142857143,0.01568334578043316,11.354859752120024,0.7354154033414516,167,0.7569774198924976,1437,0.5164057051055994,0.5831687029895918,EXPOSED_HISTORY
QQQ,CURRENT,EX_COVID,6271,2001-05-01,2026-08-20,2.1280785747870312e-07,0.6415415325392703,-0.19876442029856278,1.0019005443455657,0.00014803291616765423,0.30957648768829,0.8468102555787005,104,248,6019,0.17338709677419356,0.4479166666666667,0.015949493271307527,10.871009744623656,0.750446379612875,192,0.7592569428717393,1640,0.5248477515720552,0.588939104458643,EXPOSED_HISTORY
QQQ,CURRENT,EX_2022,6113,2001-05-01,2026-08-20,2.517717983861363e-07,0.6511051627943131,-0.1312802947814422,1.0029046505973003,0.00014133729041689768,0.35828589074264805,0.8813630002403132,118,238,5861,0.2647058823529412,0.5727272727272728,0.018768128305749872,14.104010695187165,0.7737978750209978,160,0.759558788030251,1540,0.5201571092116404,0.5790938112544529,EXPOSED_HISTORY
QQQ,CURRENT,EX_ALL_THREE,5264,2001-05-01,2026-08-20,2.1270993578518528e-07,0.6826451333747434,-0.2641947988346425,1.0023736891862183,0.0001423911616149753,0.25190460660254527,0.7819046111287017,46,139,5012,0.07913669064748201,0.2894736842105263,0.007581803671189146,10.437712987504733,0.7208206432485613,103,0.7519286426038838,1221,0.514917789405501,0.5512156755691509,EXPOSED_HISTORY
QQQ,CURRENT,COMMON_ALL,6364,2001-05-01,2026-08-20,2.4657107308504713e-07,0.641835935110484,-0.1458418170932878,1.0023850664274008,0.00014525103254667434,0.3562090030831442,0.869611413238782,134,283,6112,0.23674911660777384,0.5317460317460317,0.0206151832460733,11.48421111671995,0.758365040985655,208,0.7601852006116977,1698,0.5226773537390668,0.5951082339158682,EXPOSED_HISTORY
QQQ,EWMA,ALL,6364,2001-05-01,2026-08-20,1.096892871036457e-07,0.2663455249890304,0.4902622985010209,1.0250931926515097,4.7892309132463166e-05,0.7687191257403337,0.8177451426654848,134,149,6112,0.33557046979865773,0.3968253968253968,0.0206151832460733,16.277831042931712,0.762296477482881,208,0.7696242067897635,1698,0.5217243268513807,0.6436281359014785,EXPOSED_HISTORY
QQQ,EWMA,2000_2009,2181,2001-05-01,2009-12-31,9.116439118086166e-08,0.1137625317119327,0.7008724903527774,1.0516370699212136,4.1045751617844885e-05,0.8336328030198356,0.8977569216330361,50,57,1929,0.49122807017543857,0.6666666666666666,0.02177293934681182,22.561403508771928,0.8810912325788277,67,0.8064360167824833,789,0.5311356639817821,0.7656979894062413,EXPOSED_HISTORY
QQQ,EWMA,2010_2019,2516,2010-01-04,2019-12-31,8.233917361882415e-08,0.386319669173295,0.42367331872236835,1.0017210535434713,7.54373588062213e-05,0.39939108669606666,0.6716929098834623,18,21,2516,0.0,0.0,0.007154213036565978,0.0,0.6896083456989972,45,0.7151091241472283,364,0.487287784679089,0.4842184029890853,EXPOSED_HISTORY
QQQ,EWMA,2020_2022,756,2020-01-02,2022-12-30,3.333191668272161e-07,0.3403244915669722,0.11656827557724969,0.9819129704331887,0.00012039827595592698,0.647565206221481,0.7399249061326658,51,48,756,0.3958333333333333,0.37254901960784315,0.06746031746031746,5.86764705882353,0.6095480366467112,77,0.6713664018628558,333,0.4906040792565615,0.5478118867027683,EXPOSED_HISTORY
QQQ,EWMA,2023_PLUS,911,2023-01-03,2026-08-20,4.39938913455599e-08,0.23890366202175964,0.33268184562575753,1.0176619657360062,6.70596711035603e-05,0.5700095928749811,0.796875,15,23,911,0.13043478260869565,0.2,0.01646542261251372,7.921739130434783,0.7436275666745339,19,0.562906578130483,212,0.4831932773109244,0.26946864014718885,EXPOSED_HISTORY
QQQ,EWMA,2020_PLUS,1667,2020-01-02,2026-08-20,1.752055939635156e-07,0.2848989512456233,0.15415770073305846,0.9950650503439357,7.841040663275784e-05,0.6727758053189345,0.7914750250790226,66,71,1667,0.30985915492957744,0.3333333333333333,0.03959208158368326,7.826291079812206,0.7094141205177169,96,0.6631130517261117,545,0.5010813937964488,0.5079182095991176,EXPOSED_HISTORY
QQQ,EWMA,DOTCOM,418,2001-05-01,2002-12-31,2.2060908428132159e-07,0.10597104694325331,0.14813400376606223,1.0873153316199557,0.0003964506192531774,0.45930041163959934,0.5280487804878049,8,0,166,,,0.0,,0.6539442700156985,26,0.5234110856869643,329,0.3816947565543071,0.4908240129756171,EXPOSED_HISTORY
QQQ,EWMA,GFC,756,2007-01-03,2009-12-31,1.3626948603415552e-07,0.18651359942763393,0.5286456135484044,1.0021509606455434,3.825406860675728e-05,0.8841515195538182,0.9219354408430038,42,57,756,0.49122807017543857,0.6666666666666666,0.05555555555555555,8.842105263157896,0.8698959577008357,41,0.7328534386005651,261,0.5620985389828828,0.6695775689555599,EXPOSED_HISTORY
QQQ,EWMA,2011,252,2011-01-03,2011-12-30,3.231629356898896e-08,0.25537246793957585,0.6680240979290051,0.9648497725238029,6.391938220896482e-05,0.7096427159534293,0.5448460508701473,3,0,252,,0.0,0.011904761904761904,,0.6670553935860059,7,0.6614372082344838,73,0.4606649422749353,0.4964264905370051,EXPOSED_HISTORY
QQQ,EWMA,2015_2016,504,2015-01-02,2016-12-30,3.2408250714206126e-07,0.8632222149869329,0.002962720479058545,1.009783283363237,0.00013330372383918933,0.15312708479832782,0.5938488071284852,7,21,504,0.0,0.0,0.013888888888888888,0.0,0.654251012145749,10,0.6832090797819071,86,0.4251977419407017,0.39671560453404053,EXPOSED_HISTORY
QQQ,EWMA,2018Q4,63,2018-10-01,2018-12-31,6.096006962042247e-08,0.47786158996667616,-0.4682793682220392,0.7107066448905334,0.00040255403509669325,-0.04860394206753462,0.2388888888888889,3,0,63,,0.0,0.047619047619047616,,0.3819241982507289,14,0.4178794178794179,37,0.22842105263157894,-0.12072772657450077,EXPOSED_HISTORY
QQQ,EWMA,COVID,93,2020-02-19,2020-06-30,2.4944721470119706e-06,1.0644072321222877,0.09454750926401967,0.9761681806249135,0.0006778661878906735,0.3226598242350902,0.6518518518518519,30,48,93,0.3958333333333333,0.6333333333333333,0.3225806451612903,1.2270833333333333,0.28733766233766234,16,0.5,58,0.36507936507936506,0.15075646802542447,EXPOSED_HISTORY
QQQ,EWMA,2022,251,2022-01-03,2022-12-30,3.945005540215261e-08,0.16150072892912182,-0.10298721669938704,0.9676313828796335,0.0003075269970868424,0.1387444639204005,0.4095744680851064,16,0,251,,0.0,0.06374501992031872,,0.40116995073891626,48,0.36736082754865934,158,0.383801462100808,0.056788465186871556,EXPOSED_HISTORY
QQQ,EWMA,2025_SPRING,82,2025-02-03,2025-05-30,3.5278946171413033e-07,0.6875394540377736,-0.10165511768932944,0.9473460651165628,0.00036955405222309127,0.11665209176888847,0.5555555555555556,10,23,82,0.13043478260869565,0.3,0.12195121951219512,1.0695652173913044,0.40468227424749165,13,0.32827324478178366,31,0.24551638837353124,0.14404501474733625,EXPOSED_HISTORY
QQQ,EWMA,YEAR_2001,166,2001-05-01,2001-12-31,4.231423293748833e-07,0.15922547198664289,-0.13568881114385745,1.2013291829498602,0.0005667133522566889,0.2942705220084889,0.33544303797468356,8,0,0,,,,,0.49916666666666665,16,0.5400904605263158,128,0.3926960570347737,0.564717224914902,EXPOSED_HISTORY
QQQ,EWMA,YEAR_2002,252,2002-01-02,2002-12-31,8.719432759270555e-08,0.07089075108133795,0.5264523625461914,0.9978865821888993,0.00017201983302344274,0.7679626834349594,,0,0,166,,,0.0,,0.7322314049586777,10,0.52414398595259,201,0.3893180167689972,0.44601642367102273,EXPOSED_HISTORY
QQQ,EWMA,YEAR_2003,252,2003-01-02,2003-12-31,1.0458072274477011e-08,0.06114535566069861,0.9742429139752272,1.1198228425117014,2.4210340821799433e-05,0.809850410119066,,0,0,252,,,0.0,,,0,0.5471673596673596,104,0.5302631578947369,0.43124171861396876,EXPOSED_HISTORY
QQQ,EWMA,YEAR_2004,252,2004-01-02,2004-12-31,1.7897953757902463e-09,0.059154177680013145,0.9954370449308496,1.0176036453061548,5.4237331943460094e-05,0.5569786151843772,,0,0,252,,,0.0,,,0,0.5954982517482518,44,0.5142929903864519,0.022504373621643675,EXPOSED_HISTORY
QQQ,EWMA,YEAR_2005,252,2005-01-03,2005-12-30,7.49914621610773e-10,0.0652530314579444,0.9976794810238871,1.0169109824228784,2.6237244177419366e-05,0.6473243059959249,,0,0,252,,,0.0,,,0,0.7099207846095813,11,0.4329740971828323,0.11616998971927088,EXPOSED_HISTORY
QQQ,EWMA,YEAR_2006,251,2006-01-03,2006-12-29,1.2739735519203294e-09,0.06397074320674387,0.9942159705306033,0.9715976379663478,4.718635124933871e-05,0.5347930851966959,,0,0,251,,,0.0,,,0,0.3755924170616114,40,0.38110105772906844,0.13014304686017833,EXPOSED_HISTORY
QQQ,EWMA,YEAR_2007,251,2007-01-03,2007-12-31,7.37508832154171e-09,0.1917547520569225,0.9528520952683022,0.9462397394497926,3.156817764425835e-05,0.7939649103891013,,0,0,251,,,0.0,,0.7763157894736842,4,0.6618819776714514,42,0.4932523616734143,0.39413849364446973,EXPOSED_HISTORY
QQQ,EWMA,YEAR_2008,253,2008-01-02,2008-12-31,3.8617342244734737e-07,0.2747159071101701,0.3744503841992308,0.9391722980976801,0.00014227162912673855,0.8223068462533671,0.8504852177837959,42,57,253,0.49122807017543857,0.6666666666666666,0.16600790513833993,2.95906432748538,0.8319569569569569,37,0.6774580335731415,139,0.4638761467889908,0.619271405303586,EXPOSED_HISTORY
QQQ,EWMA,YEAR_2009,252,2009-01-02,2009-12-31,1.3756779341014716e-08,0.09274092818305815,0.8500097262058675,1.1858905718150892,4.4239876720236505e-06,0.8285303883745904,,0,0,252,,,0.0,,,0,0.6513081395348838,80,0.544394381129075,0.6209222961344909,EXPOSED_HISTORY
QQQ,EWMA,YEAR_2010,252,2010-01-04,2010-12-31,9.835238440152176e-08,0.515259320542375,0.42971102798936245,1.0062450347718606,0.00011359319476419346,0.383029999653279,0.23562753036437248,5,0,252,,0.0,0.01984126984126984,,0.7842741935483871,4,0.7115524781341108,56,0.5659336871854966,0.5787555593549012,EXPOSED_HISTORY
QQQ,EWMA,YEAR_2011,252,2011-01-03,2011-12-30,3.231629356898896e-08,0.25537246793957585,0.6680240979290051,0.9648497725238029,6.391938220896482e-05,0.7096427159534293,0.5448460508701473,3,0,252,,0.0,0.011904761904761904,,0.6670553935860059,7,0.6614372082344838,73,0.4606649422749353,0.4964264905370051,EXPOSED_HISTORY
QQQ,EWMA,YEAR_2012,250,2012-01-03,2012-12-31,2.037045562849998e-09,0.11120351978092603,0.9817576722948524,1.0430020883853561,5.150777948027325e-05,0.4074306230084628,,0,0,250,,,0.0,,,0,0.6279189560439561,26,0.37178550069772076,0.20336773388374213,EXPOSED_HISTORY
QQQ,EWMA,YEAR_2013,252,2013-01-02,2013-12-31,9.062391877451797e-10,0.12218966977253641,0.9920857694284922,1.0901997493195934,5.316929356814621e-05,0.0945569880406727,,0,0,252,,,0.0,,,0,0.8712550607287449,5,0.43471467391304347,0.06470785407213608,EXPOSED_HISTORY
QQQ,EWMA,YEAR_2014,252,2014-01-02,2014-12-31,3.9152635776315294e-09,0.25606138854798816,0.9576136383250939,0.9550542201139188,4.840107772043001e-05,0.38948443800331967,,0,0,252,,,0.0,,0.506,2,0.619917695473251,27,0.411307229323054,0.17369408119451427,EXPOSED_HISTORY
QQQ,EWMA,YEAR_2015,252,2015-01-02,2015-12-31,6.339690490920229e-07,1.4050902572918509,-0.10963394103201485,0.9777434167349032,0.00020144735017104588,0.05693089720213763,0.5013550135501355,6,21,252,0.0,0.0,0.023809523809523808,0.0,0.4892128279883382,7,0.6962903387956167,49,0.4187007373506229,0.3417903766076294,EXPOSED_HISTORY
QQQ,EWMA,YEAR_2016,252,2016-01-04,2016-12-30,1.4195965192099713e-08,0.32135417268201494,0.8197551746640158,1.0767581144732108,1.9762635360701532e-05,0.7488627507516413,0.848605577689243,1,0,252,,0.0,0.003968253968253968,,0.9464524765729585,3,0.6545568824638592,37,0.4127036913867642,0.39941944999973755,EXPOSED_HISTORY
QQQ,EWMA,YEAR_2017,251,2017-01-03,2017-12-29,1.0664862069257983e-09,0.22358710282370095,0.9876152195357243,1.011981876250671,2.54039894376285e-05,0.3893483861221206,,0,0,251,,,0.0,,,0,0.14959349593495935,5,0.5326315789473685,0.17699943084803643,EXPOSED_HISTORY
QQQ,EWMA,YEAR_2018,251,2018-01-02,2018-12-31,2.6077854877347727e-08,0.3712961283399284,0.4892426643196197,0.8419032875749624,4.82460317042966e-05,0.8868573639682616,0.6733870967741935,3,0,251,,0.0,0.01195219123505976,,0.6066243194192378,19,0.7112165660051769,61,0.4972218632898307,0.5265482830582432,EXPOSED_HISTORY
QQQ,EWMA,YEAR_2019,252,2019-01-02,2019-12-31,9.372066178785104e-09,0.2788938211312291,0.8205992373064837,1.3006505941131437,7.037521257666444e-05,0.20457588577406657,,0,0,252,,,0.0,,0.2182061579651941,3,0.3099559471365639,25,0.44974187670816884,0.3538010577677995,EXPOSED_HISTORY
QQQ,EWMA,YEAR_2020,253,2020-01-02,2020-12-31,9.469845689079481e-07,0.626500405364835,0.09564298054892728,0.9874051816716432,0.00021411698960346383,0.5848757525746686,0.7241153342070773,35,48,253,0.3958333333333333,0.5428571428571428,0.1383399209486166,2.8613095238095236,0.4639462471320878,27,0.6459141534226004,122,0.4773910660454919,0.37247666176115346,EXPOSED_HISTORY
QQQ,EWMA,YEAR_2021,252,2021-01-04,2021-12-31,9.921548737000867e-09,0.23112710359570707,0.7794505656660402,0.9993826372185185,4.309525655896039e-05,0.6670572650457555,,0,0,252,,,0.0,,0.58,2,0.6184697070256945,53,0.47221504264667874,0.42129468199102704,EXPOSED_HISTORY
QQQ,EWMA,YEAR_2022,251,2022-01-03,2022-12-30,3.945005540215261e-08,0.16150072892912182,-0.10298721669938704,0.9676313828796335,0.0003075269970868424,0.1387444639204005,0.4095744680851064,16,0,251,,0.0,0.06374501992031872,,0.40116995073891626,48,0.36736082754865934,158,0.383801462100808,0.056788465186871556,EXPOSED_HISTORY
QQQ,EWMA,YEAR_2023,250,2023-01-03,2023-12-29,3.4592921175802828e-09,0.07820373841767547,0.9094941124148892,1.1365430634257125,2.2112761927152706e-05,0.723702452560655,,0,0,250,,,0.0,,,0,0.6502380952380953,40,0.4726055194805195,0.30681591705467287,EXPOSED_HISTORY
QQQ,EWMA,YEAR_2024,252,2024-01-02,2024-12-31,2.5547351106816837e-08,0.2565908311372117,0.5129753092744731,0.9687934581057878,9.101845307386201e-05,0.30648462990326575,0.7846153846153846,5,0,252,,0.0,0.01984126984126984,,0.7846153846153846,5,0.40757654385054487,47,0.4928653547034557,0.06524476158981617,EXPOSED_HISTORY
QQQ,EWMA,YEAR_2025,250,2025-01-02,2025-12-31,1.2174644830689155e-07,0.4069754176517858,0.0853666396122118,1.00785796537551,9.322200052556249e-05,0.5498884644738592,0.8454166666666667,10,23,250,0.13043478260869565,0.3,0.04,3.260869565217391,0.7702044790652386,13,0.5446533952317255,71,0.43243613451133484,0.34371276340421447,EXPOSED_HISTORY
QQQ,EWMA,YEAR_2026,159,2026-01-02,2026-08-20,1.4711115916787841e-08,0.19928023671622866,0.41628853063866333,0.9634310343358804,0.00011525585958621336,0.39168061043417957,,0,0,159,,,0.0,,0.0949367088607595,1,0.49594356261022926,54,0.4747619047619048,0.12658227848101267,EXPOSED_HISTORY
QQQ,EWMA,EX_GFC,5608,2001-05-01,2026-08-20,1.0610607911657982e-07,0.27710746074588055,0.48297309265216126,1.030011410785223,5.2136585464773535e-05,0.7310995594055961,0.7737490935460478,92,92,5356,0.2391304347826087,0.2619047619047619,0.01568334578043316,15.247412008281573,0.738895302576248,167,0.7706715704602495,1437,0.5152706921097658,0.6292107409745248,EXPOSED_HISTORY
QQQ,EWMA,EX_COVID,6271,2001-05-01,2026-08-20,7.432255038358923e-08,0.2545101337016133,0.5813348713657798,1.0284389824626574,4.005063614845521e-05,0.7908719656510352,0.7997592645719774,104,101,6019,0.3069306930693069,0.3229166666666667,0.015949493271307527,19.24391501650165,0.7680008362120962,192,0.7682197386646723,1640,0.5255427862915076,0.6375989453971905,EXPOSED_HISTORY
QQQ,EWMA,EX_2022,6113,2001-05-01,2026-08-20,1.1257331248514002e-07,0.27065045608849664,0.494176985075207,1.0288922081801428,4.612783666321335e-05,0.768695974094034,0.8284389533650924,118,149,5861,0.33557046979865773,0.45454545454545453,0.018768128305749872,17.87980475899939,0.7593755249454057,160,0.7649335029719897,1540,0.5160412591104365,0.6213038845816878,EXPOSED_HISTORY
QQQ,EWMA,EX_ALL_THREE,5264,2001-05-01,2026-08-20,6.708871924538869e-08,0.26871050233934574,0.6012729277669925,1.0404994632187181,4.2636355635384114e-05,0.7459647726028267,0.7023472261569483,46,44,5012,0.06818181818181818,0.07894736842105263,0.007581803671189146,8.992822966507177,0.7178709627659274,103,0.7601617987470077,1221,0.5115168587778836,0.5889577403079936,EXPOSED_HISTORY
QQQ,EWMA,COMMON_ALL,6364,2001-05-01,2026-08-20,1.096892871036457e-07,0.2663455249890304,0.4902622985010209,1.0250931926515097,4.7892309132463166e-05,0.7687191257403337,0.8177451426654848,134,149,6112,0.33557046979865773,0.3968253968253968,0.0206151832460733,16.277831042931712,0.762296477482881,208,0.7696242067897635,1698,0.5217243268513807,0.6436281359014785,EXPOSED_HISTORY
QQQ,GARCH,ALL,6364,2001-05-01,2026-08-20,1.0664553807443913e-07,0.24930952344291446,0.5044069216912644,1.0995324600562955,3.301852159047348e-05,0.7765539780508128,0.8415035576531468,134,181,6112,0.32044198895027626,0.4603174603174603,0.0206151832460733,15.543979654476892,0.7742774403958614,208,0.7679955036484263,1698,0.521622910863545,0.6462589880262476,EXPOSED_HISTORY
QQQ,GARCH,2000_2009,2181,2001-05-01,2009-12-31,9.117218888846748e-08,0.12426951989599813,0.7008469046078734,1.0976948368924937,1.4745313907231895e-05,0.8706409780477243,0.8935898639136556,50,76,1929,0.35526315789473684,0.6428571428571429,0.02177293934681182,16.31672932330827,0.8639630607605304,67,0.7974438398671386,789,0.528468772403323,0.7498293146562037,EXPOSED_HISTORY
QQQ,GARCH,2010_2019,2516,2010-01-04,2019-12-31,7.546719969856416e-08,0.3601060281150473,0.4717731690029211,1.0801940068036147,4.016865378599535e-05,0.6300309124682951,0.6778756338404056,18,5,2516,0.0,0.0,0.007154213036565978,0.0,0.6899410944736724,45,0.7123427223334287,364,0.4826507713884993,0.46808077597127207,EXPOSED_HISTORY
QQQ,GARCH,2020_2022,756,2020-01-02,2022-12-30,3.2315116965125683e-07,0.3027915276474308,0.14351761474843439,1.1104656168771792,0.00010007634567743216,0.6279499383534579,0.7994993742177722,51,81,756,0.3333333333333333,0.5294117647058824,0.06746031746031746,4.9411764705882355,0.6552034121989939,77,0.6914148190743935,333,0.5152102457066996,0.5839688746859787,EXPOSED_HISTORY
QQQ,GARCH,2023_PLUS,911,2023-01-03,2026-08-20,5.012942002419916e-08,0.19828410829705695,0.23961552326341407,1.1319718422287384,7.942246800589028e-05,0.44405885752362284,0.9005952380952381,15,19,911,0.21052631578947367,0.26666666666666666,0.01646542261251372,12.7859649122807,0.8095940523955629,19,0.5935770777660809,212,0.4887500126404352,0.36725217269298377,EXPOSED_HISTORY
QQQ,GARCH,2020_PLUS,1667,2020-01-02,2026-08-20,1.7394732207462243e-07,0.2456791946971065,0.16023227611348811,1.1183777719463304,7.224377072203474e-05,0.6218395732096522,0.8483334279711544,66,100,1667,0.31,0.4696969696969697,0.03959208158368326,7.829848484848485,0.7544424994695523,96,0.683747894487236,545,0.5123818847996677,0.558978155745085,EXPOSED_HISTORY
QQQ,GARCH,DOTCOM,418,2001-05-01,2002-12-31,1.8964071096402644e-07,0.09755916253431114,0.26771613372967284,1.0524934570364806,0.0002554988720410931,0.6435985232013877,0.6628048780487805,8,14,166,0.0,,0.0,,0.6033163265306123,26,0.5240599706294184,329,0.39948501872659176,0.40304750866491146,EXPOSED_HISTORY
QQQ,GARCH,GFC,756,2007-01-03,2009-12-31,1.4967008285534427e-07,0.1930756139803811,0.4822931227849665,1.050311276316087,4.581731744925143e-05,0.8221608212844697,0.9109643857543017,42,62,756,0.43548387096774194,0.6428571428571429,0.05555555555555555,7.838709677419355,0.8641651031894935,41,0.711056929447734,261,0.5454487510888579,0.6253347258517544,EXPOSED_HISTORY
QQQ,GARCH,2011,252,2011-01-03,2011-12-30,3.824112423359239e-08,0.21570001433767028,0.6071600325527988,1.1489962309613726,7.8676004582115e-05,0.532558038420791,0.6238286479250335,3,2,252,0.0,0.0,0.011904761904761904,0.0,0.650728862973761,7,0.6876100099487258,73,0.4576998296637436,0.5218028694557363,EXPOSED_HISTORY
QQQ,GARCH,2015_2016,504,2015-01-02,2016-12-30,2.8613450088399524e-07,0.7908663824886282,0.1197094627097357,0.847864587691497,8.25837660200352e-05,0.5617370092849946,0.4972693302673182,7,0,504,,0.0,0.013888888888888888,,0.6030364372469635,10,0.6831534438633582,86,0.38496999498568496,0.3420142979932757,EXPOSED_HISTORY
QQQ,GARCH,2018Q4,63,2018-10-01,2018-12-31,5.4201284912550755e-08,0.3598588780154067,-0.30548781954739557,0.9264864195512873,0.00037808591550666723,0.03058724057398936,0.3055555555555556,3,2,63,0.0,0.0,0.047619047619047616,0.0,0.27113702623906705,14,0.42411642411642414,37,0.21368421052631578,-0.1095910138248848,EXPOSED_HISTORY
QQQ,GARCH,COVID,93,2020-02-19,2020-06-30,2.3832564844356572e-06,0.7797307743817877,0.13491697132003044,1.041942365548272,0.0005228393401937098,0.4526501758284534,0.7560846560846561,30,46,93,0.5,0.7666666666666667,0.3225806451612903,1.55,0.4163961038961039,16,0.5541871921182266,58,0.41904761904761906,0.3467816537853242,EXPOSED_HISTORY
QQQ,GARCH,2022,251,2022-01-03,2022-12-30,4.849983662457274e-08,0.1470895710218645,-0.35601076509498464,1.2002619639692573,0.0002362275996271973,0.2790846997402955,0.5787234042553191,16,35,251,0.11428571428571428,0.25,0.06374501992031872,1.792857142857143,0.44242610837438423,48,0.46624472573839665,158,0.44613312812620237,0.1049622462530829,EXPOSED_HISTORY
QQQ,GARCH,2025_SPRING,82,2025-02-03,2025-05-30,4.4366094937053847e-07,0.5545940996202605,-0.38541937454188924,1.1513926593443184,0.00033164978011649185,0.17521630263522964,0.6319444444444444,10,19,82,0.21052631578947367,0.4,0.12195121951219512,1.7263157894736842,0.4693422519509476,13,0.44275774826059455,31,0.32158317872603587,0.30220611443062223,EXPOSED_HISTORY
QQQ,GARCH,YEAR_2001,166,2001-05-01,2001-12-31,3.194450622251509e-07,0.12358605935327228,0.14262847803429546,1.0512117461202766,0.00031780945218842923,0.6064006776395175,0.5332278481012658,8,0,0,,,,,0.57375,16,0.5197368421052632,128,0.47126436781609193,0.47992733044316627,EXPOSED_HISTORY
QQQ,GARCH,YEAR_2002,252,2002-01-02,2002-12-31,1.0413467005392068e-07,0.08041446066150341,0.43445028658961315,1.0534987893099832,0.00025149342969056995,0.6249537223695723,,0,14,166,0.0,,0.0,,0.5595041322314049,10,0.5458004097161252,201,0.3754538852578068,0.354119003001733,EXPOSED_HISTORY
QQQ,GARCH,YEAR_2003,252,2003-01-02,2003-12-31,2.0747159560158457e-08,0.12603783806939634,0.9489020194606168,1.4569724919250788,-0.00012306097932573642,1.0111944986723806,,0,0,252,,,0.0,,,0,0.6023258835758836,104,0.5428947368421052,0.4411610100160248,EXPOSED_HISTORY
QQQ,GARCH,YEAR_2004,252,2004-01-02,2004-12-31,2.554379247950907e-09,0.07152997231815032,0.9934877931323162,1.241611062038762,3.453525794708956e-05,0.583236004341194,,0,0,252,,,0.0,,,0,0.46601835664335667,44,0.5253708537594703,0.08350111693260838,EXPOSED_HISTORY
QQQ,GARCH,YEAR_2005,252,2005-01-03,2005-12-30,8.680837970977234e-10,0.07418359377610965,0.9973138209791209,1.0533567559667572,3.728526796930636e-05,0.4883202599239873,,0,0,252,,,0.0,,,0,0.5443228970199925,11,0.4001386525493162,-0.0038138430655319626,EXPOSED_HISTORY
QQQ,GARCH,YEAR_2006,251,2006-01-03,2006-12-29,1.3362519825978895e-09,0.06297041806940407,0.9939332171894497,1.0881854268676254,4.287813383609035e-05,0.5178023165627283,,0,0,251,,,0.0,,,0,0.4018957345971564,40,0.4696699375557538,0.1322094479225953,EXPOSED_HISTORY
QQQ,GARCH,YEAR_2007,251,2007-01-03,2007-12-31,7.28200358814397e-09,0.18725338046070278,0.9534471729068157,1.0077269701834086,3.0218756858427447e-05,0.7560708081218798,,0,0,251,,,0.0,,0.7894736842105263,4,0.6042378673957621,42,0.4579622132253711,0.24347182697780304,EXPOSED_HISTORY
QQQ,GARCH,YEAR_2008,253,2008-01-02,2008-12-31,4.1690561494479364e-07,0.28729397649259714,0.3246683171484773,0.9516683158069079,0.0001708518948692339,0.7634422498181852,0.8266756939742722,42,60,253,0.45,0.6428571428571429,0.16600790513833993,2.7107142857142854,0.8440940940940941,37,0.6164962766628802,139,0.41450050968399593,0.4838081010624661,EXPOSED_HISTORY
QQQ,GARCH,YEAR_2009,252,2009-01-02,2009-12-31,2.3197139511838618e-08,0.10428249849565328,0.7470814047116405,1.3156627186688596,2.9161141670912412e-05,0.6726288894141108,,0,2,252,0.0,,0.0,,,0,0.6331395348837209,80,0.5359130665253115,0.5946760670474511,EXPOSED_HISTORY
QQQ,GARCH,YEAR_2010,252,2010-01-04,2010-12-31,9.326215194413675e-08,0.4274060775747261,0.45922636158377983,0.8854699951392362,9.617876211568904e-05,0.5416785028434706,0.4153846153846154,5,0,252,,0.0,0.01984126984126984,,0.7439516129032258,4,0.7347849854227405,56,0.5559385124422692,0.5986061400923692,EXPOSED_HISTORY
QQQ,GARCH,YEAR_2011,252,2011-01-03,2011-12-30,3.824112423359239e-08,0.21570001433767028,0.6071600325527988,1.1489962309613726,7.8676004582115e-05,0.532558038420791,0.6238286479250335,3,2,252,0.0,0.0,0.011904761904761904,0.0,0.650728862973761,7,0.6876100099487258,73,0.4576998296637436,0.5218028694557363,EXPOSED_HISTORY
QQQ,GARCH,YEAR_2012,250,2012-01-03,2012-12-31,2.6410067169484365e-09,0.1139993257054628,0.9763490268059277,1.2827825087351128,3.620783538181116e-05,0.4644313143371875,,0,0,250,,,0.0,,,0,0.7027815934065934,26,0.49192637384543825,0.342402534440551,EXPOSED_HISTORY
QQQ,GARCH,YEAR_2013,252,2013-01-02,2013-12-31,1.9701789792350055e-09,0.17919269749190367,0.9827943318721414,1.3750119426049687,6.93363968333191e-05,-0.12337145192505664,,0,0,252,,,0.0,,,0,0.6720647773279352,5,0.3455163043478261,-0.04412090017494487,EXPOSED_HISTORY
QQQ,GARCH,YEAR_2014,252,2014-01-02,2014-12-31,3.624798499727483e-09,0.21681651697179732,0.9607581923511139,1.176443644166254,2.4715862702080898e-05,0.5774206617050095,,0,0,252,,,0.0,,0.736,2,0.5818930041152264,27,0.4608101710962332,0.22826668106418674,EXPOSED_HISTORY
QQQ,GARCH,YEAR_2015,252,2015-01-02,2015-12-31,5.581514120989961e-07,1.2205984953742488,0.023069419576517536,0.6654575827263782,0.00017306932581719593,0.2835538914992778,0.3821138211382114,6,0,252,,0.0,0.023809523809523808,,0.40816326530612246,7,0.7119734593344728,49,0.4043986778540554,0.33301463822856514,EXPOSED_HISTORY
QQQ,GARCH,YEAR_2016,252,2016-01-04,2016-12-30,1.4117589668994403e-08,0.3611342696030075,0.8207503012567885,1.2291607551359445,-5.019748936640686e-06,0.8535815971758556,0.8884462151394422,1,0,252,,0.0,0.003968253968253968,,0.9759036144578314,3,0.6351979886863608,37,0.3440638510143,0.3114798475962516,EXPOSED_HISTORY
QQQ,GARCH,YEAR_2017,251,2017-01-03,2017-12-29,1.4749347935755538e-09,0.23463226887551078,0.9828720301313507,1.4237265704584585,2.0474659047662005e-05,0.35933704884546036,,0,0,251,,,0.0,,,0,0.5552845528455285,5,0.5265413533834586,0.1742098273572377,EXPOSED_HISTORY
QQQ,GARCH,YEAR_2018,251,2018-01-02,2018-12-31,2.3952810810400984e-08,0.2915357879381803,0.5308634897648876,1.0579078295859994,4.046450239177938e-05,0.7444040466356373,0.7459677419354839,3,2,251,0.0,0.0,0.01195219123505976,0.0,0.6063974591651543,19,0.7361518550474547,61,0.4939914717663781,0.5727262379055208,EXPOSED_HISTORY
QQQ,GARCH,YEAR_2019,252,2019-01-02,2019-12-31,1.6159961304493284e-08,0.33732158361036424,0.6906648621745418,1.5213186764498996,7.638664561541619e-05,0.1336936416612908,,0,1,252,0.0,,0.0,,0.24230254350736277,3,0.2296035242290749,25,0.4290160947464318,0.3010701406682699,EXPOSED_HISTORY
QQQ,GARCH,YEAR_2020,253,2020-01-02,2020-12-31,9.053186191041474e-07,0.5030541047877324,0.13543337990106907,1.0388277572806326,0.0001926294415999536,0.5967380762329931,0.791743119266055,35,46,253,0.5,0.6571428571428571,0.1383399209486166,3.6142857142857143,0.5339233038348082,27,0.6534226004254786,122,0.49308029597149905,0.4391745992225281,EXPOSED_HISTORY
QQQ,GARCH,YEAR_2021,252,2021-01-04,2021-12-31,1.2234978691401232e-08,0.2568183494590214,0.7280245553384961,1.1466621608193894,6.093309282894027e-05,0.4610464434883095,,0,0,252,,,0.0,,0.64,2,0.5861382383616194,53,0.46691651589558025,0.39761526077133225,EXPOSED_HISTORY
QQQ,GARCH,YEAR_2022,251,2022-01-03,2022-12-30,4.849983662457274e-08,0.1470895710218645,-0.35601076509498464,1.2002619639692573,0.0002362275996271973,0.2790846997402955,0.5787234042553191,16,35,251,0.11428571428571428,0.25,0.06374501992031872,1.792857142857143,0.44242610837438423,48,0.46624472573839665,158,0.44613312812620237,0.1049622462530829,EXPOSED_HISTORY
QQQ,GARCH,YEAR_2023,250,2023-01-03,2023-12-29,4.312915429159984e-09,0.10001586480944634,0.8871606601212151,1.2379117472585386,1.2821445346280271e-05,0.7246823366496401,,0,0,250,,,0.0,,,0,0.5921428571428572,40,0.4354707792207792,0.2980244803916863,EXPOSED_HISTORY
QQQ,GARCH,YEAR_2024,252,2024-01-02,2024-12-31,2.0210223145685857e-08,0.17027374204508702,0.6147202253624193,1.0985153482727892,6.333288894510234e-06,0.8657848784651822,0.9149797570850202,5,0,252,,0.0,0.01984126984126984,,0.9149797570850202,5,0.49984431759211206,47,0.5321566240616757,0.185518044516832,EXPOSED_HISTORY
QQQ,GARCH,YEAR_2025,250,2025-01-02,2025-12-31,1.4911499564885517e-07,0.3198542275397979,-0.12024253233843707,1.126838616750467,0.0001187494289243868,0.3834945831032688,0.88875,10,19,250,0.21052631578947367,0.4,0.04,5.263157894736842,0.8081791626095424,13,0.6593752458887403,71,0.4920210944455859,0.5420050880814093,EXPOSED_HISTORY
QQQ,GARCH,YEAR_2026,159,2026-01-02,2026-08-20,1.3949356225338412e-08,0.2060397268927414,0.4465138290668246,1.0660571239110515,8.640072330456686e-05,0.5001986746484021,,0,0,159,,,0.0,,0.12025316455696203,1,0.5029982363315697,54,0.4147619047619048,0.17620014330069264,EXPOSED_HISTORY
QQQ,GARCH,EX_GFC,5608,2001-05-01,2026-08-20,1.0084551028300469e-07,0.2568902715801604,0.5086064555806458,1.1100842022917923,3.3457441950246075e-05,0.758068377527734,0.8060385597629032,92,119,5356,0.2605042016806723,0.36904761904761907,0.01568334578043316,16.610244097639054,0.7515030589436822,167,0.7715444830904044,1437,0.5163068322819117,0.6359210830808997,EXPOSED_HISTORY
QQQ,GARCH,EX_COVID,6271,2001-05-01,2026-08-20,7.288300928930226e-08,0.2414432857874663,0.5894439264816678,1.1034708208955986,2.0966586308475046e-05,0.8176885528489644,0.8229425228573923,104,135,6019,0.25925925925925924,0.3645833333333333,0.015949493271307527,16.255015432098762,0.7767142347973899,192,0.7664153556888624,1640,0.5247626686583914,0.6396803601533453,EXPOSED_HISTORY
QQQ,GARCH,EX_2022,6113,2001-05-01,2026-08-20,1.0903300266856909e-07,0.2535066783681039,0.5100845758323158,1.0928728551626095,3.2057289804403404e-05,0.7820545954048763,0.8478562644011253,118,146,5861,0.3698630136986301,0.4909090909090909,0.018768128305749872,19.706973848069737,0.7674092894338989,160,0.7610936297465928,1540,0.514965927088328,0.6223860100980085,EXPOSED_HISTORY
QQQ,GARCH,EX_ALL_THREE,5264,2001-05-01,2026-08-20,6.301772599198451e-08,0.2528887155542449,0.6254679823047453,1.1083197830337528,1.7574773672644014e-05,0.8190229771930299,0.7341476827703435,46,38,5012,0.10526315789473684,0.10526315789473684,0.007581803671189146,13.88365650969529,0.7221863754108013,103,0.7585448646541895,1221,0.5108419069122565,0.5938682373791384,EXPOSED_HISTORY
QQQ,GARCH,COMMON_ALL,6364,2001-05-01,2026-08-20,1.0664553807443913e-07,0.24930952344291446,0.5044069216912644,1.0995324600562955,3.301852159047348e-05,0.7765539780508128,0.8415035576531468,134,181,6112,0.32044198895027626,0.4603174603174603,0.0206151832460733,15.543979654476892,0.7742774403958614,208,0.7679955036484263,1698,0.521622910863545,0.6462589880262476,EXPOSED_HISTORY
QQQ,HAR,ALL,6364,2001-05-01,2026-08-20,9.514205400145649e-08,0.22216305777540604,0.5578648270658486,1.0814204351603351,2.6204735299260886e-05,0.8174498336005207,0.8565750700749862,134,158,6112,0.379746835443038,0.47619047619047616,0.0206151832460733,18.4207353827607,0.7783611673414305,208,0.7869043129331449,1698,0.5258735767728643,0.6790600008177426,EXPOSED_HISTORY
QQQ,HAR,2000_2009,2181,2001-05-01,2009-12-31,7.705499770841004e-08,0.10894848143117333,0.7471680634090834,1.108478969999086,1.5374565952372595e-05,0.8604651613529944,0.9150070389488503,50,68,1929,0.4411764705882353,0.7142857142857143,0.02177293934681182,20.262605042016805,0.886252276931332,67,0.8146406042859432,789,0.534513557963986,0.769551434759385,EXPOSED_HISTORY
QQQ,HAR,2010_2019,2516,2010-01-04,2019-12-31,8.230152723415499e-08,0.3213258856527724,0.4239368216819549,1.0677753471657947,6.908298294159513e-05,0.42201024408579946,0.7348545503069122,18,16,2516,0.0,0.0,0.007154213036565978,0.0,0.7322991141688026,45,0.7502565974917276,364,0.49244239631336406,0.5385128093284678,EXPOSED_HISTORY
QQQ,HAR,2020_2022,756,2020-01-02,2022-12-30,2.5719930482632825e-07,0.2531883319242414,0.3183169526496519,1.0038351115888824,4.758497164847187e-05,0.8528075584928415,0.8197469058545404,51,56,756,0.44642857142857145,0.49019607843137253,0.06746031746031746,6.61764705882353,0.6517797371994721,77,0.6892637318169234,333,0.5044051143341923,0.6107702440420472,EXPOSED_HISTORY
QQQ,HAR,2023_PLUS,911,2023-01-03,2026-08-20,3.942235421886795e-08,0.1935924856687082,0.4020248754131257,1.109380383809664,4.0977659680880584e-05,0.6701045054830074,0.8892113095238096,15,18,911,0.2777777777777778,0.3333333333333333,0.01646542261251372,16.87037037037037,0.7836912910077886,19,0.6334318568305126,212,0.4898775394634388,0.4126170943274762,EXPOSED_HISTORY
QQQ,HAR,2020_PLUS,1667,2020-01-02,2026-08-20,1.3818622624000768e-07,0.22061975607613654,0.3328765783916152,1.0426652896873387,2.774452622361244e-05,0.8469075399770533,0.8606931274014347,66,74,1667,0.40540540540540543,0.45454545454545453,0.03959208158368326,10.23955773955774,0.7375411096965839,96,0.6952607565127803,545,0.5056650794357171,0.5840529355847331,EXPOSED_HISTORY
QQQ,HAR,DOTCOM,418,2001-05-01,2002-12-31,1.8097833903237898e-07,0.08713678363715947,0.30116525537097294,1.1215136140121689,0.0002121515994046173,0.6527941747184081,0.7259146341463415,8,14,166,0.0,,0.0,,0.652668759811617,26,0.6024384413100645,329,0.400936329588015,0.5165279659201919,EXPOSED_HISTORY
QQQ,HAR,GFC,756,2007-01-03,2009-12-31,1.1348332110540544e-07,0.15655501906187208,0.6074626627804227,1.0136889864788499,2.757749988638903e-05,0.9054605603056997,0.9401760704281713,42,54,756,0.5555555555555556,0.7142857142857143,0.05555555555555555,10.000000000000002,0.8785263516970834,41,0.7537985216146136,261,0.5598747901956758,0.6857459742567391,EXPOSED_HISTORY
QQQ,HAR,2011,252,2011-01-03,2011-12-30,3.057414132137022e-08,0.19303328528486147,0.6859207222034929,1.0498407488409578,5.641161160719639e-05,0.687468959504252,0.6613119143239625,3,0,252,,0.0,0.011904761904761904,,0.7376093294460642,7,0.6874569526287595,73,0.4319601286985048,0.5581281124326336,EXPOSED_HISTORY
QQQ,HAR,2015_2016,504,2015-01-02,2016-12-30,3.229755867717769e-07,0.7130526739965567,0.006368152275940009,0.9624407052777011,0.00012581596462963804,0.20999780890679973,0.6662834147743605,7,11,504,0.0,0.0,0.013888888888888888,0.0,0.645748987854251,10,0.735200845665962,86,0.43116639438396714,0.4708923263811756,EXPOSED_HISTORY
QQQ,HAR,2018Q4,63,2018-10-01,2018-12-31,5.767429358120931e-08,0.2680002399884482,-0.38913842896433914,0.9040939800903939,0.0003841830391762147,0.014013331980602475,0.3388888888888889,3,1,63,0.0,0.0,0.047619047619047616,0.0,0.34402332361516036,14,0.446985446985447,37,0.12526315789473685,-0.06840437788018434,EXPOSED_HISTORY
QQQ,HAR,COVID,93,2020-02-19,2020-06-30,1.8750819682862784e-06,0.5506354447199068,0.3193759888028175,0.8733866551048635,0.0003416723887106253,0.7496300520094065,0.8476190476190476,30,36,93,0.6944444444444444,0.8333333333333334,0.3225806451612903,2.1527777777777777,0.564935064935065,16,0.551231527093596,58,0.48148148148148145,0.44925546835367486,EXPOSED_HISTORY
QQQ,HAR,2022,251,2022-01-03,2022-12-30,3.9128954586035115e-08,0.13097380460351984,-0.09400953360518272,1.059182335899703,0.0002182520606475429,0.3640348498340118,0.5531914893617021,16,16,251,0.0,0.0,0.06374501992031872,0.0,0.4420155993431856,48,0.43847829045869063,158,0.38752084134923687,0.1609076076645798,EXPOSED_HISTORY
QQQ,HAR,2025_SPRING,82,2025-02-03,2025-05-30,3.0357690306431713e-07,0.4489682691966447,0.05202086465927103,0.9509236481905381,0.00021300126262655374,0.5124714669734345,0.7097222222222223,10,14,82,0.35714285714285715,0.5,0.12195121951219512,2.928571428571429,0.48494983277591974,13,0.4864010120177103,31,0.34570191713048853,0.275192912571696,EXPOSED_HISTORY
QQQ,HAR,YEAR_2001,166,2001-05-01,2001-12-31,3.151890160892e-07,0.11347250532950738,0.15405145238775264,1.1416750712445325,0.000275448179886645,0.6006784247672327,0.6487341772151899,8,0,0,,,,,0.58375,16,0.6095805921052632,128,0.4325621999127019,0.558927271415548,EXPOSED_HISTORY
QQQ,HAR,YEAR_2002,252,2002-01-02,2002-12-31,9.256971843145717e-08,0.06978864950648585,0.4972589080823643,1.1056996239928256,0.00015573116780153852,0.7130915881757453,,0,14,166,0.0,,0.0,,0.6690082644628099,10,0.6104770266315481,201,0.38575295438040536,0.4795378995967945,EXPOSED_HISTORY
QQQ,HAR,YEAR_2003,252,2003-01-02,2003-12-31,2.054795243917887e-08,0.09497326457791455,0.9493926447706312,1.3396287658132573,4.122638986824783e-05,0.6281192685810982,,0,0,252,,,0.0,,,0,0.5463227650727651,104,0.514671052631579,0.408048213695191,EXPOSED_HISTORY
QQQ,HAR,YEAR_2004,252,2004-01-02,2004-12-31,2.9535092269139274e-09,0.07691367583045569,0.9924702398491901,1.221884066934486,6.642763601144108e-05,0.38417257634361646,,0,0,252,,,0.0,,,0,0.6227054195804196,44,0.5163302985929841,0.09110405732612559,EXPOSED_HISTORY
QQQ,HAR,YEAR_2005,252,2005-01-03,2005-12-30,1.090972736613085e-09,0.07734468870593632,0.9966241184465845,1.1709532876686635,3.687360500002769e-05,0.443858165134235,,0,0,252,,,0.0,,,0,0.6608826857789514,11,0.4342975987899414,0.1313098818728474,EXPOSED_HISTORY
QQQ,HAR,YEAR_2006,251,2006-01-03,2006-12-29,1.6626297264521571e-09,0.0798067629222145,0.9924514136733855,1.1007952579651983,6.33059984001839e-05,0.32294132878251797,,0,0,251,,,0.0,,,0,0.3868483412322275,40,0.40525041417102076,0.1666082337317397,EXPOSED_HISTORY
QQQ,HAR,YEAR_2007,251,2007-01-03,2007-12-31,7.439161633498356e-09,0.17661842962169183,0.952442483576039,1.0536084647370854,3.768496304144463e-05,0.6673146079477801,,0,0,251,,,0.0,,0.7074898785425101,4,0.6930963773069037,42,0.5112010796221322,0.405460823373174,EXPOSED_HISTORY
QQQ,HAR,YEAR_2008,253,2008-01-02,2008-12-31,3.1813371014845657e-07,0.2035888649315546,0.4846656745680783,0.9625463824475029,0.00010776398403631916,0.8597184253249275,0.8886255924170616,42,54,253,0.5555555555555556,0.7142857142857143,0.16600790513833993,3.3465608465608465,0.8577327327327328,37,0.7349488829988641,139,0.48980632008154945,0.673123122455543,EXPOSED_HISTORY
QQQ,HAR,YEAR_2009,252,2009-01-02,2009-12-31,1.3644176659201928e-08,0.08935073709542593,0.85123743413491,1.1203419574246973,4.682538083595375e-06,0.8760953119242493,,0,0,252,,,0.0,,,0,0.655014534883721,80,0.5251126424595812,0.6460677148361196,EXPOSED_HISTORY
QQQ,HAR,YEAR_2010,252,2010-01-04,2010-12-31,1.0367648967151893e-07,0.4120172044835703,0.39883960031855425,1.038052227140707,0.00012044469275940872,0.3355833964215219,0.4040485829959514,5,4,252,0.0,0.0,0.01984126984126984,0.0,0.7762096774193549,4,0.7384293002915452,56,0.5864754945888192,0.6084909374360267,EXPOSED_HISTORY
QQQ,HAR,YEAR_2011,252,2011-01-03,2011-12-30,3.057414132137022e-08,0.19303328528486147,0.6859207222034929,1.0498407488409578,5.641161160719639e-05,0.687468959504252,0.6613119143239625,3,0,252,,0.0,0.011904761904761904,,0.7376093294460642,7,0.6874569526287595,73,0.4319601286985048,0.5581281124326336,EXPOSED_HISTORY
QQQ,HAR,YEAR_2012,250,2012-01-03,2012-12-31,2.0373768565554354e-09,0.09575554816019317,0.9817547054646296,1.1595273182545107,3.540918408268438e-05,0.5214890159812414,,0,0,250,,,0.0,,,0,0.6730769230769231,26,0.48946773872018073,0.36721240339845435,EXPOSED_HISTORY
QQQ,HAR,YEAR_2013,252,2013-01-02,2013-12-31,1.2929277508802063e-09,0.1402824886671015,0.9887087995408512,1.2451711735875908,4.5938551742784544e-05,0.1807474779766889,,0,0,252,,,0.0,,,0,0.8753036437246964,5,0.38817934782608693,0.15853919162424274,EXPOSED_HISTORY
QQQ,HAR,YEAR_2014,252,2014-01-02,2014-12-31,3.763959250783938e-09,0.21020045103781174,0.9592516480768204,1.0872872695708486,3.5617439991452575e-05,0.4946724104708111,,0,0,252,,,0.0,,0.716,2,0.7144032921810699,27,0.44200987353756677,0.3510160374875428,EXPOSED_HISTORY
QQQ,HAR,YEAR_2015,252,2015-01-02,2015-12-31,6.329052496541215e-07,1.1876395661659251,-0.10777197637548008,0.847662196489206,0.00019057049731778934,0.12581881267727416,0.5772357723577236,6,11,252,0.0,0.0,0.023809523809523808,0.0,0.46822157434402334,7,0.7047350960088469,49,0.4165395372489194,0.3890412376468154,EXPOSED_HISTORY
QQQ,HAR,YEAR_2016,252,2016-01-04,2016-12-30,1.3045923889432328e-08,0.238465781827188,0.8343571401467017,1.2023690211579556,1.6175563237767786e-05,0.6998634295673684,0.9163346613545816,1,0,252,,0.0,0.003968253968253968,,0.9036144578313253,3,0.7469516027655563,37,0.4142999667442634,0.5094487474532512,EXPOSED_HISTORY
QQQ,HAR,YEAR_2017,251,2017-01-03,2017-12-29,1.5013478564410192e-09,0.2428968835746124,0.9825653032530718,1.2652589677947692,2.976562908958228e-05,0.22917917401042273,,0,0,251,,,0.0,,,0,0.25203252032520324,5,0.5027067669172932,0.15953633086700816,EXPOSED_HISTORY
QQQ,HAR,YEAR_2018,251,2018-01-02,2018-12-31,2.4575769754675198e-08,0.25504047689483195,0.5186623002072241,1.0091441387855127,5.221439592214333e-05,0.7192325044767623,0.7513440860215054,3,1,251,0.0,0.0,0.01195219123505976,0.0,0.6451905626134301,19,0.742709232096635,61,0.4799069647241246,0.6322011003604628,EXPOSED_HISTORY
QQQ,HAR,YEAR_2019,252,2019-01-02,2019-12-31,8.455363170642517e-09,0.23556266612281385,0.838146832008332,1.3290242381364654,5.396246124830071e-05,0.328996661953328,,0,0,252,,,0.0,,0.24230254350736277,3,0.35612334801762113,25,0.474643182508351,0.41047179623309893,EXPOSED_HISTORY
QQQ,HAR,YEAR_2020,253,2020-01-02,2020-12-31,7.200461612386018e-07,0.4204846323018346,0.3123659860731832,0.9255583424780888,0.00011237674457900488,0.8408555054732785,0.8323722149410223,35,40,253,0.625,0.7142857142857143,0.1383399209486166,4.517857142857142,0.5902982628646345,27,0.6511700663246152,122,0.5075363113181693,0.4985557635335109,EXPOSED_HISTORY
QQQ,HAR,YEAR_2021,252,2021-01-04,2021-12-31,9.720746246996273e-09,0.2069577063765034,0.7839142715608873,1.1604412087031288,3.5666881495354575e-05,0.6239920822536728,,0,0,252,,,0.0,,0.37,2,0.6758319901393761,53,0.4710519514086327,0.5207013091994904,EXPOSED_HISTORY
QQQ,HAR,YEAR_2022,251,2022-01-03,2022-12-30,3.9128954586035115e-08,0.13097380460351984,-0.09400953360518272,1.059182335899703,0.0002182520606475429,0.3640348498340118,0.5531914893617021,16,16,251,0.0,0.0,0.06374501992031872,0.0,0.4420155993431856,48,0.43847829045869063,158,0.38752084134923687,0.1609076076645798,EXPOSED_HISTORY
QQQ,HAR,YEAR_2023,250,2023-01-03,2023-12-29,5.189158909649228e-09,0.106075551868713,0.8642353935502559,1.258081109906103,3.32489450835258e-05,0.5827430291755088,,0,0,250,,,0.0,,,0,0.6702380952380952,40,0.4863365800865801,0.33852253636058177,EXPOSED_HISTORY
QQQ,HAR,YEAR_2024,252,2024-01-02,2024-12-31,2.422829127421025e-08,0.1858648640299242,0.5381213490473509,1.0960353721254532,6.344470784789243e-05,0.4652368266704575,0.9060728744939271,5,4,252,0.0,0.0,0.01984126984126984,0.0,0.9060728744939271,5,0.5197716658017644,47,0.5120714140799351,0.2354586922402616,EXPOSED_HISTORY
QQQ,HAR,YEAR_2025,250,2025-01-02,2025-12-31,1.0395550311310838e-07,0.28934893018614816,0.21902303955947644,1.0275807806768262,5.658351917813186e-05,0.7098379513376671,0.8958333333333334,10,14,250,0.35714285714285715,0.5,0.04,8.928571428571429,0.7831872768581629,13,0.6636242033204816,71,0.46791315663310734,0.5469971679546872,EXPOSED_HISTORY
QQQ,HAR,YEAR_2026,159,2026-01-02,2026-08-20,1.5862074129549163e-08,0.1928848314146981,0.3706205124308982,1.1120991789571892,0.00010253146313739212,0.4011313298037689,,0,0,159,,,0.0,,0.0189873417721519,1,0.5682539682539682,54,0.44,0.3384016001910676,EXPOSED_HISTORY
QQQ,HAR,EX_GFC,5608,2001-05-01,2026-08-20,9.266951514079575e-08,0.23100750807273693,0.5484459211236403,1.095940297004698,2.886198289908363e-05,0.7877138687847574,0.8203171800611659,92,104,5356,0.28846153846153844,0.35714285714285715,0.01568334578043316,18.39285714285714,0.7548453910044275,167,0.7880692597443961,1437,0.5196035944255057,0.6680754708873771,EXPOSED_HISTORY
QQQ,HAR,EX_COVID,6271,2001-05-01,2026-08-20,6.874524136734892e-08,0.21729175623086155,0.6127523184887007,1.0956470499909217,2.6783929467240317e-05,0.7987851292138746,0.8345458457546994,104,122,6019,0.28688524590163933,0.3645833333333333,0.015949493271307527,17.987107240437158,0.776557445029336,192,0.7860236687013815,1640,0.5286189970463628,0.6731659519240427,EXPOSED_HISTORY
QQQ,HAR,EX_2022,6113,2001-05-01,2026-08-20,9.744195387930218e-08,0.22590729179244243,0.5621663624946858,1.0828906792190205,2.4791309927248433e-05,0.8196787581661533,0.865932062029092,118,142,5861,0.4225352112676056,0.5454545454545454,0.018768128305749872,22.513444302176698,0.7799796321182597,160,0.7837206528437668,1540,0.520950646784307,0.6595060502649125,EXPOSED_HISTORY
QQQ,HAR,EX_ALL_THREE,5264,2001-05-01,2026-08-20,6.37322663863723e-08,0.2301304300831068,0.6212212683616104,1.1196336899469492,3.0294857087212704e-05,0.7511063250838511,0.7522997316979686,46,52,5012,0.09615384615384616,0.13157894736842105,0.007581803671189146,12.682186234817815,0.7308548241760929,103,0.7803771212131341,1221,0.515713783531234,0.6324234894609772,EXPOSED_HISTORY
QQQ,HAR,COMMON_ALL,6364,2001-05-01,2026-08-20,9.514205400145649e-08,0.22216305777540604,0.5578648270658486,1.0814204351603351,2.6204735299260886e-05,0.8174498336005207,0.8565750700749862,134,158,6112,0.379746835443038,0.47619047619047616,0.0206151832460733,18.4207353827607,0.7783611673414305,208,0.7869043129331449,1698,0.5258735767728643,0.6790600008177426,EXPOSED_HISTORY
QQQ,HIST_MEAN,ALL,6364,2001-05-01,2026-08-20,2.1518770689529895e-07,0.7291423965439399,0.0,2.0685978214364034,-1.2496849864043515e-05,0.5101601859940234,0.3968663903595985,134,0,6112,,0.0,0.0206151832460733,,0.4044436009896536,208,0.5650935999438587,1698,0.5348469180318942,0.14397910114167628,EXPOSED_HISTORY
QQQ,HIST_MEAN,2000_2009,2181,2001-05-01,2009-12-31,3.0476766008040114e-07,0.7031613644874672,0.0,2.0871561605665474,-0.0001648842743669961,0.716472650726225,0.19412951665884562,50,0,1929,,0.0,0.02177293934681182,,0.3942268317824313,67,0.6363959180105765,789,0.5260300257242863,0.2887216927416793,EXPOSED_HISTORY
QQQ,HIST_MEAN,2010_2019,2516,2010-01-04,2019-12-31,1.428689253745641e-07,0.9014664591671904,0.0,3.0027147307659185,1.0926979638645613e-05,0.30409226827179864,0.56639756249444,18,0,2516,,0.0,0.007154213036565978,,0.37793515895498897,45,0.5530697230279015,364,0.5223261871368463,0.09717378326719345,EXPOSED_HISTORY
QQQ,HIST_MEAN,2020_2022,756,2020-01-02,2022-12-30,3.773004269741532e-07,0.5362948608643485,0.0,0.9456345913919351,0.012881008660420018,-40.14119628745317,0.16967042136003338,51,0,756,,0.0,0.06746031746031746,,0.22413595241283019,77,0.3750736552154992,333,0.4038293612761698,-0.2945482692147266,EXPOSED_HISTORY
QQQ,HIST_MEAN,2023_PLUS,911,2023-01-03,2026-08-20,6.592641164814982e-08,0.4754541707797691,0.0,1.8739960431410505,0.0015550381790337595,-4.6625173618007425,0.3782366071428571,15,0,911,,0.0,0.01646542261251372,,0.35015931083313667,19,0.39820025913029394,212,0.45647139722314917,-0.0546766910506098,EXPOSED_HISTORY
QQQ,HIST_MEAN,2020_PLUS,1667,2020-01-02,2026-08-20,2.0713742279779506e-07,0.5030459894384025,0.0,1.2871794067366968,-0.0005976545695279573,2.7342363941710914,0.4853216739537789,66,0,1667,,0.0,0.03959208158368326,,0.5299835561213664,96,0.5455085119952902,545,0.48384139557652084,0.17412602024348073,EXPOSED_HISTORY
QQQ,HIST_MEAN,DOTCOM,418,2001-05-01,2002-12-31,2.589715815123795e-07,0.1475424060925481,0.0,1.281694522361424,0.0011123573870826316,-0.31564966298878905,0.5841463414634146,8,0,166,,,0.0,,0.5546507064364207,26,0.5168027048256548,329,0.4700959737827715,-0.01984301776946582,EXPOSED_HISTORY
QQQ,HIST_MEAN,GFC,756,2007-01-03,2009-12-31,2.8910197921357273e-07,0.6285572341773231,0.0,1.4721337896826079,0.005708659861769585,-10.871486306017163,0.166750033346672,42,0,756,,0.0,0.05555555555555555,,0.1846324407300017,41,0.35031154456441815,261,0.416651912494777,-0.32219120769285786,EXPOSED_HISTORY
QQQ,HIST_MEAN,2011,252,2011-01-03,2011-12-30,9.734529936476516e-08,0.5824700526489907,0.0,2.175625756190332,0.006846399507001034,-15.063208470414352,0.20883534136546184,3,0,252,,0.0,0.011904761904761904,,0.3163265306122449,7,0.39106145251396646,73,0.4872247807709293,-0.31115758252098474,EXPOSED_HISTORY
QQQ,HIST_MEAN,2015_2016,504,2015-01-02,2016-12-30,3.2504552617909843e-07,0.9893358238040065,0.0,2.247013518548633,-0.0007553266746868058,2.576784643379291,0.4104627766599598,7,0,504,,0.0,0.013888888888888888,,0.4734817813765182,10,0.5446339156559474,86,0.5001051388641767,0.20374741070965974,EXPOSED_HISTORY
QQQ,HIST_MEAN,2018Q4,63,2018-10-01,2018-12-31,4.15180318812488e-08,0.13854912120187945,0.0,0.815743265318052,0.24819542386211138,-780.6983986179607,0.16666666666666666,3,0,63,,0.0,0.047619047619047616,,0.5145772594752187,14,0.4417879417879418,37,0.5252631578947369,0.10468488309114755,EXPOSED_HISTORY
QQQ,HIST_MEAN,COVID,93,2020-02-19,2020-06-30,2.7549453698938805e-06,1.8032737732625264,0.0,0.3179056740823579,0.059240907628761025,-185.17113364372506,0.02328042328042328,30,0,93,,0.0,0.3225806451612903,,0.1241883116883117,16,0.3169950738916256,58,0.3296296296296296,-0.7218348780262037,EXPOSED_HISTORY
QQQ,HIST_MEAN,2022,251,2022-01-03,2022-12-30,3.576655722285174e-08,0.13143755261567663,0.0,0.8712997952926022,0.027628520693250218,-88.12064166091938,0.33191489361702126,16,0,251,,0.0,0.06374501992031872,,0.3798747947454844,48,0.33312916836804135,158,0.4237527254072079,-0.3765847273496683,EXPOSED_HISTORY
QQQ,HIST_MEAN,2025_SPRING,82,2025-02-03,2025-05-30,3.202358488145454e-07,0.5804075735347873,0.0,0.7125357597416437,0.05346405900960649,-179.1968388022734,0.1638888888888889,10,0,82,,0.0,0.12195121951219512,,0.2898550724637681,13,0.269449715370019,31,0.43846629560915273,-0.5161409089284157,EXPOSED_HISTORY
QQQ,HIST_MEAN,YEAR_2001,166,2001-05-01,2001-12-31,3.725865089299396e-07,0.15967254974962358,0.0,1.2087561408787946,0.023965407207722823,-21.78999565459417,0.037183544303797465,8,0,0,,,,,0.4429166666666667,16,0.4330797697368421,128,0.3761094136476066,0.07087867537729245,EXPOSED_HISTORY
QQQ,HIST_MEAN,YEAR_2002,252,2002-01-02,2002-12-31,1.8413000234049478e-07,0.1395519146359031,0.0,1.338905011836452,0.006743720022987196,-6.09469853797798,,0,0,166,,,0.0,,0.3574380165289256,10,0.6333040678958151,201,0.5849673202614379,-0.3127957296314543,EXPOSED_HISTORY
QQQ,HIST_MEAN,YEAR_2003,252,2003-01-02,2003-12-31,4.0602699639309253e-07,0.6390770665907684,0.0,3.4157415276854155,-0.0017912906688477648,2.3096475244168024,,0,0,252,,,0.0,,,0,0.5806912681912682,104,0.5505592105263157,0.49518610966524934,EXPOSED_HISTORY
QQQ,HIST_MEAN,YEAR_2004,252,2004-01-02,2004-12-31,3.922447950212926e-07,1.0165533831714515,0.0,5.990506750835853,-0.00023675528194384965,0.482607696492952,,0,0,252,,,0.0,,,0,0.5762674825174825,44,0.5909467116572229,0.16141391960338167,EXPOSED_HISTORY
QQQ,HIST_MEAN,YEAR_2005,252,2005-01-03,2005-12-30,3.231667697313902e-07,1.3171009686630464,0.0,8.394047053502522,-0.00022516414922256256,0.4685065537390805,,0,0,252,,,0.0,,,0,0.8653338362881932,11,0.5461019726476335,0.0694158829187083,EXPOSED_HISTORY
QQQ,HIST_MEAN,YEAR_2006,251,2006-01-03,2006-12-29,2.2025709907961654e-07,0.9864726044591938,0.0,5.758102596898999,0.0002557843815691827,-0.27858095939682365,,0,0,251,,,0.0,,,0,0.47488151658767774,40,0.5662036447049827,0.0009016716384878282,EXPOSED_HISTORY
QQQ,HIST_MEAN,YEAR_2007,251,2007-01-03,2007-12-31,1.564245190430145e-07,0.8869476938055059,0.0,4.004707391890436,0.0018626699161522749,-3.41487465249449,,0,0,251,,,0.0,,0.09463562753036438,4,0.2961380724538619,42,0.47645074224021594,-0.3531218309958259,EXPOSED_HISTORY
QQQ,HIST_MEAN,YEAR_2008,253,2008-01-02,2008-12-31,6.173346009540823e-07,0.5524010327986475,0.0,0.7701776171620716,0.007584413157203959,-14.463153301158973,0.3626156623786956,42,0,253,,0.0,0.16600790513833993,,0.35935935935935936,37,0.48965038495519375,139,0.42284658511722734,-0.03817117153716627,EXPOSED_HISTORY
QQQ,HIST_MEAN,YEAR_2009,252,2009-01-02,2009-12-31,9.171780938206982e-08,0.44765054204292254,0.0,1.9461401498584323,-0.0087772822024334,18.307184930259744,,0,0,252,,,0.0,,,0,0.6303779069767442,80,0.5339583885502253,0.5899118596653813,EXPOSED_HISTORY
QQQ,HIST_MEAN,YEAR_2010,252,2010-01-04,2010-12-31,1.724606107229568e-07,0.7304599364126231,0.0,2.521638777866834,-0.000988097986713337,2.5165965494297033,0.5663967611336033,5,0,252,,0.0,0.01984126984126984,,0.5277217741935484,4,0.6255466472303207,56,0.5950920245398773,0.1719197763804218,EXPOSED_HISTORY
QQQ,HIST_MEAN,YEAR_2011,252,2011-01-03,2011-12-30,9.734529936476516e-08,0.5824700526489907,0.0,2.175625756190332,0.006846399507001034,-15.063208470414352,0.20883534136546184,3,0,252,,0.0,0.011904761904761904,,0.3163265306122449,7,0.39106145251396646,73,0.4872247807709293,-0.31115758252098474,EXPOSED_HISTORY
QQQ,HIST_MEAN,YEAR_2012,250,2012-01-03,2012-12-31,1.1166587925482755e-07,0.8714175649950334,0.0,4.697427069893164,0.0002735670930635865,-0.4373008502067216,,0,0,250,,,0.0,,,0,0.5081559065934066,26,0.39544155757857663,-0.2881203738702642,EXPOSED_HISTORY
QQQ,HIST_MEAN,YEAR_2013,252,2013-01-02,2013-12-31,1.1450755440557318e-07,1.15568937847834,0.0,6.690728478608898,-0.00020271386362008862,0.6605535834521022,,0,0,252,,,0.0,,,0,0.548582995951417,5,0.5342391304347827,0.018162488044383023,EXPOSED_HISTORY
QQQ,HIST_MEAN,YEAR_2014,252,2014-01-02,2014-12-31,9.237083398808143e-08,1.03213141982969,0.0,4.8626006424704435,0.00021068657369469507,-0.356544481949953,,0,0,252,,,0.0,,0.206,2,0.4583539094650206,27,0.4975316156083046,0.03438110994951095,EXPOSED_HISTORY
QQQ,HIST_MEAN,YEAR_2015,252,2015-01-02,2015-12-31,5.713317028698673e-07,0.9935103302219418,0.0,1.6824783130583394,0.024240561837554072,-66.94520710939146,0.03048780487804878,6,0,252,,0.0,0.023809523809523808,,0.0793002915451895,7,0.3673469387755102,49,0.3856470887363336,-0.16828797686007066,EXPOSED_HISTORY
QQQ,HIST_MEAN,YEAR_2016,252,2016-01-04,2016-12-30,7.875934948832965e-08,0.9851613173860716,0.0,3.4270948990969066,-0.004309085029809771,12.612763330613548,0.8844621513944223,1,0,252,,0.0,0.003968253968253968,,0.9397590361445783,3,0.7114393463230673,37,0.511805786498171,0.37510026331755364,EXPOSED_HISTORY
QQQ,HIST_MEAN,YEAR_2017,251,2017-01-03,2017-12-29,8.611264527474741e-08,1.3980987606726856,0.0,7.955541209203298,0.0004607232089024503,-1.2557393880457777,,0,0,251,,,0.0,,,0,0.5467479674796748,5,0.43274436090225565,-0.12154137682380103,EXPOSED_HISTORY
QQQ,HIST_MEAN,YEAR_2018,251,2018-01-02,2018-12-31,5.105723022579675e-08,0.5388781190057866,0.0,1.6852644617154608,0.0073667141846883045,-22.361144371951422,0.04032258064516129,3,0,251,,0.0,0.01195219123505976,,0.3205535390199637,19,0.3723899913718723,61,0.4379118749192402,-0.21689452556666505,EXPOSED_HISTORY
QQQ,HIST_MEAN,YEAR_2019,252,2019-01-02,2019-12-31,5.2240949470187616e-08,0.7271411492151848,0.0,3.267998877351155,-0.001291840408848716,4.428443278146075,,0,0,252,,,0.0,,0.463855421686747,3,0.5701321585903084,25,0.47673094442757363,0.15744059039172154,EXPOSED_HISTORY
QQQ,HIST_MEAN,YEAR_2020,253,2020-01-02,2020-12-31,1.0471357534027319e-06,0.9026906031743314,0.0,0.622052553019871,0.030237884745734956,-94.3082523047696,0.08394495412844037,35,0,253,,0.0,0.1383399209486166,,0.13413634873811864,27,0.4053935677637342,122,0.42213620169909566,-0.19986912101961743,EXPOSED_HISTORY
QQQ,HIST_MEAN,YEAR_2021,252,2021-01-04,2021-12-31,4.498560047076558e-08,0.5716958988246299,0.0,2.422621881969967,-0.0025589876984745434,8.583479992460523,,0,0,252,,,0.0,,0.465,2,0.482743908220347,53,0.48310286895838717,0.0912067362172984,EXPOSED_HISTORY
QQQ,HIST_MEAN,YEAR_2022,251,2022-01-03,2022-12-30,3.576655722285174e-08,0.13143755261567663,0.0,0.8712997952926022,0.027628520693250218,-88.12064166091938,0.33191489361702126,16,0,251,,0.0,0.06374501992031872,,0.3798747947454844,48,0.33312916836804135,158,0.4237527254072079,-0.3765847273496683,EXPOSED_HISTORY
QQQ,HIST_MEAN,YEAR_2023,250,2023-01-03,2023-12-29,3.822173573323837e-08,0.43657717725918793,0.0,2.4673913397165537,-0.005553948035068168,18.471728988930593,,0,0,250,,,0.0,,,0,0.6157738095238096,40,0.4484577922077922,0.3559392225265319,EXPOSED_HISTORY
QQQ,HIST_MEAN,YEAR_2024,252,2024-01-02,2024-12-31,5.245596700396981e-08,0.5260759940716306,0.0,2.314467983583768,0.0029378313152981206,-9.373007198344377,0.42955465587044533,5,0,252,,0.0,0.01984126984126984,,0.42955465587044533,5,0.5200311364815776,47,0.4470818962602286,0.03276298830462258,EXPOSED_HISTORY
QQQ,HIST_MEAN,YEAR_2025,250,2025-01-02,2025-12-31,1.331095645311617e-07,0.6004594004283719,0.0,1.4137389088636414,0.005751680739971383,-18.747958035444377,0.4033333333333333,10,0,250,,0.0,0.04,,0.4430379746835443,13,0.4691950586198757,71,0.39415108554208617,-0.003225811381826726,EXPOSED_HISTORY
QQQ,HIST_MEAN,YEAR_2026,159,2026-01-02,2026-08-20,2.5202718618642004e-08,0.2598016015876024,0.0,1.5753124381250094,0.015293349367114868,-51.81113944269538,,0,0,159,,,0.0,,0.06329113924050633,1,0.48897707231040566,54,0.5058730158730159,-0.15819329927914116,EXPOSED_HISTORY
QQQ,HIST_MEAN,EX_GFC,5608,2001-05-01,2026-08-20,2.0522351469262146e-07,0.7427020225691117,0.0,2.196464204110782,-2.500146086998698e-05,0.5091939192306403,0.2956370006621055,92,0,5356,,0.0,0.01568334578043316,,0.362654033964785,167,0.553596034654231,1437,0.5334309000431018,0.10284910018352128,EXPOSED_HISTORY
QQQ,HIST_MEAN,EX_COVID,6271,2001-05-01,2026-08-20,1.7752266740257563e-07,0.7132128449517173,0.0,2.188320795564438,-4.692111313497303e-05,0.5568895324941359,0.4722741078444824,104,0,6019,,0.0,0.015949493271307527,,0.42626382834347754,192,0.5768583011623681,1640,0.5350112024100646,0.1651074311554183,EXPOSED_HISTORY
QQQ,HIST_MEAN,EX_2022,6113,2001-05-01,2026-08-20,2.2255474575801516e-07,0.7536841789463601,0.0,2.1477556797040016,-3.649723461206383e-05,0.5426314429041265,0.4212988224650486,118,0,5861,,0.0,0.018768128305749872,,0.468184633798085,160,0.6020267180883844,1540,0.5452309261482794,0.20761959057737536,EXPOSED_HISTORY
QQQ,HIST_MEAN,EX_ALL_THREE,5264,2001-05-01,2026-08-20,1.682572464158729e-07,0.7531112568289567,0.0,2.486697994816709,-9.084487807035144e-05,0.5939200460159704,0.4222590697751929,46,0,5012,,0.0,0.007581803671189146,,0.4691581559229697,103,0.6120050975356441,1221,0.5454879490087917,0.19643988545988267,EXPOSED_HISTORY
QQQ,HIST_MEAN,COMMON_ALL,6364,2001-05-01,2026-08-20,2.1518770689529895e-07,0.7291423965439399,0.0,2.0685978214364034,-1.2496849864043515e-05,0.5101601859940234,0.3968663903595985,134,0,6112,,0.0,0.0206151832460733,,0.4044436009896536,208,0.5650935999438587,1698,0.5348469180318942,0.14397910114167628,EXPOSED_HISTORY
QQQ,ROLLING22,ALL,6364,2001-05-01,2026-08-20,1.2353906573587377e-07,0.2819052129056946,0.4259009145165409,1.02031485235902,7.434663750872301e-05,0.6575528067906763,0.819906087539829,134,160,6112,0.33125,0.42063492063492064,0.0206151832460733,16.068253968253966,0.7714198468036187,208,0.767643610874244,1698,0.524105780721428,0.6365620696002189,EXPOSED_HISTORY
QQQ,ROLLING22,2000_2009,2181,2001-05-01,2009-12-31,1.010696371860553e-07,0.12250653576809825,0.6683715156674039,1.0413139876866688,6.796086194009445e-05,0.7642396555058315,0.8984889723134678,50,59,1929,0.5254237288135594,0.7380952380952381,0.02177293934681182,24.131961259079905,0.8833787542891032,67,0.8035615430561018,789,0.5287471007464261,0.7552285372472679,EXPOSED_HISTORY
QQQ,ROLLING22,2010_2019,2516,2010-01-04,2019-12-31,8.883973552378293e-08,0.40983183812586343,0.37817313813434994,1.0001859676415816,8.720245066571423e-05,0.30645864872681117,0.68252379681523,18,29,2516,0.0,0.0,0.007154213036565978,0.0,0.7039705022707855,45,0.7028575513705625,364,0.4869772256728778,0.4638444092847727,EXPOSED_HISTORY
QQQ,ROLLING22,2020_2022,756,2020-01-02,2022-12-30,3.955613059817995e-07,0.3638802247986051,-0.04839877641828716,0.9876475191369893,0.000182412788836342,0.45389510063552757,0.7412320956751495,51,49,756,0.3877551020408163,0.37254901960784315,0.06746031746031746,5.7478991596638656,0.6343170820343133,77,0.6663542975599713,333,0.49254218757764856,0.5477933901477517,EXPOSED_HISTORY
QQQ,ROLLING22,2023_PLUS,911,2023-01-03,2026-08-20,4.742548160289332e-08,0.24218185043820056,0.2806300173592977,1.015434950262039,8.38619740629407e-05,0.4676441853509828,0.8222470238095239,15,23,911,0.13043478260869565,0.2,0.01646542261251372,7.921739130434783,0.7711234363936748,19,0.5983615407455395,212,0.5123370647898149,0.320557176949805,EXPOSED_HISTORY
QQQ,ROLLING22,2020_PLUS,1667,2020-01-02,2026-08-20,2.0530831497449081e-07,0.2973731947792118,0.008830407362409809,0.9978705341217555,0.00012141736380821068,0.48919872039944606,0.8006832850680446,66,72,1667,0.3055555555555556,0.3333333333333333,0.03959208158368326,7.7175925925925934,0.7321106513897729,96,0.6723805785867307,545,0.5133490573034875,0.5192757936792166,EXPOSED_HISTORY
QQQ,ROLLING22,DOTCOM,418,2001-05-01,2002-12-31,2.5772200911283955e-07,0.11119861701059319,0.004825133291624151,1.0730160830222346,0.00048720235151997453,0.358627203169399,0.5027439024390243,8,0,166,,,0.0,,0.6151883830455259,26,0.551074075338957,329,0.39110486891385765,0.5243032806514492,EXPOSED_HISTORY
QQQ,ROLLING22,GFC,756,2007-01-03,2009-12-31,1.438334398328342e-07,0.19987465703236112,0.5024819953702984,1.00342084684243,6.778975898690934e-05,0.795355077680945,0.9166333199946646,42,59,756,0.5254237288135594,0.7380952380952381,0.05555555555555555,9.45762711864407,0.8749445676274945,41,0.7261658732923101,261,0.5625376231383186,0.6513419653367338,EXPOSED_HISTORY
QQQ,ROLLING22,2011,252,2011-01-03,2011-12-30,3.5702274434478766e-08,0.27117377896555445,0.6332408994840333,0.978602041400816,8.635196313864662e-05,0.5865951666433528,0.5046854082998661,3,0,252,,0.0,0.011904761904761904,,0.634402332361516,7,0.6687839595928675,73,0.4636300548861271,0.514370149741707,EXPOSED_HISTORY
QQQ,ROLLING22,2015_2016,504,2015-01-02,2016-12-30,3.4857297499426765e-07,0.8734282280343417,-0.07238201088854757,1.0096408765749543,0.00013959455527420413,0.11363494141279223,0.6266168439206669,7,22,504,0.0,0.0,0.013888888888888888,0.0,0.6989878542510122,10,0.6871592299988872,86,0.4078902673762192,0.35937135321029984,EXPOSED_HISTORY
QQQ,ROLLING22,2018Q4,63,2018-10-01,2018-12-31,6.595521059260445e-08,0.49200530187504493,-0.5885919347345667,0.7599757403627874,0.0004535515286527253,-0.21790705757987686,0.25,3,0,63,,0.0,0.047619047619047616,,0.31486880466472306,14,0.34303534303534305,37,0.26631578947368423,-0.1485215053763441,EXPOSED_HISTORY
QQQ,ROLLING22,COVID,93,2020-02-19,2020-06-30,2.976711923291247e-06,0.9919584224212726,-0.08049762286426376,0.992994462225904,0.0008032565972749349,0.18958287262581058,0.7095238095238096,30,36,93,0.5277777777777778,0.6333333333333333,0.3225806451612903,1.6361111111111113,0.37987012987012986,16,0.5320197044334976,58,0.4126984126984127,0.26051147384440926,EXPOSED_HISTORY
QQQ,ROLLING22,2022,251,2022-01-03,2022-12-30,4.1218286987125074e-08,0.17481234044142777,-0.15242534332575208,0.9779985746120924,0.0002837816954205504,0.20562504459365588,0.4375,16,11,251,0.0,0.0,0.06374501992031872,0.0,0.4610016420361248,48,0.40513134612767115,158,0.39540849044504295,0.1371307152343009,EXPOSED_HISTORY
QQQ,ROLLING22,2025_SPRING,82,2025-02-03,2025-05-30,3.8176927922920795e-07,0.6410751477070488,-0.19215034994504232,1.0199935334105186,0.0003765842436396084,0.09175424207492423,0.6402777777777777,10,23,82,0.13043478260869565,0.3,0.12195121951219512,1.0695652173913044,0.49944258639910816,13,0.33586337760910817,31,0.25479282622139765,0.24711311370141814,EXPOSED_HISTORY
QQQ,ROLLING22,YEAR_2001,166,2001-05-01,2001-12-31,5.085373695041967e-07,0.16810095151921672,-0.364884013016749,1.1715211805166963,0.0006591641080469208,0.21173461911388886,0.3401898734177215,8,0,0,,,,,0.4583333333333333,16,0.5622944078947368,128,0.3862941946748145,0.5426146611486775,EXPOSED_HISTORY
QQQ,ROLLING22,YEAR_2002,252,2002-01-02,2002-12-31,9.250236695027887e-08,0.07371533316761104,0.49762469030319834,0.9957518946910794,0.00024841029052906794,0.665402622241255,,0,0,166,,,0.0,,0.7223140495867768,10,0.5390693590869183,201,0.39816465306661386,0.4933010288977724,EXPOSED_HISTORY
QQQ,ROLLING22,YEAR_2003,252,2003-01-02,2003-12-31,1.1338129205381156e-08,0.06501453529437033,0.9720754301903507,1.0795263965583637,4.44129131416203e-05,0.7681067665749671,,0,0,252,,,0.0,,,0,0.5400857588357588,104,0.5135526315789474,0.413622753480713,EXPOSED_HISTORY
QQQ,ROLLING22,YEAR_2004,252,2004-01-02,2004-12-31,2.2015822481852684e-09,0.07138158349854498,0.9943872238048034,1.0059043441744997,9.467256721700688e-05,0.24237903809949563,,0,0,252,,,0.0,,,0,0.5838068181818182,44,0.4580123511810021,-0.02202745577074349,EXPOSED_HISTORY
QQQ,ROLLING22,YEAR_2005,252,2005-01-03,2005-12-30,9.001976005360748e-10,0.07647613341617628,0.9972144487464343,1.0055604361827926,4.39918389010748e-05,0.42466393056725965,,0,0,252,,,0.0,,,0,0.5978875895888344,11,0.38595827818743306,0.0995596008587521,EXPOSED_HISTORY
QQQ,ROLLING22,YEAR_2006,251,2006-01-03,2006-12-29,1.3073358500524588e-09,0.06357244751648711,0.9940645007333911,0.9775476859887632,5.102150776980296e-05,0.49159608488175993,,0,0,251,,,0.0,,,0,0.370260663507109,40,0.406206193449726,0.09498842724340732,EXPOSED_HISTORY
QQQ,ROLLING22,YEAR_2007,251,2007-01-03,2007-12-31,8.199060806196025e-09,0.21507472465144267,0.9475845547976951,0.9721289790447505,5.0297008871264986e-05,0.6210294609525259,,0,0,251,,,0.0,,0.7591093117408907,4,0.6327181590339485,42,0.5064777327935223,0.372217036615443,EXPOSED_HISTORY
QQQ,ROLLING22,YEAR_2008,253,2008-01-02,2008-12-31,4.080631111208103e-07,0.29337187197162323,0.3389919980345273,0.9788090190145484,0.00018405716866051123,0.7206800788472253,0.8436018957345972,42,59,253,0.5254237288135594,0.7380952380952381,0.16600790513833993,3.165052461662631,0.8335835835835835,37,0.6580209516597249,139,0.46839959225280325,0.5825489699163099,EXPOSED_HISTORY
QQQ,ROLLING22,YEAR_2009,252,2009-01-02,2009-12-31,1.365138546707324e-08,0.09086667150846123,0.8511588364457603,1.0799348183753945,8.702426698185856e-06,0.8941900545335025,,0,0,252,,,0.0,,,0,0.6303779069767442,80,0.5378346143652266,0.5880734543474887,EXPOSED_HISTORY
QQQ,ROLLING22,YEAR_2010,252,2010-01-04,2010-12-31,1.0551286981121081e-07,0.5651125980426944,0.3881914869204064,1.0035944233335319,0.00012786910658587765,0.3070807004966795,0.2380566801619433,5,7,252,0.0,0.0,0.01984126984126984,0.0,0.7600806451612904,4,0.6836734693877551,56,0.548493830564555,0.5360691620868306,EXPOSED_HISTORY
QQQ,ROLLING22,YEAR_2011,252,2011-01-03,2011-12-30,3.5702274434478766e-08,0.27117377896555445,0.6332408994840333,0.978602041400816,8.635196313864662e-05,0.5865951666433528,0.5046854082998661,3,0,252,,0.0,0.011904761904761904,,0.634402332361516,7,0.6687839595928675,73,0.4636300548861271,0.514370149741707,EXPOSED_HISTORY
QQQ,ROLLING22,YEAR_2012,250,2012-01-03,2012-12-31,1.9290555039838406e-09,0.10858826225329085,0.9827247542682073,1.000995903745099,4.670883485280161e-05,0.4780518204355112,,0,0,250,,,0.0,,,0,0.6780563186813187,26,0.44129178018472986,0.2952289156626506,EXPOSED_HISTORY
QQQ,ROLLING22,YEAR_2013,252,2013-01-02,2013-12-31,9.869946656819088e-10,0.13429915552606564,0.9913805279415357,1.0777472209818124,5.287129164070251e-05,0.10031388037312466,,0,0,252,,,0.0,,,0,0.8591093117408907,5,0.4320652173913043,0.014701967586083301,EXPOSED_HISTORY
QQQ,ROLLING22,YEAR_2014,252,2014-01-02,2014-12-31,4.595447757550047e-09,0.3119307713774802,0.9502500133522341,0.9617916982262269,6.106278542867389e-05,0.21593925559809343,,0,0,252,,,0.0,,0.556,2,0.5680658436213992,27,0.3985257320619463,0.12438707432644729,EXPOSED_HISTORY
QQQ,ROLLING22,YEAR_2015,252,2015-01-02,2015-12-31,6.818307122508073e-07,1.3951727803524787,-0.1934060526063761,0.9816812059516202,0.0002044112343521425,0.04254929340116729,0.5304878048780488,6,22,252,0.0,0.0,0.023809523809523808,0.0,0.5381924198250729,7,0.6916658288931337,49,0.3938469361810323,0.27736672358186304,EXPOSED_HISTORY
QQQ,ROLLING22,YEAR_2016,252,2016-01-04,2016-12-30,1.531523773772806e-08,0.3516836757162048,0.8055438771748942,1.0680866322833227,3.382353829282909e-05,0.6259416501369915,0.852589641434263,1,0,252,,0.0,0.003968253968253968,,0.963855421686747,3,0.6726587052168448,37,0.40571998669770537,0.4110754422550716,EXPOSED_HISTORY
QQQ,ROLLING22,YEAR_2017,251,2017-01-03,2017-12-29,1.1074370140748896e-09,0.22600182951003533,0.987139670247714,1.005280210865676,2.678219290612488e-05,0.3592409914627945,,0,0,251,,,0.0,,,0,0.16991869918699187,5,0.5597744360902256,0.2009728704230696,EXPOSED_HISTORY
QQQ,ROLLING22,YEAR_2018,251,2018-01-02,2018-12-31,2.915401377458443e-08,0.41601835253643743,0.42899343255298017,0.8678655863516833,7.884885563610396e-05,0.6751565294788857,0.6478494623655914,3,0,251,,0.0,0.01195219123505976,,0.5934664246823956,19,0.723037100949094,61,0.5160873497867942,0.5255822424587364,EXPOSED_HISTORY
QQQ,ROLLING22,YEAR_2019,252,2019-01-02,2019-12-31,1.0988552842100331e-08,0.31524142044684317,0.7896563337086517,1.2498287514504711,7.499559126535312e-05,0.1743418436847714,,0,0,252,,,0.0,,0.19678714859437751,3,0.21427312775330395,25,0.4541451563923474,0.3389543651106097,EXPOSED_HISTORY
QQQ,ROLLING22,YEAR_2020,253,2020-01-02,2020-12-31,1.1287372328779931e-06,0.6357636694327278,-0.0779282716783305,0.9927090744379227,0.00031096473987563255,0.3892496160850458,0.737221494102228,35,38,253,0.5,0.5428571428571428,0.1383399209486166,3.6142857142857143,0.5024582104228122,27,0.6387185583781755,122,0.5000685119210743,0.3684818547879144,EXPOSED_HISTORY
QQQ,ROLLING22,YEAR_2021,252,2021-01-04,2021-12-31,1.2412846707697411e-08,0.279235492581218,0.724070667551408,0.9941335493739131,7.751528057892044e-05,0.4027591527782671,,0,0,252,,,0.0,,0.732,2,0.6041528396700484,53,0.4534117342982683,0.37402282456846814,EXPOSED_HISTORY
QQQ,ROLLING22,YEAR_2022,251,2022-01-03,2022-12-30,4.1218286987125074e-08,0.17481234044142777,-0.15242534332575208,0.9779985746120924,0.0002837816954205504,0.20562504459365588,0.4375,16,11,251,0.0,0.0,0.06374501992031872,0.0,0.4610016420361248,48,0.40513134612767115,158,0.39540849044504295,0.1371307152343009,EXPOSED_HISTORY
QQQ,ROLLING22,YEAR_2023,250,2023-01-03,2023-12-29,3.793819017901547e-09,0.08056127242294746,0.9007418437409589,1.0953187677384755,3.357008219290481e-05,0.666984365057265,,0,0,250,,,0.0,,,0,0.7130952380952381,40,0.4933712121212121,0.3336940431046896,EXPOSED_HISTORY
QQQ,ROLLING22,YEAR_2024,252,2024-01-02,2024-12-31,2.8717116024598643e-08,0.2877704180386423,0.45254815295988404,0.967336890380993,0.0001067009267314974,0.18171509793875168,0.794331983805668,5,0,252,,0.0,0.01984126984126984,,0.794331983805668,5,0.424390243902439,47,0.5009805910597146,0.02601451899910241,EXPOSED_HISTORY
QQQ,ROLLING22,YEAR_2025,250,2025-01-02,2025-12-31,1.2977031617699803e-07,0.3730519687544694,0.02508646441692719,1.0164669101951114,0.00011105520400508602,0.4613337884334892,0.8920833333333333,10,23,250,0.13043478260869565,0.3,0.04,3.260869565217391,0.818889970788705,13,0.5825005901329766,71,0.47421409492500516,0.418882734123746,EXPOSED_HISTORY
QQQ,ROLLING22,YEAR_2026,159,2026-01-02,2026-08-20,1.6206708825862084e-08,0.21827805100068323,0.3569460076471961,0.9823734929486152,0.00013040833050807185,0.30080166873016617,,0,0,159,,,0.0,,0.13924050632911392,1,0.5172839506172839,54,0.49444444444444446,0.1586040124193934,EXPOSED_HISTORY
QQQ,ROLLING22,EX_GFC,5608,2001-05-01,2026-08-20,1.2080323356445757e-07,0.29296354033797717,0.41135773965574285,1.0239364879636612,7.863418912930826e-05,0.612858114093692,0.7770714443358452,92,101,5356,0.21782178217821782,0.2619047619047619,0.01568334578043316,13.888731730315888,0.7493845244632954,167,0.7690812411042411,1437,0.5174637879915887,0.6230821103192802,EXPOSED_HISTORY
QQQ,ROLLING22,EX_COVID,6271,2001-05-01,2026-08-20,8.122602543087461e-08,0.2713750026545467,0.5424470203195239,1.0221831867580853,5.8399089707778716e-05,0.7120637058150633,0.7988705392224121,104,124,6019,0.27419354838709675,0.3541666666666667,0.015949493271307527,17.191364247311824,0.7740316732466963,192,0.7660607728405076,1640,0.5271269739079759,0.6295443614017003,EXPOSED_HISTORY
QQQ,ROLLING22,EX_2022,6113,2001-05-01,2026-08-20,1.269191598739297e-07,0.2863024501032296,0.42971712671573625,1.0231125400217085,7.224206455855264e-05,0.6573383197838699,0.830522610650118,118,149,5861,0.35570469798657717,0.4818181818181818,0.018768128305749872,18.952593044539352,0.7687332017470183,160,0.7628247108238361,1540,0.5185484591787717,0.6133721346976725,EXPOSED_HISTORY
QQQ,ROLLING22,EX_ALL_THREE,5264,2001-05-01,2026-08-20,7.41421988848069e-08,0.286248005980129,0.5593521202554723,1.0308608061715938,5.946400159191265e-05,0.6672456995517108,0.7003391271018381,46,54,5012,0.05555555555555555,0.07894736842105263,0.007581803671189146,7.327485380116959,0.7246375448424799,103,0.7579053431143463,1221,0.5129259453341034,0.5806785227465933,EXPOSED_HISTORY
QQQ,ROLLING22,COMMON_ALL,6364,2001-05-01,2026-08-20,1.2353906573587377e-07,0.2819052129056946,0.4259009145165409,1.02031485235902,7.434663750872301e-05,0.6575528067906763,0.819906087539829,134,160,6112,0.33125,0.42063492063492064,0.0206151832460733,16.068253968253966,0.7714198468036187,208,0.767643610874244,1698,0.524105780721428,0.6365620696002189,EXPOSED_HISTORY
SPY,CURRENT,ALL,7898,1995-04-03,2026-08-20,1.2748729864561543e-07,0.6528475202810455,-0.14158561947249693,0.9999644568646039,8.07273006741499e-05,0.45334497297556975,0.8160839499806111,1194,806,7646,0.5992555831265509,0.42857142857142855,0.14739733193826837,4.065579581708614,0.7256403286926387,982,0.7634102915101013,1223,0.5157231503871011,0.5977651319573286,EXPOSED_HISTORY
SPY,CURRENT,PRE2000,1200,1995-04-03,1999-12-31,3.133021894891109e-08,0.6334338574675853,-0.31127839063875573,0.9916172863209608,8.274340971309927e-05,0.36208542849588793,0.6439970341290523,413,181,948,0.6187845303867403,0.3236994219653179,0.3649789029535865,1.6953980774758088,0.5603925022225376,253,0.6587154169518037,193,0.5077481481481482,0.4211895077704915,EXPOSED_HISTORY
SPY,CURRENT,2000_2009,2515,2000-01-03,2009-12-31,1.815136246958366e-07,0.43500914334045443,-0.06422190545732342,1.0021413270559731,0.00010718316245453823,0.47011351369310594,0.8917019136507369,457,339,2515,0.7079646017699115,0.5251641137855579,0.18170974155069583,3.8961290447512633,0.7629606225498801,405,0.7946971488331767,522,0.5237294122729664,0.6876948628055911,EXPOSED_HISTORY
SPY,CURRENT,2010_2019,2516,2010-01-04,2019-12-31,5.007000497419117e-08,0.7737607039766187,-1.00658182724864,0.9999012878502427,7.024263602566766e-05,0.21941385294612906,0.8789947497782109,145,113,2516,0.4336283185840708,0.33793103448275863,0.05763116057233704,7.52419896246567,0.747466207148302,158,0.7864962781121317,220,0.49701325838249744,0.5308793500068204,EXPOSED_HISTORY
SPY,CURRENT,2020_2022,756,2020-01-02,2022-12-30,4.64050141104637e-07,0.9017947156325299,-0.04586069338556786,0.9982876364952044,0.00013491638030613737,0.47482980089928856,0.8118028929940746,152,132,756,0.5303030303030303,0.4605263157894737,0.20105820105820105,2.63755980861244,0.683655366345237,133,0.6732141186874484,219,0.49761913363922106,0.5793956153444199,EXPOSED_HISTORY
SPY,CURRENT,2023_PLUS,911,2023-01-03,2026-08-20,3.9510007315233694e-08,0.7392781059209514,-0.3756644763506263,1.0063914186165566,5.804970175405919e-05,0.347943681425312,0.8646723646723646,27,41,911,0.2926829268292683,0.4444444444444444,0.029637760702524697,9.875338753387533,0.7237178159729413,33,0.6191951530173155,69,0.4771385453099348,0.39974960622022837,EXPOSED_HISTORY
SPY,CURRENT,2020_PLUS,1667,2020-01-02,2026-08-20,2.320429054224856e-07,0.8129808995274022,-0.06972432714418075,1.0006831818847695,8.643749985670811e-05,0.47627008834265355,0.8529314591217637,179,173,1667,0.47398843930635837,0.4581005586592179,0.10737852429514097,4.414182839797204,0.7419150285351934,166,0.7041636451534928,288,0.4928696097017845,0.5448000703606677,EXPOSED_HISTORY
SPY,CURRENT,DOTCOM,752,2000-01-03,2002-12-31,1.6862773353367084e-07,0.42958508401864287,-1.4546107569821354,1.0048102220814517,0.00018964475140375672,0.17598986497207741,0.7772484200291687,242,151,752,0.6688741721854304,0.41735537190082644,0.32180851063829785,2.0784850309233214,0.5817283816850413,201,0.6638753255208333,240,0.4129965086996337,0.4822074988709919,EXPOSED_HISTORY
SPY,CURRENT,GFC,756,2007-01-03,2009-12-31,4.32251913114161e-07,0.5301175055365356,0.11798634509732653,0.999919256784776,0.000179516788278853,0.5042370885838336,0.9000288655826036,209,177,756,0.7796610169491526,0.6602870813397129,0.27645502645502645,2.8202092287730114,0.7467969355094576,189,0.7820067791072814,235,0.5495911462004793,0.6914415801168143,EXPOSED_HISTORY
SPY,CURRENT,2011,252,2011-01-03,2011-12-30,9.262031744339593e-08,0.6539584501155173,-0.6906897568982264,0.9956687418002182,0.0001443065752176886,0.30889747120783034,0.8560505319148937,64,36,252,0.6944444444444444,0.390625,0.25396825396825395,2.734375,0.7648953301127214,45,0.7766619267685745,58,0.4961734693877551,0.5340782550205728,EXPOSED_HISTORY
SPY,CURRENT,2015_2016,504,2015-01-02,2016-12-30,1.0130376673628759e-07,1.1578670109164735,-1.8679198573407207,1.0051176404736948,7.975868958499527e-05,0.11961878360168271,0.7686631944444444,24,22,504,0.36363636363636365,0.3333333333333333,0.047619047619047616,7.636363636363637,0.6509548611111111,24,0.7401781859570626,57,0.4373015873015873,0.4486425154869933,EXPOSED_HISTORY
SPY,CURRENT,2018Q4,63,2018-10-01,2018-12-31,4.157690299619927e-08,0.7598333783839293,-0.5989789905282223,0.9495776683775122,0.00018245412556541646,0.2095372939259483,0.6965116279069767,20,17,63,0.47058823529411764,0.4,0.31746031746031744,1.4823529411764707,0.4198782961460446,29,0.4092741935483871,31,0.24526315789473685,0.10901497695852534,EXPOSED_HISTORY
SPY,CURRENT,COVID,93,2020-02-19,2020-06-30,3.5577540815065027e-06,1.2180974214315163,-0.01596041864238318,1.0062642784121765,0.0006586169777491751,0.3943865278608793,0.7555555555555555,60,52,93,0.7692307692307693,0.6666666666666666,0.6451612903225806,1.1923076923076925,0.6218487394957983,42,0.5959595959595959,60,0.48639774859287055,0.5115335263047953,EXPOSED_HISTORY
SPY,CURRENT,2022,251,2022-01-03,2022-12-30,4.647574265894394e-08,0.5401710653581439,-1.298517146024429,0.9923231220145062,0.00018518727162288525,0.14389969697032515,0.6906866614048934,70,55,251,0.41818181818181815,0.32857142857142857,0.2788844621513944,1.4994805194805194,0.4816118935837246,71,0.4919944789510007,90,0.4114311201733146,0.1580906848795295,EXPOSED_HISTORY
SPY,CURRENT,2025_SPRING,82,2025-02-03,2025-05-30,3.368475848470126e-07,0.9460906366793219,-0.49107031852654215,1.00994535875779,0.00020703797992119343,0.30772446372118384,0.7829820452771272,21,19,82,0.5789473684210527,0.5238095238095238,0.25609756097560976,2.2606516290726817,0.6319444444444444,18,0.5429864253393665,17,0.38541033434650457,0.3128067826863008,EXPOSED_HISTORY
SPY,CURRENT,YEAR_1995,189,1995-04-03,1995-12-29,1.5337330983290575e-09,0.7705799603468384,-3.8302205751720253,0.9632289715060547,3.06413428400656e-05,0.01597129840269741,0.5614634146341464,25,0,0,,,,,0.4245810055865922,10,,0,0.4886299831555306,-0.08183224017490535,EXPOSED_HISTORY
SPY,CURRENT,YEAR_1996,254,1996-01-02,1996-12-31,2.4435379384791932e-08,0.967254873481483,-1.9451046262940368,0.9896124613969657,7.950116873679905e-05,0.08520163134789636,0.6435211179736727,117,33,191,0.6363636363636364,0.28,0.39267015706806285,1.6206060606060604,0.5064265373662742,71,0.5549065420560748,40,0.5252701740762311,0.1594395736571059,EXPOSED_HISTORY
SPY,CURRENT,YEAR_1997,253,1997-01-02,1997-12-31,5.021493358181369e-08,0.5696438631561823,-0.7229521187571002,1.0049228686836211,0.00012180250909587381,0.1804050379940902,0.5801125703564728,130,62,253,0.6774193548387096,0.3230769230769231,0.5138339920948617,1.3183622828784118,0.5090225563909775,63,0.6007478632478632,45,0.40974681883772796,0.14994938873747501,EXPOSED_HISTORY
SPY,CURRENT,YEAR_1998,252,1998-01-02,1998-12-31,4.924125093857043e-08,0.4806007931238424,0.25996701418042145,0.9910664606387649,9.853208990256388e-05,0.5104159971584838,0.7820117680022415,86,60,252,0.7166666666666667,0.5,0.3412698412698413,2.1,0.6727504244482173,62,0.671768577332211,73,0.536017095195423,0.4953556749849839,EXPOSED_HISTORY
SPY,CURRENT,YEAR_1999,252,1999-01-04,1999-12-31,2.375645788354504e-08,0.4109800847044875,-1.5340066891089532,0.9849160215908952,0.00014630886521909255,0.057690289949171844,0.5980618366405168,55,26,252,0.23076923076923078,0.10909090909090909,0.21825396825396826,1.0573426573426574,0.37612869745718736,47,0.5240289664252797,35,0.4090588310771797,0.003638373290200764,EXPOSED_HISTORY
SPY,CURRENT,YEAR_2000,252,2000-01-03,2000-12-29,8.179134497721627e-08,0.4491507881468234,-1.4747015521261932,0.9975971038146925,0.00018956791937330554,0.08805135113405851,0.6819078947368421,100,52,252,0.5769230769230769,0.3,0.3968253968253968,1.4538461538461538,0.5003139717425432,70,0.5969854393795273,79,0.4039680527383367,0.38986984491921267,EXPOSED_HISTORY
SPY,CURRENT,YEAR_2001,248,2001-01-02,2001-12-31,3.8502242717850955e-07,0.5833305554844002,-2.2897326441302184,1.0204744335903428,0.00019703155422049582,0.13464147988969416,0.8283110119047619,56,34,248,0.6176470588235294,0.375,0.22580645161290322,2.735294117647059,0.567059891107078,58,0.6963430012610341,65,0.42329489935509085,0.46619598414554114,EXPOSED_HISTORY
SPY,CURRENT,YEAR_2002,252,2002-01-02,2002-12-31,4.250426485234762e-08,0.25871431273368534,0.2513397756544993,0.9968768629482644,0.00013015126870356375,0.49090781395707705,0.8486971140375456,86,65,252,0.7692307692307693,0.5813953488372093,0.3412698412698413,2.2540250447227193,0.6576873038953088,73,0.6766159188034188,96,0.39007278211264834,0.5673395257666868,EXPOSED_HISTORY
SPY,CURRENT,YEAR_2003,252,2003-01-02,2003-12-31,8.030766729166287e-09,0.28473706120935566,-0.5160937661553973,1.0109773381515998,7.49613820531301e-05,0.3523059660526825,0.6639566395663956,6,11,252,0.09090909090909091,0.16666666666666666,0.023809523809523808,3.8181818181818183,0.6977594878829446,9,0.6939917695473251,27,0.4992407737505777,0.5127106855844081,EXPOSED_HISTORY
SPY,CURRENT,YEAR_2004,252,2004-01-02,2004-12-31,1.3626587073788757e-09,0.3892077254117426,0.8137866976092469,0.9952388139118149,4.147127175497498e-05,0.18458088405355877,,0,0,252,,,0.0,,0.48,2,0.49418103448275863,20,0.5233000322268773,0.11517041189655085,EXPOSED_HISTORY
SPY,CURRENT,YEAR_2005,252,2005-01-03,2005-12-30,9.625046307109854e-10,0.3638205397594104,0.8738839548209637,0.9983800727509526,3.4204848150865214e-05,0.16574144540508676,,0,0,252,,,0.0,,0.4243641231593039,3,,0,0.48629158004158,0.15983871778086228,EXPOSED_HISTORY
SPY,CURRENT,YEAR_2006,251,2006-01-03,2006-12-29,1.221393631291732e-09,0.43312476448491766,0.8195614758326022,1.003490510768187,3.2292739105291355e-05,0.2079778310113213,,0,0,251,,,0.0,,0.38,1,,0,0.4300662251655629,0.2652111553784861,EXPOSED_HISTORY
SPY,CURRENT,YEAR_2007,251,2007-01-03,2007-12-31,1.6146942040107656e-08,0.6994435843386361,-0.8036874270722136,0.9889018728463305,7.094385381857357e-05,0.2897687252550848,0.8181818181818182,20,15,251,0.3333333333333333,0.25,0.0796812749003984,4.183333333333334,0.5920821114369501,31,0.7035383597883598,27,0.5183576786419266,0.4425725668753557,EXPOSED_HISTORY
SPY,CURRENT,YEAR_2008,253,2008-01-02,2008-12-31,1.1387933882989011e-06,0.5058737050918289,0.15950749775683393,0.9967323671057945,0.0003592555378264894,0.4730734275582406,0.8824905183312263,113,96,253,0.84375,0.7168141592920354,0.44664031620553357,1.889103982300885,0.7689003436426117,97,0.8020050125313283,120,0.5060271539144778,0.6591438915985305,EXPOSED_HISTORY
SPY,CURRENT,YEAR_2009,252,2009-01-02,2009-12-31,1.373604627881617e-07,0.38580336162059753,-0.35978199503234287,1.010639648570123,0.0002028529512695085,0.3306825708380629,0.9107356459330144,76,66,252,0.7878787878787878,0.6842105263157895,0.30158730158730157,2.61244019138756,0.7092095099133121,61,0.6565964523281597,88,0.53640522875817,0.6391456571605542,EXPOSED_HISTORY
SPY,CURRENT,YEAR_2010,252,2010-01-04,2010-12-31,1.636974703528085e-07,0.822746136837129,-2.247445961365796,0.999492516505568,0.00013310448070864134,0.10307302824610914,0.7262254348317145,19,12,252,0.25,0.15789473684210525,0.07539682539682539,3.3157894736842106,0.584586191796818,31,0.6544811320754716,40,0.5738518270197788,0.45991452972225544,EXPOSED_HISTORY
SPY,CURRENT,YEAR_2011,252,2011-01-03,2011-12-30,9.262031744339593e-08,0.6539584501155173,-0.6906897568982264,0.9956687418002182,0.0001443065752176886,0.30889747120783034,0.8560505319148937,64,36,252,0.6944444444444444,0.390625,0.25396825396825395,2.734375,0.7648953301127214,45,0.7766619267685745,58,0.4961734693877551,0.5340782550205728,EXPOSED_HISTORY
SPY,CURRENT,YEAR_2012,250,2012-01-03,2012-12-31,5.161216398163713e-09,0.5195739954114931,0.4665244472100155,1.0026815998148957,5.998757995170004e-05,0.1450868062166846,,0,5,250,0.0,,0.0,,0.29838709677419356,2,,0,0.46076151239285,0.18544155906494503,EXPOSED_HISTORY
SPY,CURRENT,YEAR_2013,252,2013-01-02,2013-12-31,3.124405117144373e-09,0.5583796492108423,0.7565319008555492,1.0292243881186862,3.952722586758031e-05,0.15015101149626234,,0,2,252,0.0,,0.0,,0.6238286479250335,3,0.734412955465587,5,0.42332644186212304,0.302481397579267,EXPOSED_HISTORY
SPY,CURRENT,YEAR_2014,252,2014-01-02,2014-12-31,9.400236973070286e-09,0.6516107436679547,0.2629264207855385,0.9808792584011152,4.558603898019134e-05,0.14472963904161223,0.9071815718157181,6,3,252,0.0,0.0,0.023809523809523808,0.0,0.7725947521865889,7,0.642914979757085,5,0.4479166666666667,0.3964049692440477,EXPOSED_HISTORY
SPY,CURRENT,YEAR_2015,252,2015-01-02,2015-12-31,1.7868196357977336e-07,1.6194789103495044,-2.2138831116941478,0.9789563280908805,9.809878261022678e-05,0.09902438391834348,0.7272727272727273,11,11,252,0.45454545454545453,0.45454545454545453,0.04365079365079365,10.413223140495868,0.45907204828366655,11,0.7163917676251642,31,0.4274198667089813,0.36962558199350165,EXPOSED_HISTORY
SPY,CURRENT,YEAR_2016,252,2016-01-04,2016-12-30,2.3925569892801807e-08,0.6962551114834429,-0.5898175673485488,1.0442147198054543,5.559145897289894e-05,0.2252448983568932,0.8068876729964596,13,11,252,0.2727272727272727,0.23076923076923078,0.051587301587301584,5.286713286713287,0.8023817186997103,13,0.7591899251191286,26,0.43761314113308747,0.48332024808726703,EXPOSED_HISTORY
SPY,CURRENT,YEAR_2017,251,2017-01-03,2017-12-29,5.446329631265813e-10,0.7004878368035375,0.963278878596336,1.0107911281023234,1.876815604428335e-05,0.044026058400075,,0,0,251,,,0.0,,,0,,0,0.49284285054640603,0.0796903813318156,EXPOSED_HISTORY
SPY,CURRENT,YEAR_2018,251,2018-01-02,2018-12-31,1.8478353118453162e-08,0.657459104928061,-0.21031651722722633,0.9720855424914925,6.618950917660385e-05,0.4207277336319772,0.863156392694064,32,25,251,0.52,0.40625,0.12749003984063745,4.07875,0.6649578491683755,42,0.7322388059701492,50,0.464028314028314,0.6470848036425726,EXPOSED_HISTORY
SPY,CURRENT,YEAR_2019,252,2019-01-02,2019-12-31,4.387571994369041e-09,0.8548874665009583,0.4604663958127987,1.0389955594474147,4.0460824046415315e-05,0.30983093004080386,,0,8,252,0.0,,0.0,,0.4223790322580645,4,0.6040485829959514,5,0.5007591861524445,0.322331978316735,EXPOSED_HISTORY
SPY,CURRENT,YEAR_2020,253,2020-01-02,2020-12-31,1.333507778720614e-06,1.274236110627033,-0.028610794283882024,0.9976450399427228,0.00026253700687977265,0.4589949276760251,0.8136185072020952,79,68,253,0.6911764705882353,0.5949367088607594,0.31225296442687744,2.2135145197319437,0.6927310850952297,59,0.6890165203923593,104,0.4955229955229955,0.5855871276959946,EXPOSED_HISTORY
SPY,CURRENT,YEAR_2021,252,2021-01-04,2021-12-31,7.059631949981296e-09,0.8880640143835677,0.2493420685751392,1.0217221079309258,4.9829306604185956e-05,0.26258819774524855,0.6372155287817939,3,9,252,0.0,0.0,0.011904761904761904,0.0,0.4966532797858099,3,0.6352422907488987,25,0.43761755485893417,0.43629359842767085,EXPOSED_HISTORY
SPY,CURRENT,YEAR_2022,251,2022-01-03,2022-12-30,4.647574265894394e-08,0.5401710653581439,-1.298517146024429,0.9923231220145062,0.00018518727162288525,0.14389969697032515,0.6906866614048934,70,55,251,0.41818181818181815,0.32857142857142857,0.2788844621513944,1.4994805194805194,0.4816118935837246,71,0.4919944789510007,90,0.4114311201733146,0.1580906848795295,EXPOSED_HISTORY
SPY,CURRENT,YEAR_2023,250,2023-01-03,2023-12-29,3.866726226660751e-09,0.5777960483364756,0.5175242657268451,1.0259205556487077,4.837040064323088e-05,0.28001214420302983,0.28112449799196787,1,6,250,0.0,0.0,0.004,0.0,0.46040816326530615,5,0.6821581196581197,16,0.5016111707841031,0.37277434838957424,EXPOSED_HISTORY
SPY,CURRENT,YEAR_2024,252,2024-01-02,2024-12-31,2.0314189157682972e-08,0.7778205264279657,-0.6722882823764822,0.9882313916807707,5.9553384155591124e-05,0.13267493695191984,0.8372469635627531,5,7,252,0.14285714285714285,0.2,0.01984126984126984,7.2,0.6664723032069971,7,0.6012825348924934,11,0.5105810987798993,0.30208921513269343,EXPOSED_HISTORY
SPY,CURRENT,YEAR_2025,250,2025-01-02,2025-12-31,1.1357366072280972e-07,0.8823773758985548,-0.4152434487051675,1.0066540399181458,8.511467543414697e-05,0.3739959200526544,0.8945726762320648,21,21,250,0.5238095238095238,0.5238095238095238,0.084,6.235827664399093,0.7916406737367436,21,0.5899725274725275,42,0.44675288937809576,0.505042960687371,EXPOSED_HISTORY
SPY,CURRENT,YEAR_2026,159,2026-01-02,2026-08-20,9.52417773002622e-09,0.7070957595935966,-0.46003173222241367,1.004344088031551,7.005380368281274e-05,0.1435051702026904,,0,7,159,0.0,,0.0,,,0,,0,0.42343499197431783,0.39302901839025556,EXPOSED_HISTORY
SPY,CURRENT,EX_GFC,7142,1995-04-03,2026-08-20,9.522714063130286e-08,0.6658388239980505,-0.32959523186754325,0.9999783183889898,7.482082828330513e-05,0.4013256250247338,0.7982462287570006,985,629,6890,0.548489666136725,0.3758169934640523,0.1332365747460087,4.116659912507664,0.7107671730730997,793,0.7493237011179984,988,0.5087184401887737,0.5737506408373324,EXPOSED_HISTORY
SPY,CURRENT,EX_COVID,7805,1995-04-03,2026-08-20,8.66141646538073e-08,0.6461123196651589,-0.21512464225168393,0.999363592451528,7.761936774811725e-05,0.43129630055467216,0.8119242333752902,1134,754,7553,0.5875331564986738,0.41518275538894095,0.14126837018403282,4.158985877258185,0.7217634935147449,940,0.7593457357139731,1163,0.5159215345934425,0.5906777096464062,EXPOSED_HISTORY
SPY,CURRENT,EX_2022,7647,1995-04-03,2026-08-20,1.3014636763380094e-07,0.6565459366777564,-0.13489000257971884,1.0003370493977206,7.919820594813968e-05,0.455254637944157,0.8172827274745862,1124,751,7395,0.6125166444740346,0.43519394512771997,0.1429344151453685,4.285298567535937,0.7293673783866232,911,0.767848921231777,1133,0.5140318684460743,0.5910384129411971,EXPOSED_HISTORY
SPY,CURRENT,EX_ALL_THREE,6798,1995-04-03,2026-08-20,4.9658090232607426e-08,0.6629236368632025,-0.8674339320072153,0.9996753060978213,7.903323660224752e-05,0.27089456814456037,0.7905982073361653,855,522,6546,0.5402298850574713,0.35786802030456855,0.12037885731744577,4.4877472431297045,0.7052239774628387,680,0.7444514744277683,838,0.5057762495696955,0.5530386295396403,EXPOSED_HISTORY
SPY,CURRENT,COMMON_ALL,6364,2001-05-01,2026-08-20,1.4838830023159646e-07,0.6678814526672111,-0.12079120831865664,1.0005617809416334,7.944836562139868e-05,0.4614470932470232,0.897513740843186,641,552,6364,0.5887681159420289,0.5070202808112324,0.10072281583909491,5.845429469352687,0.7772248556218034,634,0.783071889942119,917,0.5154567620232985,0.6057435094742469,EXPOSED_HISTORY
SPY,EWMA,ALL,7898,1995-04-03,2026-08-20,7.311341601590166e-08,0.27869557404460094,0.3453055700373958,0.9997018813816703,2.680935472518744e-05,0.8186958140746908,0.816345050631039,1194,930,7646,0.5913978494623656,0.4880212954747116,0.14739733193826837,4.012269704515748,0.7531188931124616,982,0.7721707228188803,1223,0.5175298590099179,0.6539944645210409,EXPOSED_HISTORY
SPY,EWMA,PRE2000,1200,1995-04-03,1999-12-31,1.4719882838954987e-08,0.20329318656731393,0.38392181966775596,0.9861628631632304,2.8142495576871613e-05,0.7929741298887271,0.601213422719679,413,257,948,0.5603112840466926,0.4161849710982659,0.3649789029535865,1.5351881424169498,0.5515649586169764,253,0.6466856357826819,193,0.5125007407407407,0.4838094332009953,EXPOSED_HISTORY
SPY,EWMA,2000_2009,2515,2000-01-03,2009-12-31,8.601062960360539e-08,0.18179835655879087,0.4957161134338113,1.002420958590744,2.3004585206635394e-05,0.8843462344875318,0.9044652559366979,457,434,2515,0.6658986175115207,0.6323851203501094,0.18170974155069583,3.6646280591717164,0.7934632262594348,405,0.8107341211481565,522,0.527447337858546,0.769764499389222,EXPOSED_HISTORY
SPY,EWMA,2010_2019,2516,2010-01-04,2019-12-31,1.804912977267632e-08,0.35124422119447224,0.2766716157073892,1.003742410270503,2.5454633062822295e-05,0.7144483994138088,0.8516034264605361,145,102,2516,0.5294117647058824,0.3724137931034483,0.05763116057233704,9.186206896551726,0.7517715077141108,158,0.7684055273994298,220,0.4911578361300147,0.5766543156420815,EXPOSED_HISTORY
SPY,EWMA,2020_2022,756,2020-01-02,2022-12-30,3.6442388634876586e-07,0.4465903052205711,0.17867362876839954,0.9855134269345533,8.358009133606678e-05,0.6840654860568468,0.7831234750784245,152,106,756,0.5,0.34868421052631576,0.20105820105820105,2.486842105263158,0.6886035313001605,133,0.6535122403340051,219,0.4926261786914267,0.5805497614958103,EXPOSED_HISTORY
SPY,EWMA,2023_PLUS,911,2023-01-03,2026-08-20,2.4756419589524858e-08,0.30582900318998724,0.1380278237050826,1.0310128935059903,3.766085083126435e-05,0.5610102471916956,0.8342969666499078,27,31,911,0.3225806451612903,0.37037037037037035,0.029637760702524697,10.884109916367981,0.7059432594740112,33,0.6407793727839168,69,0.4537315563531799,0.2777540617566038,EXPOSED_HISTORY
SPY,EWMA,2020_PLUS,1667,2020-01-02,2026-08-20,1.7879877404062636e-07,0.36966556247920224,0.17573261760978054,0.9989634476459558,4.9148568126418825e-05,0.7031197576039678,0.8525372439478585,179,137,1667,0.45985401459854014,0.35195530726256985,0.10737852429514097,4.282551074501488,0.76404886702038,166,0.7005604906937394,288,0.483009840209443,0.524797809315472,EXPOSED_HISTORY
SPY,EWMA,DOTCOM,752,2000-01-03,2002-12-31,5.211060905090794e-08,0.23996515920097308,0.2414577433449966,0.9969675505550794,9.128574915654796e-05,0.6056056001193315,0.7534030140982013,242,235,752,0.5829787234042553,0.5661157024793388,0.32180851063829785,1.8115702479338842,0.5863965110924506,201,0.6691324869791667,240,0.39450978708791207,0.5361981825933086,EXPOSED_HISTORY
SPY,EWMA,GFC,756,2007-01-03,2009-12-31,2.3332831309246294e-07,0.2606369714963426,0.5238916197263757,0.9967269745628785,4.473338262783055e-05,0.8793298846216165,0.8939845875283189,209,199,756,0.7638190954773869,0.7272727272727273,0.27645502645502645,2.7629054362722703,0.7494471039444585,189,0.7547841711928779,235,0.5291837022416467,0.7228235685548012,EXPOSED_HISTORY
SPY,EWMA,2011,252,2011-01-03,2011-12-30,3.900919507818444e-08,0.30370207000547417,0.2879267922630758,0.9532757355341173,5.7280129518858624e-05,0.760689787436147,0.882563164893617,64,51,252,0.7254901960784313,0.578125,0.25396825396825395,2.8566176470588234,0.7733762748255502,45,0.7617312477781728,58,0.4871811224489796,0.5675217443795306,EXPOSED_HISTORY
SPY,EWMA,2015_2016,504,2015-01-02,2016-12-30,3.396885517788338e-08,0.5677896041376832,0.03833828262886785,1.0291995768465383,5.416700637967268e-05,0.3910971946124977,0.6885416666666667,24,18,504,0.2777777777777778,0.20833333333333334,0.047619047619047616,5.833333333333334,0.6276041666666666,24,0.6972016170179364,57,0.41551668286362164,0.4711681818565271,EXPOSED_HISTORY
SPY,EWMA,2018Q4,63,2018-10-01,2018-12-31,2.4009956574044645e-08,0.6557404449714181,0.07661674249999118,0.6519121403812349,0.00015452077275065194,0.49332980734597676,0.6465116279069767,20,3,63,0.0,0.0,0.31746031746031744,0.0,0.42190669371196754,29,0.32963709677419356,31,0.2905263157894737,0.01550499231950845,EXPOSED_HISTORY
SPY,EWMA,COVID,93,2020-02-19,2020-06-30,2.8734751565277678e-06,1.3179041456324772,0.1794438412257352,0.9631962762090899,0.0007940825730468512,0.2832252316480646,0.6651515151515152,60,86,93,0.6162790697674418,0.8833333333333333,0.6451612903225806,0.9552325581395349,0.4304388422035481,42,0.5252525252525253,60,0.3151969981238274,0.05445972964101339,EXPOSED_HISTORY
SPY,EWMA,2022,251,2022-01-03,2022-12-30,1.7724256560878698e-08,0.2080233189039821,0.12342427952841706,0.9631020825076555,0.000183244163300626,0.15760464619984302,0.5393843725335438,70,19,251,0.0,0.0,0.2788844621513944,0.0,0.4139280125195618,71,0.4285024154589372,90,0.32477379890403973,0.023325365205843294,EXPOSED_HISTORY
SPY,EWMA,2025_SPRING,82,2025-02-03,2025-05-30,2.3388819925190576e-07,0.8830731976737594,-0.035316171011078534,0.9137989284595327,0.00027190531778353714,0.1037930913169261,0.6510538641686182,21,31,82,0.3225806451612903,0.47619047619047616,0.25609756097560976,1.2596006144393241,0.4453125,18,0.265158371040724,17,0.20972644376899696,0.25743080723979933,EXPOSED_HISTORY
SPY,EWMA,YEAR_1995,189,1995-04-03,1995-12-29,3.624870065058942e-10,0.15698121995027534,-0.14158858471843305,0.9783686305185146,3.259047122257472e-05,-0.048293097572714536,0.5148780487804878,25,0,0,,,,,0.37988826815642457,10,,0,0.5620437956204379,-0.32425389715423314,EXPOSED_HISTORY
SPY,EWMA,YEAR_1996,254,1996-01-02,1996-12-31,6.561504296784346e-09,0.3276515070416271,0.20916649765893025,0.9433763688396435,6.88895367524841e-05,0.21893689961367088,0.5814461288913844,117,41,191,0.6341463414634146,0.3466666666666667,0.39267015706806285,1.6149593495934957,0.4729469714461633,71,0.49205607476635516,40,0.5241053517116417,0.09038037299511008,EXPOSED_HISTORY
SPY,EWMA,YEAR_1997,253,1997-01-02,1997-12-31,2.2027906519646094e-08,0.19737204164448977,0.24418842159829113,0.9765417673078918,0.00010289832389004071,0.31576670987639477,0.48692933083176987,130,120,253,0.5,0.46153846153846156,0.5138339920948617,0.9730769230769231,0.42355889724310775,63,0.5464743589743589,45,0.43381870654597926,0.03825707557306326,EXPOSED_HISTORY
SPY,EWMA,YEAR_1998,252,1998-01-02,1998-12-31,3.490542506313614e-08,0.20640807594842656,0.47541613101992164,1.0001758694087501,3.678835225916785e-05,0.8153610026674388,0.7509106192210703,86,82,252,0.6463414634146342,0.6162790697674418,0.3412698412698413,1.893930799773114,0.614685908319185,62,0.6449070176781204,73,0.4466809126628524,0.49740957120136053,EXPOSED_HISTORY
SPY,EWMA,YEAR_1999,252,1999-01-04,1999-12-31,6.1884912926681564e-09,0.11551162240691266,0.3398982959502743,1.0027242989148202,0.00012058452614729169,0.22204708655715735,0.5777572681125981,55,14,252,0.35714285714285715,0.09090909090909091,0.21825396825396826,1.6363636363636365,0.45033731188375714,47,0.5021724818959842,35,0.46692756784499906,0.12335300244532879,EXPOSED_HISTORY
SPY,EWMA,YEAR_2000,252,2000-01-03,2000-12-29,1.9044982732021103e-08,0.1693735894738819,0.42376973577977173,0.9525806110215441,6.784124728474191e-05,0.7070923344869355,0.7256578947368421,100,75,252,0.6133333333333333,0.46,0.3968253968253968,1.5455999999999999,0.6301412872841444,70,0.6764469159288797,79,0.46887677484787016,0.4594803545089358,EXPOSED_HISTORY
SPY,EWMA,YEAR_2001,248,2001-01-02,2001-12-31,1.1103988623892916e-07,0.42096409328494194,0.05124607613740528,1.0586981847015706,0.00013796051254125717,0.37405420627477176,0.7012648809523809,56,74,248,0.40540540540540543,0.5357142857142857,0.22580645161290322,1.7953667953667956,0.4398366606170599,58,0.5889029003783102,65,0.3338544720213667,0.5379076709082641,EXPOSED_HISTORY
SPY,EWMA,YEAR_2002,252,2002-01-02,2002-12-31,2.7182343533964387e-08,0.1324307937978092,0.5212165301748479,0.978717093815127,5.193070521300075e-05,0.8135743390806962,0.8285233959092183,86,86,252,0.7093023255813954,0.7093023255813954,0.3412698412698413,2.0784207679826934,0.6295247570215046,73,0.6892361111111112,96,0.34850173759097763,0.5788537924342533,EXPOSED_HISTORY
SPY,EWMA,YEAR_2003,252,2003-01-02,2003-12-31,1.7649454274829333e-09,0.058246470562787575,0.6668035754925808,1.0839945351532907,-7.631883816320682e-06,0.9829833265338589,0.940379403794038,6,0,252,,0.0,0.023809523809523808,,0.7133058984910837,9,0.7367901234567901,27,0.5154155938469664,0.7407599041065177,EXPOSED_HISTORY
SPY,EWMA,YEAR_2004,252,2004-01-02,2004-12-31,4.014508351047567e-10,0.07079608193404291,0.9451399786699508,1.0042895117163955,1.5621576805244615e-05,0.6895555286693658,,0,0,252,,,0.0,,0.612,2,0.6058189655172413,20,0.4719303899452143,0.10143577768729337,EXPOSED_HISTORY
SPY,EWMA,YEAR_2005,252,2005-01-03,2005-12-30,3.1208342587094987e-10,0.08242068037775932,0.9591080123867087,0.9996863395779877,1.8487885607005943e-05,0.5491063357330818,,0,0,252,,,0.0,,0.6291834002677377,3,,0,0.4019620582120582,0.13228321421635125,EXPOSED_HISTORY
SPY,EWMA,YEAR_2006,251,2006-01-03,2006-12-29,4.3336202147889155e-10,0.10533379239281151,0.9359787036852706,1.013579574671561,1.3060126487010495e-05,0.6708666231281781,,0,0,251,,,0.0,,0.248,1,,0,0.49973509933774835,0.24052817302219692,EXPOSED_HISTORY
SPY,EWMA,YEAR_2007,251,2007-01-03,2007-12-31,7.210130520999849e-09,0.30739870058480134,0.1945953768847274,0.919458795721434,3.448539576356796e-05,0.7104151651085513,0.7551948051948052,20,2,251,0.0,0.0,0.0796812749003984,0.0,0.5624633431085044,31,0.558531746031746,27,0.5292801684432162,0.46387175109087464,EXPOSED_HISTORY
SPY,EWMA,YEAR_2008,253,2008-01-02,2008-12-31,6.662484760240314e-07,0.3678246865422621,0.5082717774067756,0.9172712623073378,0.00016128054520800998,0.831545671829732,0.8447534766118837,113,104,253,0.75,0.6902654867256637,0.44664031620553357,1.679203539823009,0.7401533174729051,97,0.750375939849624,120,0.4348432939982236,0.6606637115024654,EXPOSED_HISTORY
SPY,EWMA,YEAR_2009,252,2009-01-02,2009-12-31,2.3911101202583643e-08,0.10644774170340297,0.7632951707012476,1.1998321197006747,-1.2470921229219145e-05,0.8675645041793254,0.9955143540669856,76,93,252,0.7956989247311828,0.9736842105263158,0.30158730158730157,2.6383701188455007,0.7875718822418677,61,0.6881236141906873,88,0.5813725490196079,0.7439326076083396,EXPOSED_HISTORY
SPY,EWMA,YEAR_2010,252,2010-01-04,2010-12-31,5.122050260193858e-08,0.4492645856660932,-0.01611719445203974,1.0138151435964844,7.989063014339712e-05,0.45533363590834375,0.7702733227919585,19,27,252,0.4444444444444444,0.631578947368421,0.07539682539682539,5.894736842105263,0.7347832433221427,31,0.6331367924528302,40,0.5830372108615488,0.5754988703195875,EXPOSED_HISTORY
SPY,EWMA,YEAR_2011,252,2011-01-03,2011-12-30,3.900919507818444e-08,0.30370207000547417,0.2879267922630758,0.9532757355341173,5.7280129518858624e-05,0.760689787436147,0.882563164893617,64,51,252,0.7254901960784313,0.578125,0.25396825396825395,2.8566176470588234,0.7733762748255502,45,0.7617312477781728,58,0.4871811224489796,0.5675217443795306,EXPOSED_HISTORY
SPY,EWMA,YEAR_2012,250,2012-01-03,2012-12-31,2.026408692255123e-09,0.1551855748605431,0.7905455974169482,1.1118982753406859,4.9065260306551927e-05,0.2707662316314242,,0,0,250,,,0.0,,0.4334677419354839,2,,0,0.34819589341484486,0.2111069937118994,EXPOSED_HISTORY
SPY,EWMA,YEAR_2013,252,2013-01-02,2013-12-31,1.0251606770962293e-09,0.18431185454541832,0.9201147380022282,1.0772356898474318,2.0532161333289968e-05,0.5206203346730541,,0,0,252,,,0.0,,0.8982597054886211,3,0.9044534412955466,5,0.39452484494189777,0.045080734843423224,EXPOSED_HISTORY
SPY,EWMA,YEAR_2014,252,2014-01-02,2014-12-31,3.5076708484973317e-09,0.31546608247306956,0.7249631563103336,0.9066985410138447,3.687601498508857e-05,0.337384101972314,0.7655826558265583,6,0,252,,0.0,0.023809523809523808,,0.570262390670554,7,0.6291497975708502,5,0.39797008547008544,0.21640372445846204,EXPOSED_HISTORY
SPY,EWMA,YEAR_2015,252,2015-01-02,2015-12-31,5.9508053152937363e-08,0.7401249494645092,-0.07034825007750589,0.9891338608493919,8.026298141659592e-05,0.26399868142202937,0.6914371935118823,11,18,252,0.2777777777777778,0.45454545454545453,0.04365079365079365,6.363636363636364,0.4892493398717465,11,0.7336155305794775,31,0.4265312599174865,0.5098469288665027,EXPOSED_HISTORY
SPY,EWMA,YEAR_2016,252,2016-01-04,2016-12-30,8.429657202829384e-09,0.3954542588108572,0.43986215718872523,1.0890762548167616,1.7771420799000537e-05,0.6937170883671295,0.69327325394271,13,0,252,,0.0,0.051587301587301584,,0.7347924042484711,13,0.65571817562968,26,0.3795507877975193,0.3852963826980803,EXPOSED_HISTORY
SPY,EWMA,YEAR_2017,251,2017-01-03,2017-12-29,1.4897173301841308e-10,0.16809544798095807,0.98995578772449,1.0162311570193407,2.0068950928168387e-05,-0.021376191524834293,,0,0,251,,,0.0,,,0,,0,0.46421425273203015,-0.044806678049705936,EXPOSED_HISTORY
SPY,EWMA,YEAR_2018,251,2018-01-02,2018-12-31,1.116127692015553e-08,0.46801412309010393,0.26894579169390376,0.8187809146938272,2.5252688207189046e-05,0.9459364739059974,0.7395833333333334,32,3,251,0.0,0.0,0.12749003984063745,0.0,0.643654591023012,42,0.6317412935323383,50,0.5117760617760618,0.5766291026370708,EXPOSED_HISTORY
SPY,EWMA,YEAR_2019,252,2019-01-02,2019-12-31,4.228871244243573e-09,0.33100383582553045,0.47998160554891134,1.3218664041443997,4.205655512359985e-05,0.22329786214836908,,0,3,252,0.0,,0.0,,0.16532258064516128,4,0.5327935222672064,5,0.43448223504403277,0.3600264854378834,EXPOSED_HISTORY
SPY,EWMA,YEAR_2020,253,2020-01-02,2020-12-31,1.067857014897602e-06,0.7971175376453706,0.17630082868412922,0.9862335067763877,0.0001867011510490219,0.6230773555721705,0.7626946020660555,79,87,253,0.6091954022988506,0.6708860759493671,0.31225296442687744,1.950967554197585,0.6386510571378647,59,0.6621063500258131,104,0.47883597883597884,0.4976702516928467,EXPOSED_HISTORY
SPY,EWMA,YEAR_2021,252,2021-01-04,2021-12-31,3.5231941023540292e-09,0.33229238364116453,0.6253751448206373,1.051186298171954,3.6631597114099006e-05,0.43959012783915724,0.9076305220883534,3,0,252,,0.0,0.011904761904761904,,0.3654618473895582,3,0.2872246696035242,25,0.40780215952629745,0.29638794717609895,EXPOSED_HISTORY
SPY,EWMA,YEAR_2022,251,2022-01-03,2022-12-30,1.7724256560878698e-08,0.2080233189039821,0.12342427952841706,0.9631020825076555,0.000183244163300626,0.15760464619984302,0.5393843725335438,70,19,251,0.0,0.0,0.2788844621513944,0.0,0.4139280125195618,71,0.4285024154589372,90,0.32477379890403973,0.023325365205843294,EXPOSED_HISTORY
SPY,EWMA,YEAR_2023,250,2023-01-03,2023-12-29,1.6182998321559389e-09,0.10871407268600121,0.7980745586770338,1.1591120018871528,1.6332296911487633e-05,0.6551104017163607,0.7349397590361446,1,0,250,,0.0,0.004,,0.6179591836734694,5,0.8918269230769231,16,0.44360902255639095,0.5027051312821005,EXPOSED_HISTORY
SPY,EWMA,YEAR_2024,252,2024-01-02,2024-12-31,7.399754609211223e-09,0.34407144904156156,0.39084337408736003,0.9590123845680515,5.476364926677119e-05,0.2095864255358526,0.682591093117409,5,0,252,,0.0,0.01984126984126984,,0.5014577259475219,7,0.3798566578649566,11,0.4551595781346936,0.05814723413891958,EXPOSED_HISTORY
SPY,EWMA,YEAR_2025,250,2025-01-02,2025-12-31,7.903186362879731e-08,0.4946486734074328,0.015182512144277682,1.0161284032824451,6.396104124961124e-05,0.523012075037402,0.8654605947182367,21,31,250,0.3225806451612903,0.47619047619047616,0.084,3.840245775729646,0.7327926803909337,21,0.5228937728937729,42,0.4489543203082003,0.3236215619449911,EXPOSED_HISTORY
SPY,EWMA,YEAR_2026,159,2026-01-02,2026-08-20,3.3070391150792973e-09,0.2582611963789077,0.49303948492116056,0.9985986945600527,5.973060773966703e-05,0.2706298422392666,,0,0,159,,,0.0,,,0,,0,0.3797752808988764,0.15023883448770003,EXPOSED_HISTORY
SPY,EWMA,EX_GFC,7142,1995-04-03,2026-08-20,5.615423620774144e-08,0.2806071259245342,0.21595456698577054,1.0006141971026168,3.370725067405364e-05,0.7298412667207603,0.8008884279294172,985,731,6890,0.5444596443228454,0.4335511982570806,0.1332365747460087,4.086412798893688,0.7438104758581199,793,0.7619238795345906,988,0.5113467513005465,0.6318689481884785,EXPOSED_HISTORY
SPY,EWMA,EX_COVID,7805,1995-04-03,2026-08-20,3.974587701941178e-08,0.26631294788730786,0.4423984253934704,1.0031837131860113,1.791264135199556e-05,0.8659369329439792,0.8122391080718168,1134,844,7553,0.5888625592417062,0.46579194001874413,0.14126837018403282,4.168396354219875,0.7503454153817545,940,0.7664278725523473,1163,0.5180722621654156,0.6469620085446808,EXPOSED_HISTORY
SPY,EWMA,EX_2022,7647,1995-04-03,2026-08-20,7.493147264244943e-08,0.281015272755245,0.34658968416414204,1.0014864925839735,2.6093615214415184e-05,0.8193540832025294,0.8201143449158548,1124,911,7395,0.6037321624588364,0.5203405865657521,0.1429344151453685,4.223840436502455,0.7565525993987449,911,0.7753963829958477,1133,0.5152832980840582,0.6446049120691866,EXPOSED_HISTORY
SPY,EWMA,EX_ALL_THREE,6798,1995-04-03,2026-08-20,1.9030829220627593e-08,0.2690963746343488,0.28432978243093543,1.0085322799663865,2.6382895737081143e-05,0.7501797282576037,0.7971583847722958,855,626,6546,0.5511182108626198,0.43781725888324874,0.12037885731744577,4.5781977262775495,0.7399556275599485,680,0.7534528119043424,838,0.5078726455453006,0.6077929212765087,EXPOSED_HISTORY
SPY,EWMA,COMMON_ALL,6364,2001-05-01,2026-08-20,8.702852958560524e-08,0.2989988650382832,0.34266508424040165,1.0042144512705617,2.6166687119196142e-05,0.8192577636790209,0.8952920898593764,641,562,6364,0.603202846975089,0.5288611544461779,0.10072281583909491,5.988740901949245,0.7978490539030285,634,0.7867966899831208,917,0.5123955046159274,0.6529840452961496,EXPOSED_HISTORY
SPY,GARCH,ALL,7898,1995-04-03,2026-08-20,6.754953845687701e-08,0.2624287740648379,0.3951273379889181,1.0229142773936395,2.519218846420556e-05,0.8108234781771744,0.7990849234238016,1194,1073,7646,0.5834109972041006,0.5554569653948536,0.14739733193826837,3.958083837287093,0.7414934995329464,982,0.7741343353514566,1223,0.5143129247967395,0.6461283733985018,EXPOSED_HISTORY
SPY,GARCH,PRE2000,1200,1995-04-03,1999-12-31,1.4250053893024466e-08,0.23634898426014372,0.4035857915378501,0.8982652899002392,3.0264311919627324e-05,0.8522711059160889,0.5868640222009593,413,363,948,0.5041322314049587,0.5289017341040463,0.3649789029535865,1.3812640328667654,0.5462642586741572,253,0.6599708774330979,193,0.5087259259259259,0.48272527272588384,EXPOSED_HISTORY
SPY,GARCH,2000_2009,2515,2000-01-03,2009-12-31,8.426047390884552e-08,0.18141136100615732,0.5059773488173558,1.018245333866056,2.391565111448706e-05,0.8661877916435745,0.9077028748354609,457,439,2515,0.6879271070615034,0.6608315098468271,0.18170974155069583,3.785857055272825,0.7919618512667486,405,0.8006788126257995,522,0.5306201540537587,0.7630700258760621,EXPOSED_HISTORY
SPY,GARCH,2010_2019,2516,2010-01-04,2019-12-31,1.7340875606435468e-08,0.3214093861506756,0.30505527454234593,1.086579195137278,1.9139894430165004e-05,0.7245656621286265,0.8824473887054786,145,112,2516,0.48214285714285715,0.3724137931034483,0.05763116057233704,8.366009852216749,0.7704099161486349,158,0.7843700506810263,220,0.47281880657787495,0.5519526894035224,EXPOSED_HISTORY
SPY,GARCH,2020_2022,756,2020-01-02,2022-12-30,3.072753207293039e-07,0.38119861354670964,0.30747315530767483,1.0054122840160753,6.221363942346453e-05,0.7533772070388286,0.8318338271174626,152,135,756,0.5555555555555556,0.4934210526315789,0.20105820105820105,2.7631578947368425,0.7317008411880424,133,0.6939618887273283,219,0.519339571516312,0.6311557805692023,EXPOSED_HISTORY
SPY,GARCH,2023_PLUS,911,2023-01-03,2026-08-20,3.135160557946599e-08,0.25899224602087695,-0.09160420366711208,1.1540242097643776,5.019428090911933e-05,0.37963187783252,0.9156611362493715,27,24,911,0.5,0.4444444444444444,0.029637760702524697,16.87037037037037,0.7647200938772692,33,0.6654790182106096,69,0.44732280333234764,0.37757166283944255,EXPOSED_HISTORY
SPY,GARCH,2020_PLUS,1667,2020-01-02,2026-08-20,1.5648557597735287e-07,0.3144139699858016,0.27859708890749735,1.0493432051871576,3.8198523773325834e-05,0.7325503025332265,0.8839618249534451,179,159,1667,0.5471698113207547,0.4860335195530726,0.10737852429514097,5.095709918836302,0.7884502701010572,166,0.7241660623640319,288,0.4865562276187897,0.5702586973601678,EXPOSED_HISTORY
SPY,GARCH,DOTCOM,752,2000-01-03,2002-12-31,5.279398482347692e-08,0.2470310959199257,0.2315102602871527,1.030388809047696,8.565736092660933e-05,0.6096722501234481,0.7559714795008913,242,259,752,0.6061776061776062,0.6487603305785123,0.32180851063829785,1.8836593382047928,0.5758142138671434,201,0.6509847005208333,240,0.3899167239010989,0.503538527421323,EXPOSED_HISTORY
SPY,GARCH,GFC,756,2007-01-03,2009-12-31,2.2685816849568718e-07,0.24848952378031647,0.5370940040546176,0.98360584654954,5.925118099854223e-05,0.8502952863215311,0.8964425356227531,209,180,756,0.8055555555555556,0.69377990430622,0.27645502645502645,2.9138755980861246,0.7415712512714276,189,0.7418875321599215,235,0.5258776258282815,0.7065435173809989,EXPOSED_HISTORY
SPY,GARCH,2011,252,2011-01-03,2011-12-30,3.863847076326193e-08,0.2428331527536526,0.2946939878328345,1.030132901481453,6.583034610960468e-05,0.6641082619631448,0.8985206117021277,64,62,252,0.6451612903225806,0.625,0.25396825396825395,2.5403225806451615,0.7837895866881374,45,0.7995911837895485,58,0.5015306122448979,0.5910564405281191,EXPOSED_HISTORY
SPY,GARCH,2015_2016,504,2015-01-02,2016-12-30,3.189223220314292e-08,0.5627824349589948,0.09712768856449916,1.0297744339727244,4.0519561449895144e-05,0.53706289487007,0.6330729166666667,24,13,504,0.38461538461538464,0.20833333333333334,0.047619047619047616,8.076923076923078,0.5965277777777778,24,0.6975940970995722,57,0.37821509556203436,0.4519730274646324,EXPOSED_HISTORY
SPY,GARCH,2018Q4,63,2018-10-01,2018-12-31,2.2358668093427984e-08,0.5111257479538811,0.1401225689933372,0.8253093774486242,0.00016830836680519566,0.3163371760006715,0.6651162790697674,20,4,63,0.25,0.05,0.31746031746031744,0.7875000000000001,0.3103448275862069,29,0.31350806451612906,31,0.2326315789473684,0.004320276497695853,EXPOSED_HISTORY
SPY,GARCH,COVID,93,2020-02-19,2020-06-30,2.4110506059414652e-06,0.8588564654167823,0.3114948569061784,0.9324790780471797,0.0005065744316596597,0.5749119521718458,0.7696969696969697,60,66,93,0.7272727272727273,0.8,0.6451612903225806,1.1272727272727274,0.5429505135387488,42,0.6292929292929293,60,0.44136960600375236,0.37016203634627437,EXPOSED_HISTORY
SPY,GARCH,2022,251,2022-01-03,2022-12-30,1.958308083903972e-08,0.17937253109846116,0.0314937534009907,1.1215315103807306,0.0001355678592978109,0.33211376703675904,0.6692186266771902,70,67,251,0.40298507462686567,0.38571428571428573,0.2788844621513944,1.44498933901919,0.5469483568075117,71,0.527536231884058,90,0.4337963552950172,0.15405653576171505,EXPOSED_HISTORY
SPY,GARCH,2025_SPRING,82,2025-02-03,2025-05-30,3.128869579409819e-07,0.7190944995598878,-0.38500757323746093,1.1586335302591004,0.00023792730867385777,0.17948423803457303,0.7002341920374707,21,24,82,0.5,0.5714285714285714,0.25609756097560976,1.9523809523809523,0.5034722222222222,18,0.3565610859728507,17,0.25775075987841944,0.3866849511868613,EXPOSED_HISTORY
SPY,GARCH,YEAR_1995,189,1995-04-03,1995-12-29,2.9373160878264203e-10,0.12383682458446356,0.07494435513844466,1.0281652107874188,-1.785705184918771e-05,1.5306985233352814,0.6751219512195122,25,0,0,,,,,0.4100558659217877,10,,0,0.5296181920269512,-0.2541140084253186,EXPOSED_HISTORY
SPY,GARCH,YEAR_1996,254,1996-01-02,1996-12-31,7.086499066463039e-09,0.4575679673429405,0.14589084719273815,0.5983480165273745,6.520592972053215e-05,0.41609091019902744,0.5266080229583879,117,56,191,0.5178571428571429,0.38666666666666666,0.39267015706806285,1.3188095238095239,0.44593242515200493,71,0.55,40,0.48773700899501715,0.07095401728585368,EXPOSED_HISTORY
SPY,GARCH,YEAR_1997,253,1997-01-02,1997-12-31,2.4314291013849815e-08,0.2523035378938569,0.16573902960291098,0.986527919843843,0.0001160561571851702,0.22292099466703205,0.47354596622889306,130,211,253,0.46919431279620855,0.7615384615384615,0.5138339920948617,0.913124316441852,0.3806182121971596,63,0.5052350427350427,45,0.42502951593860683,-0.06640671892298049,EXPOSED_HISTORY
SPY,GARCH,YEAR_1998,252,1998-01-02,1998-12-31,3.056937906807573e-08,0.21009179518179938,0.5405813533327881,0.9374971706393797,7.273988151505955e-06,1.0277583564380661,0.7612776688147941,86,91,252,0.6043956043956044,0.6395348837209303,0.3412698412698413,1.771019677996422,0.6296264855687607,62,0.6609780362745848,73,0.44247604604673607,0.4540910328195969,EXPOSED_HISTORY
SPY,GARCH,YEAR_1999,252,1999-01-04,1999-12-31,5.5142042977330995e-09,0.10799773844302689,0.4118218025572129,0.9124989702479914,6.760628784721944e-05,0.6182759343430693,0.6358098754037841,55,5,252,0.0,0.0,0.21825396825396826,0.0,0.45137519460300984,47,0.5814351547070441,35,0.4432539937127093,0.24772133000090737,EXPOSED_HISTORY
SPY,GARCH,YEAR_2000,252,2000-01-03,2000-12-29,2.1972885282000764e-08,0.19909711951098075,0.3351823065483871,1.0385724252641693,9.293582736563247e-05,0.5322813218362358,0.6656578947368421,100,105,252,0.5333333333333333,0.56,0.3968253968253968,1.344,0.6204081632653061,70,0.6154971829955367,79,0.4642494929006085,0.35126424473384465,EXPOSED_HISTORY
SPY,GARCH,YEAR_2001,248,2001-01-02,2001-12-31,1.0578677422255589e-07,0.4050961278290288,0.09613004357321298,0.9307692091775174,0.0001366264650842814,0.4317407034697852,0.7375372023809523,56,64,248,0.546875,0.625,0.22580645161290322,2.421875,0.42686025408348455,58,0.5680538041193779,65,0.31450719822812845,0.5311070585069808,EXPOSED_HISTORY
SPY,GARCH,YEAR_2002,252,2002-01-02,2002-12-31,3.1463450353161076e-08,0.13940900918022955,0.4458101114815525,1.111573030368787,6.092864671507964e-05,0.6845769630479238,0.8274026337909779,86,90,252,0.7333333333333333,0.7674418604651163,0.3412698412698413,2.1488372093023256,0.6211066044233565,73,0.6840945512820513,96,0.3561077962100846,0.5559549867535318,EXPOSED_HISTORY
SPY,GARCH,YEAR_2003,252,2003-01-02,2003-12-31,1.4266651238205078e-09,0.04979663935184624,0.730666052998387,1.091136942318797,-2.546020637683887e-06,0.9365160007305882,0.9681571815718157,6,0,252,,0.0,0.023809523809523808,,0.763145861911294,9,0.762962962962963,27,0.5403050108932462,0.7422858912552315,EXPOSED_HISTORY
SPY,GARCH,YEAR_2004,252,2004-01-02,2004-12-31,4.872658936066222e-10,0.08703729293700209,0.9334129736965441,1.149251710627997,1.5327100378343937e-05,0.6076211959753874,,0,0,252,,,0.0,,0.026,2,0.3476293103448276,20,0.43886561392201096,0.11548235816380628,EXPOSED_HISTORY
SPY,GARCH,YEAR_2005,252,2005-01-03,2005-12-30,4.2327309807014186e-10,0.0931385749101165,0.9445389378336262,1.2116005110199106,1.9339875676056276e-05,0.43590879590860304,,0,0,252,,,0.0,,0.5796519410977242,3,,0,0.356743762993763,0.03139634198009393,EXPOSED_HISTORY
SPY,GARCH,YEAR_2006,251,2006-01-03,2006-12-29,4.791413292706729e-10,0.09829098409021168,0.9292156499704596,1.1710156779328038,1.3213100786626827e-05,0.5774715582392155,,0,0,251,,,0.0,,0.28,1,,0,0.5452317880794701,0.21220110036046289,EXPOSED_HISTORY
SPY,GARCH,YEAR_2007,251,2007-01-03,2007-12-31,6.455321507098125e-09,0.268650741736107,0.2789110030158929,0.9969524889496236,1.7273563631961455e-05,0.8288141548353091,0.8093073593073593,20,0,251,,0.0,0.0796812749003984,,0.5747800586510264,31,0.5641534391534392,27,0.5510593499144625,0.4754778979320812,EXPOSED_HISTORY
SPY,GARCH,YEAR_2008,253,2008-01-02,2008-12-31,6.434338871071263e-07,0.3723933465616908,0.5251102058025205,0.9402150486694549,0.00017132571197848347,0.7955374665745818,0.8222503160556258,113,86,253,0.8255813953488372,0.6283185840707964,0.44664031620553357,1.8484256019757153,0.7147766323024055,97,0.725062656641604,120,0.4138434208856744,0.5975248647278775,EXPOSED_HISTORY
SPY,GARCH,YEAR_2009,252,2009-01-02,2009-12-31,2.815760415220215e-08,0.10401280603987556,0.7212574683265245,1.0764658828857543,5.123619445701849e-06,0.9133437436233753,0.9911782296650717,76,94,252,0.7872340425531915,0.9736842105263158,0.30158730158730157,2.6103023516237402,0.744742940520127,61,0.6675443458980045,88,0.527124183006536,0.7376276936297723,EXPOSED_HISTORY
SPY,GARCH,YEAR_2010,252,2010-01-04,2010-12-31,4.770935586753151e-08,0.31566653063235456,0.05353726787922464,0.9305988314637187,5.8186512237639066e-05,0.6532205272350692,0.845041789021911,19,19,252,0.3157894736842105,0.3157894736842105,0.07539682539682539,4.188365650969529,0.7614946723106116,31,0.7047169811320755,40,0.6024807241032517,0.6359812022379147,EXPOSED_HISTORY
SPY,GARCH,YEAR_2011,252,2011-01-03,2011-12-30,3.863847076326193e-08,0.2428331527536526,0.2946939878328345,1.030132901481453,6.583034610960468e-05,0.6641082619631448,0.8985206117021277,64,62,252,0.6451612903225806,0.625,0.25396825396825395,2.5403225806451615,0.7837895866881374,45,0.7995911837895485,58,0.5015306122448979,0.5910564405281191,EXPOSED_HISTORY
SPY,GARCH,YEAR_2012,250,2012-01-03,2012-12-31,1.7515651605107922e-09,0.12952853080445975,0.8189540759066748,1.1313673998111788,3.537744120750427e-05,0.43844972844731656,,0,0,250,,,0.0,,0.4737903225806452,2,,0,0.43664030832613465,0.3201570585129362,EXPOSED_HISTORY
SPY,GARCH,YEAR_2013,252,2013-01-02,2013-12-31,1.57417621431246e-09,0.23168631139399354,0.8773329077865057,1.3550598148936421,3.0477419473252747e-05,0.256895218528569,,0,0,252,,,0.0,,0.8661311914323963,3,0.8631578947368421,5,0.23326441862123048,-0.007562447368440787,EXPOSED_HISTORY
SPY,GARCH,YEAR_2014,252,2014-01-02,2014-12-31,2.9734187662041736e-09,0.2514918273376338,0.7668539188120347,1.1440140903675655,1.0688623308874773e-05,0.6982559819064862,0.8448509485094851,6,0,252,,0.0,0.023809523809523808,,0.7294460641399417,7,0.5651821862348179,5,0.3954326923076923,0.28555906245149276,EXPOSED_HISTORY
SPY,GARCH,YEAR_2015,252,2015-01-02,2015-12-31,5.556864497508014e-08,0.6853966200096386,0.0005083554759285347,0.9577563071733561,6.858807372827122e-05,0.3848627434019256,0.6341003394945304,11,13,252,0.38461538461538464,0.45454545454545453,0.04365079365079365,8.811188811188812,0.4847227461335345,11,0.7736096920157641,31,0.39124087591240875,0.5128711579430444,EXPOSED_HISTORY
SPY,GARCH,YEAR_2016,252,2016-01-04,2016-12-30,8.215819431205704e-09,0.44016824990835085,0.4540713504247984,1.1374027660532404,9.24496806013297e-06,0.7673736743752616,0.61763759253299,13,0,252,,0.0,0.051587301587301584,,0.6681686514322498,13,0.60142954390742,26,0.3308079114984914,0.34429419532485533,EXPOSED_HISTORY
SPY,GARCH,YEAR_2017,251,2017-01-03,2017-12-29,3.6345421791932106e-10,0.25604207580020766,0.9754946039544301,1.663367054000557,1.7980689738841848e-05,0.05085562038007812,,0,0,251,,,0.0,,,0,,0,0.4592119439741419,0.06261885790172643,EXPOSED_HISTORY
SPY,GARCH,YEAR_2018,251,2018-01-02,2018-12-31,1.0539156945938079e-08,0.3265399725294217,0.30969412438706023,1.0258359248433062,2.8541558483278537e-05,0.7263811566879674,0.834332191780822,32,11,251,0.2727272727272727,0.09375,0.12749003984063745,2.1392045454545454,0.6274777853725222,42,0.6823880597014925,50,0.4895109395109395,0.6217598178713717,EXPOSED_HISTORY
SPY,GARCH,YEAR_2019,252,2019-01-02,2019-12-31,5.856607369450646e-09,0.3329786917867889,0.2798211661473978,1.4549133000903063,4.0296081164825554e-05,0.22315687338522663,,0,7,252,0.0,,0.0,,0.21471774193548387,4,0.3684210526315789,5,0.38384451867597935,0.30098615513477806,EXPOSED_HISTORY
SPY,GARCH,YEAR_2020,253,2020-01-02,2020-12-31,8.947941351771898e-07,0.5932529962946974,0.30979412284478147,0.9291469624879964,0.00016001463558057983,0.7206632173115619,0.81812891022843,79,68,253,0.7058823529411765,0.6075949367088608,0.31225296442687744,2.2606105733432615,0.6946531539402412,59,0.7288977800722767,104,0.5259123592456926,0.6138812687939701,EXPOSED_HISTORY
SPY,GARCH,YEAR_2021,252,2021-01-04,2021-12-31,3.975686432245127e-09,0.3693279304485725,0.5772611696519223,1.1830353722906894,3.889504334187384e-05,0.36250313008426355,0.9236947791164659,3,0,252,,0.0,0.011904761904761904,,0.2543507362784471,3,0.3527753303964758,25,0.36551724137931035,0.2499971879843697,EXPOSED_HISTORY
SPY,GARCH,YEAR_2022,251,2022-01-03,2022-12-30,1.958308083903972e-08,0.17937253109846116,0.0314937534009907,1.1215315103807306,0.0001355678592978109,0.33211376703675904,0.6692186266771902,70,67,251,0.40298507462686567,0.38571428571428573,0.2788844621513944,1.44498933901919,0.5469483568075117,71,0.527536231884058,90,0.4337963552950172,0.15405653576171505,EXPOSED_HISTORY
SPY,GARCH,YEAR_2023,250,2023-01-03,2023-12-29,1.7152432691006353e-09,0.1281858852308929,0.7859783167449412,1.2482202676394738,2.3133131333350405e-06,0.7738327456107592,0.7188755020080321,1,0,250,,0.0,0.004,,0.6187755102040816,5,0.8571047008547008,16,0.44031954887218044,0.4224286468583497,EXPOSED_HISTORY
SPY,GARCH,YEAR_2024,252,2024-01-02,2024-12-31,6.49175975781094e-09,0.2539141251338462,0.46559059331764796,1.0960372324545027,2.715839970127791e-05,0.5508551629932024,0.8647773279352227,5,0,252,,0.0,0.01984126984126984,,0.6431486880466473,7,0.5069784986797435,11,0.4580547321982491,0.23683320548035605,EXPOSED_HISTORY
SPY,GARCH,YEAR_2025,250,2025-01-02,2025-12-31,1.037795961739538e-07,0.38889448746983213,-0.2931994325067877,1.1709745897177946,8.15666762845552e-05,0.34371002254852234,0.9166146808068205,21,24,250,0.5,0.5714285714285714,0.084,5.952380952380952,0.7997504678727386,21,0.6024496336996337,42,0.4769537699504678,0.5608882062112994,EXPOSED_HISTORY
SPY,GARCH,YEAR_2026,159,2026-01-02,2026-08-20,3.4696815293179217e-09,0.2684621598497384,0.4681068248506728,1.0637313529938641,5.281713785169506e-05,0.33346281208088724,,0,0,159,,,0.0,,,0,,0,0.3189406099518459,0.12137867208024838,EXPOSED_HISTORY
SPY,GARCH,EX_GFC,7142,1995-04-03,2026-08-20,5.068628946369016e-08,0.26390428137582894,0.2922999856426698,1.0349690077126832,2.8050831304940593e-05,0.7493458121527337,0.7777616002255697,985,893,6890,0.5386338185890257,0.5239651416122004,0.1332365747460087,4.042687374813058,0.7287867120498567,793,0.7656889169876017,988,0.5068322174748636,0.6211265637917828,EXPOSED_HISTORY
SPY,GARCH,EX_COVID,7805,1995-04-03,2026-08-20,3.962569485968718e-08,0.25532207639722343,0.4440844810683603,1.0315398063179746,1.9581408947917076e-05,0.8302744590824943,0.793462556216766,1134,1007,7553,0.573982125124131,0.5417057169634489,0.14126837018403282,4.063061847293873,0.7379482729230912,940,0.7685425325639518,1163,0.5145330420891161,0.6387484159152216,EXPOSED_HISTORY
SPY,GARCH,EX_2022,7647,1995-04-03,2026-08-20,6.912395729590894e-08,0.26515495648729903,0.3972318282857681,1.0181056876160086,2.4975760871881136e-05,0.8135292604121083,0.7988610517506355,1124,1006,7395,0.595427435387674,0.5666982024597919,0.1429344151453685,4.165738774542903,0.7409389658202336,911,0.7750840676920726,1133,0.5105203201481378,0.634270456308699,EXPOSED_HISTORY
SPY,GARCH,EX_ALL_THREE,6798,1995-04-03,2026-08-20,1.9543751060094135e-08,0.25888617549230597,0.26504092853017824,1.0427246933131353,2.9812310798420896e-05,0.6952355420181978,0.765965364923892,855,760,6546,0.5342105263157895,0.5152284263959391,0.12037885731744577,4.437743788405022,0.7181679422341019,680,0.7547001890086655,838,0.5011767144113447,0.593347878099044,EXPOSED_HISTORY
SPY,GARCH,COMMON_ALL,6364,2001-05-01,2026-08-20,8.001161051854404e-08,0.270957251072418,0.39566455379137866,1.039565793826681,2.2936386390925767e-05,0.8124517355054856,0.9123033941102533,641,556,6364,0.6492805755395683,0.5631825273010921,0.10072281583909491,6.446211517525448,0.8070025489839849,634,0.7927896039539538,917,0.5075249743559589,0.6544974664244525,EXPOSED_HISTORY
SPY,HAR,ALL,7898,1995-04-03,2026-08-20,6.019579112361083e-08,0.23069621550147787,0.46097650331029505,0.9484922785468031,-4.871557213506107e-07,1.057782921284397,0.8169174732053266,1194,1057,7646,0.6121097445600757,0.5740905057675244,0.14739733193826837,4.152787140112102,0.7505190302247865,982,0.789039906167985,1223,0.5167122370292485,0.6834425853968299,EXPOSED_HISTORY
SPY,HAR,PRE2000,1200,1995-04-03,1999-12-31,1.2939714873023162e-08,0.20117724570055098,0.4584280268934441,0.8804775510089188,1.8984491013353047e-05,0.9687262162486919,0.5975460802200405,413,341,948,0.5425219941348973,0.5346820809248555,0.3649789029535865,1.4864475446239385,0.5554841375510766,253,0.6586176556848177,193,0.512077037037037,0.5103509724659531,EXPOSED_HISTORY
SPY,HAR,2000_2009,2515,2000-01-03,2009-12-31,7.297088292863804e-08,0.1508552250956631,0.5721686886956884,0.9395569068336181,-5.862624322240264e-06,1.0951207581649616,0.9255655997941533,457,444,2515,0.7027027027027027,0.6827133479212254,0.18170974155069583,3.867171328878112,0.8020934995026622,405,0.8257685423887822,522,0.5251938378496515,0.7902502511331079,EXPOSED_HISTORY
SPY,HAR,2010_2019,2516,2010-01-04,2019-12-31,1.731551106199584e-08,0.283865364676227,0.30607177202332747,1.0418256096467762,2.1672752563529755e-05,0.7286730757345715,0.8955714888232813,145,117,2516,0.5470085470085471,0.4413793103448276,0.05763116057233704,9.491541408782789,0.7838438496473089,158,0.8101856984478936,220,0.49025829193931936,0.6151261215665507,EXPOSED_HISTORY
SPY,HAR,2020_2022,756,2020-01-02,2022-12-30,2.8244157501630435e-07,0.3506740691785941,0.3634426211264603,0.8671028789186978,1.8478373921000213e-05,1.0701849452448828,0.8304940745904497,152,127,756,0.5826771653543307,0.4868421052631579,0.20105820105820105,2.898052217157066,0.7048721321763478,133,0.680246252221457,219,0.4971566891867481,0.6358381029311068,EXPOSED_HISTORY
SPY,HAR,2023_PLUS,911,2023-01-03,2026-08-20,2.1169345045903683e-08,0.24358975878157438,0.2629230428912017,1.0682109199406014,1.6150775400912294e-05,0.7668911623533315,0.8987347075582369,27,28,911,0.42857142857142855,0.4444444444444444,0.029637760702524697,14.46031746031746,0.7460481811279078,33,0.6693173603222142,69,0.4656670303561778,0.457919734953359,EXPOSED_HISTORY
SPY,HAR,2020_PLUS,1667,2020-01-02,2026-08-20,1.3965873068334994e-07,0.2921534892315725,0.3561693194711225,0.9265520883446442,2.4103476101309214e-06,1.0635177960832651,0.8823173845137262,179,155,1667,0.5548387096774193,0.48044692737430167,0.10737852429514097,5.167129212470715,0.7731311655683359,166,0.7255609942792683,288,0.487037705756673,0.6128843781365934,EXPOSED_HISTORY
SPY,HAR,DOTCOM,752,2000-01-03,2002-12-31,4.585121397014552e-08,0.18169718337025687,0.3325719282745627,0.9615998184564892,6.403421956903132e-05,0.750890231903016,0.812826122184411,242,248,752,0.6169354838709677,0.6322314049586777,0.32180851063829785,1.9170887763263131,0.6258814818827821,201,0.7046223958333333,240,0.39976104624542125,0.6187763324693689,EXPOSED_HISTORY
SPY,HAR,GFC,756,2007-01-03,2009-12-31,1.960413213551406e-07,0.20558693853495152,0.59997603916971,0.8748664416633648,9.46114961448933e-06,1.1131635691740633,0.9222203756024597,209,195,756,0.8153846153846154,0.7607655502392344,0.27645502645502645,2.9494295178505703,0.7593852355757118,189,0.7837219749254707,235,0.5444522768927111,0.7599611239073389,EXPOSED_HISTORY
SPY,HAR,2011,252,2011-01-03,2011-12-30,3.553619691213679e-08,0.2247909716201427,0.3513228438761741,0.9610187295549996,4.683898146114887e-05,0.8066938564290612,0.9032579787234043,64,56,252,0.7321428571428571,0.640625,0.25396825396825395,2.8828125,0.7809983896940419,45,0.8046569498755777,58,0.48501275510204084,0.6229252011341048,EXPOSED_HISTORY
SPY,HAR,2015_2016,504,2015-01-02,2016-12-30,3.252863295343011e-08,0.4522992271126783,0.07911111911425994,1.022790123666452,4.561318772485486e-05,0.48579759267522277,0.778125,24,21,504,0.2857142857142857,0.25,0.047619047619047616,6.0,0.6987847222222222,24,0.7647081910593038,57,0.40140913508260445,0.5235014242690956,EXPOSED_HISTORY
SPY,HAR,2018Q4,63,2018-10-01,2018-12-31,2.149168578857718e-08,0.3681316464121685,0.17346527589824778,0.8136462948226323,0.00015716893656012528,0.38097815121924494,0.6406976744186047,20,11,63,0.45454545454545453,0.25,0.31746031746031744,1.4318181818181819,0.3640973630831643,29,0.3074596774193548,31,0.17894736842105263,0.006096390168970815,EXPOSED_HISTORY
SPY,HAR,COVID,93,2020-02-19,2020-06-30,2.2158899302674823e-06,0.7874361643359763,0.36722538724016685,0.7231709948376673,0.00040511967508619437,0.8697843074783448,0.752020202020202,60,68,93,0.7205882352941176,0.8166666666666667,0.6451612903225806,1.1169117647058824,0.5499533146591971,42,0.6090909090909091,60,0.4596622889305816,0.3920652919936737,EXPOSED_HISTORY
SPY,HAR,2022,251,2022-01-03,2022-12-30,1.6444631033573058e-08,0.16290461143700857,0.18670979250206587,0.9916134493175822,0.00012735807473596825,0.4139495649908471,0.6798737174427782,70,54,251,0.42592592592592593,0.32857142857142857,0.2788844621513944,1.5272486772486773,0.46635367762128327,71,0.4707384403036577,90,0.35586848477125016,0.15439878580914437,EXPOSED_HISTORY
SPY,HAR,2025_SPRING,82,2025-02-03,2025-05-30,1.9714762363463358e-07,0.5696265251512668,0.12731756677681572,0.8450375470393722,0.0001591223359855543,0.5565347456879098,0.7501951600312255,21,24,82,0.5,0.5714285714285714,0.25609756097560976,1.9523809523809523,0.5321180555555556,18,0.38099547511312215,17,0.2668693009118541,0.34206201499766004,EXPOSED_HISTORY
SPY,HAR,YEAR_1995,189,1995-04-03,1995-12-29,3.490582946421631e-10,0.14773815469349247,-0.09929723662604517,0.9953087602392245,3.2006422354214514e-05,-0.028615112172973575,0.54,25,0,0,,,,,0.4340782122905028,10,,0,0.5391633913531724,-0.26859169199594735,EXPOSED_HISTORY
SPY,HAR,YEAR_1996,254,1996-01-02,1996-12-31,6.291668603197645e-09,0.3463548195140744,0.2416887817211968,0.7185343628625439,4.746274752476234e-05,0.6309102235299991,0.6127019776654813,117,67,191,0.582089552238806,0.52,0.39267015706806285,1.4823880597014925,0.500269375817748,71,0.5462616822429907,40,0.5408658512910115,0.14674009157364976,EXPOSED_HISTORY
SPY,HAR,YEAR_1997,253,1997-01-02,1997-12-31,2.1091596228133185e-08,0.20931342060862082,0.2763146773852848,0.8445654828339053,8.95902434423363e-05,0.4710243135971128,0.5113195747342089,130,139,253,0.539568345323741,0.5769230769230769,0.5138339920948617,1.050083010514665,0.4366750208855472,63,0.5642094017094017,45,0.4037780401416765,0.14187159411397687,EXPOSED_HISTORY
SPY,HAR,YEAR_1998,252,1998-01-02,1998-12-31,2.73111406862846e-08,0.1637976473990041,0.5895485065271062,0.8767781052985139,8.474396200635133e-06,1.0920670046410201,0.7878957691230036,86,88,252,0.6477272727272727,0.6627906976744186,0.3412698412698413,1.8979915433403804,0.6609507640067912,62,0.6679421443330528,73,0.4834907286137727,0.5704529894725633,EXPOSED_HISTORY
SPY,HAR,YEAR_1999,252,1999-01-04,1999-12-31,6.527859944709566e-09,0.12413792416065922,0.3036991942760102,0.9938924813965269,0.00011790913202931561,0.24137312474197886,0.5925242270419936,55,47,252,0.2978723404255319,0.2545454545454545,0.21825396825396826,1.3647969052224371,0.39356512714063313,47,0.5094140882159315,35,0.40565856162186437,0.08901716679301991,EXPOSED_HISTORY
SPY,HAR,YEAR_2000,252,2000-01-03,2000-12-29,1.9294254106108696e-08,0.14654022387978347,0.4162277121521246,0.9510133632298899,7.604383270443243e-05,0.6667554719086421,0.7528947368421053,100,100,252,0.54,0.54,0.3968253968253968,1.3608000000000002,0.6233908948194663,70,0.6784224775005487,79,0.43699290060851925,0.5043331286185955,EXPOSED_HISTORY
SPY,HAR,YEAR_2001,248,2001-01-02,2001-12-31,9.864174159866451e-08,0.30257397210669007,0.1571790771020911,0.9558202198480326,9.588580024144813e-05,0.6070316253158409,0.8114769345238095,56,61,248,0.5573770491803278,0.6071428571428571,0.22580645161290322,2.468384074941452,0.5252268602540835,58,0.6651534258091635,65,0.3580874210149176,0.6382544675240074,EXPOSED_HISTORY
SPY,HAR,YEAR_2002,252,2002-01-02,2002-12-31,2.0455591088655736e-08,0.09789603331058969,0.6396999814782827,0.9753287157653054,2.0748725867118425e-05,0.9418322755020969,0.863617259736621,86,87,252,0.7471264367816092,0.7558139534883721,0.3412698412698413,2.18925421010425,0.6676360296931201,73,0.710136217948718,96,0.3589272834568225,0.6525128546607847,EXPOSED_HISTORY
SPY,HAR,YEAR_2003,252,2003-01-02,2003-12-31,1.8976565684756766e-09,0.06577496745695072,0.6417496123600525,1.126423224993821,-1.2519022097123372e-06,0.8973113190931085,0.9315718157181572,6,1,252,0.0,0.0,0.023809523809523808,0.0,0.7503429355281207,9,0.7527572016460905,27,0.5010233049448736,0.7196082974707607,EXPOSED_HISTORY
SPY,HAR,YEAR_2004,252,2004-01-02,2004-12-31,4.905430979166662e-10,0.07672535075953966,0.9329651293215161,1.1871575435480537,1.520629005437722e-05,0.5902229803912659,,0,0,252,,,0.0,,0.604,2,0.5786637931034483,20,0.455365775056397,0.1764281102580081,EXPOSED_HISTORY
SPY,HAR,YEAR_2005,252,2005-01-03,2005-12-30,3.850537112607579e-10,0.0899682558341102,0.9495467868971749,1.199691128488615,1.6050326299983483e-05,0.5071350932230738,,0,0,252,,,0.0,,0.3748326639892905,3,,0,0.4232718295218295,0.20967063423325336,EXPOSED_HISTORY
SPY,HAR,YEAR_2006,251,2006-01-03,2006-12-29,5.400751566547343e-10,0.11457690449396334,0.920213793727421,1.188403360284314,1.592516035409836e-05,0.5131021889202696,,0,0,251,,,0.0,,0.204,1,,0,0.4379470198675497,0.27465528362739516,EXPOSED_HISTORY
SPY,HAR,YEAR_2007,251,2007-01-03,2007-12-31,6.3770218880586695e-09,0.2524806505555624,0.28765742930857496,0.9912468227322977,2.6210399910125382e-05,0.7429178948753462,0.8318181818181818,20,6,251,0.0,0.0,0.0796812749003984,0.0,0.5787390029325513,31,0.6292989417989417,27,0.5432951704171601,0.5134418516410547,EXPOSED_HISTORY
SPY,HAR,YEAR_2008,253,2008-01-02,2008-12-31,5.54528852981071e-07,0.2659310496091398,0.5907270379359095,0.7998934904247781,9.067977708565928e-05,1.0834044326401813,0.8901390644753476,113,106,253,0.8018867924528302,0.7522123893805309,0.44664031620553357,1.7953748538988148,0.7759053661115517,97,0.7991854636591479,120,0.47208476081715517,0.7397551096626757,EXPOSED_HISTORY
SPY,HAR,YEAR_2009,252,2009-01-02,2009-12-31,2.5042883517351578e-08,0.0982957408407334,0.7520912392155851,1.0049789077450801,-7.834404437787695e-06,1.0206322601478308,0.9934958133971292,76,83,252,0.891566265060241,0.9736842105263158,0.30158730158730157,2.956246036778694,0.760363917260321,61,0.6814024390243902,88,0.5629411764705883,0.7519299800609346,EXPOSED_HISTORY
SPY,HAR,YEAR_2010,252,2010-01-04,2010-12-31,5.271094782333042e-08,0.3663263562598355,-0.045684788284822586,1.0018660868870986,8.645133464877351e-05,0.4166346537503364,0.8052857465552292,19,25,252,0.48,0.631578947368421,0.07539682539682539,6.366315789473684,0.7193110494818274,31,0.6694575471698113,40,0.6219242373449547,0.6355065339995186,EXPOSED_HISTORY
SPY,HAR,YEAR_2011,252,2011-01-03,2011-12-30,3.553619691213679e-08,0.2247909716201427,0.3513228438761741,0.9610187295549996,4.683898146114887e-05,0.8066938564290612,0.9032579787234043,64,56,252,0.7321428571428571,0.640625,0.25396825396825395,2.8828125,0.7809983896940419,45,0.8046569498755777,58,0.48501275510204084,0.6229252011341048,EXPOSED_HISTORY
SPY,HAR,YEAR_2012,250,2012-01-03,2012-12-31,1.5526898282408983e-09,0.11813593398723206,0.8395103013454532,1.1534297847961608,2.5458533535812267e-05,0.5525631047988417,,0,0,250,,,0.0,,0.5423387096774194,2,,0,0.42527742707156624,0.3443394614313829,EXPOSED_HISTORY
SPY,HAR,YEAR_2013,252,2013-01-02,2013-12-31,1.180247557490015e-09,0.19267474092838102,0.908029650903719,1.2221543101004924,2.0178442224372734e-05,0.4650776221705915,,0,0,252,,,0.0,,0.9129852744310576,3,0.9311740890688259,5,0.37256719184430026,0.16605364725925964,EXPOSED_HISTORY
SPY,HAR,YEAR_2014,252,2014-01-02,2014-12-31,3.446718672818972e-09,0.2556144062457766,0.7297424228774277,1.051867074571646,2.8948607453309884e-05,0.43267666838386276,0.8563685636856369,6,0,252,,0.0,0.023809523809523808,,0.7271137026239067,7,0.6631578947368421,5,0.40878739316239315,0.32201103359946254,EXPOSED_HISTORY
SPY,HAR,YEAR_2015,252,2015-01-02,2015-12-31,5.7626515945040785e-08,0.610778928028346,-0.036505770762109035,0.9500979724944056,7.0781430555151e-05,0.3667132604369324,0.7559411542814033,11,15,252,0.3333333333333333,0.45454545454545453,0.04365079365079365,7.636363636363637,0.5379102225575254,11,0.7936067727339075,31,0.4024119327197715,0.47962863396779903,EXPOSED_HISTORY
SPY,HAR,YEAR_2016,252,2016-01-04,2016-12-30,7.4307499618194334e-09,0.29381952619701057,0.5062380172842074,1.1314257593556143,1.2896225280847843e-05,0.7270304693088345,0.7943353717412295,13,6,252,0.16666666666666666,0.07692307692307693,0.051587301587301584,3.230769230769231,0.803347280334728,13,0.7205582028590878,26,0.3763325511230305,0.5197234776309781,EXPOSED_HISTORY
SPY,HAR,YEAR_2017,251,2017-01-03,2017-12-29,2.43836330463298e-10,0.19859710151031346,0.9835596739459824,1.3487801579651293,1.70459644890589e-05,0.09799893934127414,,0,0,251,,,0.0,,,0,,0,0.46028936432199474,0.008426484538038322,EXPOSED_HISTORY
SPY,HAR,YEAR_2018,251,2018-01-02,2018-12-31,9.94921209870389e-09,0.2980003867722536,0.3483350134470049,0.9422932161439765,2.5456458589784258e-05,0.8200157020757313,0.8229166666666666,32,12,251,0.4166666666666667,0.15625,0.12749003984063745,3.268229166666667,0.6724766461608567,42,0.6967164179104478,50,0.47992277992277993,0.6821180041737811,EXPOSED_HISTORY
SPY,HAR,YEAR_2019,252,2019-01-02,2019-12-31,3.2559176479999027e-09,0.27831770750485213,0.599624351277517,1.2862090032289897,3.0047274623671357e-05,0.38596735561873974,,0,3,252,0.0,,0.0,,0.22278225806451613,4,0.5975708502024292,5,0.4347859095050106,0.3980471863721474,EXPOSED_HISTORY
SPY,HAR,YEAR_2020,253,2020-01-02,2020-12-31,8.242038207935969e-07,0.5882047109046256,0.36424446839621083,0.7714015081687207,9.494389242649216e-05,1.0422069389475896,0.8068529026625928,79,73,253,0.6986301369863014,0.6455696202531646,0.31225296442687744,2.2373851222472694,0.6798008037742442,59,0.6995353639648941,104,0.5075973409306742,0.5986934439519171,EXPOSED_HISTORY
SPY,HAR,YEAR_2021,252,2021-01-04,2021-12-31,3.4708796115843024e-09,0.2992251863867369,0.6309377984692957,1.1569838586167762,2.81265967966609e-05,0.5073372280684094,0.9330655957161981,3,0,252,,0.0,0.011904761904761904,,0.428380187416332,3,0.5029074889867842,25,0.4088470916057123,0.42283341694393145,EXPOSED_HISTORY
SPY,HAR,YEAR_2022,251,2022-01-03,2022-12-30,1.6444631033573058e-08,0.16290461143700857,0.18670979250206587,0.9916134493175822,0.00012735807473596825,0.4139495649908471,0.6798737174427782,70,54,251,0.42592592592592593,0.32857142857142857,0.2788844621513944,1.5272486772486773,0.46635367762128327,71,0.4707384403036577,90,0.35586848477125016,0.15439878580914437,EXPOSED_HISTORY
SPY,HAR,YEAR_2023,250,2023-01-03,2023-12-29,1.9308421415680664e-09,0.1246099451688706,0.7590766903549034,1.248549145429128,1.6878253061123997e-05,0.601739834703413,0.5983935742971888,1,0,250,,0.0,0.004,,0.5763265306122449,5,0.8552350427350427,16,0.48905746509129966,0.5152291076657226,EXPOSED_HISTORY
SPY,HAR,YEAR_2024,252,2024-01-02,2024-12-31,6.983888982611305e-09,0.2627839827712297,0.4250779285166798,1.0743420506660197,3.739908474431952e-05,0.42290602728862614,0.8510121457489879,5,4,252,0.0,0.0,0.01984126984126984,0.0,0.6221574344023324,7,0.48509996227838553,11,0.46026056386572,0.2966301554557228,EXPOSED_HISTORY
SPY,HAR,YEAR_2025,250,2025-01-02,2025-12-31,6.602190243040151e-08,0.3416753273915861,0.17729987489157384,0.9536332493488952,3.4097858105815926e-05,0.7866891801415736,0.9203576627157413,21,24,250,0.5,0.5714285714285714,0.084,5.952380952380952,0.7991266375545851,21,0.6031364468864469,42,0.4673913043478261,0.5557118033888542,EXPOSED_HISTORY
SPY,HAR,YEAR_2026,159,2026-01-02,2026-08-20,3.3782840893573124e-09,0.24602131101603902,0.48211781523419794,1.1254219379840693,4.270993853707285e-05,0.42490550863637816,,0,0,159,,,0.0,,,0,,0,0.3971107544141252,0.4333890613804633,EXPOSED_HISTORY
SPY,HAR,EX_GFC,7142,1995-04-03,2026-08-20,4.581617464992887e-08,0.23335410032179346,0.36029826210142923,0.9710711398517432,5.0161055909235135e-06,0.9884583208005625,0.797064131536141,985,862,6890,0.5661252900232019,0.5315904139433552,0.1332365747460087,4.249023146252572,0.739158016960898,793,0.7788374369588129,988,0.5092527112874982,0.6623556195514967,EXPOSED_HISTORY
SPY,HAR,EX_COVID,7805,1995-04-03,2026-08-20,3.450974949127514e-08,0.22406241470178434,0.5158569366524779,0.9699829731430063,-1.0987981698857544e-06,1.039249778502811,0.8119514643524037,1134,989,7553,0.6046511627906976,0.5604498594189316,0.14126837018403282,4.280159543166016,0.7469417799197285,940,0.7839642101398563,1163,0.5168813886744414,0.6768204772889549,EXPOSED_HISTORY
SPY,HAR,EX_2022,7647,1995-04-03,2026-08-20,6.163184986332569e-08,0.2329213616529336,0.4625637924279902,0.9463896843582704,-6.906381771454059e-07,1.061665256076179,0.8172052572801524,1124,1003,7395,0.6221335992023929,0.5903500473036897,0.1429344151453685,4.352580857239068,0.7525825813298013,911,0.7920837758364698,1133,0.5144011206773307,0.6748350511387062,EXPOSED_HISTORY
SPY,HAR,EX_ALL_THREE,6798,1995-04-03,2026-08-20,1.7212967555970777e-08,0.22837516383411505,0.3526919876702772,1.0037276817294138,1.7669386042790653e-05,0.8338665337134697,0.7872451053035022,855,740,6546,0.5621621621621622,0.5279187817258884,0.12037885731744577,4.669941006996845,0.732177951272042,680,0.7712460556454326,838,0.5052412604999046,0.6400817644147023,EXPOSED_HISTORY
SPY,HAR,COMMON_ALL,6364,2001-05-01,2026-08-20,7.134142615130108e-08,0.24094779059197774,0.46115129633200536,0.9582472758349803,-3.080944830417473e-06,1.0653561236524418,0.9201819409487895,641,579,6364,0.6614853195164075,0.5975039001560063,0.10072281583909491,6.567383109832164,0.8080474672568418,634,0.8075989124104411,917,0.5117742083014825,0.6915329226079486,EXPOSED_HISTORY
SPY,HIST_MEAN,ALL,7898,1995-04-03,2026-08-20,1.1167563472332864e-07,0.7163735786285017,0.0,0.86320514726168,0.00013953876065216295,0.06379474686200616,0.3321446382669113,1194,2614,7646,0.2823259372609028,0.6548358473824313,0.14739733193826837,1.9154073791453976,0.3853145661820225,982,0.4634292784060807,1223,0.4809409108385749,-0.06952487579957566,EXPOSED_HISTORY
SPY,HIST_MEAN,PRE2000,1200,1995-04-03,1999-12-31,2.389288130772091e-08,0.6616042395726913,0.0,0.4617626109812762,1.8559788572504648e-05,1.8542677789189341,0.4697382711187548,413,927,948,0.35490830636461707,0.9508670520231214,0.3649789029535865,0.9724077295770434,0.5329269463377172,253,0.6111982958667566,193,0.5396948148148148,0.39328676269184,EXPOSED_HISTORY
SPY,HIST_MEAN,2000_2009,2515,2000-01-03,2009-12-31,1.705599403329661e-07,0.8006125459145242,0.0,0.6274863376546975,3.5058194195921004e-05,1.317973570931736,0.4334565648703996,457,1256,2515,0.28662420382165604,0.787746170678337,0.18170974155069583,1.5773739006815426,0.43656836931718446,405,0.49139949593692867,522,0.4566514146160473,0.0017020328880749103,EXPOSED_HISTORY
SPY,HIST_MEAN,2010_2019,2516,2010-01-04,2019-12-31,2.4952884698873972e-08,0.6382111870679896,0.0,1.6587081598626485,-0.00026719126456718387,2.3930079522310845,0.571477188440786,145,431,2516,0.1136890951276102,0.33793103448275863,0.05763116057233704,1.9727018161452916,0.5353040014601518,158,0.5137937519797275,220,0.5138174951618475,0.25602054736571067,EXPOSED_HISTORY
SPY,HIST_MEAN,2020_2022,756,2020-01-02,2022-12-30,4.4370167464890074e-07,1.0386772190671318,0.0,0.5645603058874007,0.014065845619801877,-95.36080708819618,0.3068741286162426,152,0,756,,0.0,0.20105820105820105,,0.33435112661267935,133,0.3555223931362295,219,0.41967195346652697,-0.2399418841193954,EXPOSED_HISTORY
SPY,HIST_MEAN,2023_PLUS,911,2023-01-03,2026-08-20,2.872067135152473e-08,0.5043617555080516,0.0,1.6022374818696985,0.0017297509658940591,-11.461191457442114,0.2719750293279705,27,0,911,,0.0,0.029637760702524697,,0.3475702353834472,33,0.4510482288546938,69,0.4553707083787945,0.006219103607488031,EXPOSED_HISTORY
SPY,HIST_MEAN,2020_PLUS,1667,2020-01-02,2026-08-20,2.169184148985051e-07,0.7466787863722775,0.0,0.8713063088718247,0.008373184061494171,-57.04319634808556,0.46832011773893195,179,0,1667,,0.0,0.10737852429514097,,0.47170360322034305,166,0.5217838510192571,288,0.46956155397069,0.1137441911914718,EXPOSED_HISTORY
SPY,HIST_MEAN,DOTCOM,752,2000-01-03,2002-12-31,6.869836003692625e-08,0.577411325430126,0.0,0.5126817602502413,0.00013761899718436497,0.7853938339879194,0.4373561821422784,242,752,752,0.32180851063829785,1.0,0.32180851063829785,1.0,0.4733501277640834,201,0.5138590494791667,240,0.49913075206043955,0.04701880959663929,EXPOSED_HISTORY
SPY,HIST_MEAN,GFC,756,2007-01-03,2009-12-31,4.900739469411709e-07,1.5212276977066952,0.0,0.3657004049115027,0.00018982740251733245,1.3008454484163825,0.5736553449437121,209,293,756,0.3822525597269625,0.5358851674641149,0.27645502645502645,1.3826934696343716,0.556376734507246,189,0.5958181892432719,235,0.4687861271676301,0.28544644557380455,EXPOSED_HISTORY
SPY,HIST_MEAN,2011,252,2011-01-03,2011-12-30,5.4782562599373074e-08,0.506043607820416,0.0,0.7650712517513896,0.0028576385583697515,-16.615561405111624,0.4395777925531915,64,97,252,0.30927835051546393,0.46875,0.25396825396825395,1.2177835051546393,0.42436929683306496,45,0.32851937433345185,58,0.40127551020408164,-0.13808828789156352,EXPOSED_HISTORY
SPY,HIST_MEAN,2015_2016,504,2015-01-02,2016-12-30,3.532308145814839e-08,0.6608770362705446,0.0,1.611604247546938,-0.00031322096427702223,2.7642939152313106,0.31805555555555554,24,0,504,,0.0,0.047619047619047616,,0.4294704861111111,24,0.4729188743671259,57,0.475696469063816,0.24228925737800222,EXPOSED_HISTORY
SPY,HIST_MEAN,2018Q4,63,2018-10-01,2018-12-31,2.6002157153087015e-08,0.33878195892031254,0.0,0.5989075302517877,-0.01827303383441405,135.6203888752226,0.4476744186046512,20,0,63,,0.0,0.31746031746031744,,0.49898580121703856,29,0.4586693548387097,31,0.5252631578947369,0.03817379621970279,EXPOSED_HISTORY
SPY,HIST_MEAN,COVID,93,2020-02-19,2020-06-30,3.5018628838520012e-06,5.66577776073666,0.0,0.12996445169992074,0.02918360029866129,-197.94275232123638,0.1303030303030303,60,0,93,,0.0,0.6451612903225806,,0.2292250233426704,42,0.26717171717171717,60,0.39610694183864914,-0.5938174807631017,EXPOSED_HISTORY
SPY,HIST_MEAN,2022,251,2022-01-03,2022-12-30,2.0219880778061417e-08,0.24556848581037782,0.0,0.6724426830441591,0.0032597630597526093,-20.951927142161818,0.42730860299921075,70,0,251,,0.0,0.2788844621513944,,0.45610328638497655,71,0.3691856452726018,90,0.4158595641646489,-0.07565963618202064,EXPOSED_HISTORY
SPY,HIST_MEAN,2025_SPRING,82,2025-02-03,2025-05-30,2.2590992568337176e-07,0.9811601342335864,0.0,0.4723367156771305,0.020237412428381913,-140.5119338447099,0.2927400468384075,21,0,82,,0.0,0.25609756097560976,,0.2760416666666667,18,0.31131221719457014,17,0.4,-0.30700002356470074,EXPOSED_HISTORY
SPY,HIST_MEAN,YEAR_1995,189,1995-04-03,1995-12-29,3.1752858372817366e-10,0.13530654262310796,0.0,0.991997050756193,0.0005718198025458116,-17.514786218641337,0.29792682926829267,25,0,0,,,,,0.4301675977653631,10,,0,0.47852330151600225,-0.21989714768747662,EXPOSED_HISTORY
SPY,HIST_MEAN,YEAR_1996,254,1996-01-02,1996-12-31,8.29694781184739e-09,0.7758124863675948,0.0,0.44212025044055325,0.0001629358663497049,-1.9828828138725545,0.31227774658431595,117,170,191,0.3411764705882353,0.7733333333333333,0.39267015706806285,0.8688627450980392,0.4127991995689987,71,0.5057827102803738,40,0.4627903966867275,-0.08933109420479371,EXPOSED_HISTORY
SPY,HIST_MEAN,YEAR_1997,253,1997-01-02,1997-12-31,2.914470636481624e-08,0.9146037480121736,0.0,0.35932248394888155,-7.840684711761536e-05,4.249717055484069,0.475140712945591,130,253,253,0.5138339920948617,1.0,0.5138339920948617,1.0,0.5327903091060986,63,0.6172542735042735,45,0.5406664043027679,-0.05165737046901414,EXPOSED_HISTORY
SPY,HIST_MEAN,YEAR_1998,252,1998-01-02,1998-12-31,6.653926498159575e-08,1.0955214330736631,0.0,0.36786183305419057,1.3991461925726496e-05,2.527666555857514,0.65273886242645,86,252,252,0.3412698412698413,1.0,0.3412698412698413,1.0,0.582597623089983,62,0.6424198362286676,73,0.541221479285862,0.42818605927406816,EXPOSED_HISTORY
SPY,HIST_MEAN,YEAR_1999,252,1999-01-04,1999-12-31,9.375057289962663e-09,0.25329218258908753,0.0,0.6124038744931775,0.0010791199260514698,-9.726498225035298,0.301661282879557,55,252,252,0.21825396825396826,1.0,0.21825396825396826,1.0,0.4349247535028542,47,0.3900592495062541,35,0.4596779367421569,-0.18350460612255332,EXPOSED_HISTORY
SPY,HIST_MEAN,YEAR_2000,252,2000-01-03,2000-12-29,3.3050993525640884e-08,0.5322451920307908,0.0,0.5106496293072033,0.001353224607803284,-10.79297167407115,0.3680921052631579,100,252,252,0.3968253968253968,1.0,0.3968253968253968,1.0,0.46314756671899526,70,0.4631960196092778,79,0.5497591277890467,-0.2580040899540188,EXPOSED_HISTORY
SPY,HIST_MEAN,YEAR_2001,248,2001-01-02,2001-12-31,1.1703760421549598e-07,0.6624332485283871,0.0,0.5189532781386987,0.0014798660144316519,-10.557474293900322,0.17926897321428573,56,248,248,0.22580645161290322,1.0,0.22580645161290322,1.0,0.34287658802177856,58,0.33102143757881464,65,0.42332747052309294,-0.31999253827788166,EXPOSED_HISTORY
SPY,HIST_MEAN,YEAR_2002,252,2002-01-02,2002-12-31,5.677377195977791e-08,0.5389050900660931,0.0,0.5088076778831325,-0.0003013262239238372,4.288850091421049,0.6286775007004763,86,252,252,0.3412698412698413,1.0,0.3412698412698413,1.0,0.4635340935180225,73,0.5771233974358975,96,0.400104911153367,0.213121777178405,EXPOSED_HISTORY
SPY,HIST_MEAN,YEAR_2003,252,2003-01-02,2003-12-31,5.297011905491303e-09,0.19943669422053908,0.0,1.1984813324556771,-0.0025933660886504075,19.419447259276808,0.510840108401084,6,211,252,0.02843601895734597,1.0,0.023809523809523808,1.194312796208531,0.23273891175125744,9,0.3985185185185185,27,0.4506502937875487,0.21843958328227442,EXPOSED_HISTORY
SPY,HIST_MEAN,YEAR_2004,252,2004-01-02,2004-12-31,7.317730204469766e-09,0.42996592267877715,0.0,2.63328925226724,-0.0005099848964311655,4.191816413854074,,0,0,252,,,0.0,,0.802,2,0.6067887931034482,20,0.5399613277473413,0.10081809114379049,EXPOSED_HISTORY
SPY,HIST_MEAN,YEAR_2005,252,2005-01-03,2005-12-30,7.631896713416592e-09,0.5358888709408614,0.0,3.085609485434888,3.0463326277170347e-05,0.08321153321169686,,0,0,252,,,0.0,,0.7188755020080321,3,,0,0.5193607068607069,0.07806210983921476,EXPOSED_HISTORY
SPY,HIST_MEAN,YEAR_2006,251,2006-01-03,2006-12-29,6.769029157867702e-09,0.5403412025879994,0.0,2.9436778483817667,-0.0003069356944343826,2.8947135561270922,,0,0,251,,,0.0,,0.634,1,,0,0.628112582781457,0.02497912210998312,EXPOSED_HISTORY
SPY,HIST_MEAN,YEAR_2007,251,2007-01-03,2007-12-31,8.952184174348733e-09,0.3844602186769141,0.0,1.160602989724379,0.007213728548332286,-61.64458663326828,0.17272727272727273,20,0,251,,0.0,0.0796812749003984,,0.392375366568915,31,0.2821593915343915,27,0.38784708514278193,-0.5290342918318233,EXPOSED_HISTORY
SPY,HIST_MEAN,YEAR_2008,253,2008-01-02,2008-12-31,1.3549120132060768e-06,3.4909543044602773,0.0,0.1800564879591387,-0.002938348357818999,29.559455985399065,0.736472819216182,113,41,253,0.8780487804878049,0.3185840707964602,0.44664031620553357,1.9658968271098642,0.7098863335976738,97,0.612687969924812,120,0.4612993274965106,0.36447512473335236,EXPOSED_HISTORY
SPY,HIST_MEAN,YEAR_2009,252,2009-01-02,2009-12-31,1.0101653301042168e-07,0.6759412124996264,0.0,0.5231515304774434,0.012044148380840213,-73.65172840509253,0.009718899521531101,76,252,252,0.30158730158730157,1.0,0.30158730158730157,1.0,0.21912282207535833,61,0.3132621951219512,88,0.4310130718954248,-0.5423651455803575,EXPOSED_HISTORY
SPY,HIST_MEAN,YEAR_2010,252,2010-01-04,2010-12-31,5.040806600026112e-08,0.39961234305979443,0.0,1.082856728694046,0.014093406132816814,-86.78360705200332,0.16229952563812966,19,252,252,0.07539682539682539,1.0,0.07539682539682539,1.0,0.4881769084805138,31,0.3309551886792453,40,0.48032182366744886,0.14370004918589926,EXPOSED_HISTORY
SPY,HIST_MEAN,YEAR_2011,252,2011-01-03,2011-12-30,5.4782562599373074e-08,0.506043607820416,0.0,0.7650712517513896,0.0028576385583697515,-16.615561405111624,0.4395777925531915,64,97,252,0.30927835051546393,0.46875,0.25396825396825395,1.2177835051546393,0.42436929683306496,45,0.32851937433345185,58,0.40127551020408164,-0.13808828789156352,EXPOSED_HISTORY
SPY,HIST_MEAN,YEAR_2012,250,2012-01-03,2012-12-31,9.674700876490866e-09,0.4079332503457824,0.0,2.2840673979560426,0.00015993564157661583,-0.5596533718040594,,0,82,250,0.0,,0.0,,0.37399193548387094,2,,0,0.4678383945777128,-0.03744331341940181,EXPOSED_HISTORY
SPY,HIST_MEAN,YEAR_2013,252,2013-01-02,2013-12-31,1.2832913749783083e-08,0.6905227639844439,0.0,3.3249616650969838,-0.0002862029826969407,2.141886446704413,,0,0,252,,,0.0,,0.5481927710843374,3,0.548582995951417,5,0.42539388322520855,-0.04285371930525044,EXPOSED_HISTORY
SPY,HIST_MEAN,YEAR_2014,252,2014-01-02,2014-12-31,1.2753458051078997e-08,0.713824258884009,0.0,2.8282544125407307,0.0014021299154866004,-8.977771040286436,0.11686991869918699,6,0,252,,0.0,0.023809523809523808,,0.3848396501457726,7,0.7206477732793523,5,0.4902844551282051,-0.035048956369441144,EXPOSED_HISTORY
SPY,HIST_MEAN,YEAR_2015,252,2015-01-02,2015-12-31,5.559690796769021e-08,0.6156230860932038,0.0,1.351365057426167,0.015356396273282577,-103.86907978029674,0.02074688796680498,11,0,252,,0.0,0.04365079365079365,,0.20690305545077328,11,0.3346226828200263,31,0.39120913995556966,-0.07393425621468233,EXPOSED_HISTORY
SPY,HIST_MEAN,YEAR_2016,252,2016-01-04,2016-12-30,1.504925494860657e-08,0.7061309864478855,0.0,2.000521749562952,-0.004593108117104672,32.086325901796414,0.6700997747022852,13,0,252,,0.0,0.051587301587301584,,0.7225619568715803,13,0.6594622191967324,26,0.4826684545759303,0.38543321936271757,EXPOSED_HISTORY
SPY,HIST_MEAN,YEAR_2017,251,2017-01-03,2017-12-29,1.4831599425834458e-08,1.2537296991360578,0.0,7.173493909779949,-7.968145027335132e-05,0.7049052744067956,,0,0,251,,,0.0,,,0,,0,0.5297060181622287,0.12994847484161048,EXPOSED_HISTORY
SPY,HIST_MEAN,YEAR_2018,251,2018-01-02,2018-12-31,1.526737250581867e-08,0.5482008351430567,0.0,1.2266452239776353,0.0072815462507259164,-52.18956803789552,0.3321917808219178,32,0,251,,0.0,0.12749003984063745,,0.29505582137161085,42,0.32935323383084575,50,0.45273487773487775,-0.17356039922824193,EXPOSED_HISTORY
SPY,HIST_MEAN,YEAR_2019,252,2019-01-02,2019-12-31,8.132157033997626e-09,0.5407487869346868,0.0,2.277838229569682,-0.0009001420071220827,7.061770526341771,,0,0,252,,,0.0,,0.4637096774193548,4,0.3785425101214575,5,0.5107045247494686,0.12306549397673638,EXPOSED_HISTORY
SPY,HIST_MEAN,YEAR_2020,253,2020-01-02,2020-12-31,1.2964162792487525e-06,2.3183488573145317,0.0,0.2961770851464638,0.01358223715739272,-91.31220024812862,0.21478975702022407,79,0,253,,0.0,0.31225296442687744,,0.2205573999650533,59,0.28471863706763034,104,0.4222629222629223,-0.4430275280783187,EXPOSED_HISTORY
SPY,HIST_MEAN,YEAR_2021,252,2021-01-04,2021-12-31,9.404592497385675e-09,0.5438889951419462,0.0,2.139922018600782,-0.0007036810224638503,5.296012614286876,0.8353413654618473,3,0,252,,0.0,0.011904761904761904,,0.6365461847389559,3,0.42466960352422906,25,0.46401950539881576,0.052832316917859105,EXPOSED_HISTORY
SPY,HIST_MEAN,YEAR_2022,251,2022-01-03,2022-12-30,2.0219880778061417e-08,0.24556848581037782,0.0,0.6724426830441591,0.0032597630597526093,-20.951927142161818,0.42730860299921075,70,0,251,,0.0,0.2788844621513944,,0.45610328638497655,71,0.3691856452726018,90,0.4158595641646489,-0.07565963618202064,EXPOSED_HISTORY
SPY,HIST_MEAN,YEAR_2023,250,2023-01-03,2023-12-29,8.01434342078558e-09,0.39513334999241506,0.0,2.1459240891316016,-0.00377341814928055,26.375903658823987,0.7991967871485943,1,0,250,,0.0,0.004,,0.7008163265306122,5,0.9005074786324786,16,0.4956028464017186,0.4809697661267322,EXPOSED_HISTORY
SPY,HIST_MEAN,YEAR_2024,252,2024-01-02,2024-12-31,1.2147540212872005e-08,0.5231355245540111,0.0,2.0845202256108117,0.0026329769887743133,-17.94909361345819,0.4109311740890688,5,0,252,,0.0,0.01984126984126984,,0.3011661807580175,7,0.23726895511127877,11,0.37933411456538224,0.0167816392889371,EXPOSED_HISTORY
SPY,HIST_MEAN,YEAR_2025,250,2025-01-02,2025-12-31,8.025026424020572e-08,0.6919164293168519,0.0,1.0416184572636225,0.019757968790368938,-137.99567663876536,0.10875441879808692,21,0,250,,0.0,0.084,,0.0982532751091703,21,0.27833104395604397,42,0.3556686846450193,-0.445512258894941,EXPOSED_HISTORY
SPY,HIST_MEAN,YEAR_2026,159,2026-01-02,2026-08-20,6.523267624826771e-09,0.3514525927855819,0.0,1.7234642760364567,-0.0016282871587359857,12.122876541461833,,0,0,159,,,0.0,,,0,,0,0.5484751203852327,0.24657644776473406,EXPOSED_HISTORY
SPY,HIST_MEAN,EX_GFC,7142,1995-04-03,2026-08-20,7.162115082012384e-08,0.631177595147248,0.0,1.015775101663129,0.00013627383688694455,-0.08899882429587963,0.2937248594105673,985,2321,6890,0.26971133132270575,0.681917211328976,0.1332365747460087,2.024304000886103,0.36075892044045027,793,0.4467798666875433,988,0.4851657180221945,-0.09548968889052031,EXPOSED_HISTORY
SPY,HIST_MEAN,EX_COVID,7805,1995-04-03,2026-08-20,7.128006596369168e-08,0.6573992558948619,0.0,0.9331401822234324,0.00013943426806091648,-0.023687618050372863,0.32412860212290584,1134,2614,7553,0.2823259372609028,0.6916588566073102,0.14126837018403282,1.9985077826912834,0.3822513985526336,940,0.4603840098303534,1163,0.4817618559867224,-0.07459965025953234,EXPOSED_HISTORY
SPY,HIST_MEAN,EX_2022,7647,1995-04-03,2026-08-20,1.1467751706153476e-07,0.7318269692780833,0.0,0.8725067511255004,0.00014191529001298354,0.0276737920888461,0.3150332276210704,1124,2614,7395,0.2823259372609028,0.6982024597918638,0.1429344151453685,1.975213156144159,0.36709866673098135,911,0.45108803606110376,1133,0.4777204110322667,-0.09457396191641429,EXPOSED_HISTORY
SPY,HIST_MEAN,EX_ALL_THREE,6798,1995-04-03,2026-08-20,2.6591618252985433e-08,0.5765394767365006,0.0,1.1631351769246698,0.0001403058843203192,-0.2532123804116143,0.2549756802685945,855,2321,6546,0.26971133132270575,0.7944162436548223,0.12037885731744577,2.240520780251817,0.3276023739015057,680,0.422452187214685,838,0.4824292796667988,-0.13322486379421958,EXPOSED_HISTORY
SPY,HIST_MEAN,COMMON_ALL,6364,2001-05-01,2026-08-20,1.323960244604342e-07,0.7367763782214451,0.0,0.9572689804420319,0.0003810888266335784,-1.652644677676906,0.4777053916334532,641,1353,6364,0.19881744271988175,0.41965678627145087,0.10072281583909491,1.9739067168008229,0.4505985708072517,634,0.4826757257754361,917,0.4662263282633267,0.040475990416540104,EXPOSED_HISTORY
SPY,ROLLING22,ALL,7898,1995-04-03,2026-08-20,8.13906115184601e-08,0.30560905362037655,0.2711873837108544,0.9999859253657195,4.480950047051178e-05,0.6965677153846862,0.8159677664375977,1194,886,7646,0.5993227990970654,0.47116237799467614,0.14739733193826837,4.066035600617713,0.7514727206548409,982,0.7657808360971516,1223,0.516395156650234,0.6418179738364547,EXPOSED_HISTORY
SPY,ROLLING22,PRE2000,1200,1995-04-03,1999-12-31,1.568165905506596e-08,0.2258275197856302,0.3436681472988157,0.9895935195240347,3.997920135357923e-05,0.6975710022821169,0.6089572994575903,413,215,948,0.5906976744186047,0.3670520231213873,0.3649789029535865,1.6184433391584891,0.5491149500607285,253,0.6177174287757716,193,0.5113866666666667,0.47277889776312343,EXPOSED_HISTORY
SPY,ROLLING22,2000_2009,2515,2000-01-03,2009-12-31,9.096327578189276e-08,0.19188116492466703,0.46667854359989347,1.0026826428714233,3.9297391061217886e-05,0.8039360318192769,0.903800720037937,457,436,2515,0.6536697247706422,0.6236323851203501,0.18170974155069583,3.5973290104992675,0.7950196009595694,405,0.8106062790648496,522,0.52778151913982,0.7669478052968769,EXPOSED_HISTORY
SPY,ROLLING22,2010_2019,2516,2010-01-04,2019-12-31,1.9615252753790943e-08,0.39546604141872854,0.2139084121734388,1.0009772843295237,3.623926187671294e-05,0.5966892297236521,0.8418621562268213,145,103,2516,0.5048543689320388,0.3586206896551724,0.05763116057233704,8.760093739537998,0.7535591200438045,158,0.7641174374406082,220,0.48831766453910935,0.5492864234972895,EXPOSED_HISTORY
SPY,ROLLING22,2020_2022,756,2020-01-02,2022-12-30,4.252360967998248e-07,0.4999376701786469,0.04161710199468516,0.990089545599373,0.00012756842580477994,0.5076948480643354,0.7790061868246776,152,107,756,0.5327102803738317,0.375,0.20105820105820105,2.649532710280374,0.6794071857010101,133,0.6435380049828661,219,0.4898009321145995,0.5640110640504317,EXPOSED_HISTORY
SPY,ROLLING22,2023_PLUS,911,2023-01-03,2026-08-20,2.6785900335952593e-08,0.31523678715791664,0.0673651041053892,1.023702602959206,4.7741009594351046e-05,0.45478766412910393,0.8376906318082789,27,25,911,0.4,0.37037037037037035,0.029637760702524697,13.496296296296297,0.7158832056326362,33,0.6521567007470137,69,0.4741304591665052,0.31678060514792844,EXPOSED_HISTORY
SPY,ROLLING22,2020_PLUS,1667,2020-01-02,2026-08-20,2.0748676927817665e-07,0.39900035498255493,0.04348015185682352,1.0000258448953985,7.733913786465692e-05,0.5316749892720621,0.8486401453715384,179,132,1667,0.5075757575757576,0.3743016759776536,0.10737852429514097,4.726976468596581,0.7564274419463329,166,0.6926592337442591,288,0.48854683879510097,0.5239808395252211,EXPOSED_HISTORY
SPY,ROLLING22,DOTCOM,752,2000-01-03,2002-12-31,5.957634977827441e-08,0.2495833252466734,0.13278352283444095,1.000763774027575,0.00012908087946005947,0.4393816795491797,0.7700048614487117,242,231,752,0.5800865800865801,0.5537190082644629,0.32180851063829785,1.8025830918392904,0.6091773437711623,201,0.6847574869791667,240,0.40797418727106227,0.5696701817824319,EXPOSED_HISTORY
SPY,ROLLING22,GFC,756,2007-01-03,2009-12-31,2.4223380084240496e-07,0.2753495885340611,0.5057198972638245,0.9990046932627229,7.18146653597337e-05,0.802455282022434,0.8904157518609553,209,205,756,0.7365853658536585,0.722488038277512,0.27645502645502645,2.6643949118917027,0.7488125565726976,189,0.752072528280312,235,0.5382066826448612,0.7148190871672374,EXPOSED_HISTORY
SPY,ROLLING22,2011,252,2011-01-03,2011-12-30,4.2168821228207303e-08,0.31930159335042835,0.23025102829545474,0.9765821223597071,7.41655842188737e-05,0.659569699890914,0.8873836436170213,64,48,252,0.75,0.5625,0.25396825396825395,2.953125,0.785077831454643,45,0.7708851759687166,58,0.5056760204081633,0.5965544934884968,EXPOSED_HISTORY
SPY,ROLLING22,2015_2016,504,2015-01-02,2016-12-30,3.718735003875986e-08,0.6474591845470732,-0.052777631612358045,1.0275131160575321,6.369025291621325e-05,0.2895067587288632,0.66640625,24,22,504,0.22727272727272727,0.20833333333333334,0.047619047619047616,4.7727272727272725,0.6328125,24,0.6992032654342792,57,0.4191771946873988,0.4090927326189024,EXPOSED_HISTORY
SPY,ROLLING22,2018Q4,63,2018-10-01,2018-12-31,2.640425455641713e-08,0.7263488796302894,-0.015464001735039812,0.6949768782483869,0.0002012832100268098,0.16735324337361196,0.5395348837209303,20,3,63,0.0,0.0,0.31746031746031744,0.0,0.3671399594320487,29,0.28225806451612906,31,0.26,-0.020641321044546853,EXPOSED_HISTORY
SPY,ROLLING22,COVID,93,2020-02-19,2020-06-30,3.360024165483198e-06,1.2400276902910314,0.04050378986077907,0.9829717860915935,0.0008864600139915962,0.1914651325062995,0.705050505050505,60,66,93,0.696969696969697,0.7666666666666667,0.6451612903225806,1.0803030303030303,0.45144724556489263,42,0.5737373737373738,60,0.37617260787992496,0.1728089284115663,EXPOSED_HISTORY
SPY,ROLLING22,2022,251,2022-01-03,2022-12-30,1.8516129438787763e-08,0.24007140656928574,0.0842611960957863,0.9723538912245212,0.00016938201808650445,0.2220952918993423,0.5781373322809787,70,38,251,0.2894736842105263,0.15714285714285714,0.2788844621513944,1.0379699248120302,0.43990610328638496,71,0.45921325051759837,90,0.35038868357334013,0.09633542022386643,EXPOSED_HISTORY
SPY,ROLLING22,2025_SPRING,82,2025-02-03,2025-05-30,2.5512020005667525e-07,0.7820308129147209,-0.12930053553398846,0.9900206533841273,0.00027833431006480384,0.07418465970498882,0.6494925839188135,21,25,82,0.4,0.47619047619047616,0.25609756097560976,1.561904761904762,0.5060763888888888,18,0.38371040723981903,17,0.24376899696048632,0.34556654803495823,EXPOSED_HISTORY
SPY,ROLLING22,YEAR_1995,189,1995-04-03,1995-12-29,3.9442994614253036e-10,0.18149817643809837,-0.2421872119714099,0.976173179524069,3.350370350146992e-05,-0.07846340596374991,0.5063414634146342,25,0,0,,,,,0.43966480446927375,10,,0,0.5648512071869736,-0.2807088643594803,EXPOSED_HISTORY
SPY,ROLLING22,YEAR_1996,254,1996-01-02,1996-12-31,7.402150610478852e-09,0.37278726642097315,0.10784655052196879,0.9548234196020127,7.91780048304625e-05,0.0922042246041994,0.5834425104498098,117,43,191,0.6046511627906976,0.3466666666666667,0.39267015706806285,1.5398449612403098,0.47756484260755794,71,0.4727803738317757,40,0.5204814599106969,0.056796533309411645,EXPOSED_HISTORY
SPY,ROLLING22,YEAR_1997,253,1997-01-02,1997-12-31,2.527973770280375e-08,0.23015423241552654,0.13261305890795705,0.995333063871049,0.0001272821109592345,0.14513885035962448,0.47254534083802374,130,74,253,0.5405405405405406,0.3076923076923077,0.5138339920948617,1.051975051975052,0.3538011695906433,63,0.44722222222222224,45,0.4054834054834055,0.035656857122108754,EXPOSED_HISTORY
SPY,ROLLING22,YEAR_1998,252,1998-01-02,1998-12-31,3.4702498537566074e-08,0.20062455276037355,0.4784658570069189,0.9990529038024664,5.128624386328191e-05,0.7435008465793603,0.7558139534883721,86,70,252,0.7142857142857143,0.5813953488372093,0.3412698412698413,2.0930232558139537,0.6394736842105263,62,0.648427336037346,73,0.4471634383401117,0.48396138765097724,EXPOSED_HISTORY
SPY,ROLLING22,YEAR_1999,252,1999-01-04,1999-12-31,6.835293971907096e-09,0.13180751836621465,0.27090643176919527,0.9935420400543351,0.00013790400696313918,0.11172350458251538,0.5683433317951084,55,28,252,0.39285714285714285,0.2,0.21825396825396826,1.8,0.43258951738453555,47,0.4014483212639895,35,0.4696862770257266,0.06342182559054203,EXPOSED_HISTORY
SPY,ROLLING22,YEAR_2000,252,2000-01-03,2000-12-29,1.9431131228885735e-08,0.16830194903624068,0.41208632007352197,0.9636125752487436,8.077791655692915e-05,0.6343980785669969,0.7309868421052632,100,90,252,0.5444444444444444,0.49,0.3968253968253968,1.3719999999999999,0.6666405023547881,70,0.7031535816199604,79,0.4836460446247465,0.45976080620113186,EXPOSED_HISTORY
SPY,ROLLING22,YEAR_2001,248,2001-01-02,2001-12-31,1.293618701852765e-07,0.4391714030291808,-0.1053017622189909,1.0529820201696451,0.00017746039691167613,0.21185592791243502,0.7268415178571429,56,67,248,0.4925373134328358,0.5892857142857143,0.22580645161290322,2.181236673773987,0.4617059891107078,58,0.5903320722992854,65,0.364406227607322,0.5655420427957094,EXPOSED_HISTORY
SPY,ROLLING22,YEAR_2002,252,2002-01-02,2002-12-31,3.104375459378804e-08,0.14428595824257506,0.45320253486449036,0.9850027981182885,8.551682016805386e-05,0.6746071833390785,0.8245306808629869,86,74,252,0.7027027027027027,0.6046511627906976,0.3412698412698413,2.0590823381521055,0.6396265401392821,73,0.6946447649572649,96,0.3573536161563176,0.6033400746721378,EXPOSED_HISTORY
SPY,ROLLING22,YEAR_2003,252,2003-01-02,2003-12-31,2.0214301312501537e-09,0.05933070005918947,0.6183829360182146,1.0489028792663373,7.791633305183472e-06,0.8895765389484823,0.9214092140921409,6,0,252,,0.0,0.023809523809523808,,0.7050754458161865,9,0.7374485596707819,27,0.5244602891661715,0.6981717399177992,EXPOSED_HISTORY
SPY,ROLLING22,YEAR_2004,252,2004-01-02,2004-12-31,4.99937511921963e-10,0.08665271255182465,0.9316813413513667,0.998232411003705,2.9173104150378477e-05,0.4265264206036293,,0,0,252,,,0.0,,0.582,2,0.590301724137931,20,0.42268772155978085,0.06493806441840394,EXPOSED_HISTORY
SPY,ROLLING22,YEAR_2005,252,2005-01-03,2005-12-30,3.53913699200386e-10,0.0893258093942753,0.9536270323760778,0.9992714734332697,2.4816344323988146e-05,0.3948205300016668,,0,0,252,,,0.0,,0.6987951807228916,3,,0,0.38617463617463615,0.1266501845057189,EXPOSED_HISTORY
SPY,ROLLING22,YEAR_2006,251,2006-01-03,2006-12-29,4.697180201668971e-10,0.10929185786038259,0.9306077711866643,1.0100312813100794,1.83909170330555e-05,0.5438958775495848,,0,0,251,,,0.0,,0.384,1,,0,0.5272847682119205,0.2527922595332954,EXPOSED_HISTORY
SPY,ROLLING22,YEAR_2007,251,2007-01-03,2007-12-31,8.282897567990986e-09,0.33651102551571827,0.07476238126059742,0.9471327853707339,4.8725486643497965e-05,0.5384587526739888,0.7510822510822511,20,9,251,0.0,0.0,0.0796812749003984,0.0,0.5725806451612904,31,0.5381944444444444,27,0.5439531517304909,0.46311515841396317,EXPOSED_HISTORY
SPY,ROLLING22,YEAR_2008,253,2008-01-02,2008-12-31,6.925719006306669e-07,0.39000863036167804,0.4888436342136635,0.9691028070009211,0.00019096420865643632,0.7420138025627541,0.8244627054361567,113,112,253,0.6875,0.6814159292035398,0.44664031620553357,1.5392699115044248,0.7339413164155432,97,0.7357142857142858,120,0.44880091358964597,0.6444858918326909,EXPOSED_HISTORY
SPY,ROLLING22,YEAR_2009,252,2009-01-02,2009-12-31,2.313117177672101e-08,0.099316817642065,0.7710159803808094,1.082849661755377,-4.998290479579856e-06,0.9386393188443376,0.9949910287081339,76,84,252,0.8809523809523809,0.9736842105263158,0.30158730158730157,2.9210526315789473,0.7710067805338597,61,0.6930432372505543,88,0.5762745098039216,0.7288976973716278,EXPOSED_HISTORY
SPY,ROLLING22,YEAR_2010,252,2010-01-04,2010-12-31,5.434659630963809e-08,0.5034597581744927,-0.07813293827532619,1.0058910518709485,9.153491797797054e-05,0.38091035080139074,0.7704992093968828,19,23,252,0.4782608695652174,0.5789473684210527,0.07539682539682539,6.343249427917621,0.7137644139541672,31,0.5955188679245284,40,0.5641971169963125,0.5627278201329822,EXPOSED_HISTORY
SPY,ROLLING22,YEAR_2011,252,2011-01-03,2011-12-30,4.2168821228207303e-08,0.31930159335042835,0.23025102829545474,0.9765821223597071,7.41655842188737e-05,0.659569699890914,0.8873836436170213,64,48,252,0.75,0.5625,0.25396825396825395,2.953125,0.785077831454643,45,0.7708851759687166,58,0.5056760204081633,0.5965544934884968,EXPOSED_HISTORY
SPY,ROLLING22,YEAR_2012,250,2012-01-03,2012-12-31,1.6692169431085728e-09,0.14771515622928885,0.8274657827236083,1.0329893567802018,3.896789475978005e-05,0.4306933585000852,,0,0,250,,,0.0,,0.5040322580645161,2,,0,0.40241876536646953,0.26101396822349154,EXPOSED_HISTORY
SPY,ROLLING22,YEAR_2013,252,2013-01-02,2013-12-31,1.1023311915764795e-09,0.19878772801672617,0.9141012545498397,1.0621179203886597,2.5614906123456937e-05,0.4256724098647428,,0,0,252,,,0.0,,0.9076305220883534,3,0.9068825910931174,5,0.3865402438154987,-0.01780943232528197,EXPOSED_HISTORY
SPY,ROLLING22,YEAR_2014,252,2014-01-02,2014-12-31,4.00966770487673e-09,0.403275126006096,0.6856015294975236,0.9130243726628228,4.811231993900604e-05,0.10340543624269247,0.6158536585365854,6,0,252,,0.0,0.023809523809523808,,0.574927113702624,7,0.6493927125506073,5,0.3687232905982906,0.12034377078548221,EXPOSED_HISTORY
SPY,ROLLING22,YEAR_2015,252,2015-01-02,2015-12-31,6.535658633116536e-08,0.8716163685325155,-0.17554354585954535,0.9933140422710104,8.905672907949239e-05,0.18139096737660165,0.6401357978121464,11,22,252,0.22727272727272727,0.45454545454545453,0.04365079365079365,5.206611570247934,0.5175405507355715,11,0.7350751715078091,31,0.4267216756585211,0.3903100190992102,EXPOSED_HISTORY
SPY,ROLLING22,YEAR_2016,252,2016-01-04,2016-12-30,9.018113746354351e-09,0.42330200056163075,0.40076011887954965,1.0786223219467097,2.720070854789164e-05,0.5801734019430485,0.6488574187318957,13,0,252,,0.0,0.051587301587301584,,0.7055037013196009,13,0.6410823689584751,26,0.38115990613476364,0.3925731292784818,EXPOSED_HISTORY
SPY,ROLLING22,YEAR_2017,251,2017-01-03,2017-12-29,1.594616923959011e-10,0.18443394738599744,0.9892485167770819,1.0113672151139466,1.9315794452374214e-05,0.01643372131073063,,0,0,251,,,0.0,,,0,,0,0.4468216099738341,-0.05853158793397837,EXPOSED_HISTORY
SPY,ROLLING22,YEAR_2018,251,2018-01-02,2018-12-31,1.2655948549001438e-08,0.517087736737727,0.17104606282593626,0.8404915859613404,4.617887418428576e-05,0.6991878311659026,0.7027682648401826,32,3,251,0.0,0.0,0.12749003984063745,0.0,0.658008658008658,42,0.6479601990049751,50,0.514993564993565,0.599067349649023,EXPOSED_HISTORY
SPY,ROLLING22,YEAR_2019,252,2019-01-02,2019-12-31,5.4185331793330195e-09,0.38335991915630113,0.3336905378634377,1.2829823680760053,4.611979752011628e-05,0.1769889109565418,,0,7,252,0.0,,0.0,,0.18044354838709678,4,0.5668016194331984,5,0.4196781050713635,0.32547243737266257,EXPOSED_HISTORY
SPY,ROLLING22,YEAR_2020,253,2020-01-02,2020-12-31,1.2481369586082238e-06,0.8456359487183421,0.03724060042543231,0.990583634790167,0.00027063576330146107,0.44538562752637917,0.7572384693729085,79,69,253,0.6666666666666666,0.5822784810126582,0.31225296442687744,2.1350210970464136,0.6424951948278874,59,0.6679143004646361,104,0.4934879934879935,0.5016620946097153,EXPOSED_HISTORY
SPY,ROLLING22,YEAR_2021,252,2021-01-04,2021-12-31,4.175754617663837e-09,0.4117026213508959,0.555987713574551,1.0426019755646463,5.198565510139865e-05,0.22695883234731665,0.8514056224899599,3,0,252,,0.0,0.011904761904761904,,0.21552878179384202,3,0.23682819383259912,25,0.39233716475095787,0.22925501082438549,EXPOSED_HISTORY
SPY,ROLLING22,YEAR_2022,251,2022-01-03,2022-12-30,1.8516129438787763e-08,0.24007140656928574,0.0842611960957863,0.9723538912245212,0.00016938201808650445,0.2220952918993423,0.5781373322809787,70,38,251,0.2894736842105263,0.15714285714285714,0.2788844621513944,1.0379699248120302,0.43990610328638496,71,0.45921325051759837,90,0.35038868357334013,0.09633542022386643,EXPOSED_HISTORY
SPY,ROLLING22,YEAR_2023,250,2023-01-03,2023-12-29,1.8001319973904574e-09,0.11797470885396034,0.7753862165774267,1.1119422390457092,2.4219062066081573e-05,0.578389899712657,0.7188755020080321,1,0,250,,0.0,0.004,,0.6481632653061224,5,0.8728632478632479,16,0.43340494092373794,0.5008319493111889,EXPOSED_HISTORY
SPY,ROLLING22,YEAR_2024,252,2024-01-02,2024-12-31,8.346319689117673e-09,0.40805075721851003,0.31292100763958874,0.9569591841632342,6.298853973824261e-05,0.08463732802579738,0.6518218623481782,5,0,252,,0.0,0.01984126984126984,,0.4717201166180758,7,0.34552998868351564,11,0.4335837871372441,-0.025362131372871022,EXPOSED_HISTORY
SPY,ROLLING22,YEAR_2025,250,2025-01-02,2025-12-31,8.513152254994588e-08,0.4354444051061088,-0.06082544843876825,1.0231904124807394,7.704712984833019e-05,0.42571163335644446,0.8725306716573092,21,25,250,0.4,0.47619047619047616,0.084,4.761904761904762,0.7533790808899979,21,0.5758928571428571,42,0.4971794166208035,0.41331310900974416,EXPOSED_HISTORY
SPY,ROLLING22,YEAR_2026,159,2026-01-02,2026-08-20,3.5582956450382082e-09,0.2892902125269199,0.45452251085088646,0.9985878045481911,6.0423527566135045e-05,0.262155181515083,,0,0,159,,,0.0,,,0,,0,0.3987158908507223,0.1633180081203726,EXPOSED_HISTORY
SPY,ROLLING22,EX_GFC,7142,1995-04-03,2026-08-20,6.436492527806493e-08,0.3088120997706503,0.10131400374008082,1.000286840160027,5.365600895402465e-05,0.5705047752218534,0.8009738410080063,985,681,6890,0.5580029368575624,0.4139433551198257,0.1332365747460087,4.188061258113949,0.7421168489363041,793,0.7551465818617692,988,0.509781774748343,0.618530768488784,EXPOSED_HISTORY
SPY,ROLLING22,EX_COVID,7805,1995-04-03,2026-08-20,4.232425398883543e-08,0.29447504552167436,0.40622594246202914,1.0016087000319132,2.96206009771543e-05,0.7816128473529922,0.8113155020665139,1134,820,7553,0.5914634146341463,0.45454545454545453,0.14126837018403282,4.186807095343681,0.7482650199129101,940,0.7594748031171914,1163,0.5167093630544364,0.6340710471023564,EXPOSED_HISTORY
SPY,ROLLING22,EX_2022,7647,1995-04-03,2026-08-20,8.345436135525855e-08,0.3077602173983056,0.2722691989356746,1.0013332671322834,4.391616107211689e-05,0.6970891773344446,0.8194921283190113,1124,848,7395,0.6132075471698113,0.49195837275307475,0.1429344151453685,4.290132271826636,0.7556763664475623,911,0.7694102267612347,1133,0.5146542148223958,0.6326500448385306,EXPOSED_HISTORY
SPY,ROLLING22,EX_ALL_THREE,6798,1995-04-03,2026-08-20,2.0971535813013617e-08,0.2986106970161852,0.2113478911476495,1.0047291368567801,4.003184456664158e-05,0.6276812237370809,0.7960163463232088,855,577,6546,0.5597920277296361,0.4098984771573604,0.12037885731744577,4.650252047611926,0.7384340807261119,680,0.7462038090051417,838,0.5065835130834679,0.5935956578844706,EXPOSED_HISTORY
SPY,ROLLING22,COMMON_ALL,6364,2001-05-01,2026-08-20,9.707393191862146e-08,0.327656009924887,0.2667911871656581,1.0028630301524906,4.4550282295266744e-05,0.6961613248970929,0.8903439415577672,641,540,6364,0.6129629629629629,0.516380655226209,0.10072281583909491,6.085641647888138,0.7948290859442527,634,0.7813545378995651,917,0.5117368447702489,0.6388261817885276,EXPOSED_HISTORY
