symbol,vintage,p,q,distribution,valid,order,n_train,loglikelihood,n_parameters,BIC,AIC,persistence,selected,evidence
QQQ,2001-05,1,1,normal,True,0,540,-1355.3006003719179,3,2729.4759081625107,2716.6012007438358,0.9889086380438741,True,EXPOSED_HISTORY
QQQ,2001-05,1,1,t,True,1,540,-1355.2683541619235,4,2735.7029848820803,2718.536708323847,0.9890922871693031,False,EXPOSED_HISTORY
QQQ,2001-05,1,2,normal,True,2,540,-1355.3006003726246,4,2735.7674773034823,2718.601200745249,0.9889080749059215,False,EXPOSED_HISTORY
QQQ,2001-05,1,2,t,True,3,540,-1355.2683548528205,5,2741.9945554034325,2720.536709705641,0.9890910929814368,False,EXPOSED_HISTORY
QQQ,2001-05,2,1,normal,True,4,540,-1355.2632231731222,4,2735.6927229044777,2718.5264463462445,0.9880046317505549,False,EXPOSED_HISTORY
QQQ,2001-05,2,1,t,True,5,540,-1355.2203041432356,5,2741.8984539842627,2720.440608286471,0.9880404250787448,False,EXPOSED_HISTORY
QQQ,2001-06,1,1,normal,True,0,562,-1412.7105046993647,3,2844.4155149484104,2831.4210093987294,0.9863156074528314,True,EXPOSED_HISTORY
QQQ,2001-06,1,1,t,True,1,562,-1412.688342163052,4,2850.702691725679,2833.376684326104,0.9865285897362409,False,EXPOSED_HISTORY
QQQ,2001-06,1,2,normal,True,2,562,-1412.710504697217,4,2850.7470167940087,2833.421009394434,0.986315616960533,False,EXPOSED_HISTORY
QQQ,2001-06,1,2,t,True,3,562,-1412.691094889306,5,2857.0396990280806,2835.382189778612,0.9865149722036679,False,EXPOSED_HISTORY
QQQ,2001-06,2,1,normal,True,4,562,-1412.564387285073,4,2850.454781969721,2833.128774570146,0.9843559676333015,False,EXPOSED_HISTORY
QQQ,2001-06,2,1,t,True,5,562,-1412.5206632122472,5,2856.698835673963,2835.0413264244944,0.9842856318872951,False,EXPOSED_HISTORY
QQQ,2001-07,1,1,normal,True,0,583,-1460.4480580066163,3,2940.000677572284,2926.8961160132326,0.9830717513058018,True,EXPOSED_HISTORY
QQQ,2001-07,1,1,t,True,1,583,-1460.4141039671285,4,2946.300956679659,2928.828207934257,0.9831688365466771,False,EXPOSED_HISTORY
QQQ,2001-07,1,2,normal,True,2,583,-1460.448058002548,4,2946.368864750498,2928.896116005096,0.9830722294656549,False,EXPOSED_HISTORY
QQQ,2001-07,1,2,t,True,3,583,-1460.4192826515332,5,2952.679501234819,2930.8385653030664,0.9832319765296726,False,EXPOSED_HISTORY
QQQ,2001-07,2,1,normal,True,4,583,-1460.275801821777,4,2946.024352388956,2928.551603643554,0.980826547443939,False,EXPOSED_HISTORY
QQQ,2001-07,2,1,t,True,5,583,-1460.2149007735288,5,2952.27073747881,2930.4298015470577,0.9806657686784832,False,EXPOSED_HISTORY
QQQ,2001-08,1,1,normal,True,0,604,-1511.5112368075092,3,3042.233196208823,3029.0224736150185,0.9819811304369387,True,EXPOSED_HISTORY
QQQ,2001-08,1,1,t,True,1,604,-1511.4474107360686,4,3048.5091182638766,3030.894821472137,0.9822352394953318,False,EXPOSED_HISTORY
QQQ,2001-08,1,2,normal,True,2,604,-1511.5112368074228,4,3048.636770406585,3031.0224736148457,0.9819813508885955,False,EXPOSED_HISTORY
QQQ,2001-08,1,2,t,True,3,604,-1511.449508348468,5,3054.91688768661,3032.899016696936,0.9822946100166767,False,EXPOSED_HISTORY
QQQ,2001-08,2,1,normal,True,4,604,-1511.3335509590502,4,3048.28139870984,3030.6671019181003,0.97889930862745,False,EXPOSED_HISTORY
QQQ,2001-08,2,1,t,True,5,604,-1511.2375346767246,5,3054.4929403431233,3032.4750693534493,0.9787611029034915,False,EXPOSED_HISTORY
QQQ,2001-09,1,1,normal,True,0,627,-1567.347871158579,3,3154.0185819390567,3140.695742317158,0.9820166206918608,True,EXPOSED_HISTORY
QQQ,2001-09,1,1,t,True,1,627,-1567.3342454933156,4,3160.432277149163,3142.6684909866312,0.9822630993238275,False,EXPOSED_HISTORY
QQQ,2001-09,1,2,normal,True,2,627,-1567.3478711574135,4,3160.4595284773586,3142.695742314827,0.9820166162381984,False,EXPOSED_HISTORY
QQQ,2001-09,1,2,t,True,3,627,-1567.3271136947926,5,3166.85896009275,3144.6542273895852,0.9822015740681249,False,EXPOSED_HISTORY
QQQ,2001-09,2,1,normal,True,4,627,-1566.8656909452127,4,3159.495168052957,3141.7313818904254,0.9772834649810223,False,EXPOSED_HISTORY
QQQ,2001-09,2,1,t,True,5,627,-1566.802992272787,5,3165.8107172487385,3143.605984545574,0.9770581931352944,False,EXPOSED_HISTORY
QQQ,2001-10,1,1,normal,True,0,642,-1608.7821119715372,3,3236.9579888541443,3223.5642239430745,0.9830453084182794,True,EXPOSED_HISTORY
QQQ,2001-10,1,1,t,True,1,642,-1608.5456101156951,4,3242.94957344615,3225.0912202313903,0.9834458486072934,False,EXPOSED_HISTORY
QQQ,2001-10,1,2,normal,True,2,642,-1608.7821119746159,4,3243.4225771639917,3225.5642239492317,0.9830465081755546,False,EXPOSED_HISTORY
QQQ,2001-10,1,2,t,True,3,642,-1608.5456027816817,5,3249.414147081813,3227.0912055633635,0.983475099786264,False,EXPOSED_HISTORY
QQQ,2001-10,2,1,normal,True,4,642,-1608.1164681964422,4,3242.0912896076443,3224.2329363928843,0.9781444310403263,False,EXPOSED_HISTORY
QQQ,2001-10,2,1,t,True,5,642,-1607.7711230001264,5,3247.8651875187024,3225.542246000253,0.977658484451724,False,EXPOSED_HISTORY
QQQ,2001-11,1,1,normal,True,0,665,-1670.81081337705,3,3361.1209878760674,3347.6216267541,0.9851539804698103,True,EXPOSED_HISTORY
QQQ,2001-11,1,1,t,True,1,665,-1670.418761497219,4,3366.8366711570616,3348.837522994438,0.9856035659741891,False,EXPOSED_HISTORY
QQQ,2001-11,1,2,normal,True,2,665,-1670.8108133776057,4,3367.6207749178348,3349.6216267552113,0.9851539736143955,False,EXPOSED_HISTORY
QQQ,2001-11,1,2,t,True,3,665,-1670.4187614630564,5,3373.336458129392,3350.837522926113,0.9856033807164574,False,EXPOSED_HISTORY
QQQ,2001-11,2,1,normal,True,4,665,-1670.2444546403917,4,3366.488057443407,3348.4889092807834,0.9818572859525507,False,EXPOSED_HISTORY
QQQ,2001-11,2,1,t,True,5,665,-1669.7219735571848,5,3371.942882317649,3349.4439471143696,0.9815971097406782,False,EXPOSED_HISTORY
QQQ,2001-12,1,1,normal,True,0,686,-1719.9512455984755,3,3459.4951240801283,3445.902491196951,0.9835027792199157,True,EXPOSED_HISTORY
QQQ,2001-12,1,1,t,True,1,686,-1719.5747123645788,4,3465.272935240061,3447.1494247291575,0.9839770188197275,False,EXPOSED_HISTORY
QQQ,2001-12,1,2,normal,True,2,686,-1719.9512455937302,4,3466.026001698364,3447.9024911874603,0.9835038374024473,False,EXPOSED_HISTORY
QQQ,2001-12,1,2,t,True,3,686,-1719.5747156894545,5,3471.803819517538,3449.149431378909,0.9839537372930247,False,EXPOSED_HISTORY
QQQ,2001-12,2,1,normal,True,4,686,-1719.3778489792958,4,3464.879208469495,3446.7556979585916,0.9800745889534603,False,EXPOSED_HISTORY
QQQ,2001-12,2,1,t,True,5,686,-1718.8651211569372,5,3470.3846304525036,3447.7302423138744,0.9798042049147802,False,EXPOSED_HISTORY
QQQ,2002-01,1,1,normal,True,0,706,-1767.153768294684,3,3553.9863823018477,3540.307536589368,0.9833809897328822,True,EXPOSED_HISTORY
QQQ,2002-01,1,1,t,True,1,706,-1766.7906977412617,4,3559.8198564324966,3541.5813954825235,0.9839214737915492,False,EXPOSED_HISTORY
QQQ,2002-01,1,2,normal,True,2,706,-1767.1537682946418,4,3560.545997539257,3542.3075365892837,0.9833810751409459,False,EXPOSED_HISTORY
QQQ,2002-01,1,2,t,True,3,706,-1766.7907087006902,5,3566.3794935888463,3543.5814174013803,0.983855249189047,False,EXPOSED_HISTORY
QQQ,2002-01,2,1,normal,True,4,706,-1766.7066226700776,4,3559.6517062901285,3541.4132453401553,0.9803256131250112,False,EXPOSED_HISTORY
QQQ,2002-01,2,1,t,True,5,706,-1766.2267663988307,5,3565.2516089851274,3542.4535327976614,0.9802574533895664,False,EXPOSED_HISTORY
QQQ,2002-02,1,1,normal,True,0,727,-1812.5850078355888,3,3644.9367951037784,3631.1700156711777,0.9835068698248182,True,EXPOSED_HISTORY
QQQ,2002-02,1,1,t,True,1,727,-1812.2482968893087,4,3650.8522996887514,3632.4965937786174,0.9839833236530124,False,EXPOSED_HISTORY
QQQ,2002-02,1,2,normal,True,2,727,-1812.5850078375615,4,3651.525721585257,3633.170015675123,0.9835067752736995,False,EXPOSED_HISTORY
QQQ,2002-02,1,2,t,True,3,727,-1812.248306634515,5,3657.441245656698,3634.49661326903,0.9839592943488752,False,EXPOSED_HISTORY
QQQ,2002-02,2,1,normal,True,4,727,-1812.222647158751,4,3650.801000227636,3632.445294317502,0.9807921272053927,False,EXPOSED_HISTORY
QQQ,2002-02,2,1,t,True,5,727,-1811.795566463799,5,3656.535765315266,3633.591132927598,0.9807440272378323,False,EXPOSED_HISTORY
QQQ,2002-03,1,1,normal,True,0,746,-1855.6034390739342,3,3731.0510549484798,3717.2068781478683,0.9832179791075295,True,EXPOSED_HISTORY
QQQ,2002-03,1,1,t,True,1,746,-1855.3344272054233,4,3737.1277568116616,3718.6688544108465,0.9836158930814862,False,EXPOSED_HISTORY
QQQ,2002-03,1,2,normal,True,2,746,-1855.603439073777,4,3737.665780548369,3719.206878147554,0.9832178919827596,False,EXPOSED_HISTORY
QQQ,2002-03,1,2,t,True,3,746,-1855.3343025032552,5,3743.742233007529,3720.6686050065105,0.9835794982968148,False,EXPOSED_HISTORY
QQQ,2002-03,2,1,normal,True,4,746,-1855.1332797829962,4,3736.7254619668074,3718.2665595659923,0.9802391861124689,False,EXPOSED_HISTORY
QQQ,2002-03,2,1,t,True,5,746,-1854.7691581147851,5,3742.611944230589,3719.5383162295702,0.9801220873571113,False,EXPOSED_HISTORY
QQQ,2002-04,1,1,normal,True,0,766,-1900.3254085586295,3,3820.574363626481,3806.650817117259,0.9829231990088092,True,EXPOSED_HISTORY
QQQ,2002-04,1,1,t,True,1,766,-1900.0031844311393,4,3826.5710975412408,3808.0063688622786,0.9834056353722107,False,EXPOSED_HISTORY
QQQ,2002-04,1,2,normal,True,2,766,-1900.3254085585515,4,3827.2155457960653,3808.650817117103,0.9829232916463081,False,EXPOSED_HISTORY
QQQ,2002-04,1,2,t,True,3,766,-1900.0031066531133,5,3833.2121241549294,3810.0062133062265,0.9834136723775541,False,EXPOSED_HISTORY
QQQ,2002-04,2,1,normal,True,4,766,-1899.9483450028638,4,3826.4614186846898,3807.8966900057276,0.9800988257839363,False,EXPOSED_HISTORY
QQQ,2002-04,2,1,t,True,5,766,-1899.5504928261546,5,3832.306896501012,3809.100985652309,0.980125889843651,False,EXPOSED_HISTORY
QQQ,2002-05,1,1,normal,True,0,788,-1949.6801243023233,3,3919.36874287422,3905.3602486046466,0.9831151402470167,True,EXPOSED_HISTORY
QQQ,2002-05,1,1,t,True,1,788,-1949.3350759812583,4,3925.348144321948,3906.6701519625167,0.983680572597565,False,EXPOSED_HISTORY
QQQ,2002-05,1,2,normal,True,2,788,-1949.6801243040074,4,3926.038240967446,3907.360248608015,0.9831141779738933,False,EXPOSED_HISTORY
QQQ,2002-05,1,2,t,True,3,788,-1949.3350746431627,5,3932.017639735615,3908.6701492863253,0.9836785452247465,False,EXPOSED_HISTORY
QQQ,2002-05,2,1,normal,True,4,788,-1949.1810314375111,4,3925.0400552344536,3906.3620628750223,0.9801760439399946,False,EXPOSED_HISTORY
QQQ,2002-05,2,1,t,True,5,788,-1948.7297008314586,5,3930.8068921122067,3907.459401662917,0.9803285661783785,False,EXPOSED_HISTORY
QQQ,2002-06,1,1,normal,True,0,810,-2010.3082981591933,3,4040.707699061386,4026.6165963183867,0.9789167601952183,True,EXPOSED_HISTORY
QQQ,2002-06,1,1,t,True,1,810,-2008.5245010179165,4,4043.837139026499,4025.049002035833,0.9816432333141036,False,EXPOSED_HISTORY
QQQ,2002-06,1,2,normal,True,2,810,-2010.3082981570476,4,4047.404733304761,4028.616596314095,0.9789174189826111,False,EXPOSED_HISTORY
QQQ,2002-06,1,2,t,True,3,810,-2008.524501014301,5,4050.5341732669344,4027.049002028602,0.9816435737673042,False,EXPOSED_HISTORY
QQQ,2002-06,2,1,normal,True,4,810,-2009.363878607905,4,4045.515894206476,4026.72775721581,0.9735186209705564,False,EXPOSED_HISTORY
QQQ,2002-06,2,1,t,True,5,810,-2007.5701227267587,5,4048.6254166918498,4025.1402454535173,0.9754381071656305,False,EXPOSED_HISTORY
QQQ,2002-07,1,1,normal,True,0,830,-2057.51576086382,3,4135.195798830012,4121.03152172764,0.9784303416662,True,EXPOSED_HISTORY
QQQ,2002-07,1,1,t,True,1,830,-2055.712270252277,4,4138.3102433077165,4119.424540504554,0.9813194755109134,False,EXPOSED_HISTORY
QQQ,2002-07,1,2,normal,True,2,830,-2057.5157608645554,4,4141.917224532273,4123.031521729111,0.9784307394157388,False,EXPOSED_HISTORY
QQQ,2002-07,1,2,t,True,3,830,-2055.71227014945,5,4145.031668802853,4121.4245402989,0.9813181594396487,False,EXPOSED_HISTORY
QQQ,2002-07,2,1,normal,True,4,830,-2056.5841200827467,4,4140.053942968656,4121.168240165493,0.9726428336209335,False,EXPOSED_HISTORY
QQQ,2002-07,2,1,t,True,5,830,-2054.790852517941,5,4143.188833539835,4119.581705035882,0.9748769426509674,False,EXPOSED_HISTORY
QQQ,2002-08,1,1,normal,True,0,852,-2118.4104569268598,3,4257.063673434208,4242.8209138537195,0.9791105073592563,True,EXPOSED_HISTORY
QQQ,2002-08,1,1,t,True,1,852,-2117.174057224762,4,4261.338460556841,4242.348114449524,0.9814730582899674,False,EXPOSED_HISTORY
QQQ,2002-08,1,2,normal,True,2,852,-2118.4104569286555,4,4263.811259964628,4244.820913857311,0.9791113387838711,False,EXPOSED_HISTORY
QQQ,2002-08,1,2,t,True,3,852,-2117.174063224381,5,4268.086059082909,4244.348126448762,0.9814823571238048,False,EXPOSED_HISTORY
QQQ,2002-08,2,1,normal,True,4,852,-2117.5633179014912,4,4262.1169819103,4243.1266358029825,0.973756938587143,False,EXPOSED_HISTORY
QQQ,2002-08,2,1,t,True,5,852,-2116.337958815162,5,4266.413850264471,4242.675917630324,0.9755669993209217,False,EXPOSED_HISTORY
QQQ,2002-09,1,1,normal,True,0,874,-2173.7443650095975,3,4367.807971146161,4353.488730019195,0.9781506553972965,True,EXPOSED_HISTORY
QQQ,2002-09,1,1,t,True,1,874,-2172.608974362801,4,4372.310270228224,4353.217948725602,0.9805917938895099,False,EXPOSED_HISTORY
QQQ,2002-09,1,2,normal,True,2,874,-2173.744365010076,4,4374.581051522774,4355.488730020152,0.9781508114637294,False,EXPOSED_HISTORY
QQQ,2002-09,1,2,t,True,3,874,-2172.6089742869863,5,4379.083350452251,4355.2179485739725,0.9805772729968071,False,EXPOSED_HISTORY
QQQ,2002-09,2,1,normal,True,4,874,-2172.914675254041,4,4372.921672010704,4353.829350508082,0.9728327544967879,False,EXPOSED_HISTORY
QQQ,2002-09,2,1,t,True,5,874,-2171.77480206764,5,4377.415006013558,4353.54960413528,0.9747444458144,False,EXPOSED_HISTORY
QQQ,2002-10,1,1,normal,True,0,894,-2218.0977150832855,3,4456.582547492091,4442.195430166571,0.9769761038013403,True,EXPOSED_HISTORY
QQQ,2002-10,1,1,t,True,1,894,-2217.0321625319116,4,4461.247148164517,4442.064325063823,0.9792071010287798,False,EXPOSED_HISTORY
QQQ,2002-10,1,2,normal,True,2,894,-2218.0977150833864,4,4463.378253267467,4444.195430166773,0.9769762973292592,False,EXPOSED_HISTORY
QQQ,2002-10,1,2,t,True,3,894,-2217.03216495092,5,4468.042858777708,4444.06432990184,0.9792053549084416,False,EXPOSED_HISTORY
QQQ,2002-10,2,1,normal,True,4,894,-2217.028863426403,4,4461.2405499535,4442.057726852806,0.9711486481046193,False,EXPOSED_HISTORY
QQQ,2002-10,2,1,t,True,5,894,-2215.9516503310388,5,4465.881829537945,4441.9033006620775,0.9726094892265087,False,EXPOSED_HISTORY
QQQ,2002-11,1,1,normal,True,0,917,-2276.0796022168315,3,4572.622526850432,4558.159204433663,0.9762511909415635,True,EXPOSED_HISTORY
QQQ,2002-11,1,1,t,True,1,917,-2275.0796198087005,4,4577.443669506427,4558.159239617401,0.9786631986410623,False,EXPOSED_HISTORY
QQQ,2002-11,1,2,normal,True,2,917,-2276.0796022172144,4,4579.443634323455,4560.159204434429,0.9762515953779214,False,EXPOSED_HISTORY
QQQ,2002-11,1,2,t,True,3,917,-2275.0796149048624,5,4584.264767171007,4560.159229809725,0.9786540847165252,False,EXPOSED_HISTORY
QQQ,2002-11,2,1,normal,True,4,917,-2275.3730695392815,4,4578.030568967589,4558.746139078563,0.9706205979546192,False,EXPOSED_HISTORY
QQQ,2002-11,2,1,t,True,5,917,-2274.369104178567,5,4582.843745718416,4558.738208357134,0.972451716447507,False,EXPOSED_HISTORY
QQQ,2002-12,1,1,normal,True,0,937,-2322.8198696946,3,4666.167789235916,4651.6397393892,0.9763185201708948,True,EXPOSED_HISTORY
QQQ,2002-12,1,1,t,True,1,937,-2321.979873451878,4,4671.33048003271,4651.959746903756,0.9785339779177455,False,EXPOSED_HISTORY
QQQ,2002-12,1,2,normal,True,2,937,-2322.8198696954537,4,4673.010472519861,4653.639739390907,0.9763191797501788,False,EXPOSED_HISTORY
QQQ,2002-12,1,2,t,True,3,937,-2321.9798735844743,5,4678.173163580141,4653.9597471689485,0.978530989772621,False,EXPOSED_HISTORY
QQQ,2002-12,2,1,normal,True,4,937,-2322.125918509229,4,4671.622570147411,4652.251837018458,0.9708474991219249,False,EXPOSED_HISTORY
QQQ,2002-12,2,1,t,True,5,937,-2321.2879776964137,5,4676.7893718040195,4652.575955392827,0.9725750859807198,False,EXPOSED_HISTORY
QQQ,2003-01,1,1,normal,True,0,958,-2367.698891369435,3,4755.992326072783,4741.39778273887,0.9767465642280623,True,EXPOSED_HISTORY
QQQ,2003-01,1,1,t,True,1,958,-2366.787330189488,4,4761.034051490859,4741.574660378976,0.9789967550715913,False,EXPOSED_HISTORY
QQQ,2003-01,1,2,normal,True,2,958,-2367.698891369754,4,4762.857173851392,4743.397782739508,0.9767467621409585,False,EXPOSED_HISTORY
QQQ,2003-01,1,2,t,True,3,958,-2366.78732946567,5,4767.898897821195,4743.57465893134,0.9789998780713115,False,EXPOSED_HISTORY
QQQ,2003-01,2,1,normal,True,4,958,-2366.987536793949,4,4761.4344646997815,4741.975073587898,0.97141636226532,False,EXPOSED_HISTORY
QQQ,2003-01,2,1,t,True,5,958,-2366.08377446167,5,4766.491787813195,4742.16754892334,0.9732441533768444,False,EXPOSED_HISTORY
QQQ,2003-02,1,1,normal,True,0,979,-2413.9144809952213,3,4848.488556918034,4833.828961990443,0.9775973701591771,True,EXPOSED_HISTORY
QQQ,2003-02,1,1,t,True,1,979,-2413.0031059058997,4,4853.552338381922,4834.006211811799,0.9798435540193677,False,EXPOSED_HISTORY
QQQ,2003-02,1,2,normal,True,2,979,-2413.9144809960344,4,4855.375088562191,4835.828961992069,0.977597042084972,False,EXPOSED_HISTORY
QQQ,2003-02,1,2,t,True,3,979,-2413.003106560659,5,4860.43887133397,4836.006213121318,0.9798490530591943,False,EXPOSED_HISTORY
QQQ,2003-02,2,1,normal,True,4,979,-2413.2259331794235,4,4853.997992928969,4834.451866358847,0.9725847532272898,False,EXPOSED_HISTORY
QQQ,2003-02,2,1,t,True,5,979,-2412.3130170124855,5,4859.058692237623,4834.626034024971,0.9745613450550875,False,EXPOSED_HISTORY
QQQ,2003-03,1,1,normal,True,0,998,-2449.6421165038814,3,4920.001492836697,4905.284233007763,0.9801494901091982,True,EXPOSED_HISTORY
QQQ,2003-03,1,1,t,True,1,998,-2448.661519778092,4,4924.94605266143,4905.323039556184,0.9822170633650447,False,EXPOSED_HISTORY
QQQ,2003-03,1,2,normal,True,2,998,-2449.642116501952,4,4926.90724610915,4907.284233003904,0.9801498480939403,False,EXPOSED_HISTORY
QQQ,2003-03,1,2,t,True,3,998,-2448.6615182632877,5,4931.851802908132,4907.323036526575,0.9822149961987279,False,EXPOSED_HISTORY
QQQ,2003-03,2,1,normal,True,4,998,-2448.971718091856,4,4925.566449288958,4905.943436183712,0.9757462853724465,False,EXPOSED_HISTORY
QQQ,2003-03,2,1,t,True,5,998,-2448.0054831673124,5,4930.539732716182,4906.010966334625,0.977670029984301,False,EXPOSED_HISTORY
QQQ,2003-04,1,1,normal,True,0,1019,-2495.933446753246,3,5012.64662460616,4997.866893506492,0.9790242534994392,True,EXPOSED_HISTORY
QQQ,2003-04,1,1,t,True,1,1019,-2494.6563119445063,4,5017.018932021903,4997.312623889013,0.9819158193775974,False,EXPOSED_HISTORY
QQQ,2003-04,1,2,normal,True,2,1019,-2495.93344675242,4,5019.573201637731,4999.86689350484,0.9790238942545461,False,EXPOSED_HISTORY
QQQ,2003-04,1,2,t,True,3,1019,-2494.656327071356,5,5023.945539308826,4999.312654142712,0.9819142559725338,False,EXPOSED_HISTORY
QQQ,2003-04,2,1,normal,True,4,1019,-2495.3063703362086,4,5018.319048805308,4998.612740672417,0.9746581303779569,False,EXPOSED_HISTORY
QQQ,2003-04,2,1,t,True,5,1019,-2494.004788433177,5,5022.642462032468,4998.009576866354,0.9776779448145902,False,EXPOSED_HISTORY
QQQ,2003-05,1,1,normal,True,0,1040,-2535.73888792425,3,5092.318703824906,5077.4777758485,0.9816348926483249,True,EXPOSED_HISTORY
QQQ,2003-05,1,1,t,True,1,1040,-2534.3130696570806,4,5096.414043282703,5076.626139314161,0.9846273096352542,False,EXPOSED_HISTORY
QQQ,2003-05,1,2,normal,True,2,1040,-2535.738887925187,4,5099.2656798189155,5079.477775850374,0.9816345608034627,False,EXPOSED_HISTORY
QQQ,2003-05,1,2,t,True,3,1040,-2534.31305622755,5,5103.360992415777,5078.6261124551,0.9846335452435024,False,EXPOSED_HISTORY
QQQ,2003-05,2,1,normal,True,4,1040,-2535.061073771847,4,5097.910051512235,5078.122147543694,0.9774724848930311,False,EXPOSED_HISTORY
QQQ,2003-05,2,1,t,True,5,1040,-2533.62795036511,5,5101.990780690897,5077.25590073022,0.980720208992533,False,EXPOSED_HISTORY
QQQ,2003-06,1,1,normal,True,0,1061,-2575.9511550261495,3,5172.803211468141,5157.902310052299,0.9836156765875889,True,EXPOSED_HISTORY
QQQ,2003-06,1,1,t,True,1,1061,-2574.376708857212,4,5176.62128626888,5156.753417714424,0.9865579638704409,False,EXPOSED_HISTORY
QQQ,2003-06,1,2,normal,True,2,1061,-2575.951155027691,4,5179.770178609838,5159.902310055382,0.983616198456924,False,EXPOSED_HISTORY
QQQ,2003-06,1,2,t,True,3,1061,-2574.3767063716086,5,5183.588248436287,5158.753412743217,0.986576527386715,False,EXPOSED_HISTORY
QQQ,2003-06,2,1,normal,True,4,1061,-2575.2221876658423,4,5178.31224388614,5158.444375331685,0.980088403292544,False,EXPOSED_HISTORY
QQQ,2003-06,2,1,t,True,5,1061,-2573.627273430833,5,5182.089382554736,5157.254546861666,0.9834333997684213,False,EXPOSED_HISTORY
QQQ,2003-07,1,1,normal,True,0,1082,-2614.323995362449,3,5249.6076901031165,5234.647990724898,0.9867123306768109,True,EXPOSED_HISTORY
QQQ,2003-07,1,1,t,True,1,1082,-2612.6057910175377,4,5253.1578478727015,5233.2115820350755,0.9894077023163212,False,EXPOSED_HISTORY
QQQ,2003-07,1,2,normal,True,2,1082,-2614.323995361137,4,5256.5942565599,5236.647990722274,0.9867122570366281,False,EXPOSED_HISTORY
QQQ,2003-07,1,2,t,True,3,1082,-2612.605790627711,5,5260.144413552454,5235.211581255422,0.9894074657202462,False,EXPOSED_HISTORY
QQQ,2003-07,2,1,normal,True,4,1082,-2613.6698538487726,4,5255.285973535171,5235.339707697545,0.9839646874236091,False,EXPOSED_HISTORY
QQQ,2003-07,2,1,t,True,5,1082,-2611.927337368346,5,5258.787507033724,5233.854674736692,0.9871883534392257,False,EXPOSED_HISTORY
QQQ,2003-08,1,1,normal,True,0,1104,-2656.5160749826464,3,5334.052235645804,5319.032149965293,0.988057936474789,True,EXPOSED_HISTORY
QQQ,2003-08,1,1,t,True,1,1104,-2654.5842825542845,4,5337.1953460159175,5317.168565108569,0.9907768937279919,False,EXPOSED_HISTORY
QQQ,2003-08,1,2,normal,True,2,1104,-2656.516074984088,4,5341.058930875524,5321.032149968176,0.9880580822789059,False,EXPOSED_HISTORY
QQQ,2003-08,1,2,t,True,3,1104,-2654.5842824201395,5,5344.202040974465,5319.168564840279,0.9907771841196374,False,EXPOSED_HISTORY
QQQ,2003-08,2,1,normal,True,4,1104,-2655.8780450088393,4,5339.782870925027,5319.756090017679,0.9856916377083835,False,EXPOSED_HISTORY
QQQ,2003-08,2,1,t,True,5,1104,-2653.910008223376,5,5342.853492580937,5317.820016446752,0.9890443972987033,False,EXPOSED_HISTORY
QQQ,2003-09,1,1,normal,True,0,1125,-2693.088750716046,3,5407.254116376008,5392.177501432092,0.9908983975287398,True,EXPOSED_HISTORY
QQQ,2003-09,1,1,t,True,1,1125,-2690.602458191181,4,5409.307069640916,5389.204916382362,0.9939648983664722,False,EXPOSED_HISTORY
QQQ,2003-09,1,2,normal,True,2,1125,-2693.0887507154403,4,5414.279654689434,5394.1775014308805,0.9908984664680424,False,EXPOSED_HISTORY
QQQ,2003-09,1,2,t,True,3,1125,-2690.602457826126,5,5416.332607225444,5391.204915652252,0.9939590247714507,False,EXPOSED_HISTORY
QQQ,2003-09,2,1,normal,True,4,1125,-2692.4525836166267,4,5413.007320491807,5392.905167233253,0.9892059299102063,False,EXPOSED_HISTORY
QQQ,2003-09,2,1,t,True,5,1125,-2689.905460005343,5,5414.938611583878,5389.810920010686,0.9930662342255818,False,EXPOSED_HISTORY
QQQ,2003-10,1,1,normal,True,0,1146,-2733.359518395169,3,5487.851135482162,5472.719036790338,0.9903605040509359,True,EXPOSED_HISTORY
QQQ,2003-10,1,1,t,True,1,1146,-2731.125601833919,4,5490.427335256937,5470.251203667838,0.9925890488099235,False,EXPOSED_HISTORY
QQQ,2003-10,1,2,normal,True,2,1146,-2733.3595183946672,4,5494.8951683784335,5474.7190367893345,0.9903601689799331,False,EXPOSED_HISTORY
QQQ,2003-10,1,2,t,True,3,1146,-2731.125601805237,5,5497.471368096847,5472.251203610474,0.9925894711418866,False,EXPOSED_HISTORY
QQQ,2003-10,2,1,normal,True,4,1146,-2732.648463870069,4,5493.473059329237,5473.296927740138,0.9886362136760332,False,EXPOSED_HISTORY
QQQ,2003-10,2,1,t,True,5,1146,-2730.353435320415,5,5495.927035127203,5470.70687064083,0.9913824165462876,False,EXPOSED_HISTORY
QQQ,2003-11,1,1,normal,True,0,1169,-2774.2891693741585,3,5569.770050632733,5554.578338748317,0.992169316825391,True,EXPOSED_HISTORY
QQQ,2003-11,1,1,t,True,1,1169,-2771.6647819343907,4,5571.58517971467,5551.329563868781,0.9944373932586977,False,EXPOSED_HISTORY
QQQ,2003-11,1,2,normal,True,2,1169,-2774.289169372416,4,5576.83395459072,5556.578338744832,0.9921693661293244,False,EXPOSED_HISTORY
QQQ,2003-11,1,2,t,True,3,1169,-2771.664781856904,5,5578.649083521168,5553.329563713808,0.9944362388218086,False,EXPOSED_HISTORY
QQQ,2003-11,2,1,normal,True,4,1169,-2773.6274187138797,4,5575.510453273648,5555.254837427759,0.9907909842720032,False,EXPOSED_HISTORY
QQQ,2003-11,2,1,t,True,5,1169,-2770.9253321216306,5,5577.170184050621,5551.850664243261,0.9936688475441497,False,EXPOSED_HISTORY
QQQ,2003-12,1,1,normal,True,0,1188,-2807.111214994597,3,5635.462509488962,5620.222429989194,0.9934452294147667,True,EXPOSED_HISTORY
QQQ,2003-12,1,1,t,True,1,1188,-2804.3863347481883,4,5637.092775496067,5616.772669496377,0.995361847452472,False,EXPOSED_HISTORY
QQQ,2003-12,1,2,normal,True,2,1188,-2807.1112149957808,4,5642.5425359912515,5622.2224299915615,0.9934454655091333,False,EXPOSED_HISTORY
QQQ,2003-12,1,2,t,True,3,1188,-2804.386334670135,5,5644.1728018398835,5618.77266934027,0.9953617884535038,False,EXPOSED_HISTORY
QQQ,2003-12,2,1,normal,True,4,1188,-2806.393308849845,4,5641.10672369938,5620.78661769969,0.9923864322013831,False,EXPOSED_HISTORY
QQQ,2003-12,2,1,t,True,5,1188,-2803.568678544551,5,5642.537489588715,5617.137357089102,0.994869331278862,False,EXPOSED_HISTORY
QQQ,2004-01,1,1,normal,True,0,1210,-2842.1095085772286,3,5705.514144070229,5690.219017154457,0.9959050744535469,True,EXPOSED_HISTORY
QQQ,2004-01,1,1,t,True,1,1210,-2839.094146044825,4,5706.581794644013,5686.18829208965,0.997397166305515,False,EXPOSED_HISTORY
QQQ,2004-01,1,2,normal,True,2,1210,-2842.109508577423,4,5712.61251970921,5692.219017154846,0.9959050059766333,False,EXPOSED_HISTORY
QQQ,2004-01,1,2,t,True,3,1210,-2839.09414602061,5,5713.680170234174,5688.18829204122,0.9973973843857554,False,EXPOSED_HISTORY
QQQ,2004-01,2,1,normal,True,4,1210,-2841.3201689947864,4,5711.033840543936,5690.640337989573,0.9954573779354372,False,EXPOSED_HISTORY
QQQ,2004-01,2,1,t,True,5,1210,-2838.1592990698814,5,5711.8104763327165,5686.318598139763,0.9974890184774676,False,EXPOSED_HISTORY
QQQ,2004-02,1,1,normal,True,0,1230,-2872.2997416615513,3,5765.943791668202,5750.5994833231025,0.9973363376046627,True,EXPOSED_HISTORY
QQQ,2004-02,1,1,t,True,1,1230,-2869.191267112964,4,5766.841612019393,5746.382534225928,0.9983119909788967,False,EXPOSED_HISTORY
QQQ,2004-02,1,2,normal,True,2,1230,-2872.2997416619764,4,5773.058561117418,5752.599483323953,0.9973364180489913,False,EXPOSED_HISTORY
QQQ,2004-02,1,2,t,True,3,1230,-2869.1912671051823,5,5773.956381452197,5748.382534210365,0.9983118513017148,False,EXPOSED_HISTORY
QQQ,2004-02,2,1,normal,True,4,1230,-2871.6314734602383,4,5771.722024713942,5751.262946920477,0.9968796319929921,False,EXPOSED_HISTORY
QQQ,2004-02,2,1,t,True,5,1230,-2868.3967915439453,5,5772.367430329723,5746.7935830878905,0.998180050451201,False,EXPOSED_HISTORY
QQQ,2004-03,1,1,normal,True,0,1249,-2898.24940079508,3,5817.8890971205365,5802.49880159016,0.9996147918459461,True,EXPOSED_HISTORY
QQQ,2004-03,1,1,t,True,1,1249,-2894.85316077243,4,5818.226715585362,5797.70632154486,1.0,False,EXPOSED_HISTORY
QQQ,2004-03,1,2,normal,True,2,1249,-2898.24940079479,4,5825.019195630082,5804.49880158958,0.9996148647393885,False,EXPOSED_HISTORY
QQQ,2004-03,1,2,t,True,3,1249,-2894.853160782328,5,5825.356814115284,5799.706321564656,1.0000000000002756,False,EXPOSED_HISTORY
QQQ,2004-03,2,1,normal,True,4,1249,-2897.605897381269,4,5823.732188803041,5803.211794762538,0.9996487344539698,False,EXPOSED_HISTORY
QQQ,2004-03,2,1,t,True,5,1249,-2894.0168215148888,5,5823.684135580405,5798.0336430297775,1.000000000018754,False,EXPOSED_HISTORY
QQQ,2004-04,1,1,normal,True,0,1272,-2937.298992702801,3,5896.043022637303,5880.597985405602,0.998397061535622,True,EXPOSED_HISTORY
QQQ,2004-04,1,1,t,True,1,1272,-2934.301700894479,4,5897.196784764558,5876.603401788958,0.9985141783353656,False,EXPOSED_HISTORY
QQQ,2004-04,1,2,normal,True,2,1272,-2937.298992702542,4,5903.191368380684,5882.597985405084,0.9983970917476648,False,EXPOSED_HISTORY
QQQ,2004-04,1,2,t,True,3,1272,-2934.3017009197715,5,5904.345130559043,5878.603401839543,0.998514712188831,False,EXPOSED_HISTORY
QQQ,2004-04,2,1,normal,True,4,1272,-2936.456960287168,4,5901.507303549936,5880.913920574336,0.9985579477297489,False,EXPOSED_HISTORY
QQQ,2004-04,2,1,t,True,5,1272,-2933.235335252587,5,5902.212399224674,5876.470670505174,0.9988362669065494,False,EXPOSED_HISTORY
QQQ,2004-05,1,1,normal,True,0,1293,-2974.962972442903,3,5971.420106022121,5955.925944885806,0.9980762703230418,True,EXPOSED_HISTORY
QQQ,2004-05,1,1,t,True,1,1293,-2972.239094319032,4,5973.137070153151,5952.478188638064,0.9980254408297754,False,EXPOSED_HISTORY
QQQ,2004-05,1,2,normal,True,2,1293,-2974.9629724424985,4,5978.584826400084,5957.925944884997,0.9980762196467723,False,EXPOSED_HISTORY
QQQ,2004-05,1,2,t,True,3,1293,-2972.2390943147684,5,5980.301790523396,5954.478188629537,0.9980254622929893,False,EXPOSED_HISTORY
QQQ,2004-05,2,1,normal,True,4,1293,-2974.030895389241,4,5976.720672293569,5956.061790778482,0.9983290899875047,False,EXPOSED_HISTORY
QQQ,2004-05,2,1,t,True,5,1293,-2971.0658041043016,5,5977.955210102463,5952.131608208603,0.9984122541856886,False,EXPOSED_HISTORY
QQQ,2004-06,1,1,normal,True,0,1313,-3003.2287988398148,3,6027.997807302538,6012.4575976796295,0.9990770315160215,True,EXPOSED_HISTORY
QQQ,2004-06,1,1,t,True,1,1313,-3000.198312243846,4,6029.116903984903,6008.396624487692,0.9989398021510314,False,EXPOSED_HISTORY
QQQ,2004-06,1,2,normal,True,2,1313,-3003.2287988401395,4,6035.17787717749,6014.457597680279,0.9990769460216072,False,EXPOSED_HISTORY
QQQ,2004-06,1,2,t,True,3,1313,-3000.1983122892348,5,6036.296973949983,6010.3966245784695,0.9989421931915269,False,EXPOSED_HISTORY
QQQ,2004-06,2,1,normal,True,4,1313,-3002.37175100768,4,6033.463781512571,6012.74350201536,0.9994197187445573,False,EXPOSED_HISTORY
QQQ,2004-06,2,1,t,True,5,1313,-2999.0901103256256,5,6034.080570022765,6008.180220651251,0.9993996879017568,False,EXPOSED_HISTORY
QQQ,2004-07,1,1,normal,True,0,1334,-3033.961285498867,3,6089.51038267716,6073.922570997734,0.9994759531781492,True,EXPOSED_HISTORY
QQQ,2004-07,1,1,t,True,1,1334,-3030.9599105709967,4,6090.7035700478955,6069.919821141993,0.9992124207418807,False,EXPOSED_HISTORY
QQQ,2004-07,1,2,normal,True,2,1334,-3033.961285499102,4,6096.706319904106,6075.922570998204,0.999475922424715,False,EXPOSED_HISTORY
QQQ,2004-07,1,2,t,True,3,1334,-3030.9599106839833,5,6097.899507500344,6071.9198213679665,0.9992131405097255,False,EXPOSED_HISTORY
QQQ,2004-07,2,1,normal,True,4,1334,-3033.0470295543055,4,6094.877808014513,6074.094059108611,0.9999135457624259,False,EXPOSED_HISTORY
QQQ,2004-07,2,1,t,True,5,1334,-3029.768403927452,5,6095.516493987281,6069.536807854904,0.9997466161088067,False,EXPOSED_HISTORY
QQQ,2004-08,1,1,normal,True,0,1355,-3070.1906377652194,3,6162.01594573038,6146.381275530439,0.9987915957389368,True,EXPOSED_HISTORY
QQQ,2004-08,1,1,t,True,1,1355,-3067.2063711576934,4,6163.258969248642,6142.412742315387,0.9986001675326649,False,EXPOSED_HISTORY
QQQ,2004-08,1,2,normal,True,2,1355,-3070.1906377646515,4,6169.227502462558,6148.381275529303,0.9987914482095475,False,EXPOSED_HISTORY
QQQ,2004-08,1,2,t,True,3,1355,-3067.206371168435,5,6170.470526003439,6144.41274233687,0.9986002963760577,False,EXPOSED_HISTORY
QQQ,2004-08,2,1,normal,True,4,1355,-3069.559820423719,4,6167.965867780693,6147.119640847438,0.9988545160138618,False,EXPOSED_HISTORY
QQQ,2004-08,2,1,t,True,5,1355,-3066.3108314372994,5,6168.679446541168,6142.621662874599,0.9987680872396248,False,EXPOSED_HISTORY
QQQ,2004-09,1,1,normal,True,0,1377,-3105.7916242856354,3,6233.266236067457,6217.583248571271,0.9989557748255313,True,EXPOSED_HISTORY
QQQ,2004-09,1,1,t,True,1,1377,-3102.826448977772,4,6234.563547950459,6213.652897955544,0.9986927283487191,False,EXPOSED_HISTORY
QQQ,2004-09,1,2,normal,True,2,1377,-3105.7916242894207,4,6240.493898573756,6219.583248578841,0.9989556725086319,False,EXPOSED_HISTORY
QQQ,2004-09,1,2,t,True,3,1377,-3102.826449536505,5,6241.791211566653,6215.65289907301,0.9986937466308905,False,EXPOSED_HISTORY
QQQ,2004-09,2,1,normal,True,4,1377,-3105.1568239744533,4,6239.2242979438215,6218.313647948907,0.9990675335330887,False,EXPOSED_HISTORY
QQQ,2004-09,2,1,t,True,5,1377,-3101.894621368235,5,6239.927555230113,6213.78924273647,0.9989134551842402,False,EXPOSED_HISTORY
QQQ,2004-10,1,1,normal,True,0,1398,-3135.539242536226,3,6292.806878840834,6277.078485072452,0.999472726672754,True,EXPOSED_HISTORY
QQQ,2004-10,1,1,t,True,1,1398,-3132.558463416766,4,6294.088118524706,6273.116926833532,0.9991254536121228,False,EXPOSED_HISTORY
QQQ,2004-10,1,2,normal,True,2,1398,-3135.539242536409,4,6300.0496767639925,6279.078485072818,0.9994726729052145,False,EXPOSED_HISTORY
QQQ,2004-10,1,2,t,True,3,1398,-3132.558463869733,5,6301.330917353434,6275.116927739466,0.9991255734585571,False,EXPOSED_HISTORY
QQQ,2004-10,2,1,normal,True,4,1398,-3134.8942334733892,4,6298.759658637953,6277.7884669467785,0.999671995508718,False,EXPOSED_HISTORY
QQQ,2004-10,2,1,t,True,5,1398,-3131.605800617892,5,6299.425590849753,6273.211601235784,0.9994244522914519,False,EXPOSED_HISTORY
QQQ,2004-11,1,1,normal,True,0,1419,-3170.219866503441,3,6362.212856038363,6346.439733006882,0.9989652224706352,True,EXPOSED_HISTORY
QQQ,2004-11,1,1,t,True,1,1419,-3167.088982698219,4,6363.208796105077,6342.177965396438,0.998728273969981,False,EXPOSED_HISTORY
QQQ,2004-11,1,2,normal,True,2,1419,-3170.2198665033548,4,6369.470563715349,6348.4397330067095,0.9989652532321562,False,EXPOSED_HISTORY
QQQ,2004-11,1,2,t,True,3,1419,-3167.088982405286,5,6370.466503196372,6344.177964810572,0.9987287668619391,False,EXPOSED_HISTORY
QQQ,2004-11,2,1,normal,True,4,1419,-3169.540344015877,4,6368.111518740394,6347.080688031754,0.999099393241156,False,EXPOSED_HISTORY
QQQ,2004-11,2,1,t,True,5,1419,-3166.076617954778,5,6368.4417742953565,6342.153235909556,0.9989762749708421,False,EXPOSED_HISTORY
QQQ,2004-12,1,1,normal,True,0,1440,-3196.2253013928685,3,6414.267797963447,6398.450602785737,0.9998194430800371,True,EXPOSED_HISTORY
QQQ,2004-12,1,1,t,True,1,1440,-3192.8935399583443,4,6414.876673486969,6393.7870799166885,0.9994990539078118,False,EXPOSED_HISTORY
QQQ,2004-12,1,2,normal,True,2,1440,-3196.225301397166,4,6421.540196364612,6400.450602794332,0.9998192376675458,False,EXPOSED_HISTORY
QQQ,2004-12,1,2,t,True,3,1440,-3192.893539911173,5,6422.149071785196,6395.787079822346,0.9994995205851159,False,EXPOSED_HISTORY
QQQ,2004-12,2,1,normal,True,4,1440,-3195.630681474592,4,6420.3509565194645,6399.261362949184,1.0,False,EXPOSED_HISTORY
QQQ,2004-12,2,1,t,True,5,1440,-3191.9461518201247,5,6420.254295603099,6393.892303640249,0.9998336540046121,False,EXPOSED_HISTORY
QQQ,2005-01,1,1,normal,True,0,1462,-3222.6295404724897,3,6467.121762865909,6451.259080944979,0.9999999999999988,True,EXPOSED_HISTORY
QQQ,2005-01,1,1,t,True,1,1462,-3219.0907377169824,4,6467.331717995204,6446.181475433965,0.9999999999797651,False,EXPOSED_HISTORY
QQQ,2005-01,1,2,normal,True,2,1462,-3222.6295404724315,4,6474.409323506102,6453.259080944863,0.9999999999999998,False,EXPOSED_HISTORY
QQQ,2005-01,1,2,t,True,3,1462,-3219.090739357188,5,6474.619281915924,6448.181478714376,1.0,False,EXPOSED_HISTORY
QQQ,2005-01,2,1,normal,True,4,1462,-3221.984487896722,4,6473.119218354683,6451.968975793444,1.0000000000000198,False,EXPOSED_HISTORY
QQQ,2005-01,2,1,t,True,5,1462,-3218.026564680244,5,6472.4909325620365,6446.053129360488,1.000000000402985,False,EXPOSED_HISTORY
QQQ,2005-02,1,1,normal,True,0,1482,-3253.054009831261,3,6528.01146308009,6512.108019662522,0.9997149959436941,True,EXPOSED_HISTORY
QQQ,2005-02,1,1,t,True,1,1482,-3249.887110854542,4,6528.978812932508,6507.774221709084,0.999304626560869,False,EXPOSED_HISTORY
QQQ,2005-02,1,2,normal,True,2,1482,-3253.0540098319966,4,6535.312610887418,6514.108019663993,0.9997149726286697,False,EXPOSED_HISTORY
QQQ,2005-02,1,2,t,True,3,1482,-3249.887111912226,5,6536.279962853732,6509.774223824452,0.9993069530827935,False,EXPOSED_HISTORY
QQQ,2005-02,2,1,normal,True,4,1482,-3252.5539527437213,4,6534.312496710867,6513.107905487443,0.9998252724950895,False,EXPOSED_HISTORY
QQQ,2005-02,2,1,t,True,5,1482,-3249.0462049197477,5,6534.598148868776,6508.092409839495,0.9994537578579935,False,EXPOSED_HISTORY
QQQ,2005-03,1,1,normal,True,0,1501,-3278.9847766560147,3,6579.9112138069295,6563.969553312029,0.9998118253447053,True,EXPOSED_HISTORY
QQQ,2005-03,1,1,t,True,1,1501,-3275.9083040616933,4,6581.0721554499205,6559.816608123387,0.99933460280396,False,EXPOSED_HISTORY
QQQ,2005-03,1,2,normal,True,2,1501,-3278.9847766555868,4,6587.225100637707,6565.9695533111735,0.9998117789301953,False,EXPOSED_HISTORY
QQQ,2005-03,1,2,t,True,3,1501,-3275.9083040865094,5,6588.386042331186,6561.816608173019,0.9993345272810197,False,EXPOSED_HISTORY
QQQ,2005-03,2,1,normal,True,4,1501,-3278.4186372030217,4,6586.092821732577,6564.837274406043,1.0,False,EXPOSED_HISTORY
QQQ,2005-03,2,1,t,True,5,1501,-3274.9485056044487,5,6586.466445367065,6559.897011208897,0.9995764450755701,False,EXPOSED_HISTORY
QQQ,2005-04,1,1,normal,True,0,1523,-3306.563876278735,3,6635.1130646161555,6619.12775255747,1.0,True,EXPOSED_HISTORY
QQQ,2005-04,1,1,t,True,1,1523,-3303.4695515815733,4,6636.2528525747275,6614.939103163147,0.9995116607840147,False,EXPOSED_HISTORY
QQQ,2005-04,1,2,normal,True,2,1523,-3306.563876278715,4,6642.4415019690105,6621.12775255743,1.0000000000000009,False,EXPOSED_HISTORY
QQQ,2005-04,1,2,t,True,3,1523,-3303.4695509689964,5,6643.581288702469,6616.939101937993,0.9995109656398493,False,EXPOSED_HISTORY
QQQ,2005-04,2,1,normal,True,4,1523,-3306.0303198635975,4,6641.374389138776,6620.060639727195,1.0000000000000002,False,EXPOSED_HISTORY
QQQ,2005-04,2,1,t,True,5,1523,-3302.519414856755,5,6641.681016477985,6615.03882971351,0.9997703938727415,False,EXPOSED_HISTORY
QQQ,2005-05,1,1,normal,True,0,1544,-3339.9219412924745,3,6701.870277776703,6685.843882584949,0.9995919350005049,True,EXPOSED_HISTORY
QQQ,2005-05,1,1,t,True,1,1544,-3336.9152759690433,4,6703.199078860425,6681.8305519380865,0.9990971474013766,False,EXPOSED_HISTORY
QQQ,2005-05,1,2,normal,True,2,1544,-3339.9219412924263,4,6709.212409507191,6687.8438825848525,0.9995919817873054,False,EXPOSED_HISTORY
QQQ,2005-05,1,2,t,True,3,1544,-3336.9152761374967,5,6710.541210927917,6683.830552274993,0.99909706569615,False,EXPOSED_HISTORY
QQQ,2005-05,2,1,normal,True,4,1544,-3339.443500667986,4,6708.255528258311,6686.887001335972,0.9997264021646486,False,EXPOSED_HISTORY
QQQ,2005-05,2,1,t,True,5,1544,-3336.0914777403527,5,6708.893614133629,6682.1829554807055,0.9992406183871875,False,EXPOSED_HISTORY
QQQ,2005-06,1,1,normal,True,0,1565,-3363.8906773180543,3,6749.848277945031,6733.7813546361085,1.0,True,EXPOSED_HISTORY
QQQ,2005-06,1,1,t,True,1,1565,-3360.707800305612,4,6750.838165023121,6729.415600611224,0.9995274835807684,False,EXPOSED_HISTORY
QQQ,2005-06,1,2,normal,True,2,1565,-3363.890677315321,4,6757.203919042539,6735.781354630642,1.0,False,EXPOSED_HISTORY
QQQ,2005-06,1,2,t,True,3,1565,-3360.7078002984936,5,6758.193806111858,6731.415600596987,0.9995273444159465,False,EXPOSED_HISTORY
QQQ,2005-06,2,1,normal,True,4,1565,-3363.5150415028747,4,6756.452647417646,6735.0300830057495,1.0,False,EXPOSED_HISTORY
QQQ,2005-06,2,1,t,True,5,1565,-3359.9949347405277,5,6756.768074995926,6729.989869481055,0.9996958915024328,False,EXPOSED_HISTORY
QQQ,2005-07,1,1,normal,True,0,1587,-3387.7619925380172,3,6797.632787237614,6781.5239850760345,1.000000000000025,True,EXPOSED_HISTORY
QQQ,2005-07,1,1,t,True,1,1587,-3384.6593362673675,4,6798.797075416841,6777.318672534735,0.9998817349309901,False,EXPOSED_HISTORY
QQQ,2005-07,1,2,normal,True,2,1587,-3387.761992538204,4,6805.002387958514,6783.523985076408,1.0000000000000016,False,EXPOSED_HISTORY
QQQ,2005-07,1,2,t,True,3,1587,-3384.6593340544414,5,6806.166671711515,6779.318668108883,0.9998818371385696,False,EXPOSED_HISTORY
QQQ,2005-07,2,1,normal,True,4,1587,-3387.391622174846,4,6804.261647231798,6782.783244349692,1.0000000000000007,False,EXPOSED_HISTORY
QQQ,2005-07,2,1,t,True,5,1587,-3383.9442408882555,5,6804.736485379143,6777.888481776511,1.0,False,EXPOSED_HISTORY
QQQ,2005-08,1,1,normal,True,0,1607,-3410.6610671882872,3,6843.468507473787,6827.3221343765745,1.0000000000000169,True,EXPOSED_HISTORY
QQQ,2005-08,1,1,t,True,1,1607,-3407.4639062638726,4,6844.456309990695,6822.927812527745,0.9998870664670794,False,EXPOSED_HISTORY
QQQ,2005-08,1,2,normal,True,2,1607,-3410.6610671883254,4,6850.850631839601,6829.322134376651,1.0,False,EXPOSED_HISTORY
QQQ,2005-08,1,2,t,True,3,1607,-3407.463906202027,5,6851.838434232742,6824.927812404054,0.999886994078387,False,EXPOSED_HISTORY
QQQ,2005-08,2,1,normal,True,4,1607,-3410.3211439396223,4,6850.170785342195,6828.642287879245,0.9999999999999999,False,EXPOSED_HISTORY
QQQ,2005-08,2,1,t,True,5,1607,-3406.7830390885947,5,6850.476700005877,6823.566078177189,1.0,False,EXPOSED_HISTORY
QQQ,2005-09,1,1,normal,True,0,1630,-3435.137664873194,3,6892.46433562779,6876.275329746388,1.0000000000001663,True,EXPOSED_HISTORY
QQQ,2005-09,1,1,t,True,1,1630,-3432.0285193498903,4,6893.642379874984,6872.057038699781,0.9999619607466462,False,EXPOSED_HISTORY
QQQ,2005-09,1,2,normal,True,2,1630,-3435.137664873141,4,6899.8606709214855,6878.275329746282,1.0000000000000002,False,EXPOSED_HISTORY
QQQ,2005-09,1,2,t,True,3,1630,-3432.028516823577,5,6901.038710116158,6874.057033647154,0.9999621576855913,False,EXPOSED_HISTORY
QQQ,2005-09,2,1,normal,True,4,1630,-3434.801130021698,4,6899.187601218599,6877.602260043396,1.00000000145215,False,EXPOSED_HISTORY
QQQ,2005-09,2,1,t,True,5,1630,-3431.3397814904974,5,6899.661239449999,6872.679562980995,1.0000000000531193,False,EXPOSED_HISTORY
QQQ,2005-10,1,1,normal,True,0,1651,-3456.5351839821137,3,6935.2977772959875,6919.070367964227,0.9999999999996119,True,EXPOSED_HISTORY
QQQ,2005-10,1,1,t,True,1,1651,-3453.3456132166875,4,6936.327772209055,6914.691226433375,0.9999496815056956,False,EXPOSED_HISTORY
QQQ,2005-10,1,2,normal,True,2,1651,-3456.5351839820564,4,6942.706913739793,6921.070367964113,1.0000000000003855,False,EXPOSED_HISTORY
QQQ,2005-10,1,2,t,True,3,1651,-3453.3456155886443,5,6943.73691339689,6916.6912311772885,0.9999492732132639,False,EXPOSED_HISTORY
QQQ,2005-10,2,1,normal,True,4,1651,-3456.146932827757,4,6941.930411431194,6920.293865655514,1.000000001157956,False,EXPOSED_HISTORY
QQQ,2005-10,2,1,t,True,5,1651,-3452.5657163295996,5,6942.1771148788,6915.131432659199,1.0,False,EXPOSED_HISTORY
QQQ,2005-11,1,1,normal,True,0,1672,-3488.6756272833873,3,6999.616581947708,6983.3512545667745,0.9999966297216326,True,EXPOSED_HISTORY
QQQ,2005-11,1,1,t,True,1,1672,-3485.836130189864,4,7001.359363554307,6979.672260379728,0.999439543718175,False,EXPOSED_HISTORY
QQQ,2005-11,1,2,normal,True,2,1672,-3488.6756272834073,4,7007.038357741393,6985.3512545668145,0.9999966289130237,False,EXPOSED_HISTORY
QQQ,2005-11,1,2,t,True,3,1672,-3485.83613041266,5,7008.781139793544,6981.67226082532,0.9994393040068476,False,EXPOSED_HISTORY
QQQ,2005-11,2,1,normal,True,4,1672,-3488.067633949809,4,7005.822371074197,6984.135267899618,0.999999999860772,False,EXPOSED_HISTORY
QQQ,2005-11,2,1,t,True,5,1672,-3484.877643130597,5,7006.864165229417,6979.755286261194,0.9996964929436752,False,EXPOSED_HISTORY
QQQ,2005-12,1,1,normal,True,0,1693,-3511.4360279783596,3,7045.174828103119,7028.872055956719,0.9999999999999962,True,EXPOSED_HISTORY
QQQ,2005-12,1,1,t,True,1,1693,-3508.37021471804,4,7046.477458964613,7024.74042943608,0.999569345740107,False,EXPOSED_HISTORY
QQQ,2005-12,1,2,normal,True,2,1693,-3511.4360279780954,4,7052.609085484723,7030.872055956191,1.0000000000000007,False,EXPOSED_HISTORY
QQQ,2005-12,1,2,t,True,3,1693,-3508.3702147100594,5,7053.911716330785,7026.740429420119,0.9995690294158929,False,EXPOSED_HISTORY
QQQ,2005-12,2,1,normal,True,4,1693,-3510.9829977393874,4,7051.703025007308,7029.965995478775,1.0000000000040563,False,EXPOSED_HISTORY
QQQ,2005-12,2,1,t,True,5,1693,-3507.5743708266273,5,7052.3200285639205,7025.148741653255,0.9997983308358809,False,EXPOSED_HISTORY
QQQ,2006-01,1,1,normal,True,0,1714,-3534.7488390986045,3,7091.837433494682,7075.497678197209,1.0000000000000002,True,EXPOSED_HISTORY
QQQ,2006-01,1,1,t,True,1,1714,-3531.5149541036885,4,7092.816248604008,7071.029908207377,0.9996048609812379,False,EXPOSED_HISTORY
QQQ,2006-01,1,2,normal,True,2,1714,-3534.7488390964663,4,7099.284018589564,7077.497678192933,1.0,False,EXPOSED_HISTORY
QQQ,2006-01,1,2,t,True,3,1714,-3531.5149638546627,5,7100.262853205114,7073.029927709325,0.9996066935885517,False,EXPOSED_HISTORY
QQQ,2006-01,2,1,normal,True,4,1714,-3534.267264908334,4,7098.320870213299,7076.534529816668,1.0000000000012257,False,EXPOSED_HISTORY
QQQ,2006-01,2,1,t,True,5,1714,-3530.6444447680788,5,7098.521815031946,7071.2888895361575,0.9998662910269577,False,EXPOSED_HISTORY
QQQ,2006-02,1,1,normal,True,0,1734,-3568.417597513469,3,7159.20975349896,7142.835195026938,0.9995784582513493,False,EXPOSED_HISTORY
QQQ,2006-02,1,1,t,True,1,1734,-3564.1616823911786,4,7158.156109411719,7136.323364782357,0.9992509563002688,True,EXPOSED_HISTORY
QQQ,2006-02,1,2,normal,True,2,1734,-3568.417597510102,4,7166.667939649566,7144.835195020204,0.9995784856114616,False,EXPOSED_HISTORY
QQQ,2006-02,1,2,t,True,3,1734,-3564.161682405952,5,7165.614295598606,7138.323364811904,0.9992505815947355,False,EXPOSED_HISTORY
QQQ,2006-02,2,1,normal,True,4,1734,-3567.8886200605584,4,7165.609984750478,7143.777240121117,0.9997883430346344,False,EXPOSED_HISTORY
QQQ,2006-02,2,1,t,True,5,1734,-3563.206930506476,5,7163.704791799654,7136.413861012952,0.9994629782346816,False,EXPOSED_HISTORY
QQQ,2006-03,1,1,normal,True,0,1753,-3595.0916339476803,3,7212.590519550125,7196.183267895361,0.9995578802992908,False,EXPOSED_HISTORY
QQQ,2006-03,1,1,t,True,1,1753,-3591.1544701306975,4,7212.18527580108,7190.308940261395,0.9992015964600802,True,EXPOSED_HISTORY
QQQ,2006-03,1,2,normal,True,2,1753,-3595.091633944402,4,7220.059603428489,7198.183267888804,0.9995578936000424,False,EXPOSED_HISTORY
QQQ,2006-03,1,2,t,True,3,1753,-3591.1544694003082,5,7219.6543582252225,7192.3089388006165,0.9992017817065001,False,EXPOSED_HISTORY
QQQ,2006-03,2,1,normal,True,4,1753,-3594.592614354485,4,7219.061564248655,7197.18522870897,0.9997532788392912,False,EXPOSED_HISTORY
QQQ,2006-03,2,1,t,True,5,1753,-3590.237188224204,5,7217.819795873014,7190.474376448408,0.9993957364383349,False,EXPOSED_HISTORY
QQQ,2006-04,1,1,normal,True,0,1776,-3623.014492690742,3,7268.47534215214,7252.028985381484,0.9995346235268471,False,EXPOSED_HISTORY
QQQ,2006-04,1,1,t,True,1,1776,-3618.853640401323,4,7267.635756496855,7245.707280802646,0.9992073073203055,True,EXPOSED_HISTORY
QQQ,2006-04,1,2,normal,True,2,1776,-3623.0144926896055,4,7275.95746107342,7254.028985379211,0.9995347005130519,False,EXPOSED_HISTORY
QQQ,2006-04,1,2,t,True,3,1776,-3618.8536405931745,5,7275.11787580411,7247.707281186349,0.9992068400379266,False,EXPOSED_HISTORY
QQQ,2006-04,2,1,normal,True,4,1776,-3622.5486018949173,4,7275.025679484043,7253.097203789835,0.999716584365925,False,EXPOSED_HISTORY
QQQ,2006-04,2,1,t,True,5,1776,-3617.9585763343275,5,7273.327747286416,7245.917152668655,0.9993954032015944,False,EXPOSED_HISTORY
QQQ,2006-05,1,1,normal,True,0,1795,-3645.6177124942965,3,7313.71370589136,7297.235424988593,0.9995278601059477,False,EXPOSED_HISTORY
QQQ,2006-05,1,1,t,True,1,1795,-3641.4150898707385,4,7312.801220945166,7290.830179741477,0.9992033750524206,True,EXPOSED_HISTORY
QQQ,2006-05,1,2,normal,True,2,1795,-3645.617712494286,4,7321.206466192261,7299.235424988572,0.9995278690878288,False,EXPOSED_HISTORY
QQQ,2006-05,1,2,t,True,3,1795,-3641.4150899839465,5,7320.293981472505,7292.830179967893,0.9992026376917075,False,EXPOSED_HISTORY
QQQ,2006-05,2,1,normal,True,4,1795,-3645.2082948231246,4,7320.387630849938,7298.416589646249,0.9996787603985808,False,EXPOSED_HISTORY
QQQ,2006-05,2,1,t,True,5,1795,-3640.569429823435,5,7318.602661151482,7291.13885964687,0.9993674498222149,False,EXPOSED_HISTORY
QQQ,2006-06,1,1,normal,True,0,1817,-3677.9856561184433,3,7378.486138442076,7361.971312236887,0.9993770065219776,False,EXPOSED_HISTORY
QQQ,2006-06,1,1,t,True,1,1817,-3673.814486457182,4,7377.648741187948,7355.628972914364,0.9990700428777246,True,EXPOSED_HISTORY
QQQ,2006-06,1,2,normal,True,2,1817,-3677.9856561184706,4,7385.9910805105255,7363.971312236941,0.9993770065104179,False,EXPOSED_HISTORY
QQQ,2006-06,1,2,t,True,3,1817,-3673.814486163606,5,7385.153682669193,7357.628972327212,0.9990695025836127,False,EXPOSED_HISTORY
QQQ,2006-06,2,1,normal,True,4,1817,-3677.6033444910536,4,7385.2264572556915,7363.206688982107,0.9994884370844304,False,EXPOSED_HISTORY
QQQ,2006-06,2,1,t,True,5,1817,-3673.0164132011514,5,7383.557536744283,7356.032826402303,0.9991872677502687,False,EXPOSED_HISTORY
QQQ,2006-07,1,1,normal,True,0,1839,-3718.1466346676475,3,7458.844201009108,7442.293269335295,0.9994626893337024,False,EXPOSED_HISTORY
QQQ,2006-07,1,1,t,True,1,1839,-3714.0563503859735,4,7458.180609670364,7436.112700771947,0.9991417156316658,True,EXPOSED_HISTORY
QQQ,2006-07,1,2,normal,True,2,1839,-3718.1466346678208,4,7466.361178234059,7444.2932693356415,0.9994626570956235,False,EXPOSED_HISTORY
QQQ,2006-07,1,2,t,True,3,1839,-3714.056350658788,5,7465.697587440597,7438.112701317576,0.9991429481643024,False,EXPOSED_HISTORY
QQQ,2006-07,2,1,normal,True,4,1839,-3717.2880038902863,4,7464.64391667899,7442.576007780573,0.9996735790781375,False,EXPOSED_HISTORY
QQQ,2006-07,2,1,t,True,5,1839,-3712.654369018143,5,7462.893624159307,7435.308738036286,0.9993648180006233,False,EXPOSED_HISTORY
QQQ,2006-08,1,1,normal,True,0,1859,-3750.6754695260397,3,7523.934321015244,7507.350939052079,0.9993959383551644,False,EXPOSED_HISTORY
QQQ,2006-08,1,1,t,True,1,1859,-3746.727831571886,4,7523.566839094658,7501.455663143772,0.9990911252634244,True,EXPOSED_HISTORY
QQQ,2006-08,1,2,normal,True,2,1859,-3750.6754695244144,4,7531.462114999715,7509.350939048829,0.9993960055817858,False,EXPOSED_HISTORY
QQQ,2006-08,1,2,t,True,3,1859,-3746.727831570568,5,7531.094633079743,7503.455663141136,0.9990913692694022,False,EXPOSED_HISTORY
QQQ,2006-08,2,1,normal,True,4,1859,-3749.811196551913,4,7529.733569054712,7507.622393103826,0.9995824734066316,False,EXPOSED_HISTORY
QQQ,2006-08,2,1,t,True,5,1859,-3745.2922823614085,5,7528.223534661424,7500.584564722817,0.9992916312074218,False,EXPOSED_HISTORY
QQQ,2006-09,1,1,normal,True,0,1882,-3783.46131433135,3,7589.542899623136,7572.9226286627,0.9992615944483124,False,EXPOSED_HISTORY
QQQ,2006-09,1,1,t,True,1,1882,-3779.222097406887,4,7588.604556094355,7566.444194813774,0.9989810746257879,True,EXPOSED_HISTORY
QQQ,2006-09,1,2,normal,True,2,1882,-3783.4613143297993,4,7597.08298994018,7574.922628659599,0.9992616133271206,False,EXPOSED_HISTORY
QQQ,2006-09,1,2,t,True,3,1882,-3779.222096504177,5,7596.14464460908,7568.444193008354,0.9989802057925041,False,EXPOSED_HISTORY
QQQ,2006-09,2,1,normal,True,4,1882,-3782.843226888158,4,7595.846815056897,7573.686453776316,0.999379564427539,False,EXPOSED_HISTORY
QQQ,2006-09,2,1,t,True,5,1882,-3778.0882118245468,5,7593.87687524982,7566.1764236490935,0.9991123757382682,False,EXPOSED_HISTORY
QQQ,2006-10,1,1,normal,True,0,1902,-3810.842915455689,3,7644.337814640694,7627.685830911378,0.9992254592609435,False,EXPOSED_HISTORY
QQQ,2006-10,1,1,t,True,1,1902,-3806.57485739329,4,7643.352359759002,7621.14971478658,0.9989463585593659,True,EXPOSED_HISTORY
QQQ,2006-10,1,2,normal,True,2,1902,-3810.8429154549976,4,7651.888475882417,7629.685830909995,0.9992255651607332,False,EXPOSED_HISTORY
QQQ,2006-10,1,2,t,True,3,1902,-3806.574857479566,5,7650.903021174659,7623.149714959132,0.9989456278664883,False,EXPOSED_HISTORY
QQQ,2006-10,2,1,normal,True,4,1902,-3810.2218548570954,4,7650.6463546866125,7628.443709714191,0.9993385568946113,False,EXPOSED_HISTORY
QQQ,2006-10,2,1,t,True,5,1902,-3805.428374912318,5,7648.610056040163,7620.856749824636,0.9990733949308163,False,EXPOSED_HISTORY
QQQ,2006-11,1,1,normal,True,0,1924,-3840.2450950047187,3,7703.176674903114,7686.490190009437,0.9991926656554707,False,EXPOSED_HISTORY
QQQ,2006-11,1,1,t,True,1,1924,-3835.8399015375735,4,7701.92844960005,7679.679803075147,0.9989234193202335,True,EXPOSED_HISTORY
QQQ,2006-11,1,2,normal,True,2,1924,-3840.2450950075054,4,7710.738836539914,7688.490190015011,0.999192762509744,False,EXPOSED_HISTORY
QQQ,2006-11,1,2,t,True,3,1924,-3835.8399003206996,5,7709.490608797528,7681.679800641399,0.998922919342791,False,EXPOSED_HISTORY
QQQ,2006-11,2,1,normal,True,4,1924,-3839.5697167066273,4,7709.388079938158,7687.139433413255,0.9993132574152156,False,EXPOSED_HISTORY
QQQ,2006-11,2,1,t,True,5,1924,-3834.6058296641795,5,7707.022467484488,7679.211659328359,0.9990585840335863,False,EXPOSED_HISTORY
QQQ,2006-12,1,1,normal,True,0,1945,-3866.5388588929563,3,7755.79676955407,7739.077717785913,0.9991257560022282,False,EXPOSED_HISTORY
QQQ,2006-12,1,1,t,True,1,1945,-3861.740837254785,4,7753.77374353378,7731.48167450957,0.998923535419265,True,EXPOSED_HISTORY
QQQ,2006-12,1,2,normal,True,2,1945,-3866.5388588973783,4,7763.3697868189665,7741.077717794757,0.9991256865409407,False,EXPOSED_HISTORY
QQQ,2006-12,1,2,t,True,3,1945,-3861.740836364727,5,7761.346759009716,7733.481672729454,0.9989238416204944,False,EXPOSED_HISTORY
QQQ,2006-12,2,1,normal,True,4,1945,-3865.7944128600393,4,7761.8808947442885,7739.588825720079,0.9992513329862943,False,EXPOSED_HISTORY
QQQ,2006-12,2,1,t,True,5,1945,-3860.358131621591,5,7758.581349523444,7730.716263243182,0.9990891762032661,False,EXPOSED_HISTORY
QQQ,2007-01,1,1,normal,True,0,1965,-3888.6513838103783,3,7800.052510193666,7783.302767620757,0.9992336597643728,False,EXPOSED_HISTORY
QQQ,2007-01,1,1,t,True,1,1965,-3883.8893008947034,4,7798.11159188662,7775.778601789407,0.9990138169672715,True,EXPOSED_HISTORY
QQQ,2007-01,1,2,normal,True,2,1965,-3888.6513838098067,4,7807.635757716826,7785.302767619613,0.9992338726147347,False,EXPOSED_HISTORY
QQQ,2007-01,1,2,t,True,3,1965,-3883.8893009586664,5,7805.69483953885,7777.778601917333,0.9990137538076269,False,EXPOSED_HISTORY
QQQ,2007-01,2,1,normal,True,4,1965,-3887.8652080172337,4,7806.0634061316805,7783.730416034467,0.9993810537810777,False,EXPOSED_HISTORY
QQQ,2007-01,2,1,t,True,5,1965,-3882.4432876701994,5,7802.802812961916,7774.886575340399,0.9992015352611175,False,EXPOSED_HISTORY
QQQ,2007-02,1,1,normal,True,0,1985,-3916.6347780745236,3,7856.049678728411,7839.269556149047,0.999056206091696,False,EXPOSED_HISTORY
QQQ,2007-02,1,1,t,True,1,1985,-3911.8802451099477,4,7854.13398699238,7831.7604902198955,0.9988482952940816,True,EXPOSED_HISTORY
QQQ,2007-02,1,2,normal,True,2,1985,-3916.634778074609,4,7863.643052921703,7841.269556149218,0.9990562358965273,False,EXPOSED_HISTORY
QQQ,2007-02,1,2,t,True,3,1985,-3911.8802450865705,5,7861.727361138747,7833.760490173141,0.9988485410721271,False,EXPOSED_HISTORY
QQQ,2007-02,2,1,normal,True,4,1985,-3915.8149270631866,4,7862.003350898858,7839.629854126373,0.9991926984946405,False,EXPOSED_HISTORY
QQQ,2007-02,2,1,t,True,5,1985,-3910.3830554846613,5,7858.732981934929,7830.766110969323,0.9990244022353617,False,EXPOSED_HISTORY
QQQ,2007-03,1,1,normal,True,0,2004,-3950.008688322836,3,7922.826078032286,7906.017376645672,0.9985502344707988,False,EXPOSED_HISTORY
QQQ,2007-03,1,1,t,True,1,2004,-3940.8390761811243,4,7912.089754211068,7889.6781523622485,0.9989021295759057,True,EXPOSED_HISTORY
QQQ,2007-03,1,2,normal,True,2,2004,-3950.008688318634,4,7930.4289784860875,7908.017376637268,0.9985503469635534,False,EXPOSED_HISTORY
QQQ,2007-03,1,2,t,True,3,2004,-3940.8390762601816,5,7919.692654831387,7891.678152520363,0.9989017507418337,False,EXPOSED_HISTORY
QQQ,2007-03,2,1,normal,True,4,2004,-3948.9350630226004,4,7928.28172789402,7905.870126045201,0.9986883613481268,False,EXPOSED_HISTORY
QQQ,2007-03,2,1,t,True,5,2004,-3938.8348302288423,5,7915.684162768708,7887.669660457685,0.9991674471312969,False,EXPOSED_HISTORY
QQQ,2007-04,1,1,normal,True,0,2026,-3980.8944750815535,3,7984.630406217533,7967.788950163107,0.9985073972595799,False,EXPOSED_HISTORY
QQQ,2007-04,1,1,t,True,1,2026,-3971.6103525012722,4,7973.675979741779,7951.2207050025445,0.9988521815903391,True,EXPOSED_HISTORY
QQQ,2007-04,1,2,normal,True,2,2026,-3980.8944750833775,4,7992.2442249059895,7969.788950166755,0.9985073089488756,False,EXPOSED_HISTORY
QQQ,2007-04,1,2,t,True,3,2026,-3971.61035250294,5,7981.2897984299225,7953.22070500588,0.9988522339555134,False,EXPOSED_HISTORY
QQQ,2007-04,2,1,normal,True,4,2026,-3979.9601062119145,4,7990.375487163064,7967.920212423829,0.9986033825980462,False,EXPOSED_HISTORY
QQQ,2007-04,2,1,t,True,5,2026,-3969.7142361889337,5,7977.49756580191,7949.428472377867,0.9990757931085242,False,EXPOSED_HISTORY
QQQ,2007-05,1,1,normal,True,0,2046,-4003.7564894843167,3,8030.383904808168,8013.512978968633,0.9985179279317027,False,EXPOSED_HISTORY
QQQ,2007-05,1,1,t,True,1,2046,-3994.2635243851705,4,8019.021616556387,7996.527048770341,0.9988711001771793,True,EXPOSED_HISTORY
QQQ,2007-05,1,2,normal,True,2,2046,-4003.7564894842644,4,8038.007546754575,8015.512978968529,0.9985179123134454,False,EXPOSED_HISTORY
QQQ,2007-05,1,2,t,True,3,2046,-3994.263524482022,5,8026.6452586966025,7998.527048964044,0.9988713077429505,False,EXPOSED_HISTORY
QQQ,2007-05,2,1,normal,True,4,2046,-4002.7983859773326,4,8036.091339740711,8013.596771954665,0.998608610207555,False,EXPOSED_HISTORY
QQQ,2007-05,2,1,t,True,5,2046,-3992.3622225877652,5,8022.842654908089,7994.7244451755305,0.9990910081868761,False,EXPOSED_HISTORY
QQQ,2007-06,1,1,normal,True,0,2068,-4029.2036122823597,3,8081.3102362716045,8064.407224564719,0.9985566698888084,False,EXPOSED_HISTORY
QQQ,2007-06,1,1,t,True,1,2068,-4019.832300692585,4,8070.201950327682,8047.66460138517,0.9988699392304576,True,EXPOSED_HISTORY
QQQ,2007-06,1,2,normal,True,2,2068,-4029.2036122830477,4,8088.944573508608,8066.4072245660955,0.9985566588999059,False,EXPOSED_HISTORY
QQQ,2007-06,1,2,t,True,3,2068,-4019.8323005222987,5,8077.836287222739,8049.6646010445975,0.9988701813957931,False,EXPOSED_HISTORY
QQQ,2007-06,2,1,normal,True,4,2068,-4028.226417851662,4,8086.990184645837,8064.452835703324,0.9986450401876308,False,EXPOSED_HISTORY
QQQ,2007-06,2,1,t,True,5,2068,-4017.9419135534017,5,8074.055513284945,8045.883827106803,0.9990688675220598,False,EXPOSED_HISTORY
QQQ,2007-07,1,1,normal,True,0,2089,-4054.6758009471723,3,8132.2849241790145,8115.351601894345,0.9985604116660668,False,EXPOSED_HISTORY
QQQ,2007-07,1,1,t,True,1,2089,-4045.484716263709,4,8121.547195573644,8098.969432527418,0.9988246977115723,True,EXPOSED_HISTORY
QQQ,2007-07,1,2,normal,True,2,2089,-4054.6758009446567,4,8139.9293649355395,8117.351601889313,0.9985605406830469,False,EXPOSED_HISTORY
QQQ,2007-07,1,2,t,True,3,2089,-4045.4847164072216,5,8129.191636622226,8100.969432814443,0.9988244894190188,False,EXPOSED_HISTORY
QQQ,2007-07,2,1,normal,True,4,2089,-4053.806021818902,4,8138.18980668403,8115.612043637804,0.9986211556914516,False,EXPOSED_HISTORY
QQQ,2007-07,2,1,t,True,5,2089,-4043.7396507566473,5,8125.701505321077,8097.479301513295,0.9989801401384002,False,EXPOSED_HISTORY
QQQ,2007-08,1,1,normal,True,0,2110,-4084.0847036354253,3,8191.132736950261,8174.169407270851,0.9984501112190067,False,EXPOSED_HISTORY
QQQ,2007-08,1,1,t,True,1,2110,-4075.102898856453,4,8180.823570618787,8158.205797712906,0.9986996638201683,True,EXPOSED_HISTORY
QQQ,2007-08,1,2,normal,True,2,2110,-4084.0847036347277,4,8198.787180175335,8176.169407269455,0.9984501204197989,False,EXPOSED_HISTORY
QQQ,2007-08,1,2,t,True,3,2110,-4075.102898983738,5,8188.478014099827,8160.205797967476,0.9986998194494848,False,EXPOSED_HISTORY
QQQ,2007-08,2,1,normal,True,4,2110,-4083.2316192047265,4,8197.081011315333,8174.463238409453,0.9984906842929534,False,EXPOSED_HISTORY
QQQ,2007-08,2,1,t,True,5,2110,-4073.434067002795,5,8185.140350137941,8156.86813400559,0.998830788300029,False,EXPOSED_HISTORY
QQQ,2007-09,1,1,normal,True,0,2133,-4126.330502932948,3,8275.656860021309,8258.661005865895,0.9985156588360956,False,EXPOSED_HISTORY
QQQ,2007-09,1,1,t,True,1,2133,-4118.2664669739615,4,8267.194072821809,8244.532933947923,0.9987467496711562,True,EXPOSED_HISTORY
QQQ,2007-09,1,2,normal,True,2,2133,-4126.330502932573,4,8283.322144739032,8260.661005865146,0.9985156695544155,False,EXPOSED_HISTORY
QQQ,2007-09,1,2,t,True,3,2133,-4118.266466929552,5,8274.85935745146,8246.532933859104,0.9987463484695503,False,EXPOSED_HISTORY
QQQ,2007-09,2,1,normal,True,4,2133,-4125.284100118083,4,8281.229339110052,8258.568200236166,0.9985904868558503,False,EXPOSED_HISTORY
QQQ,2007-09,2,1,t,True,5,2133,-4116.398543926545,5,8271.123511445447,8242.79708785309,0.9989297445259632,False,EXPOSED_HISTORY
QQQ,2007-10,1,1,normal,True,0,2152,-4154.279651717184,3,8331.581762198213,8314.559303434367,0.998389510982165,False,EXPOSED_HISTORY
QQQ,2007-10,1,1,t,True,1,2152,-4145.940581673326,4,8322.57777503178,8299.881163346652,0.9986314790511789,True,EXPOSED_HISTORY
QQQ,2007-10,1,2,normal,True,2,2152,-4154.279651716624,4,8339.255915118376,8316.559303433249,0.9983894704887926,False,EXPOSED_HISTORY
QQQ,2007-10,1,2,t,True,3,2152,-4145.940582089392,5,8330.251928785192,8301.881164178783,0.9986315411791192,False,EXPOSED_HISTORY
QQQ,2007-10,2,1,normal,True,4,2152,-4153.314359037282,4,8337.325329759691,8314.628718074564,0.9984182657543317,False,EXPOSED_HISTORY
QQQ,2007-10,2,1,t,True,5,2152,-4144.133468434971,5,8326.637701476351,8298.266936869943,0.9987646316419179,False,EXPOSED_HISTORY
QQQ,2007-11,1,1,normal,True,0,2175,-4191.647832754545,3,8406.350017339657,8389.29566550909,0.998408703322723,False,EXPOSED_HISTORY
QQQ,2007-11,1,1,t,True,1,2175,-4183.602817068888,4,8397.944769911866,8375.205634137776,0.9986346370118486,True,EXPOSED_HISTORY
QQQ,2007-11,1,2,normal,True,2,2175,-4191.64783275435,4,8414.03480128279,8391.2956655087,0.9984086819827227,False,EXPOSED_HISTORY
QQQ,2007-11,1,2,t,True,3,2175,-4183.602817187134,5,8405.629554091882,8377.205634374268,0.9986352519866102,False,EXPOSED_HISTORY
QQQ,2007-11,2,1,normal,True,4,2175,-4190.612898689266,4,8411.964933152623,8389.225797378533,0.9984478440922042,False,EXPOSED_HISTORY
QQQ,2007-11,2,1,t,True,5,2175,-4181.726775716332,5,8401.877471150277,8373.453551432664,0.9987719974506402,False,EXPOSED_HISTORY
QQQ,2007-12,1,1,normal,True,0,2196,-4238.0223777114825,3,8499.127933830854,8482.044755422965,0.9986760284563984,False,EXPOSED_HISTORY
QQQ,2007-12,1,1,t,True,1,2196,-4230.379407485601,4,8491.53638618172,8468.758814971203,0.9989305392095758,True,EXPOSED_HISTORY
QQQ,2007-12,1,2,normal,True,2,2196,-4238.022377713273,4,8506.822326637064,8484.044755426547,0.9986759454957442,False,EXPOSED_HISTORY
QQQ,2007-12,1,2,t,True,3,2196,-4230.379407301118,5,8499.230778615383,8470.758814602235,0.9989307106867363,False,EXPOSED_HISTORY
QQQ,2007-12,2,1,normal,True,4,2196,-4237.4515674715385,4,8505.680706153595,8482.903134943077,0.9987111332105182,False,EXPOSED_HISTORY
QQQ,2007-12,2,1,t,True,5,2196,-4229.1999748426615,5,8496.871913698471,8468.399949685323,0.9990642967885768,False,EXPOSED_HISTORY
QQQ,2008-01,1,1,normal,True,0,2216,-4271.949086129083,3,8567.008549401768,8549.898172258167,0.9984845355331801,False,EXPOSED_HISTORY
QQQ,2008-01,1,1,t,True,1,2216,-4264.248366678984,4,8559.310569549436,8536.496733357968,0.9987481677902719,True,EXPOSED_HISTORY
QQQ,2008-01,1,2,normal,True,2,2216,-4271.949086129216,4,8574.7120084499,8551.898172258432,0.9984845465007741,False,EXPOSED_HISTORY
QQQ,2008-01,1,2,t,True,3,2216,-4264.248366699506,5,8567.014028638347,8538.496733399012,0.9987484471292439,False,EXPOSED_HISTORY
QQQ,2008-01,2,1,normal,True,4,2216,-4271.430313761572,4,8573.674463714611,8550.860627523143,0.9984826835755973,False,EXPOSED_HISTORY
QQQ,2008-01,2,1,t,True,5,2216,-4263.130435557914,5,8564.778166355163,8536.260871115828,0.9988354893153539,False,EXPOSED_HISTORY
QQQ,2008-02,1,1,normal,True,0,2237,-4316.0252564172315,3,8655.189185718933,8638.050512834463,0.9986683619165109,False,EXPOSED_HISTORY
QQQ,2008-02,1,1,t,True,1,2237,-4308.125697767307,4,8647.102959380576,8624.251395534615,0.9989183181795233,True,EXPOSED_HISTORY
QQQ,2008-02,1,2,normal,True,2,2237,-4316.025256416942,4,8662.902076679846,8640.050512833885,0.998668399444601,False,EXPOSED_HISTORY
QQQ,2008-02,1,2,t,True,3,2237,-4308.12569797203,5,8654.81585075151,8626.25139594406,0.998917855845528,False,EXPOSED_HISTORY
QQQ,2008-02,2,1,normal,True,4,2237,-4315.3327316434625,4,8661.517027132886,8638.665463286925,0.9986875139422251,False,EXPOSED_HISTORY
QQQ,2008-02,2,1,t,True,5,2237,-4306.726010867653,5,8652.016476542756,8623.452021735306,0.9990358224931738,False,EXPOSED_HISTORY
QQQ,2008-03,1,1,normal,True,0,2257,-4350.831704397482,3,8724.828784125417,8707.663408794964,0.9985143251055318,False,EXPOSED_HISTORY
QQQ,2008-03,1,1,t,True,1,2257,-4342.865369234685,4,8716.61790557664,8693.73073846937,0.9987719107019676,True,EXPOSED_HISTORY
QQQ,2008-03,1,2,normal,True,2,2257,-4350.831704397609,4,8732.550575902489,8709.663408795219,0.9985143093115819,False,EXPOSED_HISTORY
QQQ,2008-03,1,2,t,True,3,2257,-4342.86536978174,5,8724.339698447568,8695.73073956348,0.9987718298600533,False,EXPOSED_HISTORY
QQQ,2008-03,2,1,normal,True,4,2257,-4350.205810084068,4,8731.298787275406,8708.411620168135,0.9985102004227056,False,EXPOSED_HISTORY
QQQ,2008-03,2,1,t,True,5,2257,-4341.564113970622,5,8721.737186825332,8693.128227941244,0.9988553187199244,False,EXPOSED_HISTORY
QQQ,2008-04,1,1,normal,True,0,2277,-4394.349477673983,3,8811.890797546157,8794.698955347965,0.9988037417155382,False,EXPOSED_HISTORY
QQQ,2008-04,1,1,t,True,1,2277,-4386.29854338917,4,8803.519543042596,8780.59708677834,0.9990501706598744,True,EXPOSED_HISTORY
QQQ,2008-04,1,2,normal,True,2,2277,-4394.349477672991,4,8819.621411610238,8796.698955345983,0.9988037473623523,False,EXPOSED_HISTORY
QQQ,2008-04,1,2,t,True,3,2277,-4386.298543356857,5,8811.250157044033,8782.597086713715,0.9990500873757739,False,EXPOSED_HISTORY
QQQ,2008-04,2,1,normal,True,4,2277,-4393.807088424326,4,8818.536633112908,8795.614176848652,0.9988342918728897,False,EXPOSED_HISTORY
QQQ,2008-04,2,1,t,True,5,2277,-4385.092389411454,5,8808.837849153226,8780.184778822908,0.9991795630635903,False,EXPOSED_HISTORY
QQQ,2008-05,1,1,normal,True,0,2299,-4435.8553205214475,3,8894.931329617184,8877.710641042895,0.9986526918346408,False,EXPOSED_HISTORY
QQQ,2008-05,1,1,t,True,1,2299,-4427.531657330776,4,8886.024232760605,8863.063314661553,0.9989039619394459,True,EXPOSED_HISTORY
QQQ,2008-05,1,2,normal,True,2,2299,-4435.855320525246,4,8902.671559149543,8879.710641050491,0.9986527249384574,False,EXPOSED_HISTORY
QQQ,2008-05,1,2,t,True,3,2299,-4427.531657555026,5,8893.764462733869,8865.063315110052,0.9989040900270407,False,EXPOSED_HISTORY
QQQ,2008-05,2,1,normal,True,4,2299,-4435.2398101114295,4,8901.440538321911,8878.479620222859,0.9986499639941607,False,EXPOSED_HISTORY
QQQ,2008-05,2,1,t,True,5,2299,-4426.205733034711,5,8891.112613693238,8862.411466069421,0.9989943606247768,False,EXPOSED_HISTORY
QQQ,2008-06,1,1,normal,True,0,2320,-4470.669185442373,3,8964.586338278728,8947.338370884747,0.9984413775581789,False,EXPOSED_HISTORY
QQQ,2008-06,1,1,t,True,1,2320,-4462.228537492793,4,8955.454364844229,8932.457074985587,0.9987059213522902,True,EXPOSED_HISTORY
QQQ,2008-06,1,2,normal,True,2,2320,-4470.669185441869,4,8972.33566074238,8949.338370883737,0.9984413436204108,False,EXPOSED_HISTORY
QQQ,2008-06,1,2,t,True,3,2320,-4462.228537481557,5,8963.203687286417,8934.457074963115,0.9987058569602426,False,EXPOSED_HISTORY
QQQ,2008-06,2,1,normal,True,4,2320,-4469.930254355926,4,8970.857798570494,8947.860508711852,0.9984176611719793,False,EXPOSED_HISTORY
QQQ,2008-06,2,1,t,True,5,2320,-4460.735345815799,5,8960.2173039549,8931.470691631597,0.9987771895173696,False,EXPOSED_HISTORY
QQQ,2008-07,1,1,normal,True,0,2341,-4512.495431925895,3,9048.265864254263,9030.99086385179,0.9986610552608768,False,EXPOSED_HISTORY
QQQ,2008-07,1,1,t,True,1,2341,-4503.965233725903,4,9038.96380132177,9015.930467451806,0.9988975093592314,True,EXPOSED_HISTORY
QQQ,2008-07,1,2,normal,True,2,2341,-4512.495431923293,4,9056.02419771655,9032.990863846586,0.9986609597928419,False,EXPOSED_HISTORY
QQQ,2008-07,1,2,t,True,3,2341,-4503.965233683013,5,9046.722134703481,9017.930467366026,0.998897527598954,False,EXPOSED_HISTORY
QQQ,2008-07,2,1,normal,True,4,2341,-4511.74921817291,4,9054.531770215784,9031.49843634582,0.9986760518396386,False,EXPOSED_HISTORY
QQQ,2008-07,2,1,t,True,5,2341,-4502.390312917141,5,9043.572293171737,9014.780625834283,0.9990188275378503,False,EXPOSED_HISTORY
QQQ,2008-08,1,1,normal,True,0,2363,-4553.254139299668,3,9129.811340430897,9112.508278599336,0.9986046415900179,False,EXPOSED_HISTORY
QQQ,2008-08,1,1,t,True,1,2363,-4545.00248112308,4,9121.075711354906,9098.00496224616,0.9988504806390145,True,EXPOSED_HISTORY
QQQ,2008-08,1,2,normal,True,2,2363,-4553.254139298385,4,9137.579027705517,9114.50827859677,0.9986045560089901,False,EXPOSED_HISTORY
QQQ,2008-08,1,2,t,True,3,2363,-4545.002481056112,5,9128.843398498158,9100.004962112223,0.9988504369856137,False,EXPOSED_HISTORY
QQQ,2008-08,2,1,normal,True,4,2363,-4552.506499326604,4,9136.083747761955,9113.012998653208,0.9986001759599057,False,EXPOSED_HISTORY
QQQ,2008-08,2,1,t,True,5,2363,-4543.416468090346,5,9125.671372566627,9096.832936180692,0.9989487213376802,False,EXPOSED_HISTORY
QQQ,2008-09,1,1,normal,True,0,2384,-4589.878615530997,3,9203.086836146551,9185.757231061994,0.998511472748331,False,EXPOSED_HISTORY
QQQ,2008-09,1,1,t,True,1,2384,-4581.62906750944,4,9194.36427513162,9171.25813501888,0.9987598540473585,True,EXPOSED_HISTORY
QQQ,2008-09,1,2,normal,True,2,2384,-4589.878615529577,4,9210.863371171894,9187.757231059153,0.9985114766832706,False,EXPOSED_HISTORY
QQQ,2008-09,1,2,t,True,3,2384,-4581.629067467682,5,9202.140810076291,9173.258134935364,0.9987605888609703,False,EXPOSED_HISTORY
QQQ,2008-09,2,1,normal,True,4,2384,-4589.145554252553,4,9209.397248617846,9186.291108505106,0.9984931238409186,False,EXPOSED_HISTORY
QQQ,2008-09,2,1,t,True,5,2384,-4580.069822455184,5,9199.022320051296,9170.139644910369,0.9988378069650306,False,EXPOSED_HISTORY
QQQ,2008-10,1,1,normal,True,0,2405,-4648.583927147077,3,9320.523769841773,9303.167854294154,0.9994539439846284,False,EXPOSED_HISTORY
QQQ,2008-10,1,1,t,True,1,2405,-4638.703242910795,4,9308.54770655175,9285.40648582159,0.9996535004618048,True,EXPOSED_HISTORY
QQQ,2008-10,1,2,normal,True,2,2405,-4648.583927146419,4,9328.309075022999,9305.167854292838,0.9994539354757712,False,EXPOSED_HISTORY
QQQ,2008-10,1,2,t,True,3,2405,-4638.703242963076,5,9316.333011838851,9287.406485926153,0.9996533302251924,False,EXPOSED_HISTORY
QQQ,2008-10,2,1,normal,True,4,2405,-4647.182869628447,4,9325.506959987055,9302.365739256895,0.9995679916844569,False,EXPOSED_HISTORY
QQQ,2008-10,2,1,t,True,5,2405,-4636.839309823851,5,9312.605145560401,9283.678619647702,0.9999005751947685,False,EXPOSED_HISTORY
QQQ,2008-11,1,1,normal,True,0,2428,-4721.786339999641,3,9466.95714945582,9449.572679999283,1.0000000000001974,False,EXPOSED_HISTORY
QQQ,2008-11,1,1,t,True,1,2428,-4710.981326218691,4,9453.1419450461,9429.962652437382,0.9999999999999716,True,EXPOSED_HISTORY
QQQ,2008-11,1,2,normal,True,2,2428,-4721.786340000703,4,9474.751972610124,9451.572680001405,1.0000000000002096,False,EXPOSED_HISTORY
QQQ,2008-11,1,2,t,True,3,2428,-4710.981326159683,5,9460.936768080262,9431.962652319366,1.0000000001195914,False,EXPOSED_HISTORY
QQQ,2008-11,2,1,normal,True,4,2428,-4719.385003039018,4,9469.949298686754,9446.770006078035,0.9999999999980412,False,EXPOSED_HISTORY
QQQ,2008-11,2,1,t,True,5,2428,-4708.364348740492,5,9455.70281324188,9426.728697480983,1.0000000000824012,False,EXPOSED_HISTORY
QQQ,2008-12,1,1,normal,True,0,2447,-4774.587538277234,3,9572.582930744795,9555.175076554468,1.0000000000000295,False,EXPOSED_HISTORY
QQQ,2008-12,1,1,t,True,1,2447,-4764.066716256441,4,9559.343904766654,9536.133432512883,0.9999999999997502,True,EXPOSED_HISTORY
QQQ,2008-12,1,2,normal,True,2,2447,-4774.587538275082,4,9580.385548803935,9557.175076550164,1.0000000000971112,False,EXPOSED_HISTORY
QQQ,2008-12,1,2,t,True,3,2447,-4764.066716308467,5,9567.146522934148,9538.133432616934,1.0000000000121327,False,EXPOSED_HISTORY
QQQ,2008-12,2,1,normal,True,4,2447,-4772.312688755081,4,9575.835849763933,9552.625377510161,0.9999999999998573,False,EXPOSED_HISTORY
QQQ,2008-12,2,1,t,True,5,2447,-4761.572108902479,5,9562.157308122172,9533.144217804958,0.9999999998069743,False,EXPOSED_HISTORY
QQQ,2009-01,1,1,normal,True,0,2469,-4829.177182506265,3,9681.789070480565,9664.35436501253,0.9995571779937926,False,EXPOSED_HISTORY
QQQ,2009-01,1,1,t,True,1,2469,-4818.462478511397,4,9668.171230980175,9644.924957022795,0.9998386471166425,True,EXPOSED_HISTORY
QQQ,2009-01,1,2,normal,True,2,2469,-4829.177182509831,4,9689.600638977043,9666.354365019663,0.9995573052582511,False,EXPOSED_HISTORY
QQQ,2009-01,1,2,t,True,3,2469,-4818.462478508331,5,9675.982799463387,9646.924957016661,0.9998385033960222,False,EXPOSED_HISTORY
QQQ,2009-01,2,1,normal,True,4,2469,-4826.737728687362,4,9684.721731332103,9661.475457374723,0.9995273122889852,False,EXPOSED_HISTORY
QQQ,2009-01,2,1,t,True,5,2469,-4815.831585725677,5,9670.721013898079,9641.663171451353,0.9999770831006994,False,EXPOSED_HISTORY
QQQ,2009-02,1,1,normal,True,0,2489,-4875.855204546517,3,9775.169318000137,9757.710409093033,0.9993703796321419,False,EXPOSED_HISTORY
QQQ,2009-02,1,1,t,True,1,2489,-4865.271472295883,4,9761.821489801236,9738.542944591765,0.9996404161212797,True,EXPOSED_HISTORY
QQQ,2009-02,1,2,normal,True,2,2489,-4875.855204546955,4,9782.98895430338,9759.71040909391,0.99937045465553,False,EXPOSED_HISTORY
QQQ,2009-02,1,2,t,True,3,2489,-4865.271472295756,5,9769.64112610335,9740.542944591512,0.9996404594869985,False,EXPOSED_HISTORY
QQQ,2009-02,2,1,normal,True,4,2489,-4873.417432451624,4,9778.113410112719,9754.834864903249,0.9994115854063508,False,EXPOSED_HISTORY
QQQ,2009-02,2,1,t,True,5,2489,-4862.650220131702,5,9764.39862177524,9735.300440263403,0.9998312969532575,False,EXPOSED_HISTORY
QQQ,2009-03,1,1,normal,True,0,2508,-4917.475237816764,3,9858.432198338787,9840.950475633528,0.9991988510986076,False,EXPOSED_HISTORY
QQQ,2009-03,1,1,t,True,1,2508,-4906.986299068957,4,9845.281561744925,9821.972598137914,0.9994632281551571,True,EXPOSED_HISTORY
QQQ,2009-03,1,2,normal,True,2,2508,-4917.475237817831,4,9866.259439242673,9842.950475635662,0.9991988951305717,False,EXPOSED_HISTORY
QQQ,2009-03,1,2,t,True,3,2508,-4906.986299071357,5,9853.108802651479,9823.972598142715,0.999463330362814,False,EXPOSED_HISTORY
QQQ,2009-03,2,1,normal,True,4,2508,-4914.856332708775,4,9861.02162902456,9837.71266541755,0.9992517318949876,False,EXPOSED_HISTORY
QQQ,2009-03,2,1,t,True,5,2508,-4904.174341028307,5,9847.484886565378,9818.348682056614,0.9996709006834135,False,EXPOSED_HISTORY
QQQ,2009-04,1,1,normal,True,0,2530,-4971.346784841801,3,9966.201493428767,9948.693569683603,0.9994195684812688,False,EXPOSED_HISTORY
QQQ,2009-04,1,1,t,True,1,2530,-4960.825103319821,4,9952.994104966529,9929.650206639642,0.9996539672573521,True,EXPOSED_HISTORY
QQQ,2009-04,1,2,normal,True,2,2530,-4971.346784841994,4,9974.037468010874,9950.693569683988,0.9994195488389321,False,EXPOSED_HISTORY
QQQ,2009-04,1,2,t,True,3,2530,-4960.825103337198,5,9960.830079583004,9931.650206674396,0.9996540323648175,False,EXPOSED_HISTORY
QQQ,2009-04,2,1,normal,True,4,2530,-4968.578395459522,4,9968.50068924593,9945.156790919043,0.9995016677413305,False,EXPOSED_HISTORY
QQQ,2009-04,2,1,t,True,5,2530,-4957.8621541061175,5,9954.904181120843,9925.724308212235,0.9998981188832533,False,EXPOSED_HISTORY
QQQ,2009-05,1,1,normal,True,0,2551,-5013.859019631867,3,10051.25076141816,10033.718039263735,0.9990085415465817,False,EXPOSED_HISTORY
QQQ,2009-05,1,1,t,True,1,2551,-5003.293236293336,4,10037.96343545924,10014.586472586672,0.9992748976640935,True,EXPOSED_HISTORY
QQQ,2009-05,1,2,normal,True,2,2551,-5013.859019631851,4,10059.09500213627,10035.718039263702,0.9990085533471357,False,EXPOSED_HISTORY
QQQ,2009-05,1,2,t,True,3,2551,-5003.293236787502,5,10045.807677165712,10016.586473575004,0.9992744126529394,False,EXPOSED_HISTORY
QQQ,2009-05,2,1,normal,True,4,2551,-5010.986728706412,4,10053.350420285391,10029.973457412823,0.9990096734879071,False,EXPOSED_HISTORY
QQQ,2009-05,2,1,t,True,5,2551,-5000.221434629548,5,10039.664072849804,10010.442869259095,0.9994444161902809,False,EXPOSED_HISTORY
QQQ,2009-06,1,1,normal,True,0,2571,-5051.650535705916,3,10126.85722203363,10109.301071411832,0.9988532260523363,False,EXPOSED_HISTORY
QQQ,2009-06,1,1,t,True,1,2571,-5041.018113236294,4,10113.444427301652,10090.036226472588,0.9991070703463518,True,EXPOSED_HISTORY
QQQ,2009-06,1,2,normal,True,2,2571,-5051.650535706947,4,10134.709272242959,10111.301071413895,0.9988533252560026,False,EXPOSED_HISTORY
QQQ,2009-06,1,2,t,True,3,2571,-5041.018113237909,5,10121.296477512147,10092.036226475819,0.9991069774768508,False,EXPOSED_HISTORY
QQQ,2009-06,2,1,normal,True,4,2571,-5048.470891302059,4,10128.349983433181,10104.941782604117,0.9988726473911962,False,EXPOSED_HISTORY
QQQ,2009-06,2,1,t,True,5,2571,-5037.62600671362,5,10114.512264463568,10085.25201342724,0.9993023094233932,False,EXPOSED_HISTORY
QQQ,2009-07,1,1,normal,True,0,2593,-5088.810381352514,3,10201.202475061644,10183.620762705028,0.998618976250475,False,EXPOSED_HISTORY
QQQ,2009-07,1,1,t,True,1,2593,-5077.957089826964,4,10187.356462796082,10163.914179653928,0.9988745939716112,True,EXPOSED_HISTORY
QQQ,2009-07,1,2,normal,True,2,2593,-5088.810381352845,4,10209.063045847844,10185.62076270569,0.9986189936220057,False,EXPOSED_HISTORY
QQQ,2009-07,1,2,t,True,3,2593,-5077.957089879881,5,10195.217033687455,10165.914179759762,0.998874678062329,False,EXPOSED_HISTORY
QQQ,2009-07,2,1,normal,True,4,2593,-5085.549195435575,4,10202.540674013304,10179.09839087115,0.9986275734913711,False,EXPOSED_HISTORY
QQQ,2009-07,2,1,t,True,5,2593,-5074.433429827402,5,10188.169713582496,10158.866859654803,0.9990629384551246,False,EXPOSED_HISTORY
QQQ,2009-08,1,1,normal,True,0,2615,-5126.529403974158,3,10276.665866077814,10259.058807948317,0.9985448418515374,False,EXPOSED_HISTORY
QQQ,2009-08,1,1,t,True,1,2615,-5115.461734598657,4,10262.399546703311,10238.923469197314,0.9987954290543535,True,EXPOSED_HISTORY
QQQ,2009-08,1,2,normal,True,2,2615,-5126.52940397456,4,10284.534885455118,10261.05880794912,0.9985447769117191,False,EXPOSED_HISTORY
QQQ,2009-08,1,2,t,True,3,2615,-5115.4617345942615,5,10270.268566071018,10240.923469188523,0.9987956385551033,False,EXPOSED_HISTORY
QQQ,2009-08,2,1,normal,True,4,2615,-5123.095195374929,4,10277.666468255855,10254.190390749858,0.9985501319601665,False,EXPOSED_HISTORY
QQQ,2009-08,2,1,t,True,5,2615,-5111.768803810105,5,10262.882704502705,10233.53760762021,0.9989856061600156,False,EXPOSED_HISTORY
QQQ,2009-09,1,1,normal,True,0,2636,-5159.143704213965,3,10341.918462114798,10324.28740842793,0.998452694795201,False,EXPOSED_HISTORY
QQQ,2009-09,1,1,t,True,1,2636,-5147.961766371321,4,10327.431604325131,10303.923532742641,0.9987057865547883,True,EXPOSED_HISTORY
QQQ,2009-09,1,2,normal,True,2,2636,-5159.143704216343,4,10349.795480015177,10326.287408432687,0.9984528128385178,False,EXPOSED_HISTORY
QQQ,2009-09,1,2,t,True,3,2636,-5147.961766368699,5,10335.308622215509,10305.923532737397,0.9987058533243691,False,EXPOSED_HISTORY
QQQ,2009-09,2,1,normal,True,4,2636,-5155.859984485748,4,10343.228040553986,10319.719968971496,0.9984403719661169,False,EXPOSED_HISTORY
QQQ,2009-09,2,1,t,True,5,2636,-5144.4246253665115,5,10328.234340211135,10298.849250733023,0.9988695834951149,False,EXPOSED_HISTORY
QQQ,2009-10,1,1,normal,True,0,2657,-5188.2014522756,3,10400.057763388479,10382.4029045512,0.9983881524381841,False,EXPOSED_HISTORY
QQQ,2009-10,1,1,t,True,1,2657,-5176.928414952688,4,10385.396641688416,10361.856829905377,0.9986460784518731,True,EXPOSED_HISTORY
QQQ,2009-10,1,2,normal,True,2,2657,-5188.2014522771915,4,10407.942716337422,10384.402904554383,0.9983882288846186,False,EXPOSED_HISTORY
QQQ,2009-10,1,2,t,True,3,2657,-5176.928414882352,5,10393.281594493503,10363.856829764703,0.998646520363703,False,EXPOSED_HISTORY
QQQ,2009-10,2,1,normal,True,4,2657,-5184.854698367948,4,10401.249208518935,10377.709396735896,0.9983733583018498,False,EXPOSED_HISTORY
QQQ,2009-10,2,1,t,True,5,2657,-5173.3248549926175,5,10386.074474714034,10356.649709985235,0.9988067378155597,False,EXPOSED_HISTORY
QQQ,2009-11,1,1,normal,True,0,2679,-5225.813549305028,3,10475.30669521869,10457.627098610055,0.9983613155516268,False,EXPOSED_HISTORY
QQQ,2009-11,1,1,t,True,1,2679,-5214.056453855318,4,10459.685703188814,10436.112907710636,0.9986563140143464,True,EXPOSED_HISTORY
QQQ,2009-11,1,2,normal,True,2,2679,-5225.813549309669,4,10483.199894097515,10459.627098619338,0.9983612428972662,False,EXPOSED_HISTORY
QQQ,2009-11,1,2,t,True,3,2679,-5214.056454015896,5,10467.578902379515,10438.112908031791,0.998655889706605,False,EXPOSED_HISTORY
QQQ,2009-11,2,1,normal,True,4,2679,-5222.917522720842,4,10477.407840919861,10453.835045441683,0.9982754949955946,False,EXPOSED_HISTORY
QQQ,2009-11,2,1,t,True,5,2679,-5210.88388025044,5,10461.233754848603,10431.76776050088,0.9987533356440612,False,EXPOSED_HISTORY
QQQ,2009-12,1,1,normal,True,0,2699,-5255.840091427951,3,10535.382092694956,10517.680182855902,0.9982873036961802,False,EXPOSED_HISTORY
QQQ,2009-12,1,1,t,True,1,2699,-5243.9267948885,4,10519.456136229071,10495.853589777,0.9985843393576974,True,EXPOSED_HISTORY
QQQ,2009-12,1,2,normal,True,2,2699,-5255.840091427166,4,10543.282729306404,10519.680182854332,0.9982873428304992,False,EXPOSED_HISTORY
QQQ,2009-12,1,2,t,True,3,2699,-5243.926794935144,5,10527.356772935378,10497.853589870288,0.9985839505131832,False,EXPOSED_HISTORY
QQQ,2009-12,2,1,normal,True,4,2699,-5252.769697445967,4,10537.141941344005,10513.539394891934,0.9981943213020227,False,EXPOSED_HISTORY
QQQ,2009-12,2,1,t,True,5,2699,-5240.532408432777,5,10520.567999930643,10491.064816865553,0.9986815557844678,False,EXPOSED_HISTORY
QQQ,2010-01,1,1,normal,True,0,2721,-5283.08568707714,3,10589.89763837063,10572.17137415428,0.9982606975767656,False,EXPOSED_HISTORY
QQQ,2010-01,1,1,t,True,1,2721,-5271.120469275082,4,10573.875957505295,10550.240938550163,0.9985515578645954,True,EXPOSED_HISTORY
QQQ,2010-01,1,2,normal,True,2,2721,-5283.085687077887,4,10597.806393110906,10574.171374155774,0.998260705321329,False,EXPOSED_HISTORY
QQQ,2010-01,1,2,t,True,3,2721,-5271.120469181774,5,10581.784712057464,10552.240938363548,0.9985514145332116,False,EXPOSED_HISTORY
QQQ,2010-01,2,1,normal,True,4,2721,-5280.108805320982,4,10591.852629597097,10568.217610641965,0.9981437087205619,False,EXPOSED_HISTORY
QQQ,2010-01,2,1,t,True,5,2721,-5267.844503761229,5,10575.232781216375,10545.689007522458,0.9986126556121263,False,EXPOSED_HISTORY
QQQ,2010-02,1,1,normal,True,0,2740,-5316.121372199728,3,10655.989883997603,10638.242744399457,0.9982379384750323,False,EXPOSED_HISTORY
QQQ,2010-02,1,1,t,True,1,2740,-5304.400207594998,4,10640.463267987525,10616.800415189997,0.9985137816074942,True,EXPOSED_HISTORY
QQQ,2010-02,1,2,normal,True,2,2740,-5316.1213721952045,4,10663.905597187937,10640.242744390409,0.9982380557550237,False,EXPOSED_HISTORY
QQQ,2010-02,1,2,t,True,3,2740,-5304.400207256409,5,10648.378980509728,10618.800414512818,0.9985135121125359,False,EXPOSED_HISTORY
QQQ,2010-02,2,1,normal,True,4,2740,-5313.006788086826,4,10657.676428971181,10634.013576173653,0.9981123435006406,False,EXPOSED_HISTORY
QQQ,2010-02,2,1,t,True,5,2740,-5301.078536596519,5,10641.735639189948,10612.157073193039,0.9985577807834634,False,EXPOSED_HISTORY
QQQ,2010-03,1,1,normal,True,0,2759,-5344.643161976501,3,10713.054194675653,10695.286323953002,0.998143659873878,False,EXPOSED_HISTORY
QQQ,2010-03,1,1,t,True,1,2759,-5332.616971193593,4,10696.924436684054,10673.233942387185,0.998436200230379,True,EXPOSED_HISTORY
QQQ,2010-03,1,2,normal,True,2,2759,-5344.643161980741,4,10720.97681825835,10697.286323961482,0.9981435466581018,False,EXPOSED_HISTORY
QQQ,2010-03,1,2,t,True,3,2759,-5332.616971206553,5,10704.847060284192,10675.233942413106,0.9984360971840993,False,EXPOSED_HISTORY
QQQ,2010-03,2,1,normal,True,4,2759,-5341.553866548331,4,10714.79822739353,10691.107733096662,0.9979814538169612,False,EXPOSED_HISTORY
QQQ,2010-03,2,1,t,True,5,2759,-5329.3206283446025,5,10698.25437456029,10668.641256689205,0.9984445201927009,False,EXPOSED_HISTORY
QQQ,2010-04,1,1,normal,True,0,2782,-5369.43086520931,3,10762.65450653607,10744.86173041862,0.9982150932423579,False,EXPOSED_HISTORY
QQQ,2010-04,1,1,t,True,1,2782,-5357.047157687226,4,10745.818016864385,10722.094315374452,0.9985545247255996,True,EXPOSED_HISTORY
QQQ,2010-04,1,2,normal,True,2,2782,-5369.430865210194,4,10770.58543191032,10746.861730420387,0.9982151602764574,False,EXPOSED_HISTORY
QQQ,2010-04,1,2,t,True,3,2782,-5357.047157688549,5,10753.748942239516,10724.094315377099,0.9985544930534507,False,EXPOSED_HISTORY
QQQ,2010-04,2,1,normal,True,4,2782,-5366.096508818109,4,10763.916719126151,10740.193017636218,0.9980683939289189,False,EXPOSED_HISTORY
QQQ,2010-04,2,1,t,True,5,2782,-5353.529099945299,5,10746.712826753015,10717.058199890598,0.9985958521381318,False,EXPOSED_HISTORY
QQQ,2010-05,1,1,normal,True,0,2803,-5397.207487865033,3,10818.23031238356,10800.414975730066,0.9979656651690042,False,EXPOSED_HISTORY
QQQ,2010-05,1,1,t,True,1,2803,-5384.615920740083,4,10800.985623684826,10777.231841480167,0.9984081871673782,True,EXPOSED_HISTORY
QQQ,2010-05,1,2,normal,True,2,2803,-5397.207487863912,4,10826.168757932484,10802.414975727825,0.9979655155749616,False,EXPOSED_HISTORY
QQQ,2010-05,1,2,t,True,3,2803,-5384.615920737365,5,10808.924069230554,10779.23184147473,0.9984081310984105,False,EXPOSED_HISTORY
QQQ,2010-05,2,1,normal,True,4,2803,-5393.551542741576,4,10818.856867687811,10795.103085483152,0.9977818425074537,False,EXPOSED_HISTORY
QQQ,2010-05,2,1,t,True,5,2803,-5380.80206696551,5,10801.296361686844,10771.60413393102,0.9984512392940594,False,EXPOSED_HISTORY
QQQ,2010-06,1,1,normal,True,0,2823,-5447.5073545658715,3,10918.851375416503,10901.014709131743,0.9981753351279097,False,EXPOSED_HISTORY
QQQ,2010-06,1,1,t,True,1,2823,-5434.565165781457,4,10900.912553275928,10877.130331562914,0.9987245882610561,False,EXPOSED_HISTORY
QQQ,2010-06,1,2,normal,True,2,2823,-5447.507354565578,4,10926.79693084417,10903.014709131156,0.9981752849290431,False,EXPOSED_HISTORY
QQQ,2010-06,1,2,t,True,3,2823,-5434.565165823404,5,10908.858108788076,10879.130331646807,0.9987244166527147,False,EXPOSED_HISTORY
QQQ,2010-06,2,1,normal,True,4,2823,-5442.984478180896,4,10917.751178074806,10893.968956361792,0.99801184840179,False,EXPOSED_HISTORY
QQQ,2010-06,2,1,t,True,5,2823,-5430.05772649493,5,10899.843230131128,10870.11545298986,0.9988281035542016,True,EXPOSED_HISTORY
QQQ,2010-07,1,1,normal,True,0,2845,-5490.823568879189,3,11005.50709279806,10987.647137758378,0.9981021272283829,False,EXPOSED_HISTORY
QQQ,2010-07,1,1,t,True,1,2845,-5477.548597303761,4,10986.910467993765,10963.097194607522,0.9986510546783031,False,EXPOSED_HISTORY
QQQ,2010-07,1,2,normal,True,2,2845,-5490.823568878959,4,11013.46041114416,10989.647137757918,0.9981021292364717,False,EXPOSED_HISTORY
QQQ,2010-07,1,2,t,True,3,2845,-5477.548597363098,5,10994.863786458998,10965.097194726197,0.9986510219683716,False,EXPOSED_HISTORY
QQQ,2010-07,2,1,normal,True,4,2845,-5486.314194287196,4,11004.441661960635,10980.628388574392,0.9979054063868182,False,EXPOSED_HISTORY
QQQ,2010-07,2,1,t,True,5,2845,-5473.059760514023,5,10985.886112760847,10956.119521028046,0.9987056567303673,True,EXPOSED_HISTORY
QQQ,2010-08,1,1,normal,True,0,2866,-5526.834357936787,3,11077.550733698738,11059.668715873573,0.9978662193829673,False,EXPOSED_HISTORY
QQQ,2010-08,1,1,t,True,1,2866,-5513.243766346829,4,11058.33022312721,11034.487532693658,0.9984281328836995,False,EXPOSED_HISTORY
QQQ,2010-08,1,2,normal,True,2,2866,-5526.8343579367665,4,11085.511406307085,11061.668715873533,0.9978662031846561,False,EXPOSED_HISTORY
QQQ,2010-08,1,2,t,True,3,2866,-5513.243766346809,5,11066.29089573556,11036.487532693618,0.9984281009429518,False,EXPOSED_HISTORY
QQQ,2010-08,2,1,normal,True,4,2866,-5522.255703787439,4,11076.35409800843,11052.511407574879,0.9976138589196241,False,EXPOSED_HISTORY
QQQ,2010-08,2,1,t,True,5,2866,-5508.690462756549,5,11057.18428855504,11027.380925513098,0.9984242225609188,True,EXPOSED_HISTORY
QQQ,2010-09,1,1,normal,True,0,2888,-5561.6087298260645,3,11147.122418152167,11129.217459652129,0.9977454555695757,False,EXPOSED_HISTORY
QQQ,2010-09,1,1,t,True,1,2888,-5548.022183445634,4,11127.917644891319,11104.044366891269,0.9983007680106415,False,EXPOSED_HISTORY
QQQ,2010-09,1,2,normal,True,2,2888,-5561.608729825264,4,11155.090737650578,11131.217459650528,0.9977453772681922,False,EXPOSED_HISTORY
QQQ,2010-09,1,2,t,True,3,2888,-5548.0221834442345,5,11135.885964388533,11106.044366888469,0.9983009454521361,False,EXPOSED_HISTORY
QQQ,2010-09,2,1,normal,True,4,2888,-5556.938026578211,4,11145.749331156472,11121.876053156422,0.9974935468713624,False,EXPOSED_HISTORY
QQQ,2010-09,2,1,t,True,5,2888,-5543.361597426933,5,11126.56479235393,11096.723194853867,0.9982926800472766,True,EXPOSED_HISTORY
QQQ,2010-10,1,1,normal,True,0,2909,-5593.807840056498,3,11211.542374088482,11193.615680112996,0.9976631816981774,False,EXPOSED_HISTORY
QQQ,2010-10,1,1,t,True,1,2909,-5579.88945778917,4,11191.681174212321,11167.77891557834,0.9982343514031865,False,EXPOSED_HISTORY
QQQ,2010-10,1,2,normal,True,2,2909,-5593.807840059143,4,11219.517938752268,11195.615680118286,0.9976631072970233,False,EXPOSED_HISTORY
QQQ,2010-10,1,2,t,True,3,2909,-5579.889457788153,5,11199.656738868782,11169.778915576306,0.998234384808901,False,EXPOSED_HISTORY
QQQ,2010-10,2,1,normal,True,4,2909,-5589.011619180428,4,11209.925496994838,11186.023238360856,0.9973970360775637,False,EXPOSED_HISTORY
QQQ,2010-10,2,1,t,True,5,2909,-5575.116063632385,5,11190.109950557246,11160.23212726477,0.998218838503755,True,EXPOSED_HISTORY
QQQ,2010-11,1,1,normal,True,0,2930,-5621.840721326504,3,11267.62971575904,11249.681442653007,0.9976324574748252,False,EXPOSED_HISTORY
QQQ,2010-11,1,1,t,True,1,2930,-5607.482171529236,4,11246.895373866517,11222.964343058473,0.9982361214078794,False,EXPOSED_HISTORY
QQQ,2010-11,1,2,normal,True,2,2930,-5621.840721326549,4,11275.612473461142,11251.681442653098,0.9976323984979497,False,EXPOSED_HISTORY
QQQ,2010-11,1,2,t,True,3,2930,-5607.482171541784,5,11254.878131593623,11224.964343083568,0.9982363217955806,False,EXPOSED_HISTORY
QQQ,2010-11,2,1,normal,True,4,2930,-5617.136711167996,4,11266.204453144035,11242.273422335991,0.9973587858040901,False,EXPOSED_HISTORY
QQQ,2010-11,2,1,t,True,5,2930,-5602.758442923136,5,11245.430674356327,11215.516885846271,0.998222173727942,True,EXPOSED_HISTORY
QQQ,2010-12,1,1,normal,True,0,2951,-5651.90857373613,3,11327.78684559709,11309.81714747226,0.9975671916045753,False,EXPOSED_HISTORY
QQQ,2010-12,1,1,t,True,1,2951,-5637.92076146892,4,11307.801120437613,11283.84152293784,0.9981222257181063,False,EXPOSED_HISTORY
QQQ,2010-12,1,2,normal,True,2,2951,-5651.908573733311,4,11335.776744966393,11311.817147466621,0.9975671387976687,False,EXPOSED_HISTORY
QQQ,2010-12,1,2,t,True,3,2951,-5637.920761476918,5,11315.791019828552,11285.841522953837,0.9981220253913631,False,EXPOSED_HISTORY
QQQ,2010-12,2,1,normal,True,4,2951,-5646.978869707978,4,11325.917336915729,11301.957739415957,0.9972988733706358,False,EXPOSED_HISTORY
QQQ,2010-12,2,1,t,True,5,2951,-5632.970775740343,5,11305.891048355401,11275.941551480686,0.9981056359892125,True,EXPOSED_HISTORY
QQQ,2011-01,1,1,normal,True,0,2973,-5674.461912892037,3,11372.915806253068,11354.923825784073,0.997782657222861,False,EXPOSED_HISTORY
QQQ,2011-01,1,1,t,True,1,2973,-5659.706172552147,4,11351.401652396287,11327.412345104294,0.9984388985809614,False,EXPOSED_HISTORY
QQQ,2011-01,1,2,normal,True,2,2973,-5674.461912893854,4,11380.9131330797,11356.923825787708,0.9977826176383705,False,EXPOSED_HISTORY
QQQ,2011-01,1,2,t,True,3,2973,-5659.706172720318,5,11359.398979555626,11329.412345440636,0.9984394750334292,False,EXPOSED_HISTORY
QQQ,2011-01,2,1,normal,True,4,2973,-5669.620788565445,4,11371.230884422883,11347.24157713089,0.9975391496229913,False,EXPOSED_HISTORY
QQQ,2011-01,2,1,t,True,5,2973,-5654.869126847396,5,11349.724887809782,11319.738253694792,0.9984849416468079,True,EXPOSED_HISTORY
QQQ,2011-02,1,1,normal,True,0,2993,-5701.638474216654,3,11427.289042956865,11409.276948433308,0.997439387525272,False,EXPOSED_HISTORY
QQQ,2011-02,1,1,t,True,1,2993,-5686.3654319608995,4,11404.74698995321,11380.730863921799,0.9981955907646207,False,EXPOSED_HISTORY
QQQ,2011-02,1,2,normal,True,2,2993,-5701.638474216565,4,11435.29307446454,11411.27694843313,0.9974393457562839,False,EXPOSED_HISTORY
QQQ,2011-02,1,2,t,True,3,2993,-5686.365431958964,5,11412.751021457192,11382.730863917928,0.9981956523964589,False,EXPOSED_HISTORY
QQQ,2011-02,2,1,normal,True,4,2993,-5696.434879287249,4,11424.885884605908,11400.869758574498,0.997163089541805,False,EXPOSED_HISTORY
QQQ,2011-02,2,1,t,True,5,2993,-5681.203986775425,5,11402.428131090113,11372.40797355085,0.9982099498302204,True,EXPOSED_HISTORY
QQQ,2011-03,1,1,normal,True,0,3012,-5729.162225013749,3,11482.355528794256,11464.324450027498,0.9972197226097512,False,EXPOSED_HISTORY
QQQ,2011-03,1,1,t,True,1,3012,-5712.235907524439,4,11456.513253404559,11432.471815048879,0.9982423058660916,False,EXPOSED_HISTORY
QQQ,2011-03,1,2,normal,True,2,3012,-5729.162225016904,4,11490.365888389488,11466.324450033808,0.9972196147014835,False,EXPOSED_HISTORY
QQQ,2011-03,1,2,t,True,3,3012,-5712.235907524311,5,11464.523612993222,11434.471815048622,0.9982422507683271,False,EXPOSED_HISTORY
QQQ,2011-03,2,1,normal,True,4,3012,-5723.9908707068735,4,11480.023179769427,11455.981741413747,0.996910604123175,False,EXPOSED_HISTORY
QQQ,2011-03,2,1,t,True,5,3012,-5707.161273275354,5,11454.374344495307,11424.322546550708,0.998242530790161,True,EXPOSED_HISTORY
QQQ,2011-04,1,1,normal,True,0,3035,-5765.451271441809,3,11554.956442994098,11536.902542883618,0.9971733328660819,False,EXPOSED_HISTORY
QQQ,2011-04,1,1,t,True,1,3035,-5748.831700509016,4,11529.735267832006,11505.663401018031,0.9981593370318189,False,EXPOSED_HISTORY
QQQ,2011-04,1,2,normal,True,2,3035,-5765.451271441618,4,11562.97440969721,11538.902542883236,0.9971733435025569,False,EXPOSED_HISTORY
QQQ,2011-04,1,2,t,True,3,3035,-5748.831700583859,5,11537.753234685186,11507.663401167718,0.9981595092057941,False,EXPOSED_HISTORY
QQQ,2011-04,2,1,normal,True,4,3035,-5760.081949377638,4,11552.23576556925,11528.163898755276,0.9968636694801081,False,EXPOSED_HISTORY
QQQ,2011-04,2,1,t,True,5,3035,-5743.466071514933,5,11527.021976547334,11496.932143029866,0.998161656593429,True,EXPOSED_HISTORY
QQQ,2011-05,1,1,normal,True,0,3055,-5788.7815685762125,3,11601.636741767243,11583.563137152425,0.9971277473000758,False,EXPOSED_HISTORY
QQQ,2011-05,1,1,t,True,1,3055,-5771.343310037156,4,11574.784759560735,11550.686620074312,0.998210438030726,False,EXPOSED_HISTORY
QQQ,2011-05,1,2,normal,True,2,3055,-5788.7815685761,4,11609.661276638622,11585.5631371522,0.9971277073619099,False,EXPOSED_HISTORY
QQQ,2011-05,1,2,t,True,3,3055,-5771.343310030801,5,11582.80929441963,11552.686620061602,0.9982105456586614,False,EXPOSED_HISTORY
QQQ,2011-05,2,1,normal,True,4,3055,-5783.601645897508,4,11599.30143128144,11575.203291795016,0.9967477499990117,False,EXPOSED_HISTORY
QQQ,2011-05,2,1,t,True,5,3055,-5766.1818694251315,5,11572.486413208291,11542.363738850263,0.9981671862969506,True,EXPOSED_HISTORY
QQQ,2011-06,1,1,normal,True,0,3076,-5814.814723929431,3,11653.72360385074,11635.629447858862,0.9971124198619361,False,EXPOSED_HISTORY
QQQ,2011-06,1,1,t,True,1,3076,-5797.570556052112,4,11627.266653426726,11603.141112104224,0.9981317000314002,False,EXPOSED_HISTORY
QQQ,2011-06,1,2,normal,True,2,3076,-5814.814723929268,4,11661.75498918104,11637.629447858537,0.9971123742311531,False,EXPOSED_HISTORY
QQQ,2011-06,1,2,t,True,3,3076,-5797.570556051542,5,11635.298038756211,11605.141112103083,0.9981316696858402,False,EXPOSED_HISTORY
QQQ,2011-06,2,1,normal,True,4,3076,-5809.752490835587,4,11651.630522993677,11627.504981671174,0.9966859720884811,False,EXPOSED_HISTORY
QQQ,2011-06,2,1,t,True,5,3076,-5792.518300458749,5,11625.193527570626,11595.036600917498,0.9980239143734629,True,EXPOSED_HISTORY
QQQ,2011-07,1,1,normal,True,0,3098,-5851.173835133142,3,11726.463206329216,11708.347670266285,0.9970536933858045,False,EXPOSED_HISTORY
QQQ,2011-07,1,1,t,True,1,3098,-5834.544892330956,4,11701.243832745819,11677.089784661912,0.9980182461865806,False,EXPOSED_HISTORY
QQQ,2011-07,1,2,normal,True,2,3098,-5851.173835135904,4,11734.501718355714,11710.347670271807,0.9970536325359294,False,EXPOSED_HISTORY
QQQ,2011-07,1,2,t,True,3,3098,-5834.544892308516,5,11709.282344721916,11679.089784617032,0.9980182174876073,False,EXPOSED_HISTORY
QQQ,2011-07,2,1,normal,True,4,3098,-5846.160174547119,4,11724.474397178144,11700.320349094238,0.9965956168219545,False,EXPOSED_HISTORY
QQQ,2011-07,2,1,t,True,5,3098,-5829.432083540961,5,11699.056727186806,11668.864167081922,0.9978922217180579,True,EXPOSED_HISTORY
QQQ,2011-08,1,1,normal,True,0,3118,-5882.722008231143,3,11789.578857611139,11771.444016462287,0.9970289135478004,False,EXPOSED_HISTORY
QQQ,2011-08,1,1,t,True,1,3118,-5866.036408539452,4,11764.252605277376,11740.072817078904,0.9979846000320108,False,EXPOSED_HISTORY
QQQ,2011-08,1,2,normal,True,2,3118,-5882.722008229372,4,11797.623804657214,11773.444016458743,0.9970288543894622,False,EXPOSED_HISTORY
QQQ,2011-08,1,2,t,True,3,3118,-5866.036408522023,5,11772.297552292133,11742.072817044045,0.9979843800071893,False,EXPOSED_HISTORY
QQQ,2011-08,2,1,normal,True,4,3118,-5877.455395861967,4,11787.090579922406,11762.910791723934,0.9965705697092547,False,EXPOSED_HISTORY
QQQ,2011-08,2,1,t,True,5,3118,-5860.645149026578,5,11761.515033301244,11731.290298053156,0.9978535827235547,True,EXPOSED_HISTORY
QQQ,2011-09,1,1,normal,True,0,3141,-5947.936738915625,3,11920.030367329866,11901.87347783125,0.9975354349934834,False,EXPOSED_HISTORY
QQQ,2011-09,1,1,t,True,1,3141,-5929.412691296701,4,11891.034568591556,11866.825382593403,0.9986280324235545,False,EXPOSED_HISTORY
QQQ,2011-09,1,2,normal,True,2,3141,-5947.936738916098,4,11928.08266383035,11903.873477832196,0.9975355039200673,False,EXPOSED_HISTORY
QQQ,2011-09,1,2,t,True,3,3141,-5929.41269129851,5,11899.086865094714,11868.82538259702,0.9986281162517013,False,EXPOSED_HISTORY
QQQ,2011-09,2,1,normal,True,4,3141,-5941.825248197182,4,11915.859682392518,11891.650496394364,0.9971222201972859,False,EXPOSED_HISTORY
QQQ,2011-09,2,1,t,True,5,3141,-5923.712496123575,5,11887.686474744844,11857.42499224715,0.9986282286152948,True,EXPOSED_HISTORY
QQQ,2011-10,1,1,normal,True,0,3162,-5989.155253051364,3,12002.487386156035,11984.310506102727,0.9972030348235067,False,EXPOSED_HISTORY
QQQ,2011-10,1,1,t,True,1,3162,-5970.645395537329,4,11973.526631145736,11949.290791074658,0.99832035408306,False,EXPOSED_HISTORY
QQQ,2011-10,1,2,normal,True,2,3162,-5989.155253051462,4,12010.546346174002,11986.310506102924,0.9972030267245177,False,EXPOSED_HISTORY
QQQ,2011-10,1,2,t,True,3,3162,-5970.645395458352,5,11981.58559100555,11951.290790916704,0.9983200416543456,False,EXPOSED_HISTORY
QQQ,2011-10,2,1,normal,True,4,3162,-5983.04880591047,4,11998.333451892018,11974.09761182094,0.9967160548355074,False,EXPOSED_HISTORY
QQQ,2011-10,2,1,t,True,5,3162,-5964.979084591807,5,11970.25296927246,11939.958169183614,0.9982354191937707,True,EXPOSED_HISTORY
QQQ,2011-11,1,1,normal,True,0,3183,-6031.039345373805,3,12086.275429029456,12068.07869074761,0.9971423636882402,False,EXPOSED_HISTORY
QQQ,2011-11,1,1,t,True,1,3183,-6012.972605012685,4,12058.207527734497,12033.94521002537,0.9982614910531448,False,EXPOSED_HISTORY
QQQ,2011-11,1,2,normal,True,2,3183,-6031.039345372972,4,12094.341008455072,12070.078690745944,0.9971423249714977,False,EXPOSED_HISTORY
QQQ,2011-11,1,2,t,True,3,3183,-6012.972605112738,5,12066.273107361887,12035.945210225476,0.9982617743872089,False,EXPOSED_HISTORY
QQQ,2011-11,2,1,normal,True,4,3183,-6024.85498584953,4,12081.972289408188,12057.70997169906,0.9966629729231251,False,EXPOSED_HISTORY
QQQ,2011-11,2,1,t,True,5,3183,-6007.254299931309,5,12054.836496999029,12024.508599862618,0.9981810094205741,True,EXPOSED_HISTORY
QQQ,2011-12,1,1,normal,True,0,3204,-6074.89244550357,3,12174.001356931705,12155.78489100714,0.9973155700911198,False,EXPOSED_HISTORY
QQQ,2011-12,1,1,t,True,1,3204,-6057.166232419867,4,12146.621086072486,12122.332464839734,0.9984155016077778,False,EXPOSED_HISTORY
QQQ,2011-12,1,2,normal,True,2,3204,-6074.892445503028,4,12182.073512238809,12157.784891006057,0.9973155351528789,False,EXPOSED_HISTORY
QQQ,2011-12,1,2,t,True,3,3204,-6057.166232432313,5,12154.693241405568,12124.332464864627,0.998415810741494,False,EXPOSED_HISTORY
QQQ,2011-12,2,1,normal,True,4,3204,-6068.221349929151,4,12168.731321091054,12144.442699858302,0.9968493510397689,False,EXPOSED_HISTORY
QQQ,2011-12,2,1,t,True,5,3204,-6050.959802647754,5,12142.28038183645,12111.919605295509,0.9983616096243001,True,EXPOSED_HISTORY
QQQ,2012-01,1,1,normal,True,0,3225,-6110.108113273314,3,12244.452291234318,12226.216226546629,0.9969626975730201,False,EXPOSED_HISTORY
QQQ,2012-01,1,1,t,True,1,3225,-6092.050451818252,4,12216.415656553425,12192.100903636505,0.9980809656239592,False,EXPOSED_HISTORY
QQQ,2012-01,1,2,normal,True,2,3225,-6110.108113272159,4,12252.530979461239,12228.216226544318,0.9969624455184123,False,EXPOSED_HISTORY
QQQ,2012-01,1,2,t,True,3,3225,-6092.050451749263,5,12224.494344644674,12194.100903498525,0.9980813418712784,False,EXPOSED_HISTORY
QQQ,2012-01,2,1,normal,True,4,3225,-6103.559540038612,4,12239.433832994144,12215.119080077224,0.9964243909414993,False,EXPOSED_HISTORY
QQQ,2012-01,2,1,t,True,5,3225,-6085.9715202493335,5,12212.336481644816,12181.943040498667,0.9979459556837187,True,EXPOSED_HISTORY
QQQ,2012-02,1,1,normal,True,0,3245,-6135.11495119143,3,12294.484514270274,12276.22990238286,0.99667355117376,False,EXPOSED_HISTORY
QQQ,2012-02,1,1,t,True,1,3245,-6116.755001731011,4,12265.849485978575,12241.510003462023,0.9978460794194657,False,EXPOSED_HISTORY
QQQ,2012-02,1,2,normal,True,2,3245,-6135.114951189986,4,12302.569384896524,12278.229902379971,0.996673430090596,False,EXPOSED_HISTORY
QQQ,2012-02,1,2,t,True,3,3245,-6116.7550017288795,5,12273.93435660345,12243.510003457759,0.9978463103604561,False,EXPOSED_HISTORY
QQQ,2012-02,2,1,normal,True,4,3245,-6128.073606701517,4,12288.486695919586,12264.147213403034,0.9961278180705958,False,EXPOSED_HISTORY
QQQ,2012-02,2,1,t,True,5,3245,-6110.121371181671,5,12260.667095509032,12230.242742363342,0.9977390843153611,True,EXPOSED_HISTORY
QQQ,2012-03,1,1,normal,True,0,3265,-6157.057627542123,3,12338.388300209377,12320.115255084245,0.9967502475892408,False,EXPOSED_HISTORY
QQQ,2012-03,1,1,t,True,1,3265,-6138.700238861253,4,12309.764537889347,12285.400477722505,0.9979005625709203,False,EXPOSED_HISTORY
QQQ,2012-03,1,2,normal,True,2,3265,-6157.057627541941,4,12346.479315250723,12322.115255083881,0.9967502095564865,False,EXPOSED_HISTORY
QQQ,2012-03,1,2,t,True,3,3265,-6138.700238881114,5,12317.855552970781,12287.400477762229,0.9979009075974926,False,EXPOSED_HISTORY
QQQ,2012-03,2,1,normal,True,4,3265,-6149.703384285157,4,12331.770828737155,12307.406768570314,0.9962779130245809,False,EXPOSED_HISTORY
QQQ,2012-03,2,1,t,True,5,3265,-6131.73226949693,5,12303.919614202412,12273.46453899386,0.9978477389136061,True,EXPOSED_HISTORY
QQQ,2012-04,1,1,normal,True,0,3287,-6182.709876678318,3,12389.71294507763,12371.419753356637,0.9967605076230373,False,EXPOSED_HISTORY
QQQ,2012-04,1,1,t,True,1,3287,-6163.949154773381,4,12360.28923184142,12335.898309546763,0.9979481483637719,False,EXPOSED_HISTORY
QQQ,2012-04,1,2,normal,True,2,3287,-6182.709876678107,4,12397.810675650871,12373.419753356215,0.9967604686931871,False,EXPOSED_HISTORY
QQQ,2012-04,1,2,t,True,3,3287,-6163.949154811622,5,12368.386962491566,12337.898309623244,0.9979481180348536,False,EXPOSED_HISTORY
QQQ,2012-04,2,1,normal,True,4,3287,-6175.218798521262,4,12382.828519337181,12358.437597042524,0.9963275616349656,False,EXPOSED_HISTORY
QQQ,2012-04,2,1,t,True,5,3287,-6156.879189160002,5,12354.247031188326,12323.758378320004,0.9979116917471622,True,EXPOSED_HISTORY
QQQ,2012-05,1,1,normal,True,0,3307,-6215.023460621761,3,12454.358311382468,12436.046921243522,0.9965935972724989,False,EXPOSED_HISTORY
QQQ,2012-05,1,1,t,True,1,3307,-6196.851351367319,4,12426.117889586565,12401.702702734638,0.9976687826475641,False,EXPOSED_HISTORY
QQQ,2012-05,1,2,normal,True,2,3307,-6215.02346062133,4,12462.462108094587,12438.04692124266,0.9965935603857536,False,EXPOSED_HISTORY
QQQ,2012-05,1,2,t,True,3,3307,-6196.851351359373,5,12434.221686283656,12403.702702718747,0.9976689799523968,False,EXPOSED_HISTORY
QQQ,2012-05,2,1,normal,True,4,3307,-6207.030684000414,4,12446.476554852756,12422.061368000828,0.9962119087482746,False,EXPOSED_HISTORY
QQQ,2012-05,2,1,t,True,5,3307,-6189.277684895548,5,12419.074353356005,12388.555369791096,0.9976522511082553,True,EXPOSED_HISTORY
QQQ,2012-06,1,1,normal,True,0,3329,-6249.116239517787,3,12522.563760748299,12504.232479035574,0.996531769828236,False,EXPOSED_HISTORY
QQQ,2012-06,1,1,t,True,1,3329,-6230.437460996427,4,12493.316630943154,12468.874921992854,0.997643599259067,False,EXPOSED_HISTORY
QQQ,2012-06,1,2,normal,True,2,3329,-6249.1162395177835,4,12530.674187985867,12506.232479035567,0.9965317678292802,False,EXPOSED_HISTORY
QQQ,2012-06,1,2,t,True,3,3329,-6230.437460999974,5,12501.427058187823,12470.874921999948,0.9976435711741579,False,EXPOSED_HISTORY
QQQ,2012-06,2,1,normal,True,4,3329,-6241.417271093333,4,12515.276251136966,12490.834542186665,0.9961179739206102,False,EXPOSED_HISTORY
QQQ,2012-06,2,1,t,True,5,3329,-6223.169689228773,5,12486.89151464542,12456.339378457546,0.9975886883506659,True,EXPOSED_HISTORY
QQQ,2012-07,1,1,normal,True,0,3350,-6288.306777117312,3,12600.963701109082,12582.613554234624,0.9966327093965839,False,EXPOSED_HISTORY
QQQ,2012-07,1,1,t,True,1,3350,-6269.880506890202,4,12572.227876279681,12547.761013780404,0.9977265488500958,False,EXPOSED_HISTORY
QQQ,2012-07,1,2,normal,True,2,3350,-6288.3067771150945,4,12609.080416729466,12584.613554230189,0.9966326236298397,False,EXPOSED_HISTORY
QQQ,2012-07,1,2,t,True,3,3350,-6269.880506891013,5,12580.344591906121,12549.761013782027,0.9977265730176664,False,EXPOSED_HISTORY
QQQ,2012-07,2,1,normal,True,4,3350,-6280.126719776288,4,12592.720302051854,12568.253439552576,0.9962707666108347,False,EXPOSED_HISTORY
QQQ,2012-07,2,1,t,True,5,3350,-6262.149459261429,5,12564.882496646953,12534.298918522858,0.9977091963766257,True,EXPOSED_HISTORY
QQQ,2012-08,1,1,normal,True,0,3371,-6319.977303180425,3,12664.323500506553,12645.95460636085,0.996487852609227,False,EXPOSED_HISTORY
QQQ,2012-08,1,1,t,True,1,3371,-6301.473730348911,4,12635.439319558758,12610.947460697822,0.997577918062648,False,EXPOSED_HISTORY
QQQ,2012-08,1,2,normal,True,2,3371,-6319.97730317795,4,12672.446465216835,12647.9546063559,0.9964877529233862,False,EXPOSED_HISTORY
QQQ,2012-08,1,2,t,True,3,3371,-6301.473730375591,5,12643.562284327352,12612.947460751182,0.9975777668348399,False,EXPOSED_HISTORY
QQQ,2012-08,2,1,normal,True,4,3371,-6311.849197760992,4,12656.19025438292,12631.698395521984,0.9960802266530732,False,EXPOSED_HISTORY
QQQ,2012-08,2,1,t,True,5,3371,-6293.787600984536,5,12628.190025545242,12597.575201969072,0.9975043782688492,True,EXPOSED_HISTORY
QQQ,2012-09,1,1,normal,True,0,3394,-6346.023877391852,3,12716.437048121086,12698.047754783704,0.9964324066795381,False,EXPOSED_HISTORY
QQQ,2012-09,1,1,t,True,1,3394,-6327.018560961061,4,12686.556179705298,12662.037121922122,0.9975726254101311,False,EXPOSED_HISTORY
QQQ,2012-09,1,2,normal,True,2,3394,-6346.023877394989,4,12724.566812573154,12700.047754789977,0.9964321239395556,False,EXPOSED_HISTORY
QQQ,2012-09,1,2,t,True,3,3394,-6327.018561018567,5,12694.685944266104,12664.037122037134,0.9975726051024152,False,EXPOSED_HISTORY
QQQ,2012-09,2,1,normal,True,4,3394,-6337.723084571959,4,12707.965226927094,12683.446169143917,0.996015149663225,False,EXPOSED_HISTORY
QQQ,2012-09,2,1,t,True,5,3394,-6319.17069062399,5,12678.990203476951,12648.34138124798,0.9975029326722035,True,EXPOSED_HISTORY
QQQ,2012-10,1,1,normal,True,0,3413,-6371.53884527002,3,12767.48373138676,12749.07769054004,0.9963170742839419,False,EXPOSED_HISTORY
QQQ,2012-10,1,1,t,True,1,3413,-6352.189056123725,4,12736.919500043077,12712.37811224745,0.9975032237249437,False,EXPOSED_HISTORY
QQQ,2012-10,1,2,normal,True,2,3413,-6371.538845269048,4,12775.619078333722,12751.077690538095,0.996317100272219,False,EXPOSED_HISTORY
QQQ,2012-10,1,2,t,True,3,3413,-6352.18905614934,5,12745.054847043213,12714.37811229868,0.9975034167017462,False,EXPOSED_HISTORY
QQQ,2012-10,2,1,normal,True,4,3413,-6363.181015937125,4,12758.903419669878,12734.36203187425,0.9958606064589146,False,EXPOSED_HISTORY
QQQ,2012-10,2,1,t,True,5,3413,-6344.276958279844,5,12729.23065130422,12698.553916559687,0.9974028541930363,True,EXPOSED_HISTORY
QQQ,2012-11,1,1,normal,True,0,3434,-6399.320651721577,3,12823.065746567525,12804.641303443153,0.996266510655645,False,EXPOSED_HISTORY
QQQ,2012-11,1,1,t,True,1,3434,-6379.651104758663,4,12791.868133683156,12767.302209517326,0.9974649625646738,False,EXPOSED_HISTORY
QQQ,2012-11,1,2,normal,True,2,3434,-6399.3206517248,4,12831.20722761543,12806.6413034496,0.9962664260639718,False,EXPOSED_HISTORY
QQQ,2012-11,1,2,t,True,3,3434,-6379.651104782204,5,12800.009614771696,12769.302209564408,0.9974648425813066,False,EXPOSED_HISTORY
QQQ,2012-11,2,1,normal,True,4,3434,-6391.260161280294,4,12815.086246726418,12790.520322560587,0.9957593249899876,False,EXPOSED_HISTORY
QQQ,2012-11,2,1,t,True,5,3434,-6371.981030242974,5,12784.669465693236,12753.962060485948,0.9973268372979707,True,EXPOSED_HISTORY
QQQ,2012-12,1,1,normal,True,0,3455,-6431.148380722863,3,12886.739494654332,12868.296761445727,0.9961948825827895,False,EXPOSED_HISTORY
QQQ,2012-12,1,1,t,True,1,3455,-6411.32484770282,4,12855.240006350446,12830.64969540564,0.9973967926780111,False,EXPOSED_HISTORY
QQQ,2012-12,1,2,normal,True,2,3455,-6431.148380723009,4,12894.887072390824,12870.296761446018,0.9961949070123981,False,EXPOSED_HISTORY
QQQ,2012-12,1,2,t,True,3,3455,-6411.32484763829,5,12863.387583957589,12832.64969527658,0.9973969820031867,False,EXPOSED_HISTORY
QQQ,2012-12,2,1,normal,True,4,3455,-6423.0742956566555,4,12878.738902258117,12854.148591313311,0.9956781346111097,False,EXPOSED_HISTORY
QQQ,2012-12,2,1,t,True,5,3455,-6403.701358035387,5,12848.140604751783,12817.402716070774,0.9972334197164763,True,EXPOSED_HISTORY
QQQ,2013-01,1,1,normal,True,0,3475,-6458.225061819285,3,12940.910172912567,12922.45012363857,0.996167150691068,False,EXPOSED_HISTORY
QQQ,2013-01,1,1,t,True,1,3475,-6438.60144535175,4,12909.816289735496,12885.2028907035,0.9973232814721928,False,EXPOSED_HISTORY
QQQ,2013-01,1,2,normal,True,2,3475,-6458.225061816964,4,12949.063522665923,12924.450123633927,0.9961669850961667,False,EXPOSED_HISTORY
QQQ,2013-01,1,2,t,True,3,3475,-6438.601445354784,5,12917.969639499563,12887.202890709568,0.9973232886181358,False,EXPOSED_HISTORY
QQQ,2013-01,2,1,normal,True,4,3475,-6450.264216966671,4,12933.141832965337,12908.528433933341,0.9956218644268844,False,EXPOSED_HISTORY
QQQ,2013-01,2,1,t,True,5,3475,-6431.08389125127,5,12902.934531292534,12872.16778250254,0.997124263512038,True,EXPOSED_HISTORY
QQQ,2013-02,1,1,normal,True,0,3496,-6484.998913884241,3,12994.475951978808,12975.997827768482,0.9961414606843216,False,EXPOSED_HISTORY
QQQ,2013-02,1,1,t,True,1,3496,-6464.097991610282,4,12960.833482167667,12936.195983220565,0.997431553311706,False,EXPOSED_HISTORY
QQQ,2013-02,1,2,normal,True,2,3496,-6484.998913884227,4,13002.635326715555,12977.997827768453,0.9961414549322546,False,EXPOSED_HISTORY
QQQ,2013-02,1,2,t,True,3,3496,-6464.097991648039,5,12968.992856979956,12938.195983296078,0.9974317476793377,False,EXPOSED_HISTORY
QQQ,2013-02,2,1,normal,True,4,3496,-6478.34116035698,4,12989.319819661063,12964.68232071396,0.9954391453801278,False,EXPOSED_HISTORY
QQQ,2013-02,2,1,t,True,5,3496,-6457.5723370700225,5,12955.941547823923,12925.144674140045,0.9971807950425633,True,EXPOSED_HISTORY
QQQ,2013-03,1,1,normal,True,0,3515,-6510.834530258749,3,13046.163444930231,13027.669060517497,0.9960939603246216,False,EXPOSED_HISTORY
QQQ,2013-03,1,1,t,True,1,3515,-6490.264565228048,4,13013.188309673074,12988.529130456096,0.9973070561534487,False,EXPOSED_HISTORY
QQQ,2013-03,1,2,normal,True,2,3515,-6510.834530257376,4,13054.32823973173,13029.669060514752,0.9960938407753929,False,EXPOSED_HISTORY
QQQ,2013-03,1,2,t,True,3,3515,-6490.264565170957,5,13021.353104363137,12990.529130341914,0.9973067816960405,False,EXPOSED_HISTORY
QQQ,2013-03,2,1,normal,True,4,3515,-6504.721810087966,4,13042.102799392911,13017.443620175933,0.9953141076122936,False,EXPOSED_HISTORY
QQQ,2013-03,2,1,t,True,5,3515,-6484.32039718819,5,13009.464768397604,12978.64079437638,0.9969167102198941,True,EXPOSED_HISTORY
QQQ,2013-04,1,1,normal,True,0,3535,-6530.305161203287,3,13085.121728141567,13066.610322406574,0.9963137084017196,False,EXPOSED_HISTORY
QQQ,2013-04,1,1,t,True,1,3535,-6509.220796086622,4,13051.123466486566,13026.441592173243,0.9975662221531946,False,EXPOSED_HISTORY
QQQ,2013-04,1,2,normal,True,2,3535,-6530.3051612050685,4,13093.29219672346,13068.610322410137,0.9963136191202389,False,EXPOSED_HISTORY
QQQ,2013-04,1,2,t,True,3,3535,-6509.220796105209,5,13059.293935102072,13028.441592210418,0.9975664706104662,False,EXPOSED_HISTORY
QQQ,2013-04,2,1,normal,True,4,3535,-6524.350994083754,4,13081.38386248083,13056.701988167508,0.995536297180146,False,EXPOSED_HISTORY
QQQ,2013-04,2,1,t,True,5,3535,-6503.455724073592,5,13047.763791038838,13016.911448147184,0.9971689101664875,True,EXPOSED_HISTORY
QQQ,2013-05,1,1,normal,True,0,3557,-6563.498939586186,3,13151.527897488217,13132.997879172372,0.9960504223263302,False,EXPOSED_HISTORY
QQQ,2013-05,1,1,t,True,1,3557,-6542.907517131072,4,13118.521725349938,13093.815034262145,0.9972314654980843,False,EXPOSED_HISTORY
QQQ,2013-05,1,2,normal,True,2,3557,-6563.498939584195,4,13159.704570256183,13134.99787916839,0.9960504754584687,False,EXPOSED_HISTORY
QQQ,2013-05,1,2,t,True,3,3557,-6542.907517185036,5,13126.698398229815,13095.815034370073,0.9972306740129585,False,EXPOSED_HISTORY
QQQ,2013-05,2,1,normal,True,4,3557,-6557.514219088138,4,13147.735129264069,13123.028438176276,0.995228195781587,False,EXPOSED_HISTORY
QQQ,2013-05,2,1,t,True,5,3557,-6537.166455759578,5,13115.216275378898,13084.332911519155,0.9967547027628201,True,EXPOSED_HISTORY
QQQ,2013-06,1,1,normal,True,0,3579,-6586.05035719444,3,13196.649230521178,13178.10071438888,0.9961917969892102,False,EXPOSED_HISTORY
QQQ,2013-06,1,1,t,True,1,3579,-6565.034866969221,4,13162.801088781507,13138.069733938442,0.9973992055544318,False,EXPOSED_HISTORY
QQQ,2013-06,1,2,normal,True,2,3579,-6586.050357194417,4,13204.8320692319,13180.100714388835,0.9961917988739567,False,EXPOSED_HISTORY
QQQ,2013-06,1,2,t,True,3,3579,-6565.034866957509,5,13170.983927468847,13140.069733915017,0.997399200007538,False,EXPOSED_HISTORY
QQQ,2013-06,2,1,normal,True,4,3579,-6580.080057562699,4,13192.891469968463,13168.160115125398,0.9953628541314608,False,EXPOSED_HISTORY
QQQ,2013-06,2,1,t,True,5,3579,-6559.337625581846,5,13159.589444717521,13128.675251163691,0.9969206945090449,True,EXPOSED_HISTORY
QQQ,2013-07,1,1,normal,True,0,3599,-6615.073105699724,3,13254.711445323685,13236.146211399448,0.9960433521383164,False,EXPOSED_HISTORY
QQQ,2013-07,1,1,t,True,1,3599,-6594.548843527443,4,13221.851332287202,13197.097687054886,0.9971413881710407,False,EXPOSED_HISTORY
QQQ,2013-07,1,2,normal,True,2,3599,-6615.073105714904,4,13262.899856662125,13238.146211429808,0.9960434658641506,False,EXPOSED_HISTORY
QQQ,2013-07,1,2,t,True,3,3599,-6594.548843552242,5,13230.039743644878,13199.097687104484,0.9971413765898519,False,EXPOSED_HISTORY
QQQ,2013-07,2,1,normal,True,4,3599,-6608.987809405513,4,13250.729264043342,13225.975618811026,0.9951965377977886,False,EXPOSED_HISTORY
QQQ,2013-07,2,1,t,True,5,3599,-6588.711041046952,5,13218.364138634299,13187.422082093904,0.9966283833825474,True,EXPOSED_HISTORY
QQQ,2013-08,1,1,normal,True,0,3621,-6638.663040390136,3,13301.90959730957,13283.326080780273,0.9961602552063187,False,EXPOSED_HISTORY
QQQ,2013-08,1,1,t,True,1,3621,-6617.453607170644,4,13267.685236380352,13242.907214341289,0.9973229623243611,False,EXPOSED_HISTORY
QQQ,2013-08,1,2,normal,True,2,3621,-6638.663040388693,4,13310.104102816449,13285.326080777386,0.9961601934395029,False,EXPOSED_HISTORY
QQQ,2013-08,1,2,t,True,3,3621,-6617.453607177664,5,13275.879741904157,13244.907214355328,0.9973230203815026,False,EXPOSED_HISTORY
QQQ,2013-08,2,1,normal,True,4,3621,-6632.676995746782,4,13298.132013532628,13273.353991493565,0.9953183015176656,False,EXPOSED_HISTORY
QQQ,2013-08,2,1,t,True,5,3621,-6611.723984293354,5,13264.420496135537,13233.447968586708,0.9968269846354348,True,EXPOSED_HISTORY
QQQ,2013-09,1,1,normal,True,0,3643,-6664.530691442176,3,13353.663071275378,13335.061382884352,0.9960421102612135,False,EXPOSED_HISTORY
QQQ,2013-09,1,1,t,True,1,3643,-6642.768345612208,4,13318.338942412449,13293.536691224415,0.9972974484478999,False,EXPOSED_HISTORY
QQQ,2013-09,1,2,normal,True,2,3643,-6664.530691448066,4,13361.863634084166,13337.061382896132,0.9960420893680565,False,EXPOSED_HISTORY
QQQ,2013-09,1,2,t,True,3,3643,-6642.768345569382,5,13326.539505123807,13295.536691138765,0.9972969876303914,False,EXPOSED_HISTORY
QQQ,2013-09,2,1,normal,True,4,3643,-6658.179728083635,4,13349.161707355304,13324.35945616727,0.9952393125842502,False,EXPOSED_HISTORY
QQQ,2013-09,2,1,t,True,5,3643,-6636.685789820748,5,13314.374393626538,13283.371579641496,0.9968667152327191,True,EXPOSED_HISTORY
QQQ,2013-10,1,1,normal,True,0,3663,-6683.233671217699,3,13391.085455723734,13372.467342435399,0.9963333526870145,False,EXPOSED_HISTORY
QQQ,2013-10,1,1,t,True,1,3663,-6660.906804074835,4,13354.637759200787,13329.81360814967,0.9976305787391866,False,EXPOSED_HISTORY
QQQ,2013-10,1,2,normal,True,2,3663,-6683.233671215328,4,13399.291493481773,13374.467342430657,0.9963333746135413,False,EXPOSED_HISTORY
QQQ,2013-10,1,2,t,True,3,3663,-6660.906804080978,5,13362.84379697585,13331.813608161956,0.9976303721055647,False,EXPOSED_HISTORY
QQQ,2013-10,2,1,normal,True,4,3663,-6677.030155436795,4,13386.884461924707,13362.06031087359,0.9955686251736597,False,EXPOSED_HISTORY
QQQ,2013-10,2,1,t,True,5,3663,-6654.9648561222475,5,13350.95990105839,13319.929712244495,0.9972511201050268,True,EXPOSED_HISTORY
QQQ,2013-11,1,1,normal,True,0,3686,-6714.750252849732,3,13454.137397114153,13435.500505699463,0.9960911633070605,False,EXPOSED_HISTORY
QQQ,2013-11,1,1,t,True,1,3686,-6692.450930118411,4,13417.75104878974,13392.901860236821,0.9973489314172019,False,EXPOSED_HISTORY
QQQ,2013-11,1,2,normal,True,2,3686,-6714.750252849877,4,13462.349694252673,13437.500505699754,0.9960911889457311,False,EXPOSED_HISTORY
QQQ,2013-11,1,2,t,True,3,3686,-6692.450930116136,5,13425.963345923421,13394.901860232272,0.9973489252948742,False,EXPOSED_HISTORY
QQQ,2013-11,2,1,normal,True,4,3686,-6708.298985515081,4,13449.44715958308,13424.597971030162,0.9953012818407648,False,EXPOSED_HISTORY
QQQ,2013-11,2,1,t,True,5,3686,-6686.287830285856,5,13413.637146262861,13382.575660571712,0.9969319166396979,True,EXPOSED_HISTORY
QQQ,2013-12,1,1,normal,True,0,3706,-6737.732637508537,3,13500.11840023761,13481.465275017074,0.9961031854606035,False,EXPOSED_HISTORY
QQQ,2013-12,1,1,t,True,1,3706,-6714.9836959603,4,13462.838225547981,13437.9673919206,0.9974100970064345,False,EXPOSED_HISTORY
QQQ,2013-12,1,2,normal,True,2,3706,-6737.73263750855,4,13508.336108644482,13483.4652750171,0.9961031918329676,False,EXPOSED_HISTORY
QQQ,2013-12,1,2,t,True,3,3706,-6714.983695959478,5,13471.055933953183,13439.967391918955,0.9974101074182986,False,EXPOSED_HISTORY
QQQ,2013-12,2,1,normal,True,4,3706,-6731.635602691482,4,13496.142039010345,13471.271205382964,0.995264026135179,False,EXPOSED_HISTORY
QQQ,2013-12,2,1,t,True,5,3706,-6709.204182291764,5,13459.496906617755,13428.408364583527,0.9969246005669163,True,EXPOSED_HISTORY
QQQ,2014-01,1,1,normal,True,0,3727,-6757.60514114425,3,13539.880358986939,13521.2102822885,0.996307624095872,False,EXPOSED_HISTORY
QQQ,2014-01,1,1,t,True,1,3727,-6734.5107395625555,4,13501.914914723027,13477.021479125111,0.9976133128057668,False,EXPOSED_HISTORY
QQQ,2014-01,1,2,normal,True,2,3727,-6757.6051411440185,4,13548.103717885953,13523.210282288037,0.9963075831021418,False,EXPOSED_HISTORY
QQQ,2014-01,1,2,t,True,3,3727,-6734.510739584993,5,13510.138273667382,13479.021479169985,0.9976132801382467,False,EXPOSED_HISTORY
QQQ,2014-01,2,1,normal,True,4,3727,-6751.458430495175,4,13535.810296588266,13510.91686099035,0.9955190258003661,False,EXPOSED_HISTORY
QQQ,2014-01,2,1,t,True,5,3727,-6728.678100054965,5,13498.472994607328,13467.35620010993,0.9971833908740316,True,EXPOSED_HISTORY
QQQ,2014-02,1,1,normal,True,0,3748,-6787.364164938588,3,13599.415262807252,13580.728329877176,0.9960799573932723,False,EXPOSED_HISTORY
QQQ,2014-02,1,1,t,True,1,3748,-6764.543573208341,4,13562.003056990114,13537.087146416681,0.9973294587075809,False,EXPOSED_HISTORY
QQQ,2014-02,1,2,normal,True,2,3748,-6787.364164961256,4,13607.644240495945,13582.728329922513,0.9960799581475251,False,EXPOSED_HISTORY
QQQ,2014-02,1,2,t,True,3,3748,-6764.54357324602,5,13570.232034708832,13539.08714649204,0.9973300943870483,False,EXPOSED_HISTORY
QQQ,2014-02,2,1,normal,True,4,3748,-6781.563650884644,4,13596.04321234272,13571.127301769287,0.9951846984445197,False,EXPOSED_HISTORY
QQQ,2014-02,2,1,t,True,5,3748,-6759.033426212528,5,13559.211740641847,13528.066852425056,0.9967722314031829,True,EXPOSED_HISTORY
QQQ,2014-03,1,1,normal,True,0,3767,-6812.16990691187,3,13649.041916446817,13630.33981382374,0.9960414395896363,False,EXPOSED_HISTORY
QQQ,2014-03,1,1,t,True,1,3767,-6788.983401044343,4,13610.902938919453,13585.966802088686,0.9973335687595368,False,EXPOSED_HISTORY
QQQ,2014-03,1,2,normal,True,2,3767,-6812.169906944093,4,13657.275950718953,13632.339813888186,0.9960412668100419,False,EXPOSED_HISTORY
QQQ,2014-03,1,2,t,True,3,3767,-6788.983401082243,5,13619.136973202947,13587.966802164487,0.9973339339639442,False,EXPOSED_HISTORY
QQQ,2014-03,2,1,normal,True,4,3767,-6806.298110307032,4,13645.532357444832,13620.596220614065,0.995113578805164,False,EXPOSED_HISTORY
QQQ,2014-03,2,1,t,True,5,3767,-6783.420310412024,5,13608.010791862509,13576.840620824049,0.9967501694544436,True,EXPOSED_HISTORY
QQQ,2014-04,1,1,normal,True,0,3788,-6837.190885930768,3,13699.100552224454,13680.381771861536,0.9960523137081575,False,EXPOSED_HISTORY
QQQ,2014-04,1,1,t,True,1,3788,-6814.281864942751,4,13661.522103702726,13636.563729885502,0.997272912350773,False,EXPOSED_HISTORY
QQQ,2014-04,1,2,normal,True,2,3788,-6837.190885930581,4,13707.340145678387,13682.381771861163,0.9960522946269917,False,EXPOSED_HISTORY
QQQ,2014-04,1,2,t,True,3,3788,-6814.281864961442,5,13669.761697194414,13638.563729922884,0.9972727748882373,False,EXPOSED_HISTORY
QQQ,2014-04,2,1,normal,True,4,3788,-6831.272493331583,4,13695.50336048039,13670.544986663166,0.9951234037381266,False,EXPOSED_HISTORY
QQQ,2014-04,2,1,t,True,5,3788,-6808.696107627165,5,13658.590182525859,13627.39221525433,0.9966649701906407,True,EXPOSED_HISTORY
QQQ,2014-05,1,1,normal,True,0,3809,-6874.975491039251,3,13774.686347977939,13755.950982078502,0.9959125749912421,False,EXPOSED_HISTORY
QQQ,2014-05,1,1,t,True,1,3809,-6851.80926536862,4,13736.599018603154,13711.61853073724,0.9971815008753725,False,EXPOSED_HISTORY
QQQ,2014-05,1,2,normal,True,2,3809,-6874.97549103852,4,13782.931469942954,13757.95098207704,0.9959124992525731,False,EXPOSED_HISTORY
QQQ,2014-05,1,2,t,True,3,3809,-6851.809265486801,5,13744.844140805995,13713.618530973603,0.9971812254628434,False,EXPOSED_HISTORY
QQQ,2014-05,2,1,normal,True,4,3809,-6869.0088161669655,4,13770.998120199845,13746.017632333931,0.994950450106733,False,EXPOSED_HISTORY
QQQ,2014-05,2,1,t,True,5,3809,-6846.209793594784,5,13733.64519702196,13702.419587189568,0.9965486745879523,True,EXPOSED_HISTORY
QQQ,2014-06,1,1,normal,True,0,3830,-6899.704525141461,3,13824.160910529446,13805.409050282922,0.9958417225375036,False,EXPOSED_HISTORY
QQQ,2014-06,1,1,t,True,1,3830,-6876.264409389327,4,13785.531299107352,13760.528818778654,0.9971298501972854,False,EXPOSED_HISTORY
QQQ,2014-06,1,2,normal,True,2,3830,-6899.70452514731,4,13832.411530623318,13807.40905029462,0.9958416474209647,False,EXPOSED_HISTORY
QQQ,2014-06,1,2,t,True,3,3830,-6876.26440940065,5,13793.781919212173,13762.5288188013,0.9971300003685468,False,EXPOSED_HISTORY
QQQ,2014-06,2,1,normal,True,4,3830,-6893.638091843837,4,13820.278664016372,13795.276183687674,0.9948488179979524,False,EXPOSED_HISTORY
QQQ,2014-06,2,1,t,True,5,3830,-6870.5843355229335,5,13782.42177145674,13751.168671045867,0.9964677827962763,True,EXPOSED_HISTORY
QQQ,2014-07,1,1,normal,True,0,3851,-6915.38093561409,3,13855.530135629624,13836.76187122818,0.9962645614004007,False,EXPOSED_HISTORY
QQQ,2014-07,1,1,t,True,1,3851,-6891.183091089827,4,13815.390534714914,13790.366182179654,0.9976632447585099,False,EXPOSED_HISTORY
QQQ,2014-07,1,2,normal,True,2,3851,-6915.3809356128895,4,13863.786223761039,13838.761871225779,0.9962644084981528,False,EXPOSED_HISTORY
QQQ,2014-07,1,2,t,True,3,3851,-6891.183091072411,5,13823.646622813896,13792.366182144822,0.9976634780940963,False,EXPOSED_HISTORY
QQQ,2014-07,2,1,normal,True,4,3851,-6909.018589665981,4,13851.061531867223,13826.037179331963,0.9954082047364659,False,EXPOSED_HISTORY
QQQ,2014-07,2,1,t,True,5,3851,-6885.130363983873,5,13811.54116863682,13780.260727967747,0.9971980268516043,True,EXPOSED_HISTORY
QQQ,2014-08,1,1,normal,True,0,3873,-6943.048289367231,3,13910.881932773005,13892.096578734461,0.9958942980106181,False,EXPOSED_HISTORY
QQQ,2014-08,1,1,t,True,1,3873,-6918.774942595435,4,13870.59702390893,13845.54988519087,0.997268236894691,False,EXPOSED_HISTORY
QQQ,2014-08,1,2,normal,True,2,3873,-6943.048289366259,4,13919.143717450577,13894.096578732519,0.9958941320856405,False,EXPOSED_HISTORY
QQQ,2014-08,1,2,t,True,3,3873,-6918.77494262258,5,13878.858808642733,13847.54988524516,0.9972678002250857,False,EXPOSED_HISTORY
QQQ,2014-08,2,1,normal,True,4,3873,-6936.873505943913,4,13906.794150605885,13881.747011887826,0.9949344312961431,False,EXPOSED_HISTORY
QQQ,2014-08,2,1,t,True,5,3873,-6912.960692016388,5,13867.230307430349,13835.921384032776,0.9966397897743969,True,EXPOSED_HISTORY
QQQ,2014-09,1,1,normal,True,0,3894,-6961.157991297068,3,13947.117559151933,13928.315982594137,0.9962488002857084,False,EXPOSED_HISTORY
QQQ,2014-09,1,1,t,True,1,3894,-6936.135718776184,4,13905.340206296098,13880.271437552368,0.9976919858680726,False,EXPOSED_HISTORY
QQQ,2014-09,1,2,normal,True,2,3894,-6961.157991297001,4,13955.384751337731,13930.315982594002,0.9962487477080018,False,EXPOSED_HISTORY
QQQ,2014-09,1,2,t,True,3,3894,-6936.135718787997,5,13913.607398505654,13882.271437575993,0.9976920509745832,False,EXPOSED_HISTORY
QQQ,2014-09,2,1,normal,True,4,3894,-6955.082031246475,4,13943.232831236679,13918.16406249295,0.9953357849300055,False,EXPOSED_HISTORY
QQQ,2014-09,2,1,t,True,5,3894,-6930.415639827001,5,13902.167240583662,13870.831279654001,0.9971378507626609,True,EXPOSED_HISTORY
QQQ,2014-10,1,1,normal,True,0,3915,-6985.417402287222,3,13995.65251639972,13976.834804574444,0.9960906723329617,False,EXPOSED_HISTORY
QQQ,2014-10,1,1,t,True,1,3915,-6960.5254462857765,4,13954.141175005252,13929.050892571553,0.9974285634164669,False,EXPOSED_HISTORY
QQQ,2014-10,1,2,normal,True,2,3915,-6985.41740230082,4,14003.925087035339,13978.83480460164,0.9960906576942814,False,EXPOSED_HISTORY
QQQ,2014-10,1,2,t,True,3,3915,-6960.5254462776575,5,13962.41374559744,13931.050892555315,0.997428396136847,False,EXPOSED_HISTORY
QQQ,2014-10,2,1,normal,True,4,3915,-6979.605834028733,4,13992.301950491164,13967.211668057465,0.9950948570061948,False,EXPOSED_HISTORY
QQQ,2014-10,2,1,t,True,5,3915,-6955.070689031931,5,13951.504231105986,13920.141378063861,0.996762200652738,True,EXPOSED_HISTORY
QQQ,2014-11,1,1,normal,True,0,3938,-7025.986586813393,3,14076.808458404383,14057.973173626786,0.9960245747590869,False,EXPOSED_HISTORY
QQQ,2014-11,1,1,t,True,1,3938,-7002.045651728833,4,14037.205016494463,14012.091303457666,0.9972927727782883,False,EXPOSED_HISTORY
QQQ,2014-11,1,2,normal,True,2,3938,-7025.986586813853,4,14085.086886664503,14059.973173627706,0.9960245503918681,False,EXPOSED_HISTORY
QQQ,2014-11,1,2,t,True,3,3938,-7002.04565172645,5,14045.483444748896,14014.0913034529,0.9972926997220347,False,EXPOSED_HISTORY
QQQ,2014-11,2,1,normal,True,4,3938,-7020.205035475074,4,14073.523783986944,14048.410070950147,0.9950252723945526,False,EXPOSED_HISTORY
QQQ,2014-11,2,1,t,True,5,3938,-6996.504869735044,5,14034.401880766083,14003.009739470088,0.9966249357518022,True,EXPOSED_HISTORY
QQQ,2014-12,1,1,normal,True,0,3957,-7044.554079345633,3,14113.957883015422,14095.108158691266,0.9959019764054073,False,EXPOSED_HISTORY
QQQ,2014-12,1,1,t,True,1,3957,-7019.866174026836,4,14072.865313819215,14047.732348053672,0.9972461476543024,False,EXPOSED_HISTORY
QQQ,2014-12,1,2,normal,True,2,3957,-7044.554079345472,4,14122.241124456486,14097.108158690944,0.9959019385027476,False,EXPOSED_HISTORY
QQQ,2014-12,1,2,t,True,3,3957,-7019.866174041845,5,14081.148555290616,14049.73234808369,0.9972463981587939,False,EXPOSED_HISTORY
QQQ,2014-12,2,1,normal,True,4,3957,-7038.602558790901,4,14110.338083347344,14085.205117581801,0.9948416293647303,False,EXPOSED_HISTORY
QQQ,2014-12,2,1,t,True,5,3957,-7014.196224606385,5,14069.808656419696,14038.39244921277,0.9965343069071094,True,EXPOSED_HISTORY
QQQ,2015-01,1,1,normal,True,0,3979,-7075.8039098613035,3,14176.474177153888,14157.607819722607,0.9957882695371176,False,EXPOSED_HISTORY
QQQ,2015-01,1,1,t,True,1,3979,-7051.338782471676,4,14135.832708185058,14110.677564943351,0.9971052471189099,False,EXPOSED_HISTORY
QQQ,2015-01,1,2,normal,True,2,3979,-7075.8039098611225,4,14184.762962963952,14159.607819722245,0.9957882348494552,False,EXPOSED_HISTORY
QQQ,2015-01,1,2,t,True,3,3979,-7051.33878255592,5,14144.121494163976,14112.67756511184,0.9971047692669467,False,EXPOSED_HISTORY
QQQ,2015-01,2,1,normal,True,4,3979,-7070.336897877049,4,14173.828938995804,14148.673795754097,0.9946563824772806,False,EXPOSED_HISTORY
QQQ,2015-01,2,1,t,True,5,3979,-7046.190485715101,5,14133.824900482337,14102.380971430202,0.9962939295942311,True,EXPOSED_HISTORY
QQQ,2015-02,1,1,normal,True,0,3999,-7108.047453628804,3,14240.976306084149,14222.094907257608,0.9957979455115975,False,EXPOSED_HISTORY
QQQ,2015-02,1,1,t,True,1,3999,-7083.966354038742,4,14201.10790651287,14175.932708077484,0.9970716680865499,False,EXPOSED_HISTORY
QQQ,2015-02,1,2,normal,True,2,3999,-7108.047453645279,4,14249.270105725946,14224.094907290559,0.995797955791326,False,EXPOSED_HISTORY
QQQ,2015-02,1,2,t,True,3,3999,-7083.966354088347,5,14209.401706220928,14177.932708176693,0.9970714607401545,False,EXPOSED_HISTORY
QQQ,2015-02,2,1,normal,True,4,3999,-7102.3419498621915,4,14237.85909815977,14212.683899724383,0.9946656389537767,False,EXPOSED_HISTORY
QQQ,2015-02,2,1,t,True,5,3999,-7078.579037463553,5,14198.62707297134,14167.158074927105,0.9962558921569344,True,EXPOSED_HISTORY
QQQ,2015-03,1,1,normal,True,0,4018,-7129.869677600169,3,14284.634973836462,14265.739355200338,0.9957065831681964,False,EXPOSED_HISTORY
QQQ,2015-03,1,1,t,True,1,4018,-7105.367674120978,4,14243.929506423456,14218.735348241957,0.9970174513549679,False,EXPOSED_HISTORY
QQQ,2015-03,1,2,normal,True,2,4018,-7129.869677606207,4,14292.933513393913,14267.739355212414,0.995706502540226,False,EXPOSED_HISTORY
QQQ,2015-03,1,2,t,True,3,4018,-7105.367674100085,5,14252.228045927046,14220.73534820017,0.9970174119105182,False,EXPOSED_HISTORY
QQQ,2015-03,2,1,normal,True,4,4018,-7124.178883604685,4,14281.55192539087,14256.35776720937,0.9945351377104434,False,EXPOSED_HISTORY
QQQ,2015-03,2,1,t,True,5,4018,-7099.986178507851,5,14241.465054742577,14209.972357015702,0.9961674967201488,True,EXPOSED_HISTORY
QQQ,2015-04,1,1,normal,True,0,4040,-7160.01657041665,3,14344.945140746166,14326.0331408333,0.9956170962408759,False,EXPOSED_HISTORY
QQQ,2015-04,1,1,t,True,1,4040,-7135.201025670691,4,14303.618051225203,14278.402051341382,0.9969586049582312,False,EXPOSED_HISTORY
QQQ,2015-04,1,2,normal,True,2,4040,-7160.0165704167175,4,14353.249140717257,14328.033140833435,0.9956170348053248,False,EXPOSED_HISTORY
QQQ,2015-04,1,2,t,True,3,4040,-7135.2010256588455,5,14311.922051172467,14280.402051317691,0.9969587653675848,False,EXPOSED_HISTORY
QQQ,2015-04,2,1,normal,True,4,4040,-7153.9755845573245,4,14341.16716899847,14315.951169114649,0.9944392490345106,False,EXPOSED_HISTORY
QQQ,2015-04,2,1,t,True,5,4040,-7129.4840765827685,5,14300.488153020313,14268.968153165537,0.9961148909112751,True,EXPOSED_HISTORY
QQQ,2015-05,1,1,normal,True,0,4061,-7185.539369232814,3,14396.006292048687,14377.078738465629,0.9955953173123625,False,EXPOSED_HISTORY
QQQ,2015-05,1,1,t,True,1,4061,-7160.6244780821835,4,14354.485694275112,14329.248956164367,0.9969244129281315,False,EXPOSED_HISTORY
QQQ,2015-05,1,2,normal,True,2,4061,-7185.539369248274,4,14404.315476607293,14379.078738496548,0.9955951591183148,False,EXPOSED_HISTORY
QQQ,2015-05,1,2,t,True,3,4061,-7160.624478051976,5,14362.794878742385,14331.248956103953,0.996924050346151,False,EXPOSED_HISTORY
QQQ,2015-05,2,1,normal,True,4,4061,-7179.764665408455,4,14392.766068927654,14367.52933081691,0.994403364928,False,EXPOSED_HISTORY
QQQ,2015-05,2,1,t,True,5,4061,-7155.177946440943,5,14351.901815520318,14320.355892881886,0.9960500774551329,True,EXPOSED_HISTORY
QQQ,2015-06,1,1,normal,True,0,4081,-7210.975647717973,3,14446.893587442162,14427.951295435945,0.9955782739475931,False,EXPOSED_HISTORY
QQQ,2015-06,1,1,t,True,1,4081,-7186.0873731276815,4,14405.431135596986,14380.174746255363,0.99688571898768,False,EXPOSED_HISTORY
QQQ,2015-06,1,2,normal,True,2,4081,-7210.975647719633,4,14455.20768478089,14429.951295439267,0.9955781058935962,False,EXPOSED_HISTORY
QQQ,2015-06,1,2,t,True,3,4081,-7186.087373128345,5,14413.745232933717,14382.17474625669,0.9968856381368822,False,EXPOSED_HISTORY
QQQ,2015-06,2,1,normal,True,4,4081,-7205.303855655833,4,14443.864100653289,14418.607711311666,0.9943746320518364,False,EXPOSED_HISTORY
QQQ,2015-06,2,1,t,True,5,4081,-7180.7365625169705,5,14403.04361171097,14371.473125033941,0.9959891241773209,True,EXPOSED_HISTORY
QQQ,2015-07,1,1,normal,True,0,4103,-7238.62628907799,3,14502.210999233306,14483.25257815598,0.9954953347012381,False,EXPOSED_HISTORY
QQQ,2015-07,1,1,t,True,1,4103,-7213.073020390195,4,14459.423935550158,14434.14604078039,0.9968756246428969,False,EXPOSED_HISTORY
QQQ,2015-07,1,2,normal,True,2,4103,-7238.626289075255,4,14510.530472920278,14485.25257815051,0.9954951604188667,False,EXPOSED_HISTORY
QQQ,2015-07,1,2,t,True,3,4103,-7213.073020335237,5,14467.743409132685,14436.146040670474,0.9968750468049471,False,EXPOSED_HISTORY
QQQ,2015-07,2,1,normal,True,4,4103,-7232.754225240988,4,14498.786345251743,14473.508450481975,0.9942863159984843,False,EXPOSED_HISTORY
QQQ,2015-07,2,1,t,True,5,4103,-7207.4852681868215,5,14456.567904835854,14424.970536373643,0.9960027561684931,True,EXPOSED_HISTORY
QQQ,2015-08,1,1,normal,True,0,4125,-7268.165738694847,3,14561.305941286,14542.331477389695,0.995463148657511,False,EXPOSED_HISTORY
QQQ,2015-08,1,1,t,True,1,4125,-7242.694585456817,4,14518.688456108708,14493.389170913633,0.9968213295311579,False,EXPOSED_HISTORY
QQQ,2015-08,1,2,normal,True,2,4125,-7268.165738693801,4,14569.630762582678,14544.331477387603,0.9954628805640434,False,EXPOSED_HISTORY
QQQ,2015-08,1,2,t,True,3,4125,-7242.694585515707,5,14527.013277525259,14495.389171031415,0.996820995081076,False,EXPOSED_HISTORY
QQQ,2015-08,2,1,normal,True,4,4125,-7262.361200579606,4,14558.021686354286,14532.722401159212,0.9942457588169883,False,EXPOSED_HISTORY
QQQ,2015-08,2,1,t,True,5,4125,-7237.138210110039,5,14515.900526713922,14484.276420220078,0.9959354864051626,True,EXPOSED_HISTORY
QQQ,2015-09,1,1,normal,True,0,4146,-7315.408072024455,3,14655.805841927897,14636.81614404891,0.9956219738202762,False,EXPOSED_HISTORY
QQQ,2015-09,1,1,t,True,1,4146,-7287.5295123423875,4,14608.378621856758,14583.059024684775,0.9972005670644112,True,EXPOSED_HISTORY
QQQ,2015-09,1,2,normal,True,2,4146,-7315.408072027979,4,14664.135741227941,14638.816144055958,0.9956220355247705,False,EXPOSED_HISTORY
QQQ,2015-09,1,2,t,True,3,4146,-7287.529512353747,5,14616.708521172473,14585.059024707494,0.9972006784100202,False,EXPOSED_HISTORY
QQQ,2015-09,2,1,normal,True,4,4146,-7312.666384189573,4,14658.65236555113,14633.332768379147,0.9946646331020714,False,EXPOSED_HISTORY
QQQ,2015-09,2,1,t,True,5,4146,-7283.877373423007,5,14609.404243310993,14577.754746846014,0.9965397235040087,False,EXPOSED_HISTORY
QQQ,2015-10,1,1,normal,True,0,4167,-7355.084461647068,3,14735.173778188402,14716.168923294135,0.9954048313260369,False,EXPOSED_HISTORY
QQQ,2015-10,1,1,t,True,1,4167,-7327.103048997296,4,14687.545904520282,14662.206097994593,0.9970047043340389,True,EXPOSED_HISTORY
QQQ,2015-10,1,2,normal,True,2,4167,-7355.084461646692,4,14743.508729819074,14718.168923293384,0.9954048070183902,False,EXPOSED_HISTORY
QQQ,2015-10,1,2,t,True,3,4167,-7327.103048977297,5,14695.880856111706,14664.206097954593,0.9970048856589476,False,EXPOSED_HISTORY
QQQ,2015-10,2,1,normal,True,4,4167,-7352.388658868247,4,14738.117124262184,14712.777317736494,0.9943919131535994,False,EXPOSED_HISTORY
QQQ,2015-10,2,1,t,True,5,4167,-7323.487973116427,5,14688.650704389967,14656.975946232855,0.99625794774942,False,EXPOSED_HISTORY
QQQ,2015-11,1,1,normal,True,0,4189,-7388.910706695547,3,14802.842065353934,14783.821413391093,0.9951238954571288,False,EXPOSED_HISTORY
QQQ,2015-11,1,1,t,True,1,4189,-7360.445194631026,4,14754.25125854584,14728.890389262053,0.996737828096378,True,EXPOSED_HISTORY
QQQ,2015-11,1,2,normal,True,2,4189,-7388.910706694822,4,14811.182282673431,14785.821413389644,0.9951238699527256,False,EXPOSED_HISTORY
QQQ,2015-11,1,2,t,True,3,4189,-7360.445194624751,5,14762.591475854237,14730.890389249502,0.996737869639756,False,EXPOSED_HISTORY
QQQ,2015-11,2,1,normal,True,4,4189,-7386.397350022137,4,14806.155569328062,14780.794700044275,0.9941433508296609,False,EXPOSED_HISTORY
QQQ,2015-11,2,1,t,True,5,4189,-7356.976576305546,5,14755.654239215826,14723.953152611091,0.9959932425888225,False,EXPOSED_HISTORY
QQQ,2015-12,1,1,normal,True,0,4209,-7415.029315763715,3,14855.093572633743,14836.05863152743,0.9949686113961188,False,EXPOSED_HISTORY
QQQ,2015-12,1,1,t,True,1,4209,-7386.188623823165,4,14805.75716912141,14780.37724764633,0.996600045048145,True,EXPOSED_HISTORY
QQQ,2015-12,1,2,normal,True,2,4209,-7415.029315763126,4,14863.438553001333,14838.058631526252,0.9949685867473381,False,EXPOSED_HISTORY
QQQ,2015-12,1,2,t,True,3,4209,-7386.188623824426,5,14814.102149492704,14782.377247648852,0.9966000380724853,False,EXPOSED_HISTORY
QQQ,2015-12,2,1,normal,True,4,4209,-7412.571344810191,4,14858.522611095463,14833.142689620381,0.9940004235441601,False,EXPOSED_HISTORY
QQQ,2015-12,2,1,t,True,5,4209,-7382.771435853136,5,14807.267773550124,14775.542871706271,0.995863620716232,False,EXPOSED_HISTORY
QQQ,2016-01,1,1,normal,True,0,4231,-7452.149330099853,3,14929.349241151865,14910.298660199705,0.9950083740553821,False,EXPOSED_HISTORY
QQQ,2016-01,1,1,t,True,1,4231,-7423.878250771295,4,14881.15727614547,14855.75650154259,0.9966064824810152,True,EXPOSED_HISTORY
QQQ,2016-01,1,2,normal,True,2,4231,-7452.149330099528,4,14937.699434801936,14912.298660199056,0.995008388954995,False,EXPOSED_HISTORY
QQQ,2016-01,1,2,t,True,3,4231,-7423.878250753112,5,14889.507469759825,14857.756501506225,0.9966065487657934,False,EXPOSED_HISTORY
QQQ,2016-01,2,1,normal,True,4,4231,-7449.836493967229,4,14933.073762537339,14907.672987934458,0.9940545171688913,False,EXPOSED_HISTORY
QQQ,2016-01,2,1,t,True,5,4231,-7420.633998164709,5,14883.018964583018,14851.267996329418,0.995858971745605,False,EXPOSED_HISTORY
QQQ,2016-02,1,1,normal,True,0,4250,-7493.728045320432,3,15012.520113426619,14993.456090640864,0.995264316843455,False,EXPOSED_HISTORY
QQQ,2016-02,1,1,t,True,1,4250,-7465.765063885272,4,14964.948824818217,14939.530127770544,0.9968647621706737,True,EXPOSED_HISTORY
QQQ,2016-02,1,2,normal,True,2,4250,-7493.728045321869,4,15020.874787691411,14995.456090643738,0.9952642721983801,False,EXPOSED_HISTORY
QQQ,2016-02,1,2,t,True,3,4250,-7465.765063886231,5,14973.303499082054,14941.530127772461,0.9968646964967226,False,EXPOSED_HISTORY
QQQ,2016-02,2,1,normal,True,4,4250,-7491.21475149668,4,15015.848200041033,14990.42950299336,0.9943027870932254,False,EXPOSED_HISTORY
QQQ,2016-02,2,1,t,True,5,4250,-7462.308441423537,5,14966.390254156668,14934.616882847075,0.9961405727392733,False,EXPOSED_HISTORY
QQQ,2016-03,1,1,normal,True,0,4270,-7530.0832218368305,3,15085.24455099233,15066.166443673661,0.9951233074519594,False,EXPOSED_HISTORY
QQQ,2016-03,1,1,t,True,1,4270,-7502.058908203018,4,15037.555292830928,15012.117816406037,0.9967369046074837,True,EXPOSED_HISTORY
QQQ,2016-03,1,2,normal,True,2,4270,-7530.083221837051,4,15093.603920098993,15068.166443674101,0.9951233294763522,False,EXPOSED_HISTORY
QQQ,2016-03,1,2,t,True,3,4270,-7502.058908223171,5,15045.914661977455,15014.117816446342,0.9967371760803576,False,EXPOSED_HISTORY
QQQ,2016-03,2,1,normal,True,4,4270,-7527.593580101713,4,15088.624636628318,15063.187160203426,0.9941395944874074,False,EXPOSED_HISTORY
QQQ,2016-03,2,1,t,True,5,4270,-7498.663636855359,5,15039.124119241831,15007.327273710718,0.9959776098299998,False,EXPOSED_HISTORY
QQQ,2016-04,1,1,normal,True,0,4292,-7560.915435157232,3,15146.924394625717,15127.830870314465,0.9948114560255658,False,EXPOSED_HISTORY
QQQ,2016-04,1,1,t,True,1,4292,-7532.278728599307,4,15098.015489613617,15072.557457198614,0.9964455616666197,True,EXPOSED_HISTORY
QQQ,2016-04,1,2,normal,True,2,4292,-7560.915435157176,4,15155.288902729355,15129.830870314352,0.9948114447945815,False,EXPOSED_HISTORY
QQQ,2016-04,1,2,t,True,3,4292,-7532.278728619109,5,15106.37999775697,15074.557457238217,0.9964453898608303,False,EXPOSED_HISTORY
QQQ,2016-04,2,1,normal,True,4,4292,-7558.207003893456,4,15149.872040201915,15124.414007786912,0.9937687933003765,False,EXPOSED_HISTORY
QQQ,2016-04,2,1,t,True,5,4292,-7528.572554683897,5,15098.967649886546,15067.145109367793,0.9956371834050274,False,EXPOSED_HISTORY
QQQ,2016-05,1,1,normal,True,0,4313,-7587.773062148886,3,15200.654291287716,15181.546124297773,0.9947710061010782,False,EXPOSED_HISTORY
QQQ,2016-05,1,1,t,True,1,4313,-7559.288271302535,4,15152.054098591661,15126.57654260507,0.9963783542059238,True,EXPOSED_HISTORY
QQQ,2016-05,1,2,normal,True,2,4313,-7587.77306214923,4,15209.023680285052,15183.54612429846,0.9947710029433201,False,EXPOSED_HISTORY
QQQ,2016-05,1,2,t,True,3,4313,-7559.288271277763,5,15160.423487538765,15128.576542555526,0.9963781167635727,False,EXPOSED_HISTORY
QQQ,2016-05,2,1,normal,True,4,4313,-7585.078794119125,4,15203.635144224841,15178.15758823825,0.9937468641322988,False,EXPOSED_HISTORY
QQQ,2016-05,2,1,t,True,5,4313,-7555.625160284966,5,15153.097265553171,15121.250320569932,0.995578225992601,False,EXPOSED_HISTORY
QQQ,2016-06,1,1,normal,True,0,4334,-7614.692054027527,3,15254.506846601342,15235.384108055054,0.9947475132815957,False,EXPOSED_HISTORY
QQQ,2016-06,1,1,t,True,1,4334,-7586.353119270905,4,15206.203223270195,15180.70623854181,0.9963138274621463,True,EXPOSED_HISTORY
QQQ,2016-06,1,2,normal,True,2,4334,-7614.692054028332,4,15262.881092785048,15237.384108056664,0.9947475623206967,False,EXPOSED_HISTORY
QQQ,2016-06,1,2,t,True,3,4334,-7586.353119335348,5,15214.577469581178,15182.706238670697,0.9963140712476249,False,EXPOSED_HISTORY
QQQ,2016-06,2,1,normal,True,4,4334,-7611.967906245498,4,15257.43279721938,15231.935812490996,0.9937256841247846,False,EXPOSED_HISTORY
QQQ,2016-06,2,1,t,True,5,4334,-7582.694580556277,5,15207.260392023036,15175.389161112555,0.9954969147751822,False,EXPOSED_HISTORY
QQQ,2016-07,1,1,normal,True,0,4356,-7653.844240682957,3,15332.826409818073,15313.688481365914,0.994399644909636,False,EXPOSED_HISTORY
QQQ,2016-07,1,1,t,True,1,4356,-7621.027616359084,4,15275.57247065438,15250.055232718169,0.9964830044679527,True,EXPOSED_HISTORY
QQQ,2016-07,1,2,normal,True,2,4356,-7653.84424068423,4,15341.205719304671,15315.68848136846,0.994399790515538,False,EXPOSED_HISTORY
QQQ,2016-07,1,2,t,True,3,4356,-7621.027616354738,5,15283.95178012974,15252.055232709476,0.9964831833173455,False,EXPOSED_HISTORY
QQQ,2016-07,2,1,normal,True,4,4356,-7652.282956627216,4,15338.083151190644,15312.565913254432,0.9934347287952386,False,EXPOSED_HISTORY
QQQ,2016-07,2,1,t,True,5,4356,-7618.192201551956,5,15278.280950524177,15246.384403103912,0.995724421976231,False,EXPOSED_HISTORY
QQQ,2016-08,1,1,normal,True,0,4376,-7678.2598569011225,3,15381.67138483455,15362.519713802245,0.9941373823850701,False,EXPOSED_HISTORY
QQQ,2016-08,1,1,t,True,1,4376,-7644.5191904930125,4,15322.573942362433,15297.038380986025,0.9962924125599673,True,EXPOSED_HISTORY
QQQ,2016-08,1,2,normal,True,2,4376,-7678.259856901445,4,15390.055275179298,15364.51971380289,0.9941373236740988,False,EXPOSED_HISTORY
QQQ,2016-08,1,2,t,True,3,4376,-7644.519190477735,5,15330.957832675978,15299.03838095547,0.996292445763356,False,EXPOSED_HISTORY
QQQ,2016-08,2,1,normal,True,4,4376,-7676.81976073037,4,15387.175082837148,15361.63952146074,0.9931523884127325,False,EXPOSED_HISTORY
QQQ,2016-08,2,1,t,True,5,4376,-7641.872274220044,5,15325.664000160597,15293.744548440089,0.9954728472373585,False,EXPOSED_HISTORY
QQQ,2016-09,1,1,normal,True,0,4399,-7695.129577678175,3,15415.426552920397,15396.25915535635,0.9945461626344573,False,EXPOSED_HISTORY
QQQ,2016-09,1,1,t,True,1,4399,-7660.441060914354,4,15354.438651914103,15328.882121828708,0.9968492611622747,True,EXPOSED_HISTORY
QQQ,2016-09,1,2,normal,True,2,4399,-7695.129577675569,4,15423.815685436532,15398.259155351137,0.9945461648706608,False,EXPOSED_HISTORY
QQQ,2016-09,1,2,t,True,3,4399,-7660.441060929902,5,15362.827784466548,15330.882121859804,0.996849191089908,False,EXPOSED_HISTORY
QQQ,2016-09,2,1,normal,True,4,4399,-7693.423462333549,4,15420.403454752492,15394.846924667097,0.993589574651683,False,EXPOSED_HISTORY
QQQ,2016-09,2,1,t,True,5,4399,-7657.274950493592,5,15356.495563593928,15324.549900987184,0.9962091344052152,False,EXPOSED_HISTORY
QQQ,2016-10,1,1,normal,True,0,4420,-7727.514201199801,3,15480.210087324818,15461.028402399603,0.9935242064454808,False,EXPOSED_HISTORY
QQQ,2016-10,1,1,t,True,1,4420,-7690.51110527269,4,15414.597790445667,15389.02221054538,0.9965115003605362,True,EXPOSED_HISTORY
QQQ,2016-10,1,2,normal,True,2,4420,-7727.5142012001,4,15488.603982300487,15463.0284024002,0.993524213289987,False,EXPOSED_HISTORY
QQQ,2016-10,1,2,t,True,3,4420,-7690.511105280865,5,15422.99168543709,15391.02221056173,0.9965114026473266,False,EXPOSED_HISTORY
QQQ,2016-10,2,1,normal,True,4,4420,-7726.33519871415,4,15486.245977328586,15460.6703974283,0.9924844672332896,False,EXPOSED_HISTORY
QQQ,2016-10,2,1,t,True,5,4420,-7688.073303055534,5,15418.116080986427,15386.146606111068,0.9957222560786705,False,EXPOSED_HISTORY
QQQ,2016-11,1,1,normal,True,0,4441,-7747.539493051594,3,15520.274890669065,15501.078986103188,0.9936569562082265,False,EXPOSED_HISTORY
QQQ,2016-11,1,1,t,True,1,4441,-7709.830860567792,4,15453.256260556753,15427.661721135584,0.9966961876404348,True,EXPOSED_HISTORY
QQQ,2016-11,1,2,normal,True,2,4441,-7747.539493053511,4,15528.673525528191,15503.078986107023,0.9936569818363657,False,EXPOSED_HISTORY
QQQ,2016-11,1,2,t,True,3,4441,-7709.830860567601,5,15461.654895411662,15429.661721135202,0.9966962990050471,False,EXPOSED_HISTORY
QQQ,2016-11,2,1,normal,True,4,4441,-7746.403225532345,4,15526.400990485858,15500.80645106469,0.9926389474644978,False,EXPOSED_HISTORY
QQQ,2016-11,2,1,t,True,5,4441,-7707.435319067588,5,15456.863812411637,15424.870638135177,0.9959301031628027,False,EXPOSED_HISTORY
QQQ,2016-12,1,1,normal,True,0,4462,-7777.214352031468,3,15579.638761187913,15560.428704062935,0.9934583855344683,False,EXPOSED_HISTORY
QQQ,2016-12,1,1,t,True,1,4462,-7739.3445570330405,4,15512.302523566052,15486.689114066081,0.9964902985166675,True,EXPOSED_HISTORY
QQQ,2016-12,1,2,normal,True,2,4462,-7777.214352031376,4,15588.042113562722,15562.428704062751,0.9934582496159364,False,EXPOSED_HISTORY
QQQ,2016-12,1,2,t,True,3,4462,-7739.344557033878,5,15520.705875942718,15488.689114067756,0.9964900619909557,False,EXPOSED_HISTORY
QQQ,2016-12,2,1,normal,True,4,4462,-7775.958812655997,4,15585.531034811964,15559.917625311993,0.9923892079301031,False,EXPOSED_HISTORY
QQQ,2016-12,2,1,t,True,5,4462,-7736.806292134654,5,15515.62934614427,15483.612584269307,0.9956867033529617,False,EXPOSED_HISTORY
QQQ,2017-01,1,1,normal,True,0,4483,-7800.3567076558165,3,15625.9375585441,15606.713415311633,0.9935016694610368,False,EXPOSED_HISTORY
QQQ,2017-01,1,1,t,True,1,4483,-7762.179686258684,4,15557.99156349399,15532.359372517369,0.9965395022790029,True,EXPOSED_HISTORY
QQQ,2017-01,1,2,normal,True,2,4483,-7800.356707657479,4,15634.34560629158,15608.713415314958,0.9935017388341447,False,EXPOSED_HISTORY
QQQ,2017-01,1,2,t,True,3,4483,-7762.179686326701,5,15566.39961137418,15534.359372653402,0.996539079308478,False,EXPOSED_HISTORY
QQQ,2017-01,2,1,normal,True,4,4483,-7799.135168922961,4,15631.902528822544,15606.270337845923,0.9924452206954889,False,EXPOSED_HISTORY
QQQ,2017-01,2,1,t,True,5,4483,-7759.662431496185,5,15561.365101713147,15529.32486299237,0.9957408792128343,False,EXPOSED_HISTORY
QQQ,2017-02,1,1,normal,True,0,4503,-7816.784802669381,3,15658.807102699666,15639.569605338762,0.9937995257802943,False,EXPOSED_HISTORY
QQQ,2017-02,1,1,t,True,1,4503,-7778.030919247388,4,15589.711834975982,15564.061838494776,0.9968720224917258,True,EXPOSED_HISTORY
QQQ,2017-02,1,2,normal,True,2,4503,-7816.784802669378,4,15667.219601819963,15641.569605338756,0.9937995407055467,False,EXPOSED_HISTORY
QQQ,2017-02,1,2,t,True,3,4503,-7778.03091925847,5,15598.124334118447,15566.06183851694,0.9968720725927122,False,EXPOSED_HISTORY
QQQ,2017-02,2,1,normal,True,4,4503,-7815.599701456105,4,15664.849399393417,15639.19940291221,0.9927853031091614,False,EXPOSED_HISTORY
QQQ,2017-02,2,1,t,True,5,4503,-7775.550438278764,5,15593.163372159035,15561.100876557528,0.9961181672948713,False,EXPOSED_HISTORY
QQQ,2017-03,1,1,normal,True,0,4522,-7828.236578495782,3,15681.723285950078,15662.473156991564,0.9945450555162255,False,EXPOSED_HISTORY
QQQ,2017-03,1,1,t,True,1,4522,-7788.435456803835,4,15610.537752219023,15584.87091360767,0.9977405186685918,True,EXPOSED_HISTORY
QQQ,2017-03,1,2,normal,True,2,4522,-7828.236578496553,4,15690.139995604459,15664.473156993106,0.9945450489862722,False,EXPOSED_HISTORY
QQQ,2017-03,1,2,t,True,3,4522,-7788.435456796054,5,15618.954461856296,15586.870913592107,0.9977406273313011,False,EXPOSED_HISTORY
QQQ,2017-03,2,1,normal,True,4,4522,-7827.138718499205,4,15687.944275609763,15662.27743699841,0.9936292606380525,False,EXPOSED_HISTORY
QQQ,2017-03,2,1,t,True,5,4522,-7786.011190050301,5,15614.10592836479,15582.022380100601,0.9971351131924945,False,EXPOSED_HISTORY
QQQ,2017-04,1,1,normal,True,0,4545,-7846.721969737214,3,15718.709288494263,15699.443939474428,0.9946849620572734,False,EXPOSED_HISTORY
QQQ,2017-04,1,1,t,True,1,4545,-7805.5640098703525,4,15644.815151767152,15619.128019740705,0.9980819226072702,True,EXPOSED_HISTORY
QQQ,2017-04,1,2,normal,True,2,4545,-7846.721969734997,4,15727.131071496442,15701.443939469995,0.9946849400511487,False,EXPOSED_HISTORY
QQQ,2017-04,1,2,t,True,3,4545,-7805.56400987046,5,15653.236934773977,15621.12801974092,0.9980819937554755,False,EXPOSED_HISTORY
QQQ,2017-04,2,1,normal,True,4,4545,-7845.7379480840045,4,15725.163028194456,15699.475896168009,0.9938414863865249,False,EXPOSED_HISTORY
QQQ,2017-04,2,1,t,True,5,4545,-7803.384119514149,5,15648.877154061354,15616.768239028297,0.9975121080818506,False,EXPOSED_HISTORY
QQQ,2017-05,1,1,normal,True,0,4564,-7860.878136564433,3,15747.034137261811,15727.756273128865,0.9950307043646954,False,EXPOSED_HISTORY
QQQ,2017-05,1,1,t,True,1,4564,-7819.232171578923,4,15672.168162001773,15646.464343157846,0.9983365437625136,True,EXPOSED_HISTORY
QQQ,2017-05,1,2,normal,True,2,4564,-7860.878136564432,4,15755.46009197279,15729.756273128864,0.9950306950680508,False,EXPOSED_HISTORY
QQQ,2017-05,1,2,t,True,3,4564,-7819.232171571473,5,15680.594116697857,15648.464343142947,0.9983363364618656,False,EXPOSED_HISTORY
QQQ,2017-05,2,1,normal,True,4,4564,-7859.934507986515,4,15753.572834816958,15727.86901597303,0.9942448957850158,False,EXPOSED_HISTORY
QQQ,2017-05,2,1,t,True,5,4564,-7817.084242775836,5,15676.298259106583,15644.168485551672,0.9978419131878896,False,EXPOSED_HISTORY
QQQ,2017-06,1,1,normal,True,0,4586,-7887.301627869898,3,15799.895546130048,15780.603255739796,0.9943231280519048,False,EXPOSED_HISTORY
QQQ,2017-06,1,1,t,True,1,4586,-7841.339762774485,4,15716.402579402642,15690.67952554897,0.9985653521380091,True,EXPOSED_HISTORY
QQQ,2017-06,1,2,normal,True,2,4586,-7887.301627868163,4,15808.326309589998,15782.603255736327,0.9943232599812878,False,EXPOSED_HISTORY
QQQ,2017-06,1,2,t,True,3,4586,-7841.33976277765,5,15724.833342872389,15692.6795255553,0.9985651630637999,False,EXPOSED_HISTORY
QQQ,2017-06,2,1,normal,True,4,4586,-7886.473421310588,4,15806.669896474847,15780.946842621175,0.9935497496012949,False,EXPOSED_HISTORY
QQQ,2017-06,2,1,t,True,5,4586,-7839.493510578248,5,15721.140838473584,15688.987021156496,0.9981070446631524,False,EXPOSED_HISTORY
QQQ,2017-07,1,1,normal,True,0,4608,-7920.759095762105,3,15866.824839131337,15847.51819152421,0.9941476779096948,False,EXPOSED_HISTORY
QQQ,2017-07,1,1,t,True,1,4608,-7873.949299476851,4,15781.640795763204,15755.898598953701,0.998524560828572,True,EXPOSED_HISTORY
QQQ,2017-07,1,2,normal,True,2,4608,-7920.759095761828,4,15875.260388333158,15849.518191523655,0.9941477233626959,False,EXPOSED_HISTORY
QQQ,2017-07,1,2,t,True,3,4608,-7873.949299469943,5,15790.076344951765,15757.898598939886,0.9985246647252796,False,EXPOSED_HISTORY
QQQ,2017-07,2,1,normal,True,4,4608,-7919.822586442969,4,15873.38736969544,15847.645172885937,0.9933476733151108,False,EXPOSED_HISTORY
QQQ,2017-07,2,1,t,True,5,4608,-7871.993588907581,5,15786.164923827042,15753.987177815163,0.9980758664251966,False,EXPOSED_HISTORY
QQQ,2017-08,1,1,normal,True,0,4628,-7942.275730707907,3,15909.871101680756,15890.551461415815,0.9940922304908,False,EXPOSED_HISTORY
QQQ,2017-08,1,1,t,True,1,4628,-7894.885210673701,4,15823.529941700657,15797.770421347403,0.9985172494802431,True,EXPOSED_HISTORY
QQQ,2017-08,1,2,normal,True,2,4628,-7942.275730705891,4,15918.310981765037,15892.551461411782,0.9940923008454068,False,EXPOSED_HISTORY
QQQ,2017-08,1,2,t,True,3,4628,-7894.885210678193,5,15831.969821797955,15799.770421356387,0.9985172428785145,False,EXPOSED_HISTORY
QQQ,2017-08,2,1,normal,True,4,4628,-7941.37254974004,4,15916.504619833335,15890.74509948008,0.9932883454699188,False,EXPOSED_HISTORY
QQQ,2017-08,2,1,t,True,5,4628,-7892.950817263894,5,15828.101034969357,15795.901634527789,0.998057035494413,False,EXPOSED_HISTORY
QQQ,2017-09,1,1,normal,True,0,4651,-7973.018003469308,3,15971.370519526288,15952.036006938615,0.9939330100462525,False,EXPOSED_HISTORY
QQQ,2017-09,1,1,t,True,1,4651,-7924.380338183864,4,15882.540026484625,15856.760676367729,0.9985226419474564,True,EXPOSED_HISTORY
QQQ,2017-09,1,2,normal,True,2,4651,-7973.018003469271,4,15979.815357055439,15954.036006938542,0.9939330500257644,False,EXPOSED_HISTORY
QQQ,2017-09,1,2,t,True,3,4651,-7924.380338187718,5,15890.984864021557,15858.760676375436,0.9985226708080962,False,EXPOSED_HISTORY
QQQ,2017-09,2,1,normal,True,4,4651,-7972.052405828777,4,15977.884161774451,15952.104811657555,0.9930831887105935,False,EXPOSED_HISTORY
QQQ,2017-09,2,1,t,True,5,4651,-7922.355311500669,5,15886.934810647459,15854.710623001338,0.9980486399561848,False,EXPOSED_HISTORY
QQQ,2017-10,1,1,normal,True,0,4671,-7992.423653915218,3,16010.194693211943,15990.847307830436,0.9939804889574584,False,EXPOSED_HISTORY
QQQ,2017-10,1,1,t,True,1,4671,-7943.304737996982,4,15920.405989835972,15894.609475993964,0.9985685011060128,True,EXPOSED_HISTORY
QQQ,2017-10,1,2,normal,True,2,4671,-7992.423653914867,4,16018.643821671742,15992.847307829734,0.9939806445358621,False,EXPOSED_HISTORY
QQQ,2017-10,1,2,t,True,3,4671,-7943.304738038441,5,15928.855118379393,15896.609476076883,0.9985688865994997,False,EXPOSED_HISTORY
QQQ,2017-10,2,1,normal,True,4,4671,-7991.455978116787,4,16016.708470075582,15990.911956233575,0.9931334316767109,False,EXPOSED_HISTORY
QQQ,2017-10,2,1,t,True,5,4671,-7941.252825519232,5,15924.751293340974,15892.505651038464,0.9981032456707755,False,EXPOSED_HISTORY
QQQ,2017-11,1,1,normal,True,0,4693,-8018.722362618234,3,16062.80620718385,16043.444725236468,0.993326965787069,False,EXPOSED_HISTORY
QQQ,2017-11,1,1,t,True,1,4693,-7963.7312136373375,4,15961.277736537853,15935.462427274675,0.998974056935141,True,EXPOSED_HISTORY
QQQ,2017-11,1,2,normal,True,2,4693,-8018.722362618306,4,16071.26003449979,16045.444725236612,0.9933268587039126,False,EXPOSED_HISTORY
QQQ,2017-11,1,2,t,True,3,4693,-7963.731213639181,5,15969.731563857335,15937.462427278362,0.9989738892820934,False,EXPOSED_HISTORY
QQQ,2017-11,2,1,normal,True,4,4693,-8017.647819745595,4,16069.110948754369,16043.29563949119,0.992373411280058,False,EXPOSED_HISTORY
QQQ,2017-11,2,1,t,True,5,4693,-7961.497403510804,5,15965.263943600581,15932.994807021609,0.9985789832666974,False,EXPOSED_HISTORY
QQQ,2017-12,1,1,normal,True,0,4714,-8041.013675018371,3,16107.40222628723,16088.027350036742,0.9933762838130004,False,EXPOSED_HISTORY
QQQ,2017-12,1,1,t,True,1,4714,-7985.14605752207,4,16004.125283378124,15978.29211504414,0.9990261987409786,True,EXPOSED_HISTORY
QQQ,2017-12,1,2,normal,True,2,4714,-8041.013675018372,4,16115.860518370728,16090.027350036744,0.9933762689459097,False,EXPOSED_HISTORY
QQQ,2017-12,1,2,t,True,3,4714,-7985.14605752094,5,16012.58357545936,15980.29211504188,0.9990263299334117,False,EXPOSED_HISTORY
QQQ,2017-12,2,1,normal,True,4,4714,-8040.05102297211,4,16113.935214278205,16088.10204594422,0.9924736131475707,False,EXPOSED_HISTORY
QQQ,2017-12,2,1,t,True,5,4714,-7983.112831291542,5,16008.517123000564,15976.225662583083,0.9986378388720983,False,EXPOSED_HISTORY
QQQ,2018-01,1,1,normal,True,0,4734,-8059.117745290573,3,16143.623067951368,16124.235490581146,0.9935211708942374,False,EXPOSED_HISTORY
QQQ,2018-01,1,1,t,True,1,4734,-8002.385119927742,4,16038.62034301578,16012.770239855485,0.9991917667820731,True,EXPOSED_HISTORY
QQQ,2018-01,1,2,normal,True,2,4734,-8059.117745290651,4,16152.085593741598,16126.235490581303,0.9935211758371514,False,EXPOSED_HISTORY
QQQ,2018-01,1,2,t,True,3,4734,-8002.385119921644,5,16047.082868793657,16014.770239843288,0.999191688342758,False,EXPOSED_HISTORY
QQQ,2018-01,2,1,normal,True,4,4734,-8058.240289877032,4,16150.33068291436,16124.480579754065,0.9926625746080403,False,EXPOSED_HISTORY
QQQ,2018-01,2,1,t,True,5,4734,-8000.472890899136,5,16043.25841074864,16010.945781798271,0.9988254041585806,False,EXPOSED_HISTORY
QQQ,2018-02,1,1,normal,True,0,4755,-8084.9813625452225,3,16195.363581015383,16175.962725090445,0.9934464712434119,False,EXPOSED_HISTORY
QQQ,2018-02,1,1,t,True,1,4755,-8028.663692939047,4,16091.195193778012,16065.327385878094,0.9989606378362571,True,EXPOSED_HISTORY
QQQ,2018-02,1,2,normal,True,2,4755,-8084.981362547008,4,16203.830532993934,16177.962725094016,0.9934465333844139,False,EXPOSED_HISTORY
QQQ,2018-02,1,2,t,True,3,4755,-8028.663692938648,5,16099.662145752192,16067.327385877295,0.9989606662923242,False,EXPOSED_HISTORY
QQQ,2018-02,2,1,normal,True,4,4755,-8084.128921247175,4,16202.125650394268,16176.25784249435,0.9925989112240602,False,EXPOSED_HISTORY
QQQ,2018-02,2,1,t,True,5,4755,-8026.789040564899,5,16095.912841004694,16063.578081129797,0.9985655676389544,False,EXPOSED_HISTORY
QQQ,2018-03,1,1,normal,True,0,4774,-8131.378056194662,3,16288.168931810022,16268.756112389325,0.993225410318832,False,EXPOSED_HISTORY
QQQ,2018-03,1,1,t,True,1,4774,-8073.135132725553,4,16180.154024678703,16154.270265451107,0.9991599148192302,True,EXPOSED_HISTORY
QQQ,2018-03,1,2,normal,True,2,4774,-8131.378056193755,4,16296.639871615105,16270.75611238751,0.9932254433444079,False,EXPOSED_HISTORY
QQQ,2018-03,1,2,t,True,3,4774,-8073.135132724325,5,16188.624964483142,16156.27026544865,0.9991600208211202,False,EXPOSED_HISTORY
QQQ,2018-03,2,1,normal,True,4,4774,-8130.9253836819535,4,16295.734526591503,16269.850767363907,0.9925688279291008,False,EXPOSED_HISTORY
QQQ,2018-03,2,1,t,True,5,4774,-8071.670643650361,5,16185.695986335215,16153.341287300722,0.9988280379603278,False,EXPOSED_HISTORY
QQQ,2018-04,1,1,normal,True,0,4795,-8172.00096303853,3,16369.427913039013,16350.00192607706,0.9933669874121129,False,EXPOSED_HISTORY
QQQ,2018-04,1,1,t,True,1,4795,-8114.071324862098,4,16262.043965673465,16236.142649724196,0.9993305293953794,True,EXPOSED_HISTORY
QQQ,2018-04,1,2,normal,True,2,4795,-8172.000963038468,4,16377.903242026206,16352.001926076937,0.9933669859493602,False,EXPOSED_HISTORY
QQQ,2018-04,1,2,t,True,3,4795,-8114.071324860646,5,16270.51929465788,16238.142649721292,0.9993305951879176,False,EXPOSED_HISTORY
QQQ,2018-04,2,1,normal,True,4,4795,-8171.708414935745,4,16377.31814582076,16351.41682987149,0.9928494582274163,False,EXPOSED_HISTORY
QQQ,2018-04,2,1,t,True,5,4795,-8112.885066861414,5,16268.146778659417,16235.770133722828,0.999071689767815,False,EXPOSED_HISTORY
QQQ,2018-05,1,1,normal,True,0,4816,-8210.05108627517,3,16445.54126951131,16426.10217255034,0.993193396858582,False,EXPOSED_HISTORY
QQQ,2018-05,1,1,t,True,1,4816,-8152.3397088106585,4,16338.598213569272,16312.679417621317,0.9991402707782879,True,EXPOSED_HISTORY
QQQ,2018-05,1,2,normal,True,2,4816,-8210.05108627504,4,16454.020968498033,16428.10217255008,0.9931934289047423,False,EXPOSED_HISTORY
QQQ,2018-05,1,2,t,True,3,4816,-8152.339708813923,5,16347.077912562789,16314.679417627845,0.9991402313511055,False,EXPOSED_HISTORY
QQQ,2018-05,2,1,normal,True,4,4816,-8209.72466115784,4,16453.368118263632,16427.44932231568,0.9926297323421837,False,EXPOSED_HISTORY
QQQ,2018-05,2,1,t,True,5,4816,-8151.059985737071,5,16344.518466409085,16312.119971474141,0.9988306416094765,False,EXPOSED_HISTORY
QQQ,2018-06,1,1,normal,True,0,4838,-8237.41323392063,3,16500.27923791477,16480.82646784126,0.9927205669255644,False,EXPOSED_HISTORY
QQQ,2018-06,1,1,t,True,1,4838,-8179.201850968184,4,16392.34072870105,16366.403701936368,0.9988183557153467,True,EXPOSED_HISTORY
QQQ,2018-06,1,2,normal,True,2,4838,-8237.413233920612,4,16508.763494605904,16482.826467841223,0.992720574310732,False,EXPOSED_HISTORY
QQQ,2018-06,1,2,t,True,3,4838,-8179.201850969583,5,16400.824985395015,16368.403701939165,0.9988184007491576,False,EXPOSED_HISTORY
QQQ,2018-06,2,1,normal,True,4,4838,-8236.952257276607,4,16507.841541317895,16481.904514553215,0.9920410263063643,False,EXPOSED_HISTORY
QQQ,2018-06,2,1,t,True,5,4838,-8177.627853198192,5,16397.676989852233,16365.255706396383,0.9984659659007709,False,EXPOSED_HISTORY
QQQ,2018-07,1,1,normal,True,0,4859,-8264.69345689351,3,16554.85267759024,16535.38691378702,0.9926712670590397,False,EXPOSED_HISTORY
QQQ,2018-07,1,1,t,True,1,4859,-8205.955381802874,4,16445.86511534337,16419.91076360575,0.9987874721200339,True,EXPOSED_HISTORY
QQQ,2018-07,1,2,normal,True,2,4859,-8264.69345689353,4,16563.341265524683,16537.38691378706,0.9926712726241241,False,EXPOSED_HISTORY
QQQ,2018-07,1,2,t,True,3,4859,-8205.955381798418,5,16454.353703268866,16421.910763596836,0.9987877059055512,False,EXPOSED_HISTORY
QQQ,2018-07,2,1,normal,True,4,4859,-8264.173208510234,4,16562.30076875809,16536.346417020468,0.9919502988188494,False,EXPOSED_HISTORY
QQQ,2018-07,2,1,t,True,5,4859,-8204.28816576483,5,16451.01927120169,16418.57633152966,0.9984274197313331,False,EXPOSED_HISTORY
QQQ,2018-08,1,1,normal,True,0,4880,-8293.923215157665,3,16613.32513181187,16593.84643031533,0.992655484887774,False,EXPOSED_HISTORY
QQQ,2018-08,1,1,t,True,1,4880,-8235.931408966047,4,16505.834419927483,16479.862817932095,0.9986847163867327,True,EXPOSED_HISTORY
QQQ,2018-08,1,2,normal,True,2,4880,-8293.92321515766,4,16621.818032310708,16595.84643031532,0.992655464822685,False,EXPOSED_HISTORY
QQQ,2018-08,1,2,t,True,3,4880,-8235.931408967364,5,16514.327320428965,16481.86281793473,0.9986847947245464,False,EXPOSED_HISTORY
QQQ,2018-08,2,1,normal,True,4,4880,-8293.481424110818,4,16620.934450217024,16594.962848221636,0.991986327149806,False,EXPOSED_HISTORY
QQQ,2018-08,2,1,t,True,5,4880,-8234.443445960214,5,16511.351394414665,16478.88689192043,0.9983128312764264,False,EXPOSED_HISTORY
QQQ,2018-09,1,1,normal,True,0,4903,-8317.987226609832,3,16661.467260844616,16641.974453219664,0.992619224842332,False,EXPOSED_HISTORY
QQQ,2018-09,1,1,t,True,1,4903,-8259.315079225458,4,16552.62056861752,16526.630158450916,0.9986667872387547,True,EXPOSED_HISTORY
QQQ,2018-09,1,2,normal,True,2,4903,-8317.987226609403,4,16669.96486338541,16643.974453218805,0.9926192887366426,False,EXPOSED_HISTORY
QQQ,2018-09,1,2,t,True,3,4903,-8259.315079226122,5,16561.118171160502,16528.630158452244,0.998666789687966,False,EXPOSED_HISTORY
QQQ,2018-09,2,1,normal,True,4,4903,-8317.561875438798,4,16669.1141610442,16643.123750877596,0.9919601664978736,False,EXPOSED_HISTORY
QQQ,2018-09,2,1,t,True,5,4903,-8257.852024790038,5,16558.192062288334,16525.704049580076,0.9982910020015755,False,EXPOSED_HISTORY
QQQ,2018-10,1,1,normal,True,0,4922,-8339.376776113502,3,16704.25796291986,16684.753552227005,0.992638675483965,False,EXPOSED_HISTORY
QQQ,2018-10,1,1,t,True,1,4922,-8280.86511352145,4,16595.736107966703,16569.7302270429,0.9985897798165688,True,EXPOSED_HISTORY
QQQ,2018-10,1,2,normal,True,2,4922,-8339.37677611753,4,16712.759433158863,16686.75355223506,0.9926385315594504,False,EXPOSED_HISTORY
QQQ,2018-10,1,2,t,True,3,4922,-8280.865113519065,5,16604.237578192886,16571.73022703813,0.9985898864896088,False,EXPOSED_HISTORY
QQQ,2018-10,2,1,normal,True,4,4922,-8338.952646155463,4,16711.91117323473,16685.905292310927,0.9919841413070343,False,EXPOSED_HISTORY
QQQ,2018-10,2,1,t,True,5,4922,-8279.406158580743,5,16601.319668316242,16568.812317161486,0.9982048640628451,False,EXPOSED_HISTORY
QQQ,2018-11,1,1,normal,True,0,4945,-8398.362528700749,3,16822.24345413367,16802.725057401498,0.9926086619099318,False,EXPOSED_HISTORY
QQQ,2018-11,1,1,t,True,1,4945,-8334.538020125738,4,16703.100569227703,16677.076040251475,0.9991629592312303,True,EXPOSED_HISTORY
QQQ,2018-11,1,2,normal,True,2,4945,-8398.362528700854,4,16830.749586377937,16804.72505740171,0.9926086056849011,False,EXPOSED_HISTORY
QQQ,2018-11,1,2,t,True,3,4945,-8334.538020126392,5,16711.60670147307,16679.076040252785,0.999162965847133,False,EXPOSED_HISTORY
QQQ,2018-11,2,1,normal,True,4,4945,-8397.458875284325,4,16828.942279544877,16802.91775056865,0.9917051981934278,False,EXPOSED_HISTORY
QQQ,2018-11,2,1,t,True,5,4945,-8332.823106594738,5,16708.17687440976,16675.646213189477,0.9987945370795293,False,EXPOSED_HISTORY
QQQ,2018-12,1,1,normal,True,0,4966,-8440.339626263361,3,16906.21036242493,16886.679252526723,0.9925473930340254,False,EXPOSED_HISTORY
QQQ,2018-12,1,1,t,True,1,4966,-8376.62163425782,4,16787.284748379912,16761.24326851564,0.9990537788007756,True,EXPOSED_HISTORY
QQQ,2018-12,1,2,normal,True,2,4966,-8440.339626264058,4,16914.72073239239,16888.679252528116,0.9925473423771911,False,EXPOSED_HISTORY
QQQ,2018-12,1,2,t,True,3,4966,-8376.621634257104,5,16795.795118344548,16763.24326851421,0.9990536103407843,False,EXPOSED_HISTORY
QQQ,2018-12,2,1,normal,True,4,4966,-8439.396197928145,4,16912.833875720564,16886.79239585629,0.9916087636772519,False,EXPOSED_HISTORY
QQQ,2018-12,2,1,t,True,5,4966,-8374.845774940617,5,16792.243399711573,16759.691549881234,0.998645269680097,False,EXPOSED_HISTORY
QQQ,2019-01,1,1,normal,True,0,4985,-8485.338942399776,3,16996.22045084674,16976.677884799552,0.9929012771851731,False,EXPOSED_HISTORY
QQQ,2019-01,1,1,t,True,1,4985,-8421.406267685394,4,16876.86929010037,16850.812535370787,0.9993603873824246,True,EXPOSED_HISTORY
QQQ,2019-01,1,2,normal,True,2,4985,-8485.338942399909,4,17004.7346395294,16978.677884799818,0.9929013207015336,False,EXPOSED_HISTORY
QQQ,2019-01,1,2,t,True,3,4985,-8421.40626768906,5,16885.3834787901,16852.81253537812,0.9993602254978854,False,EXPOSED_HISTORY
QQQ,2019-01,2,1,normal,True,4,4985,-8484.390314320472,4,17002.837383370526,16976.780628640943,0.9919903205302751,False,EXPOSED_HISTORY
QQQ,2019-01,2,1,t,True,5,4985,-8419.607295037016,5,16881.78553348601,16849.214590074032,0.9989910636139206,False,EXPOSED_HISTORY
QQQ,2019-02,1,1,normal,True,0,5006,-8525.753189174573,3,17077.06155576512,17057.506378349146,0.9926209295542536,False,EXPOSED_HISTORY
QQQ,2019-02,1,1,t,True,1,5006,-8461.808498364639,4,16957.690566617242,16931.616996729277,0.9990839915086992,True,EXPOSED_HISTORY
QQQ,2019-02,1,2,normal,True,2,5006,-8525.753189176101,4,17085.579948240167,17059.506378352202,0.9926209658412896,False,EXPOSED_HISTORY
QQQ,2019-02,1,2,t,True,3,5006,-8461.808498372251,5,16966.20895910446,16933.616996744502,0.9990839702455634,False,EXPOSED_HISTORY
QQQ,2019-02,2,1,normal,True,4,5006,-8524.83542558354,4,17083.744421055046,17057.67085116708,0.9917052912849065,False,EXPOSED_HISTORY
QQQ,2019-02,2,1,t,True,5,5006,-8460.081434472875,5,16962.75483130571,16930.16286894575,0.9986904919898796,False,EXPOSED_HISTORY
QQQ,2019-03,1,1,normal,True,0,5025,-8549.405334865569,3,17124.37721192992,17104.810669731138,0.991978763388352,False,EXPOSED_HISTORY
QQQ,2019-03,1,1,t,True,1,5025,-8484.821083525447,4,17003.730889982602,16977.642167050893,0.998635408309202,True,EXPOSED_HISTORY
QQQ,2019-03,1,2,normal,True,2,5025,-8549.40533486546,4,17132.899392662628,17106.81066973092,0.9919786859271786,False,EXPOSED_HISTORY
QQQ,2019-03,1,2,t,True,3,5025,-8484.821083531262,5,17012.25307072716,16979.642167062524,0.9986355758485972,False,EXPOSED_HISTORY
QQQ,2019-03,2,1,normal,True,4,5025,-8548.19848127426,4,17130.485685480227,17104.39696254852,0.9909197198046084,False,EXPOSED_HISTORY
QQQ,2019-03,2,1,t,True,5,5025,-8482.59995411086,5,17007.810811886357,16975.19990822172,0.998186280410715,False,EXPOSED_HISTORY
QQQ,2019-04,1,1,normal,True,0,5046,-8578.095291752617,3,17181.769636892837,17162.190583505235,0.9919593883830476,False,EXPOSED_HISTORY
QQQ,2019-04,1,1,t,True,1,5046,-8513.082247083472,4,17060.26989868375,17034.164494166944,0.9986058105409157,True,EXPOSED_HISTORY
QQQ,2019-04,1,2,normal,True,2,5046,-8578.09529175556,4,17190.295988027927,17164.19058351112,0.9919594276187107,False,EXPOSED_HISTORY
QQQ,2019-04,1,2,t,True,3,5046,-8513.082247090933,5,17068.796249827872,17036.164494181867,0.9986057596475956,False,EXPOSED_HISTORY
QQQ,2019-04,2,1,normal,True,4,5046,-8576.99304876384,4,17188.091502044485,17161.98609752768,0.9909388213294121,False,EXPOSED_HISTORY
QQQ,2019-04,2,1,t,True,5,5046,-8510.971130286938,5,17064.57401621988,17031.942260573876,0.9981659452938513,False,EXPOSED_HISTORY
QQQ,2019-05,1,1,normal,True,0,5067,-8597.788806434215,3,17221.16912548486,17201.57761286843,0.991946028824053,False,EXPOSED_HISTORY
QQQ,2019-05,1,1,t,True,1,5067,-8531.778566215542,4,17097.67914925299,17071.557132431084,0.9986919075890444,True,EXPOSED_HISTORY
QQQ,2019-05,1,2,normal,True,2,5067,-8597.788806437944,4,17229.699629697792,17203.577612875888,0.9919460096958069,False,EXPOSED_HISTORY
QQQ,2019-05,1,2,t,True,3,5067,-8531.778566231173,5,17106.209653489725,17073.557132462345,0.9986920239002324,False,EXPOSED_HISTORY
QQQ,2019-05,2,1,normal,True,4,5067,-8596.665685230215,4,17227.453387282334,17201.33137046043,0.9909294570019576,False,EXPOSED_HISTORY
QQQ,2019-05,2,1,t,True,5,5067,-8529.60182376218,5,17101.856168551738,17069.20364752436,0.9982736813038308,False,EXPOSED_HISTORY
QQQ,2019-06,1,1,normal,True,0,5089,-8638.322930091417,3,17302.2503700626,17282.645860182834,0.9917193216738334,False,EXPOSED_HISTORY
QQQ,2019-06,1,1,t,True,1,5089,-8570.501106921665,4,17175.141560349686,17149.00221384333,0.9986750281318233,True,EXPOSED_HISTORY
QQQ,2019-06,1,2,normal,True,2,5089,-8638.32293010815,4,17310.785206722656,17284.6458602163,0.9917192518464947,False,EXPOSED_HISTORY
QQQ,2019-06,1,2,t,True,3,5089,-8570.501106939253,5,17183.67639701145,17151.002213878506,0.9986754072394157,False,EXPOSED_HISTORY
QQQ,2019-06,2,1,normal,True,4,5089,-8636.832890735113,4,17307.805127976582,17281.665781470227,0.9905439443978266,False,EXPOSED_HISTORY
QQQ,2019-06,2,1,t,True,5,5089,-8568.069091914247,5,17178.81236696144,17146.138183828494,0.998217256461168,False,EXPOSED_HISTORY
QQQ,2019-07,1,1,normal,True,0,5109,-8669.666900196948,3,17364.950077301888,17345.333800393895,0.9916217028607924,False,EXPOSED_HISTORY
QQQ,2019-07,1,1,t,True,1,5109,-8601.754631669144,4,17237.664299215612,17211.50926333829,0.9985961607986149,True,EXPOSED_HISTORY
QQQ,2019-07,1,2,normal,True,2,5109,-8669.666900196371,4,17373.488836270066,17347.333800392742,0.9916216609047825,False,EXPOSED_HISTORY
QQQ,2019-07,1,2,t,True,3,5109,-8601.754631669397,5,17246.20305818545,17213.509263338794,0.9985961995548751,False,EXPOSED_HISTORY
QQQ,2019-07,2,1,normal,True,4,5109,-8668.306754526679,4,17370.76854493068,17344.613509053357,0.9904897480901971,False,EXPOSED_HISTORY
QQQ,2019-07,2,1,t,True,5,5109,-8599.472469671116,5,17241.638734188888,17208.944939342233,0.9981408736873575,False,EXPOSED_HISTORY
QQQ,2019-08,1,1,normal,True,0,5131,-8694.86926326816,3,17415.367694089146,17395.73852653632,0.9915032337888048,False,EXPOSED_HISTORY
QQQ,2019-08,1,1,t,True,1,5131,-8627.207859823113,4,17288.58794304999,17262.415719646226,0.9984324066165556,True,EXPOSED_HISTORY
QQQ,2019-08,1,2,normal,True,2,5131,-8694.869263267517,4,17423.9107499388,17397.738526535035,0.9915031371151584,False,EXPOSED_HISTORY
QQQ,2019-08,1,2,t,True,3,5131,-8627.20785982331,5,17297.130998901328,17264.41571964662,0.9984324312645622,False,EXPOSED_HISTORY
QQQ,2019-08,2,1,normal,True,4,5131,-8693.41882991651,4,17421.009883236788,17394.83765983302,0.9903348159867844,False,EXPOSED_HISTORY
QQQ,2019-08,2,1,t,True,5,5131,-8624.84637209052,5,17292.40802343575,17259.69274418104,0.9979421426020186,False,EXPOSED_HISTORY
QQQ,2019-09,1,1,normal,True,0,5153,-8741.819952564118,3,17509.28190817322,17489.639905128235,0.9915276940531985,False,EXPOSED_HISTORY
QQQ,2019-09,1,1,t,True,1,5153,-8673.092694368996,4,17380.374726131304,17354.18538873799,0.9986264169283899,True,EXPOSED_HISTORY
QQQ,2019-09,1,2,normal,True,2,5153,-8741.819952564658,4,17517.82924252263,17491.639905129316,0.9915277200428719,False,EXPOSED_HISTORY
QQQ,2019-09,1,2,t,True,3,5153,-8673.092694369572,5,17388.922060480785,17356.185388739144,0.9986264469346492,False,EXPOSED_HISTORY
QQQ,2019-09,2,1,normal,True,4,5153,-8740.532277053318,4,17515.25389149995,17489.064554106637,0.9903905845195763,False,EXPOSED_HISTORY
QQQ,2019-09,2,1,t,True,5,5153,-8670.791566841766,5,17384.319805425173,17351.583133683533,0.9981502563015814,False,EXPOSED_HISTORY
QQQ,2019-10,1,1,normal,True,0,5173,-8768.881994208195,3,17563.417612626403,17543.76398841639,0.9912479272495052,False,EXPOSED_HISTORY
QQQ,2019-10,1,1,t,True,1,5173,-8700.069938804856,4,17434.344709889727,17408.139877609712,0.9983719573872883,True,EXPOSED_HISTORY
QQQ,2019-10,1,2,normal,True,2,5173,-8768.881994210094,4,17571.968820700204,17545.76398842019,0.9912480297002955,False,EXPOSED_HISTORY
QQQ,2019-10,1,2,t,True,3,5173,-8700.069938798992,5,17442.895917948,17410.139877597983,0.9983721614866947,False,EXPOSED_HISTORY
QQQ,2019-10,2,1,normal,True,4,5173,-8767.543682601527,4,17569.292197483068,17543.087365203053,0.9900609473950164,False,EXPOSED_HISTORY
QQQ,2019-10,2,1,t,True,5,5173,-8697.743657776726,5,17438.24335590347,17405.48731555345,0.9978544498418235,False,EXPOSED_HISTORY
QQQ,2019-11,1,1,normal,True,0,5196,-8800.148799916664,3,17625.9645329667,17606.297599833328,0.9911844303613984,False,EXPOSED_HISTORY
QQQ,2019-11,1,1,t,True,1,5196,-8731.916929412011,4,17498.056436335184,17471.833858824022,0.9982389086153763,True,EXPOSED_HISTORY
QQQ,2019-11,1,2,normal,True,2,5196,-8800.14879992028,4,17634.520177351722,17608.29759984056,0.9911845513807066,False,EXPOSED_HISTORY
QQQ,2019-11,1,2,t,True,3,5196,-8731.916929417837,5,17506.612080724626,17473.833858835675,0.9982390836073807,False,EXPOSED_HISTORY
QQQ,2019-11,2,1,normal,True,4,5196,-8798.788588881554,4,17631.79975527427,17605.57717776311,0.9899852238980367,False,EXPOSED_HISTORY
QQQ,2019-11,2,1,t,True,5,5196,-8729.577710513726,5,17501.933642916403,17469.15542102745,0.9976988472244702,False,EXPOSED_HISTORY
QQQ,2019-12,1,1,normal,True,0,5216,-8817.421083189565,3,17660.52062468995,17640.84216637913,0.9912014687463945,False,EXPOSED_HISTORY
QQQ,2019-12,1,1,t,True,1,5216,-8748.269032399687,4,17530.776009213798,17504.538064799373,0.9983602511543732,True,EXPOSED_HISTORY
QQQ,2019-12,1,2,normal,True,2,5216,-8817.421083190235,4,17669.080110794894,17642.84216638047,0.9912014106239984,False,EXPOSED_HISTORY
QQQ,2019-12,1,2,t,True,3,5216,-8748.269032410095,5,17539.335495338222,17506.53806482019,0.9983603043438314,False,EXPOSED_HISTORY
QQQ,2019-12,2,1,normal,True,4,5216,-8815.945729735835,4,17666.129403886094,17639.89145947167,0.9899823526397801,False,EXPOSED_HISTORY
QQQ,2019-12,2,1,t,True,5,5216,-8745.728442930384,5,17534.2543163788,17501.456885860767,0.9978523903268627,False,EXPOSED_HISTORY
QQQ,2020-01,1,1,normal,True,0,5237,-8836.995874652941,3,17699.68226158872,17679.991749305882,0.991356939354205,False,EXPOSED_HISTORY
QQQ,2020-01,1,1,t,True,1,5237,-8767.665773679779,4,17569.585563736677,17543.331547359558,0.9983791474879788,True,EXPOSED_HISTORY
QQQ,2020-01,1,2,normal,True,2,5237,-8836.995874652446,4,17708.24576568201,17681.991749304892,0.9913568768364998,False,EXPOSED_HISTORY
QQQ,2020-01,1,2,t,True,3,5237,-8767.66577368724,5,17578.14906784588,17545.33154737448,0.9983792206001683,False,EXPOSED_HISTORY
QQQ,2020-01,2,1,normal,True,4,5237,-8835.53170444582,4,17705.31742526876,17679.06340889164,0.9901654811372312,False,EXPOSED_HISTORY
QQQ,2020-01,2,1,t,True,5,5237,-8765.10444531137,5,17573.02641109414,17540.20889062274,0.9978866680603812,False,EXPOSED_HISTORY
QQQ,2020-02,1,1,normal,True,0,5258,-8866.549550348938,3,17758.801618713747,17739.099100697877,0.9911718837098302,False,EXPOSED_HISTORY
QQQ,2020-02,1,1,t,True,1,5258,-8797.630205978498,4,17629.530435978155,17603.260411956995,0.9981128582516577,True,EXPOSED_HISTORY
QQQ,2020-02,1,2,normal,True,2,5258,-8866.549550351076,4,17767.36912472331,17741.09910070215,0.9911718539138916,False,EXPOSED_HISTORY
QQQ,2020-02,1,2,t,True,3,5258,-8797.630205988773,5,17638.097942003995,17605.260411977546,0.9981126154032485,False,EXPOSED_HISTORY
QQQ,2020-02,2,1,normal,True,4,5258,-8865.198983299802,4,17764.667990620765,17738.397966599605,0.9900125871611904,False,EXPOSED_HISTORY
QQQ,2020-02,2,1,t,True,5,5258,-8795.246164104545,5,17633.32985823554,17600.49232820909,0.9975921840023227,False,EXPOSED_HISTORY
QQQ,2020-03,1,1,normal,True,0,5277,-8907.657036828077,3,17841.02741275637,17821.314073656155,0.9914049485279046,False,EXPOSED_HISTORY
QQQ,2020-03,1,1,t,True,1,5277,-8837.146177491357,4,17708.576807116337,17682.292354982714,0.998541436326988,True,EXPOSED_HISTORY
QQQ,2020-03,1,2,normal,True,2,5277,-8907.657036828343,4,17849.59852579031,17823.314073656686,0.9914048784629295,False,EXPOSED_HISTORY
QQQ,2020-03,1,2,t,True,3,5277,-8837.146177496808,5,17717.147920160645,17684.292354993617,0.9985413689008593,False,EXPOSED_HISTORY
QQQ,2020-03,2,1,normal,True,4,5277,-8906.514054632444,4,17847.31256139851,17821.028109264887,0.9903678917138462,False,EXPOSED_HISTORY
QQQ,2020-03,2,1,t,True,5,5277,-8834.96870622864,5,17712.792977624307,17679.93741245728,0.9981053439049314,False,EXPOSED_HISTORY
QQQ,2020-04,1,1,normal,True,0,5299,-8981.66817751972,3,17989.062175246916,17969.33635503944,0.9919259234008325,False,EXPOSED_HISTORY
QQQ,2020-04,1,1,t,True,1,5299,-8911.92092304546,4,17858.14293970089,17831.84184609092,0.9993751365744338,True,EXPOSED_HISTORY
QQQ,2020-04,1,2,normal,True,2,5299,-8981.668177519716,4,17997.637448649402,17971.33635503943,0.9919259651585172,False,EXPOSED_HISTORY
QQQ,2020-04,1,2,t,True,3,5299,-8911.920923045454,5,17866.718213103373,17833.84184609091,0.9993751121257448,False,EXPOSED_HISTORY
QQQ,2020-04,2,1,normal,True,4,5299,-8980.290774781999,4,17994.88264317397,17968.581549563998,0.9908136182583648,False,EXPOSED_HISTORY
QQQ,2020-04,2,1,t,True,5,5299,-8909.547182930535,5,17861.970732873535,17829.09436586107,0.9989888800717964,False,EXPOSED_HISTORY
QQQ,2020-05,1,1,normal,True,0,5320,-9032.943784066742,3,18091.62525388049,18071.887568133483,0.9913463533553483,False,EXPOSED_HISTORY
QQQ,2020-05,1,1,t,True,1,5320,-8963.165401949305,4,17960.647718227952,17934.33080389861,0.9988175693277093,True,EXPOSED_HISTORY
QQQ,2020-05,1,2,normal,True,2,5320,-9032.943784066983,4,18100.20448246331,18073.887568133967,0.9913464078244428,False,EXPOSED_HISTORY
QQQ,2020-05,1,2,t,True,3,5320,-8963.165401950331,5,17969.22694681234,17936.330803900662,0.9988176062609789,False,EXPOSED_HISTORY
QQQ,2020-05,2,1,normal,True,4,5320,-9031.407522432237,4,18097.131959193815,18070.815044864474,0.9901327741626439,False,EXPOSED_HISTORY
QQQ,2020-05,2,1,t,True,5,5320,-8960.596491797245,5,17964.08912650617,17931.19298359449,0.998356821485591,False,EXPOSED_HISTORY
QQQ,2020-06,1,1,normal,True,0,5340,-9068.640796941872,3,18163.03053667961,18143.281593883745,0.9906263485019094,False,EXPOSED_HISTORY
QQQ,2020-06,1,1,t,True,1,5340,-8998.974933465994,4,18032.281790659803,18005.949866931987,0.9981806312640242,True,EXPOSED_HISTORY
QQQ,2020-06,1,2,normal,True,2,5340,-9068.640796942007,4,18171.61351761183,18145.281593884014,0.9906263436266391,False,EXPOSED_HISTORY
QQQ,2020-06,1,2,t,True,3,5340,-8998.974933473852,5,18040.864771607474,18007.949866947703,0.9981806654326814,False,EXPOSED_HISTORY
QQQ,2020-06,2,1,normal,True,4,5340,-9066.773396313716,4,18167.878716355248,18141.546792627432,0.9893060856543231,False,EXPOSED_HISTORY
QQQ,2020-06,2,1,t,True,5,5340,-8995.940255540421,5,18034.795415740613,18001.880511080843,0.9976822304728439,False,EXPOSED_HISTORY
QQQ,2020-07,1,1,normal,True,0,5362,-9113.510962808636,3,18252.78320257366,18233.02192561727,0.9910617835426844,False,EXPOSED_HISTORY
QQQ,2020-07,1,1,t,True,1,5362,-9041.046401664506,4,18116.441172604194,18090.09280332901,0.9983497219593137,True,EXPOSED_HISTORY
QQQ,2020-07,1,2,normal,True,2,5362,-9113.510962807191,4,18261.370294889566,18235.021925614383,0.991061966233223,False,EXPOSED_HISTORY
QQQ,2020-07,1,2,t,True,3,5362,-9041.046401677177,5,18125.028264948334,18092.092803354353,0.9983497548015574,False,EXPOSED_HISTORY
QQQ,2020-07,2,1,normal,True,4,5362,-9111.988049508791,4,18258.324468292765,18231.976099017582,0.9898832409951713,False,EXPOSED_HISTORY
QQQ,2020-07,2,1,t,True,5,5362,-9038.079718671053,5,18119.094898936088,18086.159437342107,0.9979248409235077,False,EXPOSED_HISTORY
QQQ,2020-08,1,1,normal,True,0,5384,-9152.879657229547,3,18331.532875073066,18311.759314459094,0.9910484240470431,False,EXPOSED_HISTORY
QQQ,2020-08,1,1,t,True,1,5384,-9080.68604108944,4,18195.73682966418,18169.37208217888,0.9982837753454666,True,EXPOSED_HISTORY
QQQ,2020-08,1,2,normal,True,2,5384,-9152.879657228783,4,18340.124061942865,18313.759314457566,0.9910483673849265,False,EXPOSED_HISTORY
QQQ,2020-08,1,2,t,True,3,5384,-9080.686041087387,5,18204.328016531395,18171.372082174774,0.9982838490424699,False,EXPOSED_HISTORY
QQQ,2020-08,2,1,normal,True,4,5384,-9151.262569542474,4,18336.889886570247,18310.525139084948,0.9898319500519417,False,EXPOSED_HISTORY
QQQ,2020-08,2,1,t,True,5,5384,-9077.593289175478,5,18198.142512707578,18165.186578350957,0.9978355673255698,False,EXPOSED_HISTORY
QQQ,2020-09,1,1,normal,True,0,5405,-9185.998017884884,3,18397.781274959987,18377.996035769767,0.9909163554013496,False,EXPOSED_HISTORY
QQQ,2020-09,1,1,t,True,1,5405,-9113.926014294751,4,18262.232347509795,18235.852028589503,0.9981169275268836,True,EXPOSED_HISTORY
QQQ,2020-09,1,2,normal,True,2,5405,-9185.998017884027,4,18406.376354688346,18379.996035768054,0.9909162818582125,False,EXPOSED_HISTORY
QQQ,2020-09,1,2,t,True,3,5405,-9113.926014292141,5,18270.82742723465,18237.852028584282,0.9981170777210995,False,EXPOSED_HISTORY
QQQ,2020-09,2,1,normal,True,4,5405,-9184.425005497149,4,18403.23032991459,18376.850010994298,0.9897142135584266,False,EXPOSED_HISTORY
QQQ,2020-09,2,1,t,True,5,5405,-9110.890825545137,5,18264.75704974064,18231.781651090274,0.9976580527922844,False,EXPOSED_HISTORY
QQQ,2020-10,1,1,normal,True,0,5426,-9238.651044093052,3,18503.09896066576,18483.302088186105,0.9913175802396681,False,EXPOSED_HISTORY
QQQ,2020-10,1,1,t,True,1,5426,-9163.771248567768,4,18361.93832710841,18335.542497135535,0.9985199966225896,True,EXPOSED_HISTORY
QQQ,2020-10,1,2,normal,True,2,5426,-9238.651044091588,4,18511.697918156053,18485.302088183176,0.9913174781563133,False,EXPOSED_HISTORY
QQQ,2020-10,1,2,t,True,3,5426,-9163.771248572062,5,18370.53728461022,18337.542497144124,0.998520126926563,False,EXPOSED_HISTORY
QQQ,2020-10,2,1,normal,True,4,5426,-9236.914625243693,4,18508.225080460263,18481.829250487386,0.9900613553776076,False,EXPOSED_HISTORY
QQQ,2020-10,2,1,t,True,5,5426,-9160.626185153455,5,18364.247157773003,18331.25237030691,0.9980834240859023,False,EXPOSED_HISTORY
QQQ,2020-11,1,1,normal,True,0,5448,-9282.978694077981,3,18591.766399699452,18571.957388155963,0.9914615868909415,False,EXPOSED_HISTORY
QQQ,2020-11,1,1,t,True,1,5448,-9207.78421686754,4,18449.980449126397,18423.56843373508,0.9985834301284136,True,EXPOSED_HISTORY
QQQ,2020-11,1,2,normal,True,2,5448,-9282.978694076352,4,18600.36940354402,18573.957388152703,0.9914614517707847,False,EXPOSED_HISTORY
QQQ,2020-11,1,2,t,True,3,5448,-9207.784216874466,5,18458.58345298808,18425.568433748933,0.9985834625598461,False,EXPOSED_HISTORY
QQQ,2020-11,2,1,normal,True,4,5448,-9281.34775586384,4,18597.107527119,18570.69551172768,0.9902783990610583,False,EXPOSED_HISTORY
QQQ,2020-11,2,1,t,True,5,5448,-9204.752469034229,5,18452.519957307606,18419.504938068458,0.9981874830748215,False,EXPOSED_HISTORY
QQQ,2020-12,1,1,normal,True,0,5468,-9319.772565060139,3,18665.365134713807,18645.545130120277,0.9912069106427515,False,EXPOSED_HISTORY
QQQ,2020-12,1,1,t,True,1,5468,-9244.151112737673,4,18522.72889826672,18496.302225475345,0.998347836775396,True,EXPOSED_HISTORY
QQQ,2020-12,1,2,normal,True,2,5468,-9319.772565058736,4,18673.971802908847,18647.545130117473,0.991206821524944,False,EXPOSED_HISTORY
QQQ,2020-12,1,2,t,True,3,5468,-9244.151112740139,5,18531.335566469497,18498.302225480278,0.9983481232984649,False,EXPOSED_HISTORY
QQQ,2020-12,2,1,normal,True,4,5468,-9318.135584351068,4,18670.69784149351,18644.271168702136,0.9899848731402887,False,EXPOSED_HISTORY
QQQ,2020-12,2,1,t,True,5,5468,-9241.12811754312,5,18525.289576075458,18492.25623508624,0.9979116599225457,False,EXPOSED_HISTORY
QQQ,2021-01,1,1,normal,True,0,5490,-9346.32860405873,3,18718.489258720972,18698.65720811746,0.9909298158962062,False,EXPOSED_HISTORY
QQQ,2021-01,1,1,t,True,1,5490,-9269.75839172092,4,18573.959517579853,18547.51678344184,0.9981739134180367,True,EXPOSED_HISTORY
QQQ,2021-01,1,2,normal,True,2,5490,-9346.32860405867,4,18727.099942255354,18700.65720811734,0.9909297687512875,False,EXPOSED_HISTORY
QQQ,2021-01,1,2,t,True,3,5490,-9269.758391724237,5,18582.570201120994,18549.516783448475,0.9981742342599245,False,EXPOSED_HISTORY
QQQ,2021-01,2,1,normal,True,4,5490,-9344.526907666814,4,18723.49654947164,18697.053815333627,0.9896706762406594,False,EXPOSED_HISTORY
QQQ,2021-01,2,1,t,True,5,5490,-9266.447967204225,5,18575.94935208097,18542.89593440845,0.9977499632597265,False,EXPOSED_HISTORY
QQQ,2021-02,1,1,normal,True,0,5509,-9382.113692165263,3,18790.069799522946,18770.227384330527,0.99106956863517,False,EXPOSED_HISTORY
QQQ,2021-02,1,1,t,True,1,5509,-9306.331953623518,4,18647.120460836926,18620.663907247035,0.9982464222485447,True,EXPOSED_HISTORY
QQQ,2021-02,1,2,normal,True,2,5509,-9382.113692164563,4,18798.683937919017,18772.227384329126,0.9910694988836286,False,EXPOSED_HISTORY
QQQ,2021-02,1,2,t,True,3,5509,-9306.331953619294,5,18655.73459922595,18622.663907238588,0.9982465675246426,False,EXPOSED_HISTORY
QQQ,2021-02,2,1,normal,True,4,5509,-9380.411311700878,4,18795.279176991648,18768.822623401757,0.9898247966988111,False,EXPOSED_HISTORY
QQQ,2021-02,2,1,t,True,5,5509,-9303.22738385023,5,18649.525459687822,18616.45476770046,0.9977958561538798,False,EXPOSED_HISTORY
QQQ,2021-03,1,1,normal,True,0,5528,-9415.665054597182,3,18857.182853290706,18837.330109194365,0.9911184709077745,False,EXPOSED_HISTORY
QQQ,2021-03,1,1,t,True,1,5528,-9338.39815562712,4,18711.266636716027,18684.79631125424,0.9983190809998101,True,EXPOSED_HISTORY
QQQ,2021-03,1,2,normal,True,2,5528,-9415.665054599147,4,18865.800434660083,18839.330109198294,0.9911181978098544,False,EXPOSED_HISTORY
QQQ,2021-03,1,2,t,True,3,5528,-9338.398155637678,5,18719.884218102594,18686.796311275357,0.9983191971798393,False,EXPOSED_HISTORY
QQQ,2021-03,2,1,normal,True,4,5528,-9413.965601395787,4,18862.401528253362,18835.931202791573,0.9898722736954364,False,EXPOSED_HISTORY
QQQ,2021-03,2,1,t,True,5,5528,-9335.278486531715,5,18713.644879890668,18680.55697306343,0.9978761241468224,False,EXPOSED_HISTORY
QQQ,2021-04,1,1,normal,True,0,5551,-9462.720830283108,3,18951.306860678287,18931.441660566215,0.9910967303413452,False,EXPOSED_HISTORY
QQQ,2021-04,1,1,t,True,1,5551,-9386.134317028655,4,18806.75556754007,18780.26863405731,0.998334165908507,True,EXPOSED_HISTORY
QQQ,2021-04,1,2,normal,True,2,5551,-9462.720830284621,4,18959.928594052002,18933.441660569242,0.9910964473222901,False,EXPOSED_HISTORY
QQQ,2021-04,1,2,t,True,3,5551,-9386.1343170217,5,18815.377300896853,18782.2686340434,0.9983340316850207,False,EXPOSED_HISTORY
QQQ,2021-04,2,1,normal,True,4,5551,-9460.863552238028,4,18956.214037958816,18929.727104476056,0.9897675410109738,False,EXPOSED_HISTORY
QQQ,2021-04,2,1,t,True,5,5551,-9382.766223972802,5,18808.641114799055,18775.532447945603,0.9978370278398112,False,EXPOSED_HISTORY
QQQ,2021-05,1,1,normal,True,0,5572,-9492.756147521275,3,19011.388823047248,18991.51229504255,0.9908032530635853,False,EXPOSED_HISTORY
QQQ,2021-05,1,1,t,True,1,5572,-9416.190481985166,4,18866.883001309932,18840.380963970332,0.9980603766389436,True,EXPOSED_HISTORY
QQQ,2021-05,1,2,normal,True,2,5572,-9492.756147520973,4,19020.014332381546,18993.512295041946,0.9908031935268968,False,EXPOSED_HISTORY
QQQ,2021-05,1,2,t,True,3,5572,-9416.190481998972,5,18875.508510672444,18842.380963997944,0.9980601985038471,False,EXPOSED_HISTORY
QQQ,2021-05,2,1,normal,True,4,5572,-9490.839535680705,4,19016.18110870101,18989.67907136141,0.9894499700395116,False,EXPOSED_HISTORY
QQQ,2021-05,2,1,t,True,5,5572,-9412.790294397002,5,18868.708135468503,18835.580588794004,0.9975440170011014,False,EXPOSED_HISTORY
QQQ,2021-06,1,1,normal,True,0,5592,-9526.998884624105,3,19079.88504609995,19059.99776924821,0.9908478429131149,False,EXPOSED_HISTORY
QQQ,2021-06,1,1,t,True,1,5592,-9450.309071006806,4,18935.134511149266,18908.618142013613,0.9980869267790273,True,EXPOSED_HISTORY
QQQ,2021-06,1,2,normal,True,2,5592,-9526.998884623972,4,19088.514138383598,19061.997769247944,0.9908477612549179,False,EXPOSED_HISTORY
QQQ,2021-06,1,2,t,True,3,5592,-9450.309071011081,5,18943.76360344173,18910.618142022162,0.9980870845678284,False,EXPOSED_HISTORY
QQQ,2021-06,2,1,normal,True,4,5592,-9524.90817540737,4,19084.332719950395,19057.81635081474,0.9894201113794305,False,EXPOSED_HISTORY
QQQ,2021-06,2,1,t,True,5,5592,-9446.657445314093,5,18936.460352047754,18903.314890628186,0.9975434581224819,False,EXPOSED_HISTORY
QQQ,2021-07,1,1,normal,True,0,5614,-9553.332326598003,3,19132.563709466773,19112.664653196007,0.9907219246699518,False,EXPOSED_HISTORY
QQQ,2021-07,1,1,t,True,1,5614,-9476.427345993716,4,18987.38676701512,18960.85469198743,0.9979503298194732,True,EXPOSED_HISTORY
QQQ,2021-07,1,2,normal,True,2,5614,-9553.332326597723,4,19141.196728223134,19114.664653195447,0.9907218253189258,False,EXPOSED_HISTORY
QQQ,2021-07,1,2,t,True,3,5614,-9476.427345984823,5,18996.019785754255,18962.854691969646,0.997950190568766,False,EXPOSED_HISTORY
QQQ,2021-07,2,1,normal,True,4,5614,-9551.19425536803,4,19136.920585763746,19110.38851073606,0.9892794468063144,False,EXPOSED_HISTORY
QQQ,2021-07,2,1,t,True,5,5614,-9472.723492431045,5,18988.6120786467,18955.44698486209,0.9973933799949808,False,EXPOSED_HISTORY
QQQ,2021-08,1,1,normal,True,0,5635,-9575.833056788417,3,19177.576370856255,19157.666113576834,0.9907421010145735,False,EXPOSED_HISTORY
QQQ,2021-08,1,1,t,True,1,5635,-9499.180847233572,4,19032.90870417304,19006.361694467145,0.9978308821945788,True,EXPOSED_HISTORY
QQQ,2021-08,1,2,normal,True,2,5635,-9575.833056788257,4,19186.21312328241,19159.666113576513,0.9907420253102508,False,EXPOSED_HISTORY
QQQ,2021-08,1,2,t,True,3,5635,-9499.180847230702,5,19041.545456593773,19008.361694461404,0.9978307290285744,False,EXPOSED_HISTORY
QQQ,2021-08,2,1,normal,True,4,5635,-9573.693199996404,4,19181.933409698704,19155.386399992807,0.9893095129105971,False,EXPOSED_HISTORY
QQQ,2021-08,2,1,t,True,5,5635,-9495.49095863045,5,19034.165679393267,19000.9819172609,0.9972422940743774,False,EXPOSED_HISTORY
QQQ,2021-09,1,1,normal,True,0,5657,-9598.35365766849,3,19222.629262323007,19202.70731533698,0.9908053499786017,False,EXPOSED_HISTORY
QQQ,2021-09,1,1,t,True,1,5657,-9521.782035678536,4,19078.126667338445,19051.564071357072,0.9977496049505536,True,EXPOSED_HISTORY
QQQ,2021-09,1,2,normal,True,2,5657,-9598.353657670119,4,19231.26991132161,19204.707315340238,0.9908052220638787,False,EXPOSED_HISTORY
QQQ,2021-09,1,2,t,True,3,5657,-9521.782035682707,5,19086.76731634213,19053.564071365414,0.9977495718525378,False,EXPOSED_HISTORY
QQQ,2021-09,2,1,normal,True,4,5657,-9596.279115299112,4,19227.120826579598,19200.558230598224,0.9893938016426976,False,EXPOSED_HISTORY
QQQ,2021-09,2,1,t,True,5,5657,-9518.180157146118,5,19079.563559268954,19046.360314292237,0.9971343176838681,False,EXPOSED_HISTORY
QQQ,2021-10,1,1,normal,True,0,5678,-9626.968719601955,3,19279.87050221501,19259.93743920391,0.99072394773685,False,EXPOSED_HISTORY
QQQ,2021-10,1,1,t,True,1,5678,-9548.953426198126,4,19132.484269744386,19105.906852396252,0.9978134570022257,True,EXPOSED_HISTORY
QQQ,2021-10,1,2,normal,True,2,5678,-9626.968719601944,4,19288.51485655202,19261.937439203888,0.9907238894891238,False,EXPOSED_HISTORY
QQQ,2021-10,1,2,t,True,3,5678,-9548.95342620389,5,19141.128624092944,19107.90685240778,0.9978136317952608,False,EXPOSED_HISTORY
QQQ,2021-10,2,1,normal,True,4,5678,-9624.973052758527,4,19284.523522865187,19257.946105517054,0.9893116558493441,False,EXPOSED_HISTORY
QQQ,2021-10,2,1,t,True,5,5678,-9545.388554670353,5,19133.99888102587,19100.777109340706,0.9972024647262823,False,EXPOSED_HISTORY
QQQ,2021-11,1,1,normal,True,0,5699,-9655.964813729915,3,19337.873765459335,19317.92962745983,0.990634764139783,False,EXPOSED_HISTORY
QQQ,2021-11,1,1,t,True,1,5699,-9578.065939091877,4,19190.724062183093,19164.131878183754,0.9976833686444387,True,EXPOSED_HISTORY
QQQ,2021-11,1,2,normal,True,2,5699,-9655.964813729905,4,19346.521811459148,19319.92962745981,0.9906346963375458,False,EXPOSED_HISTORY
QQQ,2021-11,1,2,t,True,3,5699,-9578.065939093049,5,19199.37210818527,19166.131878186097,0.9976832958630087,False,EXPOSED_HISTORY
QQQ,2021-11,2,1,normal,True,4,5699,-9653.989986861183,4,19342.572157721705,19315.979973722366,0.9892139718924238,False,EXPOSED_HISTORY
QQQ,2021-11,2,1,t,True,5,5699,-9574.519159468415,5,19192.278548936003,19159.03831893683,0.9970426594634314,False,EXPOSED_HISTORY
QQQ,2021-12,1,1,normal,True,0,5720,-9685.610614369432,3,19397.176400991986,19377.221228738865,0.9906216027923481,False,EXPOSED_HISTORY
QQQ,2021-12,1,1,t,True,1,5720,-9608.388754206962,4,19251.38440475142,19224.777508413925,0.99760998862266,True,EXPOSED_HISTORY
QQQ,2021-12,1,2,normal,True,2,5720,-9685.61061436974,4,19405.828125076976,19379.22122873948,0.990621574917092,False,EXPOSED_HISTORY
QQQ,2021-12,1,2,t,True,3,5720,-9608.388754206899,5,19260.036128835665,19226.777508413797,0.9976100414339619,False,EXPOSED_HISTORY
QQQ,2021-12,2,1,normal,True,4,5720,-9683.74332900712,4,19402.093554351737,19375.48665801424,0.9892359445336139,False,EXPOSED_HISTORY
QQQ,2021-12,2,1,t,True,5,5720,-9605.007334912581,5,19253.27329024703,19220.014669825163,0.9969705696221635,False,EXPOSED_HISTORY
QQQ,2022-01,1,1,normal,True,0,5742,-9725.667807522865,3,19477.302303627774,19457.33561504573,0.9905997512568842,False,EXPOSED_HISTORY
QQQ,2022-01,1,1,t,True,1,5742,-9649.14486859893,4,19332.911988640586,19306.28973719786,0.9975868148314958,True,EXPOSED_HISTORY
QQQ,2022-01,1,2,normal,True,2,5742,-9725.667807525826,4,19485.957866494377,19459.335615051652,0.9905995521483718,False,EXPOSED_HISTORY
QQQ,2022-01,1,2,t,True,3,5742,-9649.144868629148,5,19341.5675515617,19308.289737258296,0.9975867664941139,False,EXPOSED_HISTORY
QQQ,2022-01,2,1,normal,True,4,5742,-9723.671271228024,4,19481.964793898773,19455.34254245605,0.9891561392585629,False,EXPOSED_HISTORY
QQQ,2022-01,2,1,t,True,5,5742,-9645.542250555533,5,19334.36231541447,19301.084501111065,0.9969028990213578,False,EXPOSED_HISTORY
QQQ,2022-02,1,1,normal,True,0,5762,-9767.380207017075,3,19560.737533781084,19540.76041403415,0.9909224640498764,False,EXPOSED_HISTORY
QQQ,2022-02,1,1,t,True,1,5762,-9691.560988400393,4,19417.758136463366,19391.121976800787,0.9978987656870192,True,EXPOSED_HISTORY
QQQ,2022-02,1,2,normal,True,2,5762,-9767.380207018516,4,19569.39657369961,19542.76041403703,0.9909223252771807,False,EXPOSED_HISTORY
QQQ,2022-02,1,2,t,True,3,5762,-9691.560988405261,5,19426.417176388746,19393.121976810522,0.9978992218114537,False,EXPOSED_HISTORY
QQQ,2022-02,2,1,normal,True,4,5762,-9765.28313819269,4,19565.20243604796,19538.56627638538,0.9894870273274824,False,EXPOSED_HISTORY
QQQ,2022-02,2,1,t,True,5,5762,-9687.760940918823,5,19418.81708141587,19385.521881837645,0.9972501161150417,False,EXPOSED_HISTORY
QQQ,2022-03,1,1,normal,True,0,5781,-9808.663992842688,3,19643.314981556625,19623.327985685377,0.9910170757075571,False,EXPOSED_HISTORY
QQQ,2022-03,1,1,t,True,1,5781,-9733.306025627495,4,19501.26137908332,19474.61205125499,0.9979814495854862,True,EXPOSED_HISTORY
QQQ,2022-03,1,2,normal,True,2,5781,-9808.663992843218,4,19651.977313514766,19625.327985686436,0.9910169974702892,False,EXPOSED_HISTORY
QQQ,2022-03,1,2,t,True,3,5781,-9733.306025613663,5,19509.92371101274,19476.612051227326,0.9979820234379198,False,EXPOSED_HISTORY
QQQ,2022-03,2,1,normal,True,4,5781,-9806.449387413366,4,19647.548102655062,19620.898774826732,0.9895457393342251,False,EXPOSED_HISTORY
QQQ,2022-03,2,1,t,True,5,5781,-9729.353729847462,5,19502.019119480337,19468.707459694924,0.997312037188935,False,EXPOSED_HISTORY
QQQ,2022-04,1,1,normal,True,0,5804,-9857.613258377252,3,19741.225424596516,19721.226516754505,0.9910004840929825,False,EXPOSED_HISTORY
QQQ,2022-04,1,1,t,True,1,5804,-9783.018287488949,4,19600.701785433914,19574.036574977898,0.9979500538067209,True,EXPOSED_HISTORY
QQQ,2022-04,1,2,normal,True,2,5804,-9857.61325837751,4,19749.891727211038,19723.22651675502,0.9910004114776326,False,EXPOSED_HISTORY
QQQ,2022-04,1,2,t,True,3,5804,-9783.018287490628,5,19609.368088051277,19576.036574981255,0.9979501977944055,False,EXPOSED_HISTORY
QQQ,2022-04,2,1,normal,True,4,5804,-9855.32675115843,4,19745.318712772878,19718.65350231686,0.9894946160328769,False,EXPOSED_HISTORY
QQQ,2022-04,2,1,t,True,5,5804,-9778.945240908715,5,19601.22199488745,19567.89048181743,0.9972485496256884,False,EXPOSED_HISTORY
QQQ,2022-05,1,1,normal,True,0,5824,-9902.32917581563,3,19830.66757940089,19810.65835163126,0.9913052174142458,False,EXPOSED_HISTORY
QQQ,2022-05,1,1,t,True,1,5824,-9828.965789817474,4,19692.610549994453,19665.931579634947,0.9982710847072936,True,EXPOSED_HISTORY
QQQ,2022-05,1,2,normal,True,2,5824,-9902.329175819423,4,19839.33732199835,19812.658351638845,0.9913050530137857,False,EXPOSED_HISTORY
QQQ,2022-05,1,2,t,True,3,5824,-9828.965789816953,5,19701.28029258329,19667.931579633907,0.9982711621297979,False,EXPOSED_HISTORY
QQQ,2022-05,2,1,normal,True,4,5824,-9899.953324653912,4,19834.58561966733,19807.906649307824,0.9898047118861668,False,EXPOSED_HISTORY
QQQ,2022-05,2,1,t,True,5,5824,-9824.796675935897,5,19692.942064821178,19659.593351871794,0.9976199888865689,False,EXPOSED_HISTORY
QQQ,2022-06,1,1,normal,True,0,5845,-9952.804681901043,3,19931.629389423804,19911.609363802087,0.9913499708347717,False,EXPOSED_HISTORY
QQQ,2022-06,1,1,t,True,1,5845,-9879.95637609013,4,19794.606119675882,19767.91275218026,0.9983100659766537,False,EXPOSED_HISTORY
QQQ,2022-06,1,2,normal,True,2,5845,-9952.804681902959,4,19940.30273130154,19913.609363805917,0.991349802435394,False,EXPOSED_HISTORY
QQQ,2022-06,1,2,t,True,3,5845,-9879.956376178696,5,19803.27946172692,19769.91275235739,0.9983102158683782,False,EXPOSED_HISTORY
QQQ,2022-06,2,1,normal,True,4,5845,-9950.33083744263,4,19935.355042380885,19908.66167488526,0.9898124490313952,False,EXPOSED_HISTORY
QQQ,2022-06,2,1,t,True,5,5845,-9875.611685227617,5,19794.590079824764,19761.223370455235,0.9976229048463187,True,EXPOSED_HISTORY
QQQ,2022-07,1,1,normal,True,0,5866,-10000.978482876551,3,20027.987750501714,20007.956965753103,0.9913923247672038,False,EXPOSED_HISTORY
QQQ,2022-07,1,1,t,True,1,5866,-9928.635812355435,4,19891.979337709017,19865.27162471087,0.9983259515182916,True,EXPOSED_HISTORY
QQQ,2022-07,1,2,normal,True,2,5866,-10000.978482878303,4,20036.664678754754,20009.956965756606,0.9913921054621515,False,EXPOSED_HISTORY
QQQ,2022-07,1,2,t,True,3,5866,-9928.635812484663,5,19900.656266217014,19867.271624969326,0.9983263295595334,False,EXPOSED_HISTORY
QQQ,2022-07,2,1,normal,True,4,5866,-9998.628538815887,4,20031.96479062992,20005.257077631773,0.9899224644906739,False,EXPOSED_HISTORY
QQQ,2022-07,2,1,t,True,5,5866,-9924.414053208322,5,19892.212747664333,19858.828106416644,0.9976727594600282,False,EXPOSED_HISTORY
QQQ,2022-08,1,1,normal,True,0,5886,-10041.410170654568,3,20108.861337095517,20088.820341309136,0.9913688413526209,False,EXPOSED_HISTORY
QQQ,2022-08,1,1,t,True,1,5886,-9969.220273318992,4,19973.161874353158,19946.440546637983,0.9982659156660009,True,EXPOSED_HISTORY
QQQ,2022-08,1,2,normal,True,2,5886,-10041.410170655276,4,20117.541669025726,20090.82034131055,0.9913686838252811,False,EXPOSED_HISTORY
QQQ,2022-08,1,2,t,True,3,5886,-9969.220273322026,5,19981.84220628802,19948.44054664405,0.9982658395827989,False,EXPOSED_HISTORY
QQQ,2022-08,2,1,normal,True,4,5886,-10039.054533634528,4,20112.83039498423,20086.109067269055,0.9899119747563426,False,EXPOSED_HISTORY
QQQ,2022-08,2,1,t,True,5,5886,-9964.980915930102,5,19973.363491504173,19939.961831860204,0.9976286633072267,False,EXPOSED_HISTORY
QQQ,2022-09,1,1,normal,True,0,5909,-10086.049884528598,3,20198.152464731233,20178.099769057197,0.9913859728547545,False,EXPOSED_HISTORY
QQQ,2022-09,1,1,t,True,1,5909,-10013.448025535678,4,20061.63297863674,20034.896051071355,0.9982259745158537,True,EXPOSED_HISTORY
QQQ,2022-09,1,2,normal,True,2,5909,-10086.049884531063,4,20206.83669662751,20180.099769062126,0.9913859678132947,False,EXPOSED_HISTORY
QQQ,2022-09,1,2,t,True,3,5909,-10013.448025543152,5,20070.31721054303,20036.896051086303,0.9982261770097945,False,EXPOSED_HISTORY
QQQ,2022-09,2,1,normal,True,4,5909,-10083.806757285569,4,20202.35044213652,20175.613514571138,0.9899849360829095,False,EXPOSED_HISTORY
QQQ,2022-09,2,1,t,True,5,5909,-10009.298554743033,5,20062.018268942793,20028.597109486065,0.997608169760425,False,EXPOSED_HISTORY
QQQ,2022-10,1,1,normal,True,0,5930,-10130.935733734528,3,20287.93480594503,20267.871467469056,0.9915911876762415,False,EXPOSED_HISTORY
QQQ,2022-10,1,1,t,True,1,5930,-10057.000311018026,4,20148.75174000402,20122.000622036052,0.9983410880414519,True,EXPOSED_HISTORY
QQQ,2022-10,1,2,normal,True,2,5930,-10130.93573373363,4,20296.622585435227,20269.87146746726,0.991591014322781,False,EXPOSED_HISTORY
QQQ,2022-10,1,2,t,True,3,5930,-10057.00031101815,5,20157.43951949626,20124.0006220363,0.9983411339270094,False,EXPOSED_HISTORY
QQQ,2022-10,2,1,normal,True,4,5930,-10128.69079852958,4,20292.132715027128,20265.38159705916,0.9902097664133523,False,EXPOSED_HISTORY
QQQ,2022-10,2,1,t,True,5,5930,-10052.863005133859,5,20149.164907727678,20115.726010267717,0.9977396921585641,False,EXPOSED_HISTORY
QQQ,2022-11,1,1,normal,True,0,5951,-10176.676132236511,3,20379.426208127956,20359.352264473022,0.9917208923982544,False,EXPOSED_HISTORY
QQQ,2022-11,1,1,t,True,1,5951,-10103.590188695169,4,20241.945635596916,20215.180377390338,0.9984536783289655,True,EXPOSED_HISTORY
QQQ,2022-11,1,2,normal,True,2,5951,-10176.67613223536,4,20388.117522677298,20361.35226447072,0.9917207308052794,False,EXPOSED_HISTORY
QQQ,2022-11,1,2,t,True,3,5951,-10103.590188701135,5,20250.636950160493,20217.18037740227,0.9984533726854515,False,EXPOSED_HISTORY
QQQ,2022-11,2,1,normal,True,4,5951,-10174.427953354649,4,20383.621164915876,20356.855906709297,0.9903540360145455,False,EXPOSED_HISTORY
QQQ,2022-11,2,1,t,True,5,5951,-10099.469092552948,5,20242.39475786412,20208.938185105897,0.997869242778242,False,EXPOSED_HISTORY
QQQ,2022-12,1,1,normal,True,0,5972,-10226.900437003316,3,20479.88538548261,20459.800874006633,0.9920741193877434,False,EXPOSED_HISTORY
QQQ,2022-12,1,1,t,True,1,5972,-10151.676708917568,4,20338.13276646977,20311.353417835136,0.998658638506436,True,EXPOSED_HISTORY
QQQ,2022-12,1,2,normal,True,2,5972,-10226.900437000593,4,20488.58022263582,20461.800874001186,0.9920739666630676,False,EXPOSED_HISTORY
QQQ,2022-12,1,2,t,True,3,5972,-10151.676708915282,5,20346.82760362386,20313.353417830564,0.9986587567611209,False,EXPOSED_HISTORY
QQQ,2022-12,2,1,normal,True,4,5972,-10224.924543396492,4,20484.628435427618,20457.849086792983,0.9908523030736395,False,EXPOSED_HISTORY
QQQ,2022-12,2,1,t,True,5,5972,-10147.795563214673,5,20339.065312222643,20305.591126429346,0.998136329059801,False,EXPOSED_HISTORY
QQQ,2023-01,1,1,normal,True,0,5993,-10266.221718522773,3,20558.53847924692,20538.443437045546,0.9919119386222235,False,EXPOSED_HISTORY
QQQ,2023-01,1,1,t,True,1,5993,-10190.987254538242,4,20416.767898678318,20389.974509076485,0.9984562955835639,True,EXPOSED_HISTORY
QQQ,2023-01,1,2,normal,True,2,5993,-10266.221718522047,4,20567.236826645927,20540.443437044094,0.9919117690491155,False,EXPOSED_HISTORY
QQQ,2023-01,1,2,t,True,3,5993,-10190.987254535701,5,20425.466246073694,20391.974509071402,0.9984566767649261,False,EXPOSED_HISTORY
QQQ,2023-01,2,1,normal,True,4,5993,-10264.144042157339,4,20563.08147391651,20536.288084314678,0.9906516996846086,False,EXPOSED_HISTORY
QQQ,2023-01,2,1,t,True,5,5993,-10186.943750902568,5,20417.37923880743,20383.887501805137,0.9979030239324848,False,EXPOSED_HISTORY
QQQ,2023-02,1,1,normal,True,0,6013,-10302.473128537556,3,20631.05129428823,20610.946257075113,0.9919026800198636,False,EXPOSED_HISTORY
QQQ,2023-02,1,1,t,True,1,6013,-10227.70971158645,4,20490.22613945706,20463.4194231729,0.9984131562095376,True,EXPOSED_HISTORY
QQQ,2023-02,1,2,normal,True,2,6013,-10302.473128536552,4,20639.752973357263,20612.946257073105,0.9919024813352563,False,EXPOSED_HISTORY
QQQ,2023-02,1,2,t,True,3,6013,-10227.709712590262,5,20498.927820535722,20465.419425180524,0.9984131271464757,False,EXPOSED_HISTORY
QQQ,2023-02,2,1,normal,True,4,6013,-10300.476852739128,4,20635.760421762414,20608.953705478256,0.9906820823755513,False,EXPOSED_HISTORY
QQQ,2023-02,2,1,t,True,5,6013,-10223.808901810997,5,20491.126198977192,20457.617803621994,0.9978778159593449,False,EXPOSED_HISTORY
QQQ,2023-03,1,1,normal,True,0,6032,-10338.287837718999,3,20702.69017716706,20682.575675437998,0.9918628177579658,False,EXPOSED_HISTORY
QQQ,2023-03,1,1,t,True,1,6032,-10263.90656833666,4,20562.632472312074,20535.81313667332,0.9983615244553797,True,EXPOSED_HISTORY
QQQ,2023-03,1,2,normal,True,2,6032,-10338.28783771914,4,20711.39501107703,20684.57567543828,0.9918626325645387,False,EXPOSED_HISTORY
QQQ,2023-03,1,2,t,True,3,6032,-10263.90656833826,5,20571.33730622496,20537.81313667652,0.9983618053967551,False,EXPOSED_HISTORY
QQQ,2023-03,2,1,normal,True,4,6032,-10336.323059773144,4,20707.46545518504,20680.646119546287,0.9906433434558288,False,EXPOSED_HISTORY
QQQ,2023-03,2,1,t,True,5,6032,-10260.037806075627,5,20563.599781699693,20530.075612151253,0.9978156963439154,False,EXPOSED_HISTORY
QQQ,2023-04,1,1,normal,True,0,6055,-10377.366531994941,3,20780.858982957845,20760.733063989883,0.9918388184798468,False,EXPOSED_HISTORY
QQQ,2023-04,1,1,t,True,1,6055,-10303.644150616507,4,20642.12285985696,20615.288301233013,0.9982944479013766,True,EXPOSED_HISTORY
QQQ,2023-04,1,2,normal,True,2,6055,-10377.366531994594,4,20789.567622613136,20762.733063989188,0.9918386335621806,False,EXPOSED_HISTORY
QQQ,2023-04,1,2,t,True,3,6055,-10303.644150616099,5,20650.831499512133,20617.288301232198,0.9982943490494278,False,EXPOSED_HISTORY
QQQ,2023-04,2,1,normal,True,4,6055,-10375.289273383461,4,20785.41310539087,20758.578546766923,0.9905832535996253,False,EXPOSED_HISTORY
QQQ,2023-04,2,1,t,True,5,6055,-10299.634308590252,5,20642.811815460438,20609.268617180503,0.9977292140033781,False,EXPOSED_HISTORY
QQQ,2023-05,1,1,normal,True,0,6074,-10405.645969946667,3,20837.42725783015,20817.291939893334,0.9917606536912493,False,EXPOSED_HISTORY
QQQ,2023-05,1,1,t,True,1,6074,-10331.207726476245,4,20697.26254353491,20670.41545295249,0.9982425199958117,True,EXPOSED_HISTORY
QQQ,2023-05,1,2,normal,True,2,6074,-10405.645969948479,4,20846.13903047938,20819.291939896957,0.991760485683816,False,EXPOSED_HISTORY
QQQ,2023-05,1,2,t,True,3,6074,-10331.207726508183,5,20705.974316244392,20672.415453016365,0.9982420612738079,False,EXPOSED_HISTORY
QQQ,2023-05,2,1,normal,True,4,6074,-10403.473088361514,4,20841.79326730545,20814.946176723028,0.9904705468810227,False,EXPOSED_HISTORY
QQQ,2023-05,2,1,t,True,5,6074,-10327.076688244691,5,20697.71223971741,20664.153376489383,0.9976701587828023,False,EXPOSED_HISTORY
QQQ,2023-06,1,1,normal,True,0,6096,-10440.065613022238,3,20906.277390336574,20886.131226044476,0.991752164727191,False,EXPOSED_HISTORY
QQQ,2023-06,1,1,t,True,1,6096,-10365.524629243158,4,20765.910810875783,20739.049258486317,0.9982232229487241,True,EXPOSED_HISTORY
QQQ,2023-06,1,2,normal,True,2,6096,-10440.065613021934,4,20914.992778433334,20888.131226043868,0.9917521806322968,False,EXPOSED_HISTORY
QQQ,2023-06,1,2,t,True,3,6096,-10365.52462929328,5,20774.626199073395,20741.04925858656,0.9982235418744039,False,EXPOSED_HISTORY
QQQ,2023-06,2,1,normal,True,4,6096,-10438.049190139758,4,20910.959932668982,20884.098380279516,0.9905120829262518,False,EXPOSED_HISTORY
QQQ,2023-06,2,1,t,True,5,6096,-10361.599939424299,5,20766.77681933543,20733.199878848598,0.997664118943887,False,EXPOSED_HISTORY
QQQ,2023-07,1,1,normal,True,0,6117,-10471.683633454955,3,20969.52374808764,20949.36726690991,0.9916928691769985,False,EXPOSED_HISTORY
QQQ,2023-07,1,1,t,True,1,6117,-10397.73344541305,4,20830.34219906307,20803.4668908261,0.9981025097742029,True,EXPOSED_HISTORY
QQQ,2023-07,1,2,normal,True,2,6117,-10471.683633454864,4,20978.242575146698,20951.36726690973,0.9916928250903934,False,EXPOSED_HISTORY
QQQ,2023-07,1,2,t,True,3,6117,-10397.733445413305,5,20839.061026122825,20805.46689082661,0.998102240856527,False,EXPOSED_HISTORY
QQQ,2023-07,2,1,normal,True,4,6117,-10469.689530383279,4,20974.254369003527,20947.379060766558,0.9904521757368854,False,EXPOSED_HISTORY
QQQ,2023-07,2,1,t,True,5,6117,-10393.841468475155,5,20831.277072246525,20797.68293695031,0.9975199965805325,False,EXPOSED_HISTORY
QQQ,2023-08,1,1,normal,True,0,6137,-10499.401416727696,3,21024.96910736256,21004.802833455393,0.9916288286651033,False,EXPOSED_HISTORY
QQQ,2023-08,1,1,t,True,1,6137,-10424.947006306667,4,20884.782377822892,20857.894012613335,0.9980375993345822,True,EXPOSED_HISTORY
QQQ,2023-08,1,2,normal,True,2,6137,-10499.401416728842,4,21033.691198667242,21006.802833457685,0.9916286011542538,False,EXPOSED_HISTORY
QQQ,2023-08,1,2,t,True,3,6137,-10424.947006306378,5,20893.504469124702,20859.894012612756,0.9980377017477895,False,EXPOSED_HISTORY
QQQ,2023-08,2,1,normal,True,4,6137,-10497.354212935537,4,21029.596791080632,21002.708425871075,0.9903702931683709,False,EXPOSED_HISTORY
QQQ,2023-08,2,1,t,True,5,6137,-10420.97834993368,5,20885.567156379308,20851.95669986736,0.9974442228761495,False,EXPOSED_HISTORY
QQQ,2023-09,1,1,normal,True,0,6160,-10535.308679520032,3,21096.794855209646,21076.617359040065,0.9916409355189277,False,EXPOSED_HISTORY
QQQ,2023-09,1,1,t,True,1,6160,-10461.456522362621,4,20957.816372951354,20930.913044725243,0.9979935416210073,True,EXPOSED_HISTORY
QQQ,2023-09,1,2,normal,True,2,6160,-10535.308679520602,4,21105.520687267315,21078.617359041204,0.9916407114527244,False,EXPOSED_HISTORY
QQQ,2023-09,1,2,t,True,3,6160,-10461.456522384524,5,20966.542205051686,20932.913044769048,0.9979939821837546,False,EXPOSED_HISTORY
QQQ,2023-09,2,1,normal,True,4,6160,-10533.165266877095,4,21101.2338619803,21074.33053375419,0.9903570578881996,False,EXPOSED_HISTORY
QQQ,2023-09,2,1,t,True,5,6160,-10457.336494373627,5,20958.302149029892,20924.672988747254,0.9973857299997053,False,EXPOSED_HISTORY
QQQ,2023-10,1,1,normal,True,0,6180,-10562.860934243889,3,21151.90908913913,21131.721868487777,0.9915684797927984,False,EXPOSED_HISTORY
QQQ,2023-10,1,1,t,True,1,6180,-10489.038195614208,4,21012.992685430225,20986.076391228416,0.9978862948942657,True,EXPOSED_HISTORY
QQQ,2023-10,1,2,normal,True,2,6180,-10562.860934244854,4,21160.638162691517,21133.72186848971,0.9915684178139177,False,EXPOSED_HISTORY
QQQ,2023-10,1,2,t,True,3,6180,-10489.038195647161,5,21021.72175904658,20988.076391294322,0.9978866811987033,False,EXPOSED_HISTORY
QQQ,2023-10,2,1,normal,True,4,6180,-10560.767264255843,4,21156.450822713494,21129.534528511685,0.9902903567180251,False,EXPOSED_HISTORY
QQQ,2023-10,2,1,t,True,5,6180,-10484.977977590997,5,21013.601322934253,20979.955955181995,0.9972625747080871,False,EXPOSED_HISTORY
QQQ,2023-11,1,1,normal,True,0,6202,-10598.084861672933,3,21222.367604644845,21202.169723345865,0.9915940403335223,False,EXPOSED_HISTORY
QQQ,2023-11,1,1,t,True,1,6202,-10525.134992230058,4,21085.200492858756,21058.269984460116,0.997845394896781,True,EXPOSED_HISTORY
QQQ,2023-11,1,2,normal,True,2,6202,-10598.084861672778,4,21231.100231744196,21204.169723345556,0.9915939307658392,False,EXPOSED_HISTORY
QQQ,2023-11,1,2,t,True,3,6202,-10525.134992227726,5,21093.933119953756,21060.26998445545,0.9978455037579523,False,EXPOSED_HISTORY
QQQ,2023-11,2,1,normal,True,4,6202,-10596.039196917762,4,21227.008902234164,21200.078393835523,0.9903356591769199,False,EXPOSED_HISTORY
QQQ,2023-11,2,1,t,True,5,6202,-10521.168635486007,5,21086.000406470317,21052.337270972013,0.9972220648492318,False,EXPOSED_HISTORY
QQQ,2023-12,1,1,normal,True,0,6223,-10628.050738980546,3,21282.3095001148,21262.101477961092,0.9914623059592018,False,EXPOSED_HISTORY
QQQ,2023-12,1,1,t,True,1,6223,-10554.742574040036,4,21144.42917761835,21117.48514808007,0.9977420868160867,True,EXPOSED_HISTORY
QQQ,2023-12,1,2,normal,True,2,6223,-10628.050738980488,4,21291.045507499253,21264.101477960976,0.9914622041021333,False,EXPOSED_HISTORY
QQQ,2023-12,1,2,t,True,3,6223,-10554.74257403741,5,21153.165184997666,21119.48514807482,0.9977420479296173,False,EXPOSED_HISTORY
QQQ,2023-12,2,1,normal,True,4,6223,-10625.97246848791,4,21286.888966514096,21259.94493697582,0.99017302804514,False,EXPOSED_HISTORY
QQQ,2023-12,2,1,t,True,5,6223,-10550.706335236238,5,21145.092707395324,21111.412670472477,0.9970883234261835,False,EXPOSED_HISTORY
QQQ,2024-01,1,1,normal,True,0,6243,-10651.689495531944,3,21329.596639409072,21309.378991063888,0.9914327862188059,False,EXPOSED_HISTORY
QQQ,2024-01,1,1,t,True,1,6243,-10578.468701113445,4,21191.894266687137,21164.93740222689,0.9976717037986933,True,EXPOSED_HISTORY
QQQ,2024-01,1,2,normal,True,2,6243,-10651.689495531777,4,21338.3358555238,21311.378991063553,0.9914327363281622,False,EXPOSED_HISTORY
QQQ,2024-01,1,2,t,True,3,6243,-10578.468701131937,5,21200.63348283918,21166.937402263873,0.9976711587130893,False,EXPOSED_HISTORY
QQQ,2024-01,2,1,normal,True,4,6243,-10649.614010557369,4,21334.184885574985,21307.228021114737,0.9901470418806901,False,EXPOSED_HISTORY
QQQ,2024-01,2,1,t,True,5,6243,-10574.478275780948,5,21192.652632137204,21158.956551561896,0.997003632121054,False,EXPOSED_HISTORY
QQQ,2024-02,1,1,normal,True,0,6264,-10683.005047408562,3,21392.237817530135,21372.010094817124,0.9914016695780571,False,EXPOSED_HISTORY
QQQ,2024-02,1,1,t,True,1,6264,-10609.909346015302,4,21254.788988981287,21227.818692030603,0.9976052626925335,True,EXPOSED_HISTORY
QQQ,2024-02,1,2,normal,True,2,6264,-10683.005047445386,4,21400.980391841455,21374.01009489077,0.9914016208282171,False,EXPOSED_HISTORY
QQQ,2024-02,1,2,t,True,3,6264,-10609.90934600656,5,21263.53156320147,21229.81869201312,0.9976054418389977,False,EXPOSED_HISTORY
QQQ,2024-02,2,1,normal,True,4,6264,-10680.997684857346,4,21396.965666665375,21369.995369714692,0.9901335278449064,False,EXPOSED_HISTORY
QQQ,2024-02,2,1,t,True,5,6264,-10606.045791540342,5,21255.804454269037,21222.091583080684,0.9969264289862585,False,EXPOSED_HISTORY
QQQ,2024-03,1,1,normal,True,0,6284,-10713.163602605338,3,21452.564491208803,21432.327205210677,0.9913818224784323,False,EXPOSED_HISTORY
QQQ,2024-03,1,1,t,True,1,6284,-10639.521653037473,4,21314.026354072448,21287.043306074946,0.9975768692047549,True,EXPOSED_HISTORY
QQQ,2024-03,1,2,normal,True,2,6284,-10713.163602605313,4,21461.31025320813,21434.327205210626,0.9913818190313486,False,EXPOSED_HISTORY
QQQ,2024-03,1,2,t,True,3,6284,-10639.521653037955,5,21322.77211607279,21289.04330607591,0.9975769089350003,False,EXPOSED_HISTORY
QQQ,2024-03,2,1,normal,True,4,6284,-10711.12143555623,4,21457.225919109962,21430.24287111246,0.9901051336010546,False,EXPOSED_HISTORY
QQQ,2024-03,2,1,t,True,5,6284,-10635.642595916663,5,21315.014001830205,21281.285191833325,0.9968886330742049,False,EXPOSED_HISTORY
QQQ,2024-04,1,1,normal,True,0,6304,-10740.432117164677,3,21507.111053223965,21486.864234329354,0.9913051502523531,False,EXPOSED_HISTORY
QQQ,2024-04,1,1,t,True,1,6304,-10666.882121411472,4,21368.760001349096,21341.764242822945,0.9974932416017602,True,EXPOSED_HISTORY
QQQ,2024-04,1,2,normal,True,2,6304,-10740.4321172899,4,21515.85999310595,21488.8642345798,0.991304986545708,False,EXPOSED_HISTORY
QQQ,2024-04,1,2,t,True,3,6304,-10666.882121423205,5,21377.508941004096,21343.76424284641,0.99749288968669,False,EXPOSED_HISTORY
QQQ,2024-04,2,1,normal,True,4,6304,-10738.331497404923,4,21511.658753335996,21484.662994809845,0.9899993744868042,False,EXPOSED_HISTORY
QQQ,2024-04,2,1,t,True,5,6304,-10662.892625726126,5,21369.52994960994,21335.785251452253,0.9967814803894424,False,EXPOSED_HISTORY
QQQ,2024-05,1,1,normal,True,0,6326,-10775.173588042388,3,21576.604446296373,21556.347176084775,0.9913272005259902,False,EXPOSED_HISTORY
QQQ,2024-05,1,1,t,True,1,6326,-10702.835649589746,4,21440.680992794954,21413.671299179492,0.997428378749059,True,EXPOSED_HISTORY
QQQ,2024-05,1,2,normal,True,2,6326,-10775.17358804254,4,21585.356869700543,21558.34717608508,0.9913272222618245,False,EXPOSED_HISTORY
QQQ,2024-05,1,2,t,True,3,6326,-10702.83564958924,5,21449.433416197808,21415.67129917848,0.9974283123712342,False,EXPOSED_HISTORY
QQQ,2024-05,2,1,normal,True,4,6326,-10773.062060364387,4,21581.133814344237,21554.124120728775,0.9900161562809827,False,EXPOSED_HISTORY
QQQ,2024-05,2,1,t,True,5,6326,-10698.874150391443,5,21441.510417802212,21407.748300782885,0.9966918751717455,False,EXPOSED_HISTORY
QQQ,2024-06,1,1,normal,True,0,6348,-10802.485452274555,3,21631.23858979405,21610.97090454911,0.9912015629403387,False,EXPOSED_HISTORY
QQQ,2024-06,1,1,t,True,1,6348,-10729.728659856275,4,21494.480900039136,21467.45731971255,0.9973130921006614,True,EXPOSED_HISTORY
QQQ,2024-06,1,2,normal,True,2,6348,-10802.485452274605,4,21639.994484875795,21612.97090454921,0.9912015679817788,False,EXPOSED_HISTORY
QQQ,2024-06,1,2,t,True,3,6348,-10729.728659863436,5,21503.236795135104,21469.457319726873,0.9973129607127147,False,EXPOSED_HISTORY
QQQ,2024-06,2,1,normal,True,4,6348,-10800.385194787163,4,21635.79396990091,21608.770389574325,0.9898782310316084,False,EXPOSED_HISTORY
QQQ,2024-06,2,1,t,True,5,6348,-10725.796608443954,5,21495.37269229614,21461.593216887908,0.996555449743799,False,EXPOSED_HISTORY
QQQ,2024-07,1,1,normal,True,0,6367,-10826.252330826297,3,21678.781312692645,21658.504661652594,0.9911870479135111,False,EXPOSED_HISTORY
QQQ,2024-07,1,1,t,True,1,6367,-10753.316701046695,4,21541.668936813458,21514.63340209339,0.9972660695701276,True,EXPOSED_HISTORY
QQQ,2024-07,1,2,normal,True,2,6367,-10826.252330904865,4,21687.540196529797,21660.50466180973,0.9911870365114179,False,EXPOSED_HISTORY
QQQ,2024-07,1,2,t,True,3,6367,-10753.316701039555,5,21550.427820479195,21516.63340207911,0.9972662087374404,False,EXPOSED_HISTORY
QQQ,2024-07,2,1,normal,True,4,6367,-10824.133600318091,4,21683.30273535625,21656.267200636183,0.9898605347843518,False,EXPOSED_HISTORY
QQQ,2024-07,2,1,t,True,5,6367,-10749.332838064603,5,21542.46009452929,21508.665676129207,0.9965041067444169,False,EXPOSED_HISTORY
QQQ,2024-08,1,1,normal,True,0,6389,-10868.338919157359,3,21762.964837436524,21742.677838314718,0.991266967895866,False,EXPOSED_HISTORY
QQQ,2024-08,1,1,t,True,1,6389,-10794.45182283446,4,21623.95297783133,21596.90364566892,0.9974333012929799,True,EXPOSED_HISTORY
QQQ,2024-08,1,2,normal,True,2,6389,-10868.338919158927,4,21771.727170480262,21744.677838317853,0.9912669798155813,False,EXPOSED_HISTORY
QQQ,2024-08,1,2,t,True,3,6389,-10794.45182283413,5,21632.71531087127,21598.90364566826,0.9974333809433359,False,EXPOSED_HISTORY
QQQ,2024-08,2,1,normal,True,4,6389,-10865.81620977739,4,21766.681751717188,21739.63241955478,0.9898452929871739,False,EXPOSED_HISTORY
QQQ,2024-08,2,1,t,True,5,6389,-10790.092503363738,5,21623.996671930487,21590.185006727475,0.9966550828519878,False,EXPOSED_HISTORY
QQQ,2024-09,1,1,normal,True,0,6411,-10909.183791386344,3,21844.66489440465,21824.367582772687,0.9911211691374372,False,EXPOSED_HISTORY
QQQ,2024-09,1,1,t,True,1,6411,-10835.717401260521,4,21706.49788469699,21679.434802521042,0.9972995807086492,False,EXPOSED_HISTORY
QQQ,2024-09,1,2,normal,True,2,6411,-10909.183791400057,4,21853.430664976062,21826.367582800114,0.9911212253944576,False,EXPOSED_HISTORY
QQQ,2024-09,1,2,t,True,3,6411,-10835.717401262968,5,21715.26365524587,21681.434802525935,0.9972999140676321,False,EXPOSED_HISTORY
QQQ,2024-09,2,1,normal,True,4,6411,-10906.62209261605,4,21848.307267408047,21821.2441852321,0.9896555465003708,False,EXPOSED_HISTORY
QQQ,2024-09,2,1,t,True,5,6411,-10831.294020273395,5,21706.416893266727,21672.58804054679,0.9964725077406185,True,EXPOSED_HISTORY
QQQ,2024-10,1,1,normal,True,0,6431,-10942.961450065655,3,21912.229556109716,21891.92290013131,0.9910828722653938,False,EXPOSED_HISTORY
QQQ,2024-10,1,1,t,True,1,6431,-10868.964990352944,4,21773.00552201043,21745.92998070589,0.9972414254236136,False,EXPOSED_HISTORY
QQQ,2024-10,1,2,normal,True,2,6431,-10942.96145006179,4,21920.99844142812,21893.92290012358,0.9910828682721781,False,EXPOSED_HISTORY
QQQ,2024-10,1,2,t,True,3,6431,-10868.96499035231,5,21781.774407335295,21747.92998070462,0.9972414927143701,False,EXPOSED_HISTORY
QQQ,2024-10,2,1,normal,True,4,6431,-10940.38332280307,4,21915.842186910682,21888.76664560614,0.9896238216318816,False,EXPOSED_HISTORY
QQQ,2024-10,2,1,t,True,5,6431,-10864.482592442891,5,21772.80961151646,21738.965184885783,0.9964120446490924,True,EXPOSED_HISTORY
QQQ,2024-11,1,1,normal,True,0,6454,-10975.786634939017,3,21977.89063599587,21957.573269878034,0.9910175990535044,False,EXPOSED_HISTORY
QQQ,2024-11,1,1,t,True,1,6454,-10901.644541518162,4,21838.378904526773,21811.289083036325,0.997182338072028,False,EXPOSED_HISTORY
QQQ,2024-11,1,2,normal,True,2,6454,-10975.786634938839,4,21986.663091368126,21959.573269877677,0.9910175652260906,False,EXPOSED_HISTORY
QQQ,2024-11,1,2,t,True,3,6454,-10901.644541929143,5,21847.151360721346,21813.289083858286,0.9971822714047099,False,EXPOSED_HISTORY
QQQ,2024-11,2,1,normal,True,4,6454,-10973.193615963697,4,21981.477053417842,21954.387231927394,0.9895536397733796,False,EXPOSED_HISTORY
QQQ,2024-11,2,1,t,True,5,6454,-10897.186501188575,5,21838.23527924021,21804.37300237715,0.9963499223584699,True,EXPOSED_HISTORY
QQQ,2024-12,1,1,normal,True,0,6474,-11005.409282728862,3,22037.145213761185,22016.818565457725,0.990946614329683,False,EXPOSED_HISTORY
QQQ,2024-12,1,1,t,True,1,6474,-10930.668534041259,4,21896.439265820463,21869.337068082517,0.99712785616055,True,EXPOSED_HISTORY
QQQ,2024-12,1,2,normal,True,2,6474,-11005.409282729284,4,22045.920763196515,22018.81856545857,0.9909466833113402,False,EXPOSED_HISTORY
QQQ,2024-12,1,2,t,True,3,6474,-10930.668534065278,5,21905.21481530299,21871.337068130557,0.9971281770436409,False,EXPOSED_HISTORY
QQQ,2024-12,2,1,normal,True,4,6474,-11002.923273769211,4,22040.948745276368,22013.846547538422,0.9894998823873352,False,EXPOSED_HISTORY
QQQ,2024-12,2,1,t,True,5,6474,-10926.410006408509,5,21896.69775998945,21862.820012817017,0.9962926675683361,False,EXPOSED_HISTORY
QQQ,2025-01,1,1,normal,True,0,6495,-11041.515780547685,3,22109.367924882685,22089.03156109537,0.9909777500875107,False,EXPOSED_HISTORY
QQQ,2025-01,1,1,t,True,1,6495,-10965.79151806905,4,21966.69818785452,21939.5830361381,0.9971722608562559,False,EXPOSED_HISTORY
QQQ,2025-01,1,2,normal,True,2,6495,-11041.515780546557,4,22118.146712809532,22091.031561093114,0.9909776919656985,False,EXPOSED_HISTORY
QQQ,2025-01,1,2,t,True,3,6495,-10965.791518067614,5,21975.47697578075,21941.583036135227,0.9971722427004711,False,EXPOSED_HISTORY
QQQ,2025-01,2,1,normal,True,4,6495,-11038.720216511028,4,22112.555584738475,22085.440433022057,0.9894480413339817,False,EXPOSED_HISTORY
QQQ,2025-01,2,1,t,True,5,6495,-10961.214498037063,5,21966.32293571965,21932.428996074126,0.9963148438931374,True,EXPOSED_HISTORY
QQQ,2025-02,1,1,normal,True,0,6515,-11075.367236855454,3,22177.080061179586,22156.73447371091,0.9909960964602431,False,EXPOSED_HISTORY
QQQ,2025-02,1,1,t,True,1,6515,-10999.653625211478,4,22034.434700381193,22007.307250422957,0.9971639785982461,False,EXPOSED_HISTORY
QQQ,2025-02,1,2,normal,True,2,6515,-11075.367236855458,4,22185.861923669152,22158.734473710916,0.9909960911882814,False,EXPOSED_HISTORY
QQQ,2025-02,1,2,t,True,3,6515,-10999.653625213512,5,22043.21656287482,22009.307250427024,0.9971643431140138,False,EXPOSED_HISTORY
QQQ,2025-02,2,1,normal,True,4,6515,-11072.501833493563,4,22180.131116945362,22153.003666987126,0.9894521297775624,False,EXPOSED_HISTORY
QQQ,2025-02,2,1,t,True,5,6515,-10995.008484315313,5,22033.92628107842,22000.016968630625,0.9962961616146587,True,EXPOSED_HISTORY
QQQ,2025-03,1,1,normal,True,0,6534,-11105.843336330046,3,22238.040996436575,22217.686672660093,0.990996695825713,False,EXPOSED_HISTORY
QQQ,2025-03,1,1,t,True,1,6534,-11030.14332731951,4,22095.425753007665,22068.28665463902,0.9971612455759916,False,EXPOSED_HISTORY
QQQ,2025-03,1,2,normal,True,2,6534,-11105.84333638197,4,22246.825771132582,22219.68667276394,0.9909964018348915,False,EXPOSED_HISTORY
QQQ,2025-03,1,2,t,True,3,6534,-11030.14332736063,5,22104.210527682066,22070.28665472126,0.9971618077662546,False,EXPOSED_HISTORY
QQQ,2025-03,2,1,normal,True,4,6534,-11102.93726262839,4,22241.013623625422,22213.87452525678,0.9894414382072517,False,EXPOSED_HISTORY
QQQ,2025-03,2,1,t,True,5,6534,-11025.544043393205,5,22095.011959747215,22061.08808678641,0.9962935426867424,True,EXPOSED_HISTORY
QQQ,2025-04,1,1,normal,True,0,6555,-11148.281964162261,3,22322.927878513114,22302.563928324522,0.9910750008883602,False,EXPOSED_HISTORY
QQQ,2025-04,1,1,t,True,1,6555,-11072.921587192026,4,22180.995107968844,22153.843174384052,0.9972492052971207,False,EXPOSED_HISTORY
QQQ,2025-04,1,2,normal,True,2,6555,-11148.281964162674,4,22331.71586191014,22304.563928325348,0.9910750219948408,False,EXPOSED_HISTORY
QQQ,2025-04,1,2,t,True,3,6555,-11072.921587192803,5,22189.783091366593,22155.843174385605,0.9972493303645322,False,EXPOSED_HISTORY
QQQ,2025-04,2,1,normal,True,4,6555,-11145.010092624152,4,22325.172118833096,22298.020185248304,0.9894162336253035,False,EXPOSED_HISTORY
QQQ,2025-04,2,1,t,True,5,6555,-11067.85169487344,5,22179.643306727867,22145.70338974688,0.9963218132246171,True,EXPOSED_HISTORY
QQQ,2025-05,1,1,normal,True,0,6576,-11213.096272802213,3,22452.566091414636,22432.192545604426,0.9916060584589677,False,EXPOSED_HISTORY
QQQ,2025-05,1,1,t,True,1,6576,-11131.921581820323,4,22299.00789138759,22271.843163640646,0.9977406746947841,False,EXPOSED_HISTORY
QQQ,2025-05,1,2,normal,True,2,6576,-11213.09627279763,4,22461.357273342204,22434.19254559526,0.9916060641770104,False,EXPOSED_HISTORY
QQQ,2025-05,1,2,t,True,3,6576,-11131.921581845498,5,22307.799073374674,22273.843163690995,0.9977406234349412,False,EXPOSED_HISTORY
QQQ,2025-05,2,1,normal,True,4,6576,-11210.2089085992,4,22455.582544945344,22428.4178171984,0.9901378022564913,False,EXPOSED_HISTORY
QQQ,2025-05,2,1,t,True,5,6576,-11127.496112607527,5,22298.948134898732,22264.992225215054,0.9969811620897615,True,EXPOSED_HISTORY
QQQ,2025-06,1,1,normal,True,0,6597,-11250.743224974824,3,22527.869560787316,22507.486449949647,0.991096094981319,False,EXPOSED_HISTORY
QQQ,2025-06,1,1,t,True,1,6597,-11168.948228953166,4,22373.073939023223,22345.896457906332,0.9972353483039116,False,EXPOSED_HISTORY
QQQ,2025-06,1,2,normal,True,2,6597,-11250.743224978072,4,22536.663931073035,22509.486449956144,0.9910960310977893,False,EXPOSED_HISTORY
QQQ,2025-06,1,2,t,True,3,6597,-11168.948228956331,5,22381.86830930878,22347.896457912662,0.9972353409087557,False,EXPOSED_HISTORY
QQQ,2025-06,2,1,normal,True,4,6597,-11247.631957063735,4,22530.44139524436,22503.26391412747,0.9895681811293584,False,EXPOSED_HISTORY
QQQ,2025-06,2,1,t,True,5,6597,-11164.19386250991,5,22372.359576415936,22338.38772501982,0.9964208319103144,True,EXPOSED_HISTORY
QQQ,2025-07,1,1,normal,True,0,6617,-11276.801267783128,3,22579.994727688292,22559.602535566257,0.9907899321920068,False,EXPOSED_HISTORY
QQQ,2025-07,1,1,t,True,1,6617,-11195.05270192401,4,22425.29499334407,22398.10540384802,0.9969572626249343,False,EXPOSED_HISTORY
QQQ,2025-07,1,2,normal,True,2,6617,-11276.801267783623,4,22588.792125063293,22561.602535567246,0.9907899122104789,False,EXPOSED_HISTORY
QQQ,2025-07,1,2,t,True,3,6617,-11195.052701925651,5,22434.092390721362,22400.105403851303,0.9969571765976625,False,EXPOSED_HISTORY
QQQ,2025-07,2,1,normal,True,4,6617,-11273.475288874211,4,22582.14016724447,22554.950577748423,0.9892491973908659,False,EXPOSED_HISTORY
QQQ,2025-07,2,1,t,True,5,6617,-11190.05811171246,5,22424.10321029498,22390.11622342492,0.9961463305240886,True,EXPOSED_HISTORY
QQQ,2025-08,1,1,normal,True,0,6639,-11295.967223512385,3,22618.33659691093,22597.93444702477,0.9908852263866375,False,EXPOSED_HISTORY
QQQ,2025-08,1,1,t,True,1,6639,-11213.168763525042,4,22461.54039356496,22434.337527050084,0.9971782967389633,False,EXPOSED_HISTORY
QQQ,2025-08,1,2,normal,True,2,6639,-11295.967223515727,4,22627.13731354633,22599.934447031454,0.9908853299500724,False,EXPOSED_HISTORY
QQQ,2025-08,1,2,t,True,3,6639,-11213.168764866969,5,22470.341112877533,22436.337529733937,0.9971775547685366,False,EXPOSED_HISTORY
QQQ,2025-08,2,1,normal,True,4,6639,-11292.524029278758,4,22620.250925072392,22593.048058557517,0.98938545315162,False,EXPOSED_HISTORY
QQQ,2025-08,2,1,t,True,5,6639,-11207.963244782884,5,22459.930072709365,22425.92648956577,0.9964495534093163,True,EXPOSED_HISTORY
QQQ,2025-09,1,1,normal,True,0,6660,-11327.277332258094,3,22680.96628880679,22660.55466451619,0.9905793550822833,False,EXPOSED_HISTORY
QQQ,2025-09,1,1,t,True,1,6660,-11244.347983261137,4,22523.911465576413,22496.695966522275,0.9968970288363925,False,EXPOSED_HISTORY
QQQ,2025-09,1,2,normal,True,2,6660,-11327.27733225756,4,22689.770163569257,22662.55466451512,0.9905794844236752,False,EXPOSED_HISTORY
QQQ,2025-09,1,2,t,True,3,6660,-11244.347983243011,5,22532.715340303694,22498.695966486022,0.996897251654149,False,EXPOSED_HISTORY
QQQ,2025-09,2,1,normal,True,4,6660,-11324.265966989296,4,22683.74743303273,22656.531933978593,0.9890618941968067,False,EXPOSED_HISTORY
QQQ,2025-09,2,1,t,True,5,6660,-11239.662602437777,5,22523.344578693224,22489.325204875553,0.9960706512255115,True,EXPOSED_HISTORY
QQQ,2025-10,1,1,normal,True,0,6681,-11347.097117265037,3,22720.61530339785,22700.194234530074,0.9906953084711624,False,EXPOSED_HISTORY
QQQ,2025-10,1,1,t,True,1,6681,-11263.654512625235,4,22562.53711707417,22535.30902525047,0.9969973857668406,False,EXPOSED_HISTORY
QQQ,2025-10,1,2,normal,True,2,6681,-11347.097117438341,4,22729.422326700384,22702.194234876682,0.9906941366926523,False,EXPOSED_HISTORY
QQQ,2025-10,1,2,t,True,3,6681,-11263.654512621484,5,22571.344140022597,22537.30902524297,0.9969974304061863,False,EXPOSED_HISTORY
QQQ,2025-10,2,1,normal,True,4,6681,-11344.124244656621,4,22723.476581136943,22696.248489313242,0.9891990738344976,False,EXPOSED_HISTORY
QQQ,2025-10,2,1,t,True,5,6681,-11259.01723573235,5,22562.069586244328,22528.0344714647,0.9961838540863233,True,EXPOSED_HISTORY
QQQ,2025-11,1,1,normal,True,0,6704,-11388.205026374402,3,22802.84143167529,22782.410052748804,0.9902103595096207,False,EXPOSED_HISTORY
QQQ,2025-11,1,1,t,True,1,6704,-11301.136194992054,4,22637.514228552755,22610.272389984108,0.9969154741195565,False,EXPOSED_HISTORY
QQQ,2025-11,1,2,normal,True,2,6704,-11388.205026374419,4,22811.651891317484,22784.410052748837,0.9902103494350654,False,EXPOSED_HISTORY
QQQ,2025-11,1,2,t,True,3,6704,-11301.13619499646,5,22646.324688203727,22612.27238999292,0.9969153129701223,False,EXPOSED_HISTORY
QQQ,2025-11,2,1,normal,True,4,6704,-11385.065984562081,4,22805.37380769281,22778.131969124162,0.9886719258622279,False,EXPOSED_HISTORY
QQQ,2025-11,2,1,t,True,5,6704,-11296.714966984116,5,22637.48223217904,22603.429933968233,0.996117395998302,True,EXPOSED_HISTORY
QQQ,2025-12,1,1,normal,True,0,6723,-11421.804717601266,3,22870.049304489938,22849.609435202532,0.9902686941537231,False,EXPOSED_HISTORY
QQQ,2025-12,1,1,t,True,1,6723,-11335.225693597962,4,22705.7045462458,22678.451387195924,0.9969521119874823,False,EXPOSED_HISTORY
QQQ,2025-12,1,2,normal,True,2,6723,-11421.80471760096,4,22878.862594251797,22851.60943520192,0.9902687356246742,False,EXPOSED_HISTORY
QQQ,2025-12,1,2,t,True,3,6723,-11335.225694510547,5,22714.51783783344,22680.451389021095,0.9969521652202258,False,EXPOSED_HISTORY
QQQ,2025-12,2,1,normal,True,4,6723,-11418.368242011216,4,22871.98964307231,22844.736484022433,0.9886676487210458,False,EXPOSED_HISTORY
QQQ,2025-12,2,1,t,True,5,6723,-11330.407333396302,5,22704.88111560495,22670.814666792605,0.9961234325579078,True,EXPOSED_HISTORY
QQQ,2026-01,1,1,normal,True,0,6745,-11450.529248969557,3,22927.50816824504,22907.058497939113,0.9901082602101351,False,EXPOSED_HISTORY
QQQ,2026-01,1,1,t,True,1,6745,-11363.21824340699,4,22761.702713888546,22734.43648681398,0.9968098992342542,False,EXPOSED_HISTORY
QQQ,2026-01,1,2,normal,True,2,6745,-11450.52924897103,4,22936.324725016628,22909.05849794206,0.9901085246559749,False,EXPOSED_HISTORY
QQQ,2026-01,1,2,t,True,3,6745,-11363.218243399244,5,22770.519270641696,22736.436486798488,0.9968097719921745,False,EXPOSED_HISTORY
QQQ,2026-01,2,1,normal,True,4,6745,-11447.19592695539,4,22929.658080985348,22902.39185391078,0.9885097350934471,False,EXPOSED_HISTORY
QQQ,2026-01,2,1,t,True,5,6745,-11358.557129336592,5,22761.197042516393,22727.114258673184,0.9959648290754358,True,EXPOSED_HISTORY
QQQ,2026-02,1,1,normal,True,0,6765,-11476.242713366843,3,22978.9439793555,22958.485426733685,0.9900479693190097,False,EXPOSED_HISTORY
QQQ,2026-02,1,1,t,True,1,6765,-11388.684964067328,4,22812.647998297074,22785.369928134656,0.9967440249839783,False,EXPOSED_HISTORY
QQQ,2026-02,1,2,normal,True,2,6765,-11476.242713370859,4,22987.763496904136,22960.485426741718,0.9900479448283769,False,EXPOSED_HISTORY
QQQ,2026-02,1,2,t,True,3,6765,-11388.684964088043,5,22821.46751587911,22787.369928176086,0.9967440038512876,False,EXPOSED_HISTORY
QQQ,2026-02,2,1,normal,True,4,6765,-11472.93635581911,4,22981.15078180064,22953.87271163822,0.9884510277815527,False,EXPOSED_HISTORY
QQQ,2026-02,2,1,t,True,5,6765,-11384.110950756634,5,22812.319489216294,22778.22190151327,0.9958920853630507,True,EXPOSED_HISTORY
QQQ,2026-03,1,1,normal,True,0,6784,-11506.579318065338,3,23039.62560266309,23019.158636130676,0.9900290228533893,False,EXPOSED_HISTORY
QQQ,2026-03,1,1,t,True,1,6784,-11419.930358355501,4,22875.15000542089,22847.860716711002,0.9966643433096897,False,EXPOSED_HISTORY
QQQ,2026-03,1,2,normal,True,2,6784,-11506.579318065413,4,23048.44792484071,23021.158636130825,0.99002902415085,False,EXPOSED_HISTORY
QQQ,2026-03,1,2,t,True,3,6784,-11419.93035835629,5,22883.97232759994,22849.86071671258,0.9966643710507758,False,EXPOSED_HISTORY
QQQ,2026-03,2,1,normal,True,4,6784,-11503.328941270327,4,23041.94717125054,23014.657882540654,0.9884369488899399,False,EXPOSED_HISTORY
QQQ,2026-03,2,1,t,True,5,6784,-11415.454242328327,5,22875.020095544012,22840.908484656655,0.9957981837266184,True,EXPOSED_HISTORY
QQQ,2026-04,1,1,normal,True,0,6806,-11544.922224400749,3,23116.32112836668,23095.844448801497,0.9901448433222524,False,EXPOSED_HISTORY
QQQ,2026-04,1,1,t,True,1,6806,-11459.152470973531,4,22953.607181367304,22926.304941947063,0.9967565152276484,False,EXPOSED_HISTORY
QQQ,2026-04,1,2,normal,True,2,6806,-11544.922224400765,4,23125.146688221772,23097.84444880153,0.990144866133268,False,EXPOSED_HISTORY
QQQ,2026-04,1,2,t,True,3,6806,-11459.152470976001,5,22962.43274122731,22928.304941952003,0.9967565923623061,False,EXPOSED_HISTORY
QQQ,2026-04,2,1,normal,True,4,6806,-11541.471187473673,4,23118.244614367588,23090.942374947346,0.9885199081016902,False,EXPOSED_HISTORY
QQQ,2026-04,2,1,t,True,5,6806,-11454.49314359853,5,22953.114086472367,22918.98628719706,0.9958846810302178,True,EXPOSED_HISTORY
QQQ,2026-05,1,1,normal,True,0,6827,-11578.93621538614,3,23184.358352624535,23163.87243077228,0.9900180662855592,False,EXPOSED_HISTORY
QQQ,2026-05,1,1,t,True,1,6827,-11493.007915556682,4,23021.330393583037,22994.015831113364,0.9966040631769439,False,EXPOSED_HISTORY
QQQ,2026-05,1,2,normal,True,2,6827,-11578.93621538809,4,23193.186993245854,23165.87243077618,0.9900179757828488,False,EXPOSED_HISTORY
QQQ,2026-05,1,2,t,True,3,6827,-11493.007916335398,5,23030.15903575789,22996.015832670797,0.9966041574533737,False,EXPOSED_HISTORY
QQQ,2026-05,2,1,normal,True,4,6827,-11575.44393512361,4,23186.202432716895,23158.88787024722,0.9883625473788634,False,EXPOSED_HISTORY
QQQ,2026-05,2,1,t,True,5,6827,-11488.311572732666,5,23020.766348552424,22986.62314546533,0.9956953827952773,True,EXPOSED_HISTORY
QQQ,2026-06,1,1,normal,True,0,6847,-11609.826403722924,3,23246.147505083212,23225.652807445847,0.989977148910949,False,EXPOSED_HISTORY
QQQ,2026-06,1,1,t,True,1,6847,-11524.111627994116,4,23083.549519504715,23056.223255988232,0.996537042268169,False,EXPOSED_HISTORY
QQQ,2026-06,1,2,normal,True,2,6847,-11609.826403723218,4,23254.97907096292,23227.652807446437,0.9899771006928295,False,EXPOSED_HISTORY
QQQ,2026-06,1,2,t,True,3,6847,-11524.111627995237,5,23092.381085386078,23058.223255990473,0.9965371103347469,False,EXPOSED_HISTORY
QQQ,2026-06,2,1,normal,True,4,6847,-11606.218348283433,4,23247.76296008335,23220.436696566867,0.9882923775350946,False,EXPOSED_HISTORY
QQQ,2026-06,2,1,t,True,5,6847,-11519.246725973106,5,23082.651281341816,23048.49345194621,0.9956069430000739,True,EXPOSED_HISTORY
QQQ,2026-07,1,1,normal,True,0,6868,-11662.342723844216,3,23351.189332354486,23330.685447688433,0.9903099150423738,False,EXPOSED_HISTORY
QQQ,2026-07,1,1,t,True,1,6868,-11571.276352508092,4,23177.891217904253,23150.552705016184,0.9969195091866909,False,EXPOSED_HISTORY
QQQ,2026-07,1,2,normal,True,2,6868,-11662.342723844034,4,23360.023960576138,23332.68544768807,0.9903098954696654,False,EXPOSED_HISTORY
QQQ,2026-07,1,2,t,True,3,6868,-11571.276352745565,5,23186.725846601217,23152.55270549113,0.9969194580373347,False,EXPOSED_HISTORY
QQQ,2026-07,2,1,normal,True,4,6868,-11658.767173160819,4,23352.872859209707,23325.534346321638,0.9886589247123353,False,EXPOSED_HISTORY
QQQ,2026-07,2,1,t,True,5,6868,-11566.245912573935,5,23176.66496625796,23142.49182514787,0.9960163684485356,True,EXPOSED_HISTORY
QQQ,2026-08,1,1,normal,True,0,6890,-11703.025011305639,3,23432.563501703302,23412.050022611278,0.990251127610176,False,EXPOSED_HISTORY
QQQ,2026-08,1,1,t,True,1,6890,-11612.45268366575,4,23260.25667278753,23232.9053673315,0.9968419877012626,False,EXPOSED_HISTORY
QQQ,2026-08,1,2,normal,True,2,6890,-11703.025011306032,4,23441.401328068096,23414.050022612064,0.990251069730557,False,EXPOSED_HISTORY
QQQ,2026-08,1,2,t,True,3,6890,-11612.4526838974,5,23269.09449961484,23234.9053677948,0.9968419353898361,False,EXPOSED_HISTORY
QQQ,2026-08,2,1,normal,True,4,6890,-11699.485801939689,4,23434.32290933541,23406.971603879378,0.9886089887856997,False,EXPOSED_HISTORY
QQQ,2026-08,2,1,t,True,5,6890,-11607.438591823207,5,23259.066315466454,23224.877183646415,0.995938788019413,True,EXPOSED_HISTORY
SPY,1995-04,1,1,normal,True,0,548,-500.8539543469724,3,1020.6267345547889,1007.7079086939448,0.9751562934396321,False,EXPOSED_HISTORY
SPY,1995-04,1,1,t,True,1,548,-474.5448482714222,4,974.3147976906365,957.0896965428444,0.9732699113377028,True,EXPOSED_HISTORY
SPY,1995-04,1,2,normal,True,2,548,-500.6948008168993,4,1026.6147027815907,1009.3896016337986,0.9629409023975501,False,EXPOSED_HISTORY
SPY,1995-04,1,2,t,True,3,548,-474.53381015605265,5,980.5989967468454,959.0676203121053,0.9635281256999668,False,EXPOSED_HISTORY
SPY,1995-04,2,1,normal,True,4,548,-500.8539543474087,4,1026.9330098426094,1009.7079086948174,0.9751560279270792,False,EXPOSED_HISTORY
SPY,1995-04,2,1,t,True,5,548,-474.54220597903685,5,980.6157883928138,959.0844119580737,0.973032222461884,False,EXPOSED_HISTORY
SPY,1995-05,1,1,normal,True,0,567,-512.7458618661002,3,1044.5128016433837,1031.4917237322004,0.976315356171783,False,EXPOSED_HISTORY
SPY,1995-05,1,1,t,True,1,567,-485.7100181079258,4,996.7814734307626,979.4200362158516,0.9746745930150514,True,EXPOSED_HISTORY
SPY,1995-05,1,2,normal,True,2,567,-512.5704815272518,4,1050.5024002694145,1033.1409630545036,0.9646049680487518,False,EXPOSED_HISTORY
SPY,1995-05,1,2,t,True,3,567,-485.69221003359985,5,1003.0862165858384,981.3844200671997,0.9648969867892807,False,EXPOSED_HISTORY
SPY,1995-05,2,1,normal,True,4,567,-512.7458618679786,4,1050.8531609508682,1033.4917237359573,0.9763149695804118,False,EXPOSED_HISTORY
SPY,1995-05,2,1,t,True,5,567,-485.708939736071,5,1003.1196759907807,981.417879472142,0.9745369849516977,False,EXPOSED_HISTORY
SPY,1995-06,1,1,normal,True,0,589,-540.2592564275996,3,1099.653791406154,1086.518512855199,0.9721113308953492,False,EXPOSED_HISTORY
SPY,1995-06,1,1,t,True,1,589,-510.2533354710364,4,1046.0203756766791,1028.5066709420728,0.9732244852306384,True,EXPOSED_HISTORY
SPY,1995-06,1,2,normal,True,2,589,-540.2374716921768,4,1105.9886481189599,1088.4749433843535,0.9624486576089113,False,EXPOSED_HISTORY
SPY,1995-06,1,2,t,True,3,589,-510.25333547049917,5,1052.3988018592563,1030.5066709409984,0.9732239083958661,False,EXPOSED_HISTORY
SPY,1995-06,2,1,normal,True,4,589,-540.2592564196012,4,1106.0322175738088,1088.5185128392025,0.9721099454536545,False,EXPOSED_HISTORY
SPY,1995-06,2,1,t,True,5,589,-510.1594650154986,5,1052.2110609492552,1030.3189300309973,0.9721296619392633,False,EXPOSED_HISTORY
SPY,1995-07,1,1,normal,True,0,611,-560.2657238235424,3,1139.7767385245998,1126.5314476470849,0.9729475257571063,False,EXPOSED_HISTORY
SPY,1995-07,1,1,t,True,1,611,-530.3580331039002,4,1086.3764540444868,1068.7160662078004,0.9734820879640493,True,EXPOSED_HISTORY
SPY,1995-07,1,2,normal,True,2,611,-560.2657238226365,4,1146.1918354819593,1128.531447645273,0.9729475783294069,False,EXPOSED_HISTORY
SPY,1995-07,1,2,t,True,3,611,-530.3580331023445,5,1092.791551000547,1070.716066204689,0.9734830658564193,False,EXPOSED_HISTORY
SPY,1995-07,2,1,normal,True,4,611,-560.2608768330076,4,1146.1821415027016,1128.5217536660152,0.9727007476600077,False,EXPOSED_HISTORY
SPY,1995-07,2,1,t,True,5,611,-530.1189262556152,5,1092.3133373070884,1070.2378525112304,0.972276402198457,False,EXPOSED_HISTORY
SPY,1995-08,1,1,normal,True,0,631,-580.3614851469204,3,1180.0648878814643,1166.7229702938407,0.9730499647381857,False,EXPOSED_HISTORY
SPY,1995-08,1,1,t,True,1,631,-552.1579077097508,4,1130.1050388696665,1112.3158154195016,0.9741199173536473,True,EXPOSED_HISTORY
SPY,1995-08,1,2,normal,True,2,631,-580.3614851462918,4,1186.5121937427484,1168.7229702925836,0.973049882806978,False,EXPOSED_HISTORY
SPY,1995-08,1,2,t,True,3,631,-552.1579077096778,5,1136.5523447320618,1114.3158154193557,0.9741191724681489,False,EXPOSED_HISTORY
SPY,1995-08,2,1,normal,True,4,631,-580.3473622528059,4,1186.4839479557766,1168.6947245056117,0.9726675287512615,False,EXPOSED_HISTORY
SPY,1995-08,2,1,t,True,5,631,-551.8794864798856,5,1135.9955022724773,1113.7589729597712,0.9731873733362961,False,EXPOSED_HISTORY
SPY,1995-09,1,1,normal,True,0,654,-592.3405410281318,3,1204.1304041106353,1190.6810820562637,0.9717982450876804,False,EXPOSED_HISTORY
SPY,1995-09,1,1,t,True,1,654,-561.4898503344205,4,1148.9121300746697,1130.979700668841,0.9721957614816891,True,EXPOSED_HISTORY
SPY,1995-09,1,2,normal,True,2,654,-592.3405410287271,4,1210.613511463283,1192.6810820574542,0.9717983419043721,False,EXPOSED_HISTORY
SPY,1995-09,1,2,t,True,3,654,-561.4898503341634,5,1155.3952374256128,1132.9797006683268,0.9721958284622626,False,EXPOSED_HISTORY
SPY,1995-09,2,1,normal,True,4,654,-592.3354661534798,4,1210.6033617127885,1192.6709323069597,0.9714628505821206,False,EXPOSED_HISTORY
SPY,1995-09,2,1,t,True,5,654,-561.2496721162335,5,1154.9148809897529,1132.499344232467,0.9706990105338065,False,EXPOSED_HISTORY
SPY,1995-10,1,1,normal,True,0,674,-606.2094420423521,3,1231.958574417441,1218.4188840847041,0.9724043783511966,False,EXPOSED_HISTORY
SPY,1995-10,1,1,t,True,1,674,-575.8580400551771,4,1177.7690005540035,1159.7160801103541,0.9721540323330204,True,EXPOSED_HISTORY
SPY,1995-10,1,2,normal,True,2,674,-606.2094420415847,4,1238.4718045268187,1220.4188840831694,0.9724040506184836,False,EXPOSED_HISTORY
SPY,1995-10,1,2,t,True,3,674,-575.8580400545255,5,1184.2822306636126,1161.716080109051,0.9721535322831724,False,EXPOSED_HISTORY
SPY,1995-10,2,1,normal,True,4,674,-606.193410759792,4,1238.4397419632332,1220.386821519584,0.9718772236672193,False,EXPOSED_HISTORY
SPY,1995-10,2,1,t,True,5,674,-575.5926901543432,5,1183.751530863248,1161.1853803086865,0.9706402894279529,False,EXPOSED_HISTORY
SPY,1995-11,1,1,normal,True,0,696,-622.7326680836597,3,1265.1013851483228,1251.4653361673195,0.97254682733794,False,EXPOSED_HISTORY
SPY,1995-11,1,1,t,True,1,696,-594.2104011621816,4,1214.6022009657008,1196.4208023243632,0.9681913639349041,True,EXPOSED_HISTORY
SPY,1995-11,1,2,normal,True,2,696,-622.7326680820549,4,1271.6467348054475,1253.4653361641099,0.9725462797017921,False,EXPOSED_HISTORY
SPY,1995-11,1,2,t,True,3,696,-594.2104011630199,5,1221.147550627712,1198.4208023260398,0.9681919214784327,False,EXPOSED_HISTORY
SPY,1995-11,2,1,normal,True,4,696,-622.7179836224179,4,1271.6173658861735,1253.4359672448359,0.9720406405256435,False,EXPOSED_HISTORY
SPY,1995-11,2,1,t,True,5,696,-593.9880683213504,5,1220.702884944373,1197.9761366427008,0.9660949343518267,False,EXPOSED_HISTORY
SPY,1995-12,1,1,normal,True,0,717,-640.1206159469208,3,1299.9664594156404,1286.2412318938416,0.9727988376175277,False,EXPOSED_HISTORY
SPY,1995-12,1,1,t,True,1,717,-612.8570581178801,4,1252.0144195981586,1233.7141162357602,0.9658723345742395,True,EXPOSED_HISTORY
SPY,1995-12,1,2,normal,True,2,717,-640.1206159463294,4,1306.5415352550572,1288.2412318926588,0.9727982127320516,False,EXPOSED_HISTORY
SPY,1995-12,1,2,t,True,3,717,-612.8570581170331,5,1258.5894954370644,1235.7141162340663,0.9658727675214068,False,EXPOSED_HISTORY
SPY,1995-12,2,1,normal,True,4,717,-640.1036970575333,4,1306.507697477465,1288.2073941150666,0.9722741998265898,False,EXPOSED_HISTORY
SPY,1995-12,2,1,t,True,5,717,-612.6329491335491,5,1258.1412774700964,1235.2658982670982,0.9635195827615504,False,EXPOSED_HISTORY
SPY,1996-01,1,1,normal,True,0,737,-662.8392551888854,3,1345.4862740543388,1331.6785103777709,0.9709363075402742,False,EXPOSED_HISTORY
SPY,1996-01,1,1,t,True,1,737,-634.8782891163919,4,1296.166929801541,1277.7565782327838,0.9628848155133861,True,EXPOSED_HISTORY
SPY,1996-01,1,2,normal,True,2,737,-662.8400763253969,4,1352.0905042195511,1333.6801526507938,0.963425600226446,False,EXPOSED_HISTORY
SPY,1996-01,1,2,t,True,3,737,-634.8782891155239,5,1302.7695176919945,1279.7565782310478,0.9628853454459554,False,EXPOSED_HISTORY
SPY,1996-01,2,1,normal,True,4,737,-662.8392539106922,4,1352.0888593901416,1333.6785078213843,0.9709315006479657,False,EXPOSED_HISTORY
SPY,1996-01,2,1,t,True,5,737,-634.8235598205878,5,1302.6600591021222,1279.6471196411755,0.9613845046865321,False,EXPOSED_HISTORY
SPY,1996-02,1,1,normal,True,0,759,-689.7322228530579,3,1399.3604510383027,1385.4644457061158,0.9705260544820881,False,EXPOSED_HISTORY
SPY,1996-02,1,1,t,True,1,759,-663.2122484268649,4,1352.9525039633124,1334.4244968537298,0.9647010093195678,True,EXPOSED_HISTORY
SPY,1996-02,1,2,normal,True,2,759,-689.7271052402828,4,1405.9822175901481,1387.4542104805655,0.9608608872174813,False,EXPOSED_HISTORY
SPY,1996-02,1,2,t,True,3,759,-663.2307028479754,5,1359.621414582929,1336.4614056959508,0.9523697047553985,False,EXPOSED_HISTORY
SPY,1996-02,2,1,normal,True,4,759,-689.7316124226805,4,1405.9912319549437,1387.463224845361,0.9704397987910901,False,EXPOSED_HISTORY
SPY,1996-02,2,1,t,True,5,759,-663.1667183543503,5,1359.4934455956788,1336.3334367087007,0.9637294633264666,False,EXPOSED_HISTORY
SPY,1996-03,1,1,normal,True,0,779,-715.5216279101508,3,1451.0172889579137,1437.0432558203015,0.9726627627464159,False,EXPOSED_HISTORY
SPY,1996-03,1,1,t,True,1,779,-691.5541983848791,4,1409.7404409532412,1391.1083967697582,0.9706613796584864,True,EXPOSED_HISTORY
SPY,1996-03,1,2,normal,True,2,779,-715.5216279052319,4,1457.6752999939467,1439.0432558104637,0.972661714842194,False,EXPOSED_HISTORY
SPY,1996-03,1,2,t,True,3,779,-691.5541983813787,5,1416.3984519921112,1393.1083967627574,0.9706602801014681,False,EXPOSED_HISTORY
SPY,1996-03,2,1,normal,True,4,779,-715.5067379555373,4,1457.6455200945577,1439.0134759110747,0.9723496438211235,False,EXPOSED_HISTORY
SPY,1996-03,2,1,t,True,5,779,-691.4564854840302,5,1416.2030261974141,1392.9129709680603,0.969665942276718,False,EXPOSED_HISTORY
SPY,1996-04,1,1,normal,True,0,800,-750.2453653176588,3,1520.5445658183212,1506.4907306353175,0.9763335548364824,False,EXPOSED_HISTORY
SPY,1996-04,1,1,t,True,1,800,-722.4305299856532,4,1471.599506881978,1452.8610599713063,0.9725236050877946,True,EXPOSED_HISTORY
SPY,1996-04,1,2,normal,True,2,800,-750.2453653201069,4,1527.2291775508854,1508.4907306402138,0.9763332743237026,False,EXPOSED_HISTORY
SPY,1996-04,1,2,t,True,3,800,-722.4305299845312,5,1478.284118607402,1454.8610599690624,0.9725218748793014,False,EXPOSED_HISTORY
SPY,1996-04,2,1,normal,True,4,800,-750.1248440677069,4,1526.9881350460855,1508.2496881354139,0.9754776269401539,False,EXPOSED_HISTORY
SPY,1996-04,2,1,t,True,5,800,-722.392904846442,5,1478.2088683312236,1454.785809692884,0.971913409137514,False,EXPOSED_HISTORY
SPY,1996-05,1,1,normal,True,0,821,-773.4944114619927,3,1567.1203922523428,1552.9888229239855,0.9747078052881428,False,EXPOSED_HISTORY
SPY,1996-05,1,1,t,True,1,821,-744.646681855772,4,1516.1354561493538,1497.293363711544,0.96984409909133,True,EXPOSED_HISTORY
SPY,1996-05,1,2,normal,True,2,821,-773.4944114657634,4,1573.8309153693365,1554.9888229315268,0.9747079378084309,False,EXPOSED_HISTORY
SPY,1996-05,1,2,t,True,3,821,-744.6466818560245,5,1522.8459792593112,1499.293363712049,0.9698440131775388,False,EXPOSED_HISTORY
SPY,1996-05,2,1,normal,True,4,821,-773.2982876967271,4,1573.438667831264,1554.5965753934543,0.9731848335395632,False,EXPOSED_HISTORY
SPY,1996-05,2,1,t,True,5,821,-744.5612918263529,5,1522.675199199968,1499.1225836527058,0.9685074270187123,False,EXPOSED_HISTORY
SPY,1996-06,1,1,normal,True,0,843,-799.1267681382453,3,1618.4644371504962,1604.2535362764906,0.9778292574731321,False,EXPOSED_HISTORY
SPY,1996-06,1,1,t,True,1,843,-771.1990133260338,4,1569.345894484075,1550.3980266520675,0.9761137400887285,True,EXPOSED_HISTORY
SPY,1996-06,1,2,normal,True,2,843,-799.1267681385317,4,1625.2014041090708,1606.2535362770634,0.9778294836045889,False,EXPOSED_HISTORY
SPY,1996-06,1,2,t,True,3,843,-771.199013324765,5,1576.0828614395393,1552.39802664953,0.9761134213588585,False,EXPOSED_HISTORY
SPY,1996-06,2,1,normal,True,4,843,-798.8986362465398,4,1624.745140325087,1605.7972724930796,0.9765671746306457,False,EXPOSED_HISTORY
SPY,1996-06,2,1,t,True,5,843,-771.0777442501736,5,1575.8403232903565,1552.1554885003472,0.9749043981971609,False,EXPOSED_HISTORY
SPY,1996-07,1,1,normal,True,0,863,-814.6663160174935,3,1649.6138761082373,1635.332632034987,0.9750405662122973,False,EXPOSED_HISTORY
SPY,1996-07,1,1,t,True,1,863,-786.7347764939672,4,1600.511211752268,1581.4695529879343,0.9740295105893056,True,EXPOSED_HISTORY
SPY,1996-07,1,2,normal,True,2,863,-814.666316016858,4,1656.3742907980497,1637.332632033716,0.9750410583340664,False,EXPOSED_HISTORY
SPY,1996-07,1,2,t,True,3,863,-786.7347764902514,5,1607.2716264359199,1583.4695529805028,0.9740288013170747,False,EXPOSED_HISTORY
SPY,1996-07,2,1,normal,True,4,863,-814.4218183859622,4,1655.8852955362581,1636.8436367719244,0.9736150763926624,False,EXPOSED_HISTORY
SPY,1996-07,2,1,t,True,5,863,-786.6143949839063,5,1607.0308634232297,1583.2287899678126,0.9727682923516864,False,EXPOSED_HISTORY
SPY,1996-08,1,1,normal,True,0,885,-858.3600864711116,3,1737.076935877247,1722.7201729422231,0.980870081144346,False,EXPOSED_HISTORY
SPY,1996-08,1,1,t,True,1,885,-825.2365797290674,4,1677.6155100381666,1658.473159458135,0.9786620258319768,True,EXPOSED_HISTORY
SPY,1996-08,1,2,normal,True,2,885,-858.3600864710827,4,1743.862523522197,1724.7201729421654,0.980870379622643,False,EXPOSED_HISTORY
SPY,1996-08,1,2,t,True,3,885,-825.236579729207,5,1684.4010976834538,1660.473159458414,0.9786621072164472,False,EXPOSED_HISTORY
SPY,1996-08,2,1,normal,True,4,885,-857.1452963707429,4,1741.4329433215175,1722.2905927414859,0.9757729607019818,False,EXPOSED_HISTORY
SPY,1996-08,2,1,t,True,5,885,-824.5659387546623,5,1683.0598157343643,1659.1318775093246,0.9750065224016936,False,EXPOSED_HISTORY
SPY,1996-09,1,1,normal,True,0,907,-884.2701291685269,3,1788.970685687399,1774.5402583370537,0.9780873118130075,False,EXPOSED_HISTORY
SPY,1996-09,1,1,t,True,1,907,-851.0865008522868,4,1729.413571505034,1710.1730017045736,0.977901918708077,True,EXPOSED_HISTORY
SPY,1996-09,1,2,normal,True,2,907,-884.2701291688256,4,1795.7808281381117,1776.5402583376513,0.9780873339757066,False,EXPOSED_HISTORY
SPY,1996-09,1,2,t,True,3,907,-851.0865008532896,5,1736.223713957155,1712.1730017065793,0.9779024214693164,False,EXPOSED_HISTORY
SPY,1996-09,2,1,normal,True,4,907,-883.2606235855924,4,1793.7618169716452,1774.5212471711848,0.9726597660872597,False,EXPOSED_HISTORY
SPY,1996-09,2,1,t,True,5,907,-850.5903487397446,5,1735.231409730065,1711.1806974794893,0.9748571201505172,False,EXPOSED_HISTORY
SPY,1996-10,1,1,normal,True,0,927,-904.5020859657575,3,1829.5000326282125,1815.004171931515,0.975352832962103,False,EXPOSED_HISTORY
SPY,1996-10,1,1,t,True,1,927,-870.7043021539403,4,1768.736418570144,1749.4086043078805,0.9756252595523861,True,EXPOSED_HISTORY
SPY,1996-10,1,2,normal,True,2,927,-904.5020859658741,4,1836.3319861940117,1817.0041719317483,0.9753528978406266,False,EXPOSED_HISTORY
SPY,1996-10,1,2,t,True,3,927,-870.7043021560415,5,1775.5683721399123,1751.408604312083,0.9756256464251437,False,EXPOSED_HISTORY
SPY,1996-10,2,1,normal,True,4,927,-903.6420727544569,4,1834.6119597711772,1815.2841455089138,0.9708290599036675,False,EXPOSED_HISTORY
SPY,1996-10,2,1,t,True,5,927,-870.3562753786387,5,1774.8723185851065,1750.7125507572773,0.9733984894904584,False,EXPOSED_HISTORY
SPY,1996-11,1,1,normal,True,0,950,-926.6094860883006,3,1873.788358130385,1859.2189721766013,0.9757282791806574,False,EXPOSED_HISTORY
SPY,1996-11,1,1,t,True,1,950,-893.8893240643371,4,1815.2044960670526,1795.7786481286741,0.9777325341214058,True,EXPOSED_HISTORY
SPY,1996-11,1,2,normal,True,2,950,-926.6094860875121,4,1880.6448201134026,1861.2189721750242,0.9757278186881633,False,EXPOSED_HISTORY
SPY,1996-11,1,2,t,True,3,950,-893.8893240636679,5,1822.0609580503087,1797.7786481273358,0.9777325303465262,False,EXPOSED_HISTORY
SPY,1996-11,2,1,normal,True,4,950,-925.555213766369,4,1878.5362754711164,1859.110427532738,0.9708435826361166,False,EXPOSED_HISTORY
SPY,1996-11,2,1,t,True,5,950,-893.3802005998273,5,1821.0427111226275,1796.7604011996546,0.9749431635193107,False,EXPOSED_HISTORY
SPY,1996-12,1,1,normal,True,0,970,-947.1631801540161,3,1914.9582485225246,1900.3263603080322,0.9767913116102077,False,EXPOSED_HISTORY
SPY,1996-12,1,1,t,True,1,970,-913.5317946776668,4,1854.5727736413232,1835.0635893553335,0.9784388242894114,True,EXPOSED_HISTORY
SPY,1996-12,1,2,normal,True,2,970,-947.163180155165,4,1921.8355445963198,1902.32636031033,0.9767925102557575,False,EXPOSED_HISTORY
SPY,1996-12,1,2,t,True,3,970,-913.5317946781586,5,1861.4500697138044,1837.0635893563172,0.9784396463925343,False,EXPOSED_HISTORY
SPY,1996-12,2,1,normal,True,4,970,-946.1318010277155,4,1919.7727863414207,1900.263602055431,0.9720085191143258,False,EXPOSED_HISTORY
SPY,1996-12,2,1,t,True,5,970,-912.9853615232627,5,1860.3572034040126,1835.9707230465253,0.975640863496502,False,EXPOSED_HISTORY
SPY,1997-01,1,1,normal,True,0,991,-981.075305091978,3,1982.8467537869458,1968.150610183956,0.978742975774279,False,EXPOSED_HISTORY
SPY,1997-01,1,1,t,True,1,991,-948.0071705698765,4,1923.609199277073,1904.014341139753,0.9808873260317641,True,EXPOSED_HISTORY
SPY,1997-01,1,2,normal,True,2,991,-981.0753050951894,4,1989.7454683276987,1970.1506101903788,0.9787436600779292,False,EXPOSED_HISTORY
SPY,1997-01,1,2,t,True,3,991,-948.0071705705508,5,1930.5079138127514,1906.0143411411016,0.9808868373366532,False,EXPOSED_HISTORY
SPY,1997-01,2,1,normal,True,4,991,-979.5329385184589,4,1986.6607351742377,1967.0658770369178,0.9728944899397572,False,EXPOSED_HISTORY
SPY,1997-01,2,1,t,True,5,991,-947.0951451697974,5,1928.6838630112447,1904.1902903395949,0.9772565473745134,False,EXPOSED_HISTORY
SPY,1997-02,1,1,normal,True,0,1013,-1009.4380059640436,3,2039.638026440833,2024.876011928087,0.9794102151161534,False,EXPOSED_HISTORY
SPY,1997-02,1,1,t,True,1,1013,-978.4670615207565,4,1984.6168090585077,1964.934123041513,0.9829828670323854,True,EXPOSED_HISTORY
SPY,1997-02,1,2,normal,True,2,1013,-1009.4380059642281,4,2046.5586979454508,2026.8760119284561,0.9794101626754956,False,EXPOSED_HISTORY
SPY,1997-02,1,2,t,True,3,1013,-978.4670615187797,5,1991.5374805588028,1966.9341230375594,0.9829829589478616,False,EXPOSED_HISTORY
SPY,1997-02,2,1,normal,True,4,1013,-1007.7905732150778,4,2043.2638324471502,2023.5811464301555,0.9736762171280975,False,EXPOSED_HISTORY
SPY,1997-02,2,1,t,True,5,1013,-977.386220013957,5,1989.3757975491574,1964.772440027914,0.9795944765278953,False,EXPOSED_HISTORY
SPY,1997-03,1,1,normal,True,0,1032,-1037.290931970121,3,2095.3996257783665,2080.581863940242,0.9819542405769875,False,EXPOSED_HISTORY
SPY,1997-03,1,1,t,True,1,1032,-1008.2688773241969,4,2044.2947704325597,2024.5377546483937,0.9865571159032592,True,EXPOSED_HISTORY
SPY,1997-03,1,2,normal,True,2,1032,-1037.2909319705495,4,2102.338879725265,2082.581863941099,0.981953852547909,False,EXPOSED_HISTORY
SPY,1997-03,1,2,t,True,3,1032,-1008.2688773258354,5,2051.2340243818785,2026.5377546516709,0.9865572396263409,False,EXPOSED_HISTORY
SPY,1997-03,2,1,normal,True,4,1032,-1035.531181888883,4,2098.8193795619322,2079.062363777766,0.9767307491269562,False,EXPOSED_HISTORY
SPY,1997-03,2,1,t,True,5,1032,-1007.0631756003586,5,2048.8226209309246,2024.1263512007172,0.9835545537684591,False,EXPOSED_HISTORY
SPY,1997-04,1,1,normal,True,0,1052,-1070.0681083400423,3,2161.0115618599775,2146.1362166800845,0.9863010341145724,False,EXPOSED_HISTORY
SPY,1997-04,1,1,t,True,1,1052,-1041.5789913945878,4,2110.991776362366,2091.1579827891755,0.9907453071811603,True,EXPOSED_HISTORY
SPY,1997-04,1,2,normal,True,2,1052,-1070.068108335765,4,2167.9700102447205,2148.13621667153,0.9863002738060277,False,EXPOSED_HISTORY
SPY,1997-04,1,2,t,True,3,1052,-1041.5789913937813,5,2117.950224754051,2093.1579827875626,0.9907451302933571,False,EXPOSED_HISTORY
SPY,1997-04,2,1,normal,True,4,1052,-1068.7961419874023,4,2165.426077547995,2145.5922839748046,0.9832830232102847,False,EXPOSED_HISTORY
SPY,1997-04,2,1,t,True,5,1052,-1040.6763424690043,5,2116.144926904497,2091.3526849380087,0.989015321581858,False,EXPOSED_HISTORY
SPY,1997-05,1,1,normal,True,0,1074,-1110.267610850053,3,2241.4726575253126,2226.535221700106,0.9898204704561127,False,EXPOSED_HISTORY
SPY,1997-05,1,1,t,True,1,1074,-1081.042880693151,4,2190.002342486577,2170.085761386302,0.993494732744575,True,EXPOSED_HISTORY
SPY,1997-05,1,2,normal,True,2,1074,-1110.26761085017,4,2248.4518028006155,2228.53522170034,0.9898205151934645,False,EXPOSED_HISTORY
SPY,1997-05,1,2,t,True,3,1074,-1081.0428806935922,5,2196.9814877625286,2172.0857613871844,0.9934947234305974,False,EXPOSED_HISTORY
SPY,1997-05,2,1,normal,True,4,1074,-1108.5382880383272,4,2244.99315717693,2225.0765760766544,0.9868519247468168,False,EXPOSED_HISTORY
SPY,1997-05,2,1,t,True,5,1074,-1079.9121813240956,5,2194.7200890235354,2169.8243626481913,0.9917848871885298,False,EXPOSED_HISTORY
SPY,1997-06,1,1,normal,True,0,1095,-1141.0675322762206,3,2303.130593479193,2288.1350645524412,0.9874321855827811,False,EXPOSED_HISTORY
SPY,1997-06,1,1,t,True,1,1095,-1111.8086493304165,4,2251.6113372298355,2231.617298660833,0.9914708329023686,True,EXPOSED_HISTORY
SPY,1997-06,1,2,normal,True,2,1095,-1141.0675322761158,4,2310.129103121234,2290.1350645522316,0.987432261810854,False,EXPOSED_HISTORY
SPY,1997-06,1,2,t,True,3,1095,-1111.8086493270803,5,2258.6098468654136,2233.6172986541605,0.9914707048720364,False,EXPOSED_HISTORY
SPY,1997-06,2,1,normal,True,4,1095,-1139.2640114109108,4,2306.522061390824,2286.5280228218217,0.9834275617766978,False,EXPOSED_HISTORY
SPY,1997-06,2,1,t,True,5,1095,-1110.5804864822626,5,2256.153521175778,2231.160972964525,0.9890288712649479,False,EXPOSED_HISTORY
SPY,1997-07,1,1,normal,True,0,1116,-1173.1109856281655,3,2367.274489685155,2352.221971256331,0.9901815306630911,False,EXPOSED_HISTORY
SPY,1997-07,1,1,t,True,1,1116,-1142.6941340419776,4,2313.45829265572,2293.388268083955,0.992656103225114,True,EXPOSED_HISTORY
SPY,1997-07,1,2,normal,True,2,1116,-1173.1109856280154,4,2374.2919958277957,2354.221971256031,0.990181428366504,False,EXPOSED_HISTORY
SPY,1997-07,1,2,t,True,3,1116,-1142.694134041768,5,2320.475798798242,2295.388268083536,0.9926559998502806,False,EXPOSED_HISTORY
SPY,1997-07,2,1,normal,True,4,1116,-1172.046646674613,4,2372.1633179209907,2352.093293349226,0.9887836404906618,False,EXPOSED_HISTORY
SPY,1997-07,2,1,t,True,5,1116,-1141.8794783786734,5,2318.846487472053,2293.758956757347,0.9915472226063765,False,EXPOSED_HISTORY
SPY,1997-08,1,1,normal,True,0,1138,-1206.192160042666,3,2433.495402929391,2418.384320085332,0.9909467125721535,False,EXPOSED_HISTORY
SPY,1997-08,1,1,t,True,1,1138,-1175.9048325696372,4,2379.9577755980195,2359.8096651392743,0.9936446380373322,True,EXPOSED_HISTORY
SPY,1997-08,1,2,normal,True,2,1138,-1206.1921600465612,4,2440.5324305518675,2420.3843200931224,0.9909463193012181,False,EXPOSED_HISTORY
SPY,1997-08,1,2,t,True,3,1138,-1175.9048325693639,5,2386.9948032121592,2361.8096651387277,0.9936446233826669,False,EXPOSED_HISTORY
SPY,1997-08,2,1,normal,True,4,1138,-1204.9650652523374,4,2438.07824096342,2417.9301305046747,0.9893258037764919,False,EXPOSED_HISTORY
SPY,1997-08,2,1,t,True,5,1138,-1174.9463136666418,5,2385.077765406715,2359.8926273332836,0.9923265563591667,False,EXPOSED_HISTORY
SPY,1997-09,1,1,normal,True,0,1159,-1242.9770525275962,3,2507.1200435852115,2491.9541050551925,0.993504606969169,False,EXPOSED_HISTORY
SPY,1997-09,1,1,t,True,1,1159,-1212.6673295919052,4,2453.555910557169,2433.3346591838103,0.9959351623548367,True,EXPOSED_HISTORY
SPY,1997-09,1,2,normal,True,2,1159,-1242.9770525283698,4,2514.1753564300984,2493.9541050567395,0.993504577313052,False,EXPOSED_HISTORY
SPY,1997-09,1,2,t,True,3,1159,-1212.6673295933638,5,2460.6112234034263,2435.3346591867275,0.9959352759494532,False,EXPOSED_HISTORY
SPY,1997-09,2,1,normal,True,4,1159,-1242.0499714942105,4,2512.32119436178,2492.099942988421,0.9924085705895184,False,EXPOSED_HISTORY
SPY,1997-09,2,1,t,True,5,1159,-1211.981771043182,5,2459.240106303063,2433.963542086364,0.9951590916339661,False,EXPOSED_HISTORY
SPY,1997-10,1,1,normal,True,0,1180,-1276.5845827367102,3,2574.3889746257996,2559.1691654734204,0.993568839867587,False,EXPOSED_HISTORY
SPY,1997-10,1,1,t,True,1,1180,-1245.482335754477,4,2519.257750378793,2498.964671508954,0.9959114747073721,True,EXPOSED_HISTORY
SPY,1997-10,1,2,normal,True,2,1180,-1276.5845827397989,4,2581.462244349437,2561.1691654795977,0.9935687545080978,False,EXPOSED_HISTORY
SPY,1997-10,1,2,t,True,3,1180,-1245.4823357541925,5,2526.3310200956835,2500.964671508385,0.9959113694292969,False,EXPOSED_HISTORY
SPY,1997-10,2,1,normal,True,4,1180,-1275.4229013969227,4,2579.1388816636845,2558.8458027938455,0.9921370481518703,False,EXPOSED_HISTORY
SPY,1997-10,2,1,t,True,5,1180,-1244.617787738612,5,2524.6019240645223,2499.235575477224,0.9948493863548274,False,EXPOSED_HISTORY
SPY,1997-11,1,1,normal,True,0,1203,-1339.1585524886411,3,2699.5948261252065,2684.3171049772823,1.0,False,EXPOSED_HISTORY
SPY,1997-11,1,1,t,True,1,1203,-1293.4295677246548,4,2615.2294303132085,2594.8591354493096,0.9993160167730721,True,EXPOSED_HISTORY
SPY,1997-11,1,2,normal,True,2,1203,-1339.1583977477026,4,2706.687090359304,2686.316795495405,1.000000000063615,False,EXPOSED_HISTORY
SPY,1997-11,1,2,t,True,3,1203,-1293.4295677241264,5,2622.3220040281262,2596.859135448253,0.9993161758307072,False,EXPOSED_HISTORY
SPY,1997-11,2,1,normal,True,4,1203,-1339.1585524901056,4,2706.68739984411,2686.3171049802113,1.0,False,EXPOSED_HISTORY
SPY,1997-11,2,1,t,True,5,1203,-1293.3372648821392,5,2622.1373983441517,2596.6745297642783,0.9992135328252425,False,EXPOSED_HISTORY
SPY,1997-12,1,1,normal,True,0,1222,-1372.0953877131255,3,2765.515507845446,2750.190775426251,0.9998421814449302,False,EXPOSED_HISTORY
SPY,1997-12,1,1,t,True,1,1222,-1325.173399875483,4,2678.7797763098924,2658.346799750966,0.9975721644116741,True,EXPOSED_HISTORY
SPY,1997-12,1,2,normal,True,2,1222,-1372.0555187826553,4,2772.544014124237,2752.1110375653107,0.9999486056307444,False,EXPOSED_HISTORY
SPY,1997-12,1,2,t,True,3,1222,-1325.1733998740015,5,2685.8880204466604,2660.346799748003,0.9975721257898084,False,EXPOSED_HISTORY
SPY,1997-12,2,1,normal,True,4,1222,-1372.0953877120755,4,2772.6237519830775,2752.190775424151,0.9998420645562853,False,EXPOSED_HISTORY
SPY,1997-12,2,1,t,True,5,1222,-1325.1462307830252,5,2685.833682264708,2660.2924615660504,0.9974340584384243,False,EXPOSED_HISTORY
SPY,1998-01,1,1,normal,True,0,1244,-1407.0253156835745,3,2835.4288931870465,2820.050631367149,0.9975609416353403,False,EXPOSED_HISTORY
SPY,1998-01,1,1,t,True,1,1244,-1359.3032076446561,4,2747.110764382509,2726.6064152893123,0.9956654502898978,True,EXPOSED_HISTORY
SPY,1998-01,1,2,normal,True,2,1244,-1407.0105535584557,4,2842.525456210108,2822.0211071169115,0.9975950195808304,False,EXPOSED_HISTORY
SPY,1998-01,1,2,t,True,3,1244,-1359.3032076437357,5,2754.2368516539673,2728.6064152874715,0.9956661376531685,False,EXPOSED_HISTORY
SPY,1998-01,2,1,normal,True,4,1244,-1407.0253156822887,4,2842.554980457774,2822.0506313645774,0.9975611801525764,False,EXPOSED_HISTORY
SPY,1998-01,2,1,t,True,5,1244,-1359.261078250866,5,2754.1525928682277,2728.522156501732,0.9954444615678684,False,EXPOSED_HISTORY
SPY,1998-02,1,1,normal,True,0,1264,-1440.1134553924744,3,2901.6530205090694,2886.226910784949,0.9974706828193377,False,EXPOSED_HISTORY
SPY,1998-02,1,1,t,True,1,1264,-1391.809055829086,4,2812.1862579569993,2791.618111658172,0.9958159124460372,True,EXPOSED_HISTORY
SPY,1998-02,1,2,normal,True,2,1264,-1440.08393954407,4,2908.7360253869674,2888.16787908814,0.9974167206199827,False,EXPOSED_HISTORY
SPY,1998-02,1,2,t,True,3,1264,-1391.8090558249596,5,2819.328294523453,2793.6181116499192,0.9958155291484028,False,EXPOSED_HISTORY
SPY,1998-02,2,1,normal,True,4,1264,-1440.1134553922534,4,2908.795057083334,2888.226910784507,0.9974706605557105,False,EXPOSED_HISTORY
SPY,1998-02,2,1,t,True,5,1264,-1391.7997970523002,5,2819.3097769781343,2793.5995941046003,0.9957488866030189,False,EXPOSED_HISTORY
SPY,1998-03,1,1,normal,True,0,1283,-1463.5441981239235,3,2948.559265341694,2933.088396247847,0.9941856054954561,False,EXPOSED_HISTORY
SPY,1998-03,1,1,t,True,1,1283,-1414.4860443077584,4,2857.5999140739796,2836.972088615517,0.9936243949649556,True,EXPOSED_HISTORY
SPY,1998-03,1,2,normal,True,2,1283,-1463.5441981249373,4,2955.7162217083373,2935.0883962498747,0.9941857171012963,False,EXPOSED_HISTORY
SPY,1998-03,1,2,t,True,3,1283,-1414.4860443068742,5,2864.7568704368264,2838.9720886137484,0.9936242989875628,False,EXPOSED_HISTORY
SPY,1998-03,2,1,normal,True,4,1283,-1463.5427546072453,4,2955.7133346729534,2935.0855092144907,0.9941072343595364,False,EXPOSED_HISTORY
SPY,1998-03,2,1,t,True,5,1283,-1414.4618974124755,5,2864.708576648029,2838.923794824951,0.9935196870815881,False,EXPOSED_HISTORY
SPY,1998-04,1,1,normal,True,0,1305,-1487.4553471214908,3,2996.432569202252,2980.9106942429817,0.9923131126167181,False,EXPOSED_HISTORY
SPY,1998-04,1,1,t,True,1,1305,-1437.6472864316597,4,2903.9904061423467,2883.2945728633194,0.9923508969114756,True,EXPOSED_HISTORY
SPY,1998-04,1,2,normal,True,2,1305,-1487.4553471214763,4,3003.60652752198,2982.9106942429526,0.9923131210786996,False,EXPOSED_HISTORY
SPY,1998-04,1,2,t,True,3,1305,-1437.6472864318416,5,2911.1643644624673,2885.2945728636832,0.9923509843274849,False,EXPOSED_HISTORY
SPY,1998-04,2,1,normal,True,4,1305,-1487.4238678632362,4,3003.5435690054996,2982.8477357264724,0.9920301745666481,False,EXPOSED_HISTORY
SPY,1998-04,2,1,t,True,5,1305,-1437.6097188716412,5,2911.0892293420666,2885.2194377432825,0.9922551990026245,False,EXPOSED_HISTORY
SPY,1998-05,1,1,normal,True,0,1326,-1516.3200765996226,3,3054.2099197114826,3038.640153199245,0.9933778960142619,False,EXPOSED_HISTORY
SPY,1998-05,1,1,t,True,1,1326,-1468.5038123269533,4,2965.76731333689,2945.0076246539065,0.9940579243254035,True,EXPOSED_HISTORY
SPY,1998-05,1,2,normal,True,2,1326,-1516.3200765999309,4,3061.399841882845,3040.6401531998617,0.9933778633219374,False,EXPOSED_HISTORY
SPY,1998-05,1,2,t,True,3,1326,-1468.5038123266215,5,2972.957235506972,2947.007624653243,0.9940582512031152,False,EXPOSED_HISTORY
SPY,1998-05,2,1,normal,True,4,1326,-1516.3076438398068,4,3061.374976362597,3040.6152876796136,0.9932137976475915,False,EXPOSED_HISTORY
SPY,1998-05,2,1,t,True,5,1326,-1468.4892408079327,5,2972.9280924695945,2946.9784816158653,0.9939989202827539,False,EXPOSED_HISTORY
SPY,1998-06,1,1,normal,True,0,1346,-1541.5537114240965,3,3104.722100378807,3089.107422848193,0.9933260851383614,False,EXPOSED_HISTORY
SPY,1998-06,1,1,t,True,1,1346,-1494.744336148543,4,3018.3082423379046,2997.488672297086,0.9940748505659767,True,EXPOSED_HISTORY
SPY,1998-06,1,2,normal,True,2,1346,-1541.5537114244744,4,3111.9269928897675,3091.1074228489488,0.9933262130460921,False,EXPOSED_HISTORY
SPY,1998-06,1,2,t,True,3,1346,-1494.7443361479864,5,3025.5131348469963,2999.4886722959727,0.9940748237283952,False,EXPOSED_HISTORY
SPY,1998-06,2,1,normal,True,4,1346,-1541.5416876034433,4,3111.9029452477052,3091.0833752068866,0.9931682564844543,False,EXPOSED_HISTORY
SPY,1998-06,2,1,t,True,5,1346,-1494.72261241332,5,3025.4696873776634,2999.44522482664,0.9939866472404602,False,EXPOSED_HISTORY
SPY,1998-07,1,1,normal,True,0,1368,-1579.1224425539879,3,3179.908200402523,3164.2448851079757,0.9939256193047201,False,EXPOSED_HISTORY
SPY,1998-07,1,1,t,True,1,1368,-1533.14807196306,4,3095.18056431885,3074.29614392612,0.99497279607903,True,EXPOSED_HISTORY
SPY,1998-07,1,2,normal,True,2,1368,-1579.1224425549717,4,3187.1293055026736,3166.2448851099434,0.9939248790493267,False,EXPOSED_HISTORY
SPY,1998-07,1,2,t,True,3,1368,-1533.148071964491,5,3102.4016694198945,3076.296143928982,0.9949723442601847,False,EXPOSED_HISTORY
SPY,1998-07,2,1,normal,True,4,1368,-1579.1198203657834,4,3187.124061124297,3166.239640731567,0.993849590145249,False,EXPOSED_HISTORY
SPY,1998-07,2,1,t,True,5,1368,-1533.1478330050886,5,3102.4011915010897,3076.2956660101772,0.9949640525667633,False,EXPOSED_HISTORY
SPY,1998-08,1,1,normal,True,0,1390,-1611.220695134456,3,3244.152567347286,3228.441390268912,0.99434926618893,False,EXPOSED_HISTORY
SPY,1998-08,1,1,t,True,1,1390,-1565.6076359915055,4,3160.16350808751,3139.215271983011,0.9955344194570857,True,EXPOSED_HISTORY
SPY,1998-08,1,2,normal,True,2,1390,-1611.2206951361577,4,3251.3896263768142,3230.4413902723154,0.9943493861137073,False,EXPOSED_HISTORY
SPY,1998-08,1,2,t,True,3,1390,-1565.6076359933904,5,3167.4005671174045,3141.215271986781,0.9955341111108988,False,EXPOSED_HISTORY
SPY,1998-08,2,1,normal,True,4,1390,-1611.2117456945834,4,3251.3717274936657,3230.423491389167,0.9942100554269512,False,EXPOSED_HISTORY
SPY,1998-08,2,1,t,True,5,1390,-1565.5952661492377,5,3167.375827429099,3141.1905322984753,0.9954704423310092,False,EXPOSED_HISTORY
SPY,1998-09,1,1,normal,True,0,1411,-1667.2486717711845,3,3356.2535053979273,3340.497343542369,0.9981039824137707,False,EXPOSED_HISTORY
SPY,1998-09,1,1,t,True,1,1411,-1612.856253968057,4,3254.720723743525,3233.712507936114,0.9982840693898948,True,EXPOSED_HISTORY
SPY,1998-09,1,2,normal,True,2,1411,-1667.2486717730499,4,3363.5055593535108,3342.4973435460997,0.9981039854253191,False,EXPOSED_HISTORY
SPY,1998-09,1,2,t,True,3,1411,-1612.8562539686654,5,3261.972777696595,3235.712507937331,0.9982841009406106,False,EXPOSED_HISTORY
SPY,1998-09,2,1,normal,True,4,1411,-1666.369764466468,4,3361.747744740347,3340.739528932936,0.9966114152709871,False,EXPOSED_HISTORY
SPY,1998-09,2,1,t,True,5,1411,-1612.7444210110796,5,3261.7491117814234,3235.488842022159,0.998189762475228,False,EXPOSED_HISTORY
SPY,1998-10,1,1,normal,True,0,1432,-1715.0119534716714,3,3451.8243889859045,3436.023906943343,0.997850975999973,False,EXPOSED_HISTORY
SPY,1998-10,1,1,t,True,1,1432,-1661.018497354076,4,3351.1043040982345,3330.036994708152,0.9983971231170046,True,EXPOSED_HISTORY
SPY,1998-10,1,2,normal,True,2,1432,-1715.0119534677744,4,3459.091216325631,3438.023906935549,0.9978509415035784,False,EXPOSED_HISTORY
SPY,1998-10,1,2,t,True,3,1432,-1661.0184973546454,5,3358.3711314468937,3332.036994709291,0.9983969878108379,False,EXPOSED_HISTORY
SPY,1998-10,2,1,normal,True,4,1432,-1714.3932047468247,4,3457.8537188837317,3436.7864094936494,0.9965020559468863,False,EXPOSED_HISTORY
SPY,1998-10,2,1,t,True,5,1432,-1660.997843499389,5,3358.329823736381,3331.995686998778,0.9983431282555286,False,EXPOSED_HISTORY
SPY,1998-11,1,1,normal,True,0,1454,-1759.0983060372014,3,3540.042833048683,3524.1966120744028,0.9969424987734595,False,EXPOSED_HISTORY
SPY,1998-11,1,1,t,True,1,1454,-1703.720189638324,4,3436.568673909022,3415.440379276648,0.9973566243125492,True,EXPOSED_HISTORY
SPY,1998-11,1,2,normal,True,2,1454,-1759.0983060388896,4,3547.3249067101533,3526.1966120777793,0.9969424856032022,False,EXPOSED_HISTORY
SPY,1998-11,1,2,t,True,3,1454,-1703.7201896368153,5,3443.850747564098,3417.4403792736307,0.9973560933285979,False,EXPOSED_HISTORY
SPY,1998-11,2,1,normal,True,4,1454,-1758.4696948964267,4,3546.0676844252275,3524.9393897928535,0.9955927418957099,False,EXPOSED_HISTORY
SPY,1998-11,2,1,t,True,5,1454,-1703.6959998933798,5,3443.802368077227,3417.3919997867597,0.9972599027129504,False,EXPOSED_HISTORY
SPY,1998-12,1,1,normal,True,0,1474,-1791.6689916951145,3,3605.225188608477,3589.337983390229,0.9953374052831908,False,EXPOSED_HISTORY
SPY,1998-12,1,1,t,True,1,1474,-1735.3972445466716,4,3499.97742938434,3478.794489093343,0.9955843004413183,True,EXPOSED_HISTORY
SPY,1998-12,1,2,normal,True,2,1474,-1791.668991691106,4,3612.520923673209,3591.337983382212,0.9953371977297341,False,EXPOSED_HISTORY
SPY,1998-12,1,2,t,True,3,1474,-1735.3972445502563,5,3507.273164464259,3480.7944891005127,0.9955840379176755,False,EXPOSED_HISTORY
SPY,1998-12,2,1,normal,True,4,1474,-1790.85719753193,4,3610.897335354857,3589.71439506386,0.993908033378038,False,EXPOSED_HISTORY
SPY,1998-12,2,1,t,True,5,1474,-1735.3518617880586,5,3507.1823989398636,3480.703723576117,0.9954309411887038,False,EXPOSED_HISTORY
SPY,1999-01,1,1,normal,True,0,1496,-1830.3461073923313,3,3682.623865260266,3666.6922147846626,0.9955840973027401,False,EXPOSED_HISTORY
SPY,1999-01,1,1,t,True,1,1496,-1774.4031142736494,4,3578.0484291814364,3556.806228547299,0.9962383593403836,True,EXPOSED_HISTORY
SPY,1999-01,1,2,normal,True,2,1496,-1830.3461073901835,4,3689.9344154145047,3668.692214780367,0.9955843103260321,False,EXPOSED_HISTORY
SPY,1999-01,1,2,t,True,3,1496,-1774.4031142738552,5,3585.3589793403826,3558.8062285477104,0.9962383130676598,False,EXPOSED_HISTORY
SPY,1999-01,2,1,normal,True,4,1496,-1829.656210879431,4,3688.5546223929996,3667.312421758862,0.9944741830966621,False,EXPOSED_HISTORY
SPY,1999-01,2,1,t,True,5,1496,-1774.3776108957359,5,3585.307972584144,3558.7552217914717,0.9961609310948248,False,EXPOSED_HISTORY
SPY,1999-02,1,1,normal,True,0,1515,-1864.752634197083,3,3751.474780547996,3735.505268394166,0.9962032805552965,False,EXPOSED_HISTORY
SPY,1999-02,1,1,t,True,1,1515,-1810.2005421500915,4,3649.693767171957,3628.401084300183,0.9973529938292652,True,EXPOSED_HISTORY
SPY,1999-02,1,2,normal,True,2,1515,-1864.75263419889,4,3758.797951269554,3737.50526839778,0.9962035083407675,False,EXPOSED_HISTORY
SPY,1999-02,1,2,t,True,3,1515,-1810.200542149844,5,3657.0169378894057,3630.401084299688,0.9973530234096261,False,EXPOSED_HISTORY
SPY,1999-02,2,1,normal,True,4,1515,-1864.0703270896872,4,3757.4333370511486,3736.1406541793745,0.9952866693139085,False,EXPOSED_HISTORY
SPY,1999-02,2,1,t,True,5,1515,-1810.1692457731742,5,3656.954345136066,3630.3384915463485,0.9972867390572986,False,EXPOSED_HISTORY
SPY,1999-03,1,1,normal,True,0,1534,-1896.5215224606295,3,3815.0499468670405,3799.043044921259,0.9961467260622041,False,EXPOSED_HISTORY
SPY,1999-03,1,1,t,True,1,1534,-1842.2554219684182,4,3713.8533798645453,3692.5108439368364,0.9974870135639526,True,EXPOSED_HISTORY
SPY,1999-03,1,2,normal,True,2,1534,-1896.5215224605945,4,3822.385580848898,3801.043044921189,0.9961467376553976,False,EXPOSED_HISTORY
SPY,1999-03,1,2,t,True,3,1534,-1842.2554219682117,5,3721.1890138460594,3694.5108439364235,0.9974869753977206,False,EXPOSED_HISTORY
SPY,1999-03,2,1,normal,True,4,1534,-1895.790831082012,4,3820.9241980917327,3799.581662164024,0.9952149099836926,False,EXPOSED_HISTORY
SPY,1999-03,2,1,t,True,5,1534,-1842.205480039514,5,3721.089129988664,3694.410960079028,0.9974011457880069,False,EXPOSED_HISTORY
SPY,1999-04,1,1,normal,True,0,1557,-1935.4870888509354,3,3893.0257262173727,3876.9741777018708,0.9965245681578138,False,EXPOSED_HISTORY
SPY,1999-04,1,1,t,True,1,1557,-1882.2978867555373,4,3793.9978381984106,3772.5957735110746,0.9981172197729894,True,EXPOSED_HISTORY
SPY,1999-04,1,2,normal,True,2,1557,-1935.4870888524947,4,3900.3762423923254,3878.9741777049894,0.9965246865855043,False,EXPOSED_HISTORY
SPY,1999-04,1,2,t,True,3,1557,-1882.297886758527,5,3801.348354376224,3774.595773517054,0.9981175572269996,False,EXPOSED_HISTORY
SPY,1999-04,2,1,normal,True,4,1557,-1934.6485003322066,4,3898.699065351749,3877.297000664413,0.9956006160606916,False,EXPOSED_HISTORY
SPY,1999-04,2,1,t,True,5,1557,-1882.216137506135,5,3801.18485587144,3774.43227501227,0.99802724975427,False,EXPOSED_HISTORY
SPY,1999-05,1,1,normal,True,0,1578,-1969.5864308351936,3,3961.2646021746045,3945.172861670387,0.9963219471798584,False,EXPOSED_HISTORY
SPY,1999-05,1,1,t,True,1,1578,-1916.7223388803568,4,3862.900331766337,3841.4446777607136,0.9980903235893666,True,EXPOSED_HISTORY
SPY,1999-05,1,2,normal,True,2,1578,-1969.5864308358098,4,3968.628515677243,3947.1728616716196,0.9963219934040173,False,EXPOSED_HISTORY
SPY,1999-05,1,2,t,True,3,1578,-1916.7223388816003,5,3870.26424527023,3843.4446777632006,0.9980902320209123,False,EXPOSED_HISTORY
SPY,1999-05,2,1,normal,True,4,1578,-1968.7712550132924,4,3966.998164032208,3945.5425100265848,0.9954002754864275,False,EXPOSED_HISTORY
SPY,1999-05,2,1,t,True,5,1578,-1916.6327738233053,5,3870.08511515364,3843.2655476466107,0.9979884448197679,False,EXPOSED_HISTORY
SPY,1999-06,1,1,normal,True,0,1598,-2001.5991428668758,3,4025.3278101127303,4009.1982857337516,0.9964419752290905,False,EXPOSED_HISTORY
SPY,1999-06,1,1,t,True,1,1598,-1949.5412132784882,4,3928.5884590622813,3907.0824265569763,0.998313366513306,True,EXPOSED_HISTORY
SPY,1999-06,1,2,normal,True,2,1598,-2001.5991428657626,4,4032.70431823683,4011.198285731525,0.996441805471454,False,EXPOSED_HISTORY
SPY,1999-06,1,2,t,True,3,1598,-1949.5412132785382,5,3935.9649671887073,3909.0824265570764,0.9983134925384956,False,EXPOSED_HISTORY
SPY,1999-06,2,1,normal,True,4,1598,-2000.8265358453036,4,4031.1591041959123,4009.6530716906072,0.9956799064258066,False,EXPOSED_HISTORY
SPY,1999-06,2,1,t,True,5,1598,-1949.4652789361344,5,3935.8130985038997,3908.9305578722688,0.9982374239422828,False,EXPOSED_HISTORY
SPY,1999-07,1,1,normal,True,0,1620,-2032.0731890115444,3,4086.316922307768,4070.146378023089,0.9959996939248843,False,EXPOSED_HISTORY
SPY,1999-07,1,1,t,True,1,1620,-1980.02669715699,4,3989.6141200268858,3968.05339431398,0.9979703463490945,True,EXPOSED_HISTORY
SPY,1999-07,1,2,normal,True,2,1620,-2032.0731890132056,4,4093.707103739317,4072.146378026411,0.9959996878100886,False,EXPOSED_HISTORY
SPY,1999-07,1,2,t,True,3,1620,-1980.0266971604738,5,3997.0043014620796,3970.0533943209475,0.997970405664116,False,EXPOSED_HISTORY
SPY,1999-07,2,1,normal,True,4,1620,-2031.318112050975,4,4092.196949814856,4070.63622410195,0.9952577465805762,False,EXPOSED_HISTORY
SPY,1999-07,2,1,t,True,5,1620,-1979.9577545182242,5,3996.8664161775805,3969.9155090364484,0.9978949384867549,False,EXPOSED_HISTORY
SPY,1999-08,1,1,normal,True,0,1641,-2058.948431349263,3,4140.106045971796,4123.896862698526,0.9957522001875478,False,EXPOSED_HISTORY
SPY,1999-08,1,1,t,True,1,1641,-2006.8314443246363,4,4043.275133013633,4021.6628886492726,0.9976995028921611,True,EXPOSED_HISTORY
SPY,1999-08,1,2,normal,True,2,1641,-2058.9484313494304,4,4147.509107063222,4125.896862698861,0.9957522263015267,False,EXPOSED_HISTORY
SPY,1999-08,1,2,t,True,3,1641,-2006.8314443261363,5,4050.678194107723,4023.6628886522726,0.9976994278327546,False,EXPOSED_HISTORY
SPY,1999-08,2,1,normal,True,4,1641,-2058.1791434923707,4,4145.970531349102,4124.358286984741,0.9950522791177407,False,EXPOSED_HISTORY
SPY,1999-08,2,1,t,True,5,1641,-2006.7479596395665,5,4050.5112247345833,4023.495919279133,0.9976184299864451,False,EXPOSED_HISTORY
SPY,1999-09,1,1,normal,True,0,1663,-2092.7274416588275,3,4207.704018755234,4191.454883317655,0.9961607153043893,False,EXPOSED_HISTORY
SPY,1999-09,1,1,t,True,1,1663,-2042.0908638824192,4,4113.84724168161,4092.1817277648383,0.9981514045165446,True,EXPOSED_HISTORY
SPY,1999-09,1,2,normal,True,2,1663,-2092.7274416613964,4,4215.120397239564,4193.454883322793,0.9961608779498966,False,EXPOSED_HISTORY
SPY,1999-09,1,2,t,True,3,1663,-2042.0908638838443,5,4121.263620163653,4094.1817277676887,0.9981515270622954,False,EXPOSED_HISTORY
SPY,1999-09,2,1,normal,True,4,1663,-2091.818195855907,4,4213.301905628586,4191.636391711814,0.9954210901116597,False,EXPOSED_HISTORY
SPY,1999-09,2,1,t,True,5,1663,-2041.957273642333,5,4120.996439680631,4093.914547284666,0.9980538283940796,False,EXPOSED_HISTORY
SPY,1999-10,1,1,normal,True,0,1684,-2127.2807378704297,3,4276.848257325266,4260.561475740859,0.9964379422259689,False,EXPOSED_HISTORY
SPY,1999-10,1,1,t,True,1,1684,-2076.9716942058576,4,4183.6590971909245,4161.943388411715,0.9984880912811758,True,EXPOSED_HISTORY
SPY,1999-10,1,2,normal,True,2,1684,-2127.280737869745,4,4284.277184518699,4262.56147573949,0.9964379808758682,False,EXPOSED_HISTORY
SPY,1999-10,1,2,t,True,3,1684,-2076.9716942056875,5,4191.088024385386,4163.943388411375,0.9984882168654915,False,EXPOSED_HISTORY
SPY,1999-10,2,1,normal,True,4,1684,-2126.251618478442,4,4282.218945736094,4260.503236956884,0.9956456375170273,False,EXPOSED_HISTORY
SPY,1999-10,2,1,t,True,5,1684,-2076.747671758287,5,4190.639979490586,4163.495343516574,0.9983640577605085,False,EXPOSED_HISTORY
SPY,1999-11,1,1,normal,True,0,1705,-2166.65805586093,3,4355.640072891012,4339.31611172186,0.997276144823799,False,EXPOSED_HISTORY
SPY,1999-11,1,1,t,True,1,1705,-2117.3955660964293,4,4264.556413751729,4242.791132192859,0.9993083981212405,True,EXPOSED_HISTORY
SPY,1999-11,1,2,normal,True,2,1705,-2166.6580558605633,4,4363.081393279997,4341.316111721127,0.9972762195433644,False,EXPOSED_HISTORY
SPY,1999-11,1,2,t,True,3,1705,-2117.3955660964475,5,4271.997734141483,4244.791132192895,0.9993083726494265,False,EXPOSED_HISTORY
SPY,1999-11,2,1,normal,True,4,1705,-2165.5871316899884,4,4360.939544938848,4339.174263379977,0.9966572386353606,False,EXPOSED_HISTORY
SPY,1999-11,2,1,t,True,5,1705,-2117.1003372940486,5,4271.4072765366855,4244.200674588097,0.9992483190215484,False,EXPOSED_HISTORY
SPY,1999-12,1,1,normal,True,0,1726,-2193.446460335621,3,4409.253606286172,4392.892920671242,0.9958984786580982,False,EXPOSED_HISTORY
SPY,1999-12,1,1,t,True,1,1726,-2143.077895353171,4,4315.970038192915,4294.155790706342,0.998205292896606,True,EXPOSED_HISTORY
SPY,1999-12,1,2,normal,True,2,1726,-2193.446460338915,4,4416.707168164404,4394.89292067783,0.995898664499887,False,EXPOSED_HISTORY
SPY,1999-12,1,2,t,True,3,1726,-2143.0778953521713,5,4323.42360006256,4296.1557907043425,0.9982053673453727,False,EXPOSED_HISTORY
SPY,1999-12,2,1,normal,True,4,1726,-2192.3733570173986,4,4414.560961521371,4392.746714034797,0.9948411545669622,False,EXPOSED_HISTORY
SPY,1999-12,2,1,t,True,5,1726,-2142.8321969834624,5,4322.932203325142,4295.664393966925,0.9980149293462142,False,EXPOSED_HISTORY
SPY,2000-01,1,1,normal,True,0,1748,-2220.138485196414,3,4462.675653061475,4446.276970392828,0.9953863205960751,False,EXPOSED_HISTORY
SPY,2000-01,1,1,t,True,1,1748,-2169.6702488957008,4,4369.205408016263,4347.3404977914015,0.9977224228946711,True,EXPOSED_HISTORY
SPY,2000-01,1,2,normal,True,2,1748,-2220.1384851973507,4,4470.141880619563,4448.2769703947015,0.9953860203051413,False,EXPOSED_HISTORY
SPY,2000-01,1,2,t,True,3,1748,-2169.67024889597,5,4376.671635573018,4349.34049779194,0.9977224664722647,False,EXPOSED_HISTORY
SPY,2000-01,2,1,normal,True,4,1748,-2218.956878113723,4,4467.778666452308,4445.913756227446,0.9943771111016275,False,EXPOSED_HISTORY
SPY,2000-01,2,1,t,True,5,1748,-2169.3761811124764,5,4376.083500006031,4348.752362224953,0.9975295730174174,False,EXPOSED_HISTORY
SPY,2000-02,1,1,normal,True,0,1768,-2276.4034733537155,3,4575.239759437024,4558.806946707431,0.9982302443271238,False,EXPOSED_HISTORY
SPY,2000-02,1,1,t,True,1,1768,-2217.482390975609,4,4464.875198924009,4442.964781951218,0.9996181705417744,True,EXPOSED_HISTORY
SPY,2000-02,1,2,normal,True,2,1768,-2276.403473356567,4,4582.717363685924,4560.806946713134,0.9982302075415869,False,EXPOSED_HISTORY
SPY,2000-02,1,2,t,True,3,1768,-2217.482390976061,5,4472.352803168111,4444.964781952122,0.9996181052880659,False,EXPOSED_HISTORY
SPY,2000-02,2,1,normal,True,4,1768,-2275.4533564169833,4,4580.817129806757,4558.906712833967,0.9976302315885682,False,EXPOSED_HISTORY
SPY,2000-02,2,1,t,True,5,1768,-2217.04889878629,5,4471.485818788568,4444.09779757258,0.9995740251899196,False,EXPOSED_HISTORY
SPY,2000-03,1,1,normal,True,0,1788,-2310.971893590905,3,4644.4103460490105,4627.94378718181,0.997818009081295,False,EXPOSED_HISTORY
SPY,2000-03,1,1,t,True,1,1788,-2252.352267398943,4,4534.659946620819,4512.704534797886,0.9993920146811376,True,EXPOSED_HISTORY
SPY,2000-03,1,2,normal,True,2,1788,-2310.9718935909236,4,4651.899199004781,4629.943787181847,0.9978180324103624,False,EXPOSED_HISTORY
SPY,2000-03,1,2,t,True,3,1788,-2252.352267420103,5,4542.148799618873,4514.704534840206,0.9993919960910491,False,EXPOSED_HISTORY
SPY,2000-03,2,1,normal,True,4,1788,-2310.0368581957423,4,4650.029128214418,4628.073716391485,0.9970797221028491,False,EXPOSED_HISTORY
SPY,2000-03,2,1,t,True,5,1788,-2251.8843784324713,5,4541.21302164361,4513.768756864943,0.9992810472174318,False,EXPOSED_HISTORY
SPY,2000-04,1,1,normal,True,0,1811,-2355.6850045154442,3,4733.874912404539,4717.3700090308885,0.9982045626152866,False,EXPOSED_HISTORY
SPY,2000-04,1,1,t,True,1,1811,-2296.7648793462313,4,4623.5362965239965,4601.529758692463,0.9997405318867627,True,EXPOSED_HISTORY
SPY,2000-04,1,2,normal,True,2,1811,-2355.6850045148335,4,4741.376546861201,4719.370009029667,0.9982045999821239,False,EXPOSED_HISTORY
SPY,2000-04,1,2,t,True,3,1811,-2296.7648793472836,5,4631.037930983985,4603.529758694567,0.999740660898703,False,EXPOSED_HISTORY
SPY,2000-04,2,1,normal,True,4,1811,-2354.8656556583246,4,4739.737849148183,4717.731311316649,0.9976465334797994,False,EXPOSED_HISTORY
SPY,2000-04,2,1,t,True,5,1811,-2296.2744495285438,5,4630.057071346505,4602.5488990570875,0.9996637400118747,False,EXPOSED_HISTORY
SPY,2000-05,1,1,normal,True,0,1830,-2399.7953869291237,3,4822.126987595754,4805.590773858247,0.9995154608209684,False,EXPOSED_HISTORY
SPY,2000-05,1,1,t,True,1,1830,-2337.7360563915636,4,4705.520397766469,4683.472112783127,1.000000000168918,True,EXPOSED_HISTORY
SPY,2000-05,1,2,normal,True,2,1830,-2399.7953869316416,4,4829.639058846625,4807.590773863283,0.9995154187130605,False,EXPOSED_HISTORY
SPY,2000-05,1,2,t,True,3,1830,-2337.736056396185,5,4713.0324690215475,4685.47211279237,1.0000000000210068,False,EXPOSED_HISTORY
SPY,2000-05,2,1,normal,True,4,1830,-2399.3559776814454,4,4828.760240346232,4806.711955362891,0.9994026635097812,False,EXPOSED_HISTORY
SPY,2000-05,2,1,t,True,5,1830,-2337.5084568693023,5,4712.577269967782,4685.016913738605,1.000000000087052,False,EXPOSED_HISTORY
SPY,2000-06,1,1,normal,True,0,1852,-2441.556468848106,3,4905.68500194183,4889.112937696212,0.9991118131495619,False,EXPOSED_HISTORY
SPY,2000-06,1,1,t,True,1,1852,-2380.1503729855162,4,4790.396831631857,4768.3007459710325,1.0000000000268747,True,EXPOSED_HISTORY
SPY,2000-06,1,2,normal,True,2,1852,-2441.556468851827,4,4913.2090233644785,4891.112937703654,0.9991117948696471,False,EXPOSED_HISTORY
SPY,2000-06,1,2,t,True,3,1852,-2380.150372986286,5,4797.920853048603,4770.300745972572,1.0000000000059022,False,EXPOSED_HISTORY
SPY,2000-06,2,1,normal,True,4,1852,-2441.122096604967,4,4912.340278870758,4890.244193209934,0.9989342603186199,False,EXPOSED_HISTORY
SPY,2000-06,2,1,t,True,5,1852,-2379.903962034886,5,4797.428031145802,4769.807924069772,0.9999999999971172,False,EXPOSED_HISTORY
SPY,2000-07,1,1,normal,True,0,1874,-2474.9226856397945,3,4972.452862667984,4955.845371279589,0.9978023993502623,False,EXPOSED_HISTORY
SPY,2000-07,1,1,t,True,1,1874,-2413.0819858915474,4,4856.307293634289,4834.163971783095,0.9991801964335976,True,EXPOSED_HISTORY
SPY,2000-07,1,2,normal,True,2,1874,-2474.922685638688,4,4979.98869312857,4957.845371277376,0.9978023387689141,False,EXPOSED_HISTORY
SPY,2000-07,1,2,t,True,3,1874,-2413.0819858887053,5,4863.843124091402,4836.163971777411,0.9991802105982142,False,EXPOSED_HISTORY
SPY,2000-07,2,1,normal,True,4,1874,-2474.3002334440944,4,4978.743788739383,4956.600466888189,0.997368409711256,False,EXPOSED_HISTORY
SPY,2000-07,2,1,t,True,5,1874,-2412.7794911933174,5,4863.238134700627,4835.558982386635,0.9991056045664934,False,EXPOSED_HISTORY
SPY,2000-08,1,1,normal,True,0,1894,-2505.6055277318283,3,5033.850394284895,5017.2110554636565,0.9977305772998412,False,EXPOSED_HISTORY
SPY,2000-08,1,1,t,True,1,1894,-2444.2428103410093,4,4918.671405777002,4896.485620682019,0.9991282478770885,True,EXPOSED_HISTORY
SPY,2000-08,1,2,normal,True,2,1894,-2505.6055277281894,4,5041.396840551362,5019.211055456379,0.9977303517526125,False,EXPOSED_HISTORY
SPY,2000-08,1,2,t,True,3,1894,-2444.242810340036,5,4926.217852048802,4898.485620680072,0.9991282585852214,False,EXPOSED_HISTORY
SPY,2000-08,2,1,normal,True,4,1894,-2504.984748044292,4,5040.155281183567,5017.969496088584,0.9974345157502007,False,EXPOSED_HISTORY
SPY,2000-08,2,1,t,True,5,1894,-2443.959396944117,5,4925.651025256964,4897.918793888234,0.9991093320122572,False,EXPOSED_HISTORY
SPY,2000-09,1,1,normal,True,0,1917,-2531.702639641517,3,5086.0808295121715,5069.405279283034,0.9967776622944532,False,EXPOSED_HISTORY
SPY,2000-09,1,1,t,True,1,1917,-2469.970169792843,4,4970.174406557869,4947.940339585686,0.9982424374780688,True,EXPOSED_HISTORY
SPY,2000-09,1,2,normal,True,2,1917,-2531.7026396413894,4,5093.639346254961,5071.405279282779,0.9967777053408892,False,EXPOSED_HISTORY
SPY,2000-09,1,2,t,True,3,1917,-2469.9701697911473,5,4977.732923297523,4949.940339582295,0.9982421538836456,False,EXPOSED_HISTORY
SPY,2000-09,2,1,normal,True,4,1917,-2530.9635496484257,4,5092.161166269034,5069.927099296851,0.9964152060439104,False,EXPOSED_HISTORY
SPY,2000-09,2,1,t,True,5,1917,-2469.6111920993435,5,4977.014967913915,4949.222384198687,0.9982238656888136,False,EXPOSED_HISTORY
SPY,2000-10,1,1,normal,True,0,1937,-2561.6536845340897,3,5146.0140560584005,5129.3073690681795,0.9971468068837652,False,EXPOSED_HISTORY
SPY,2000-10,1,1,t,True,1,1937,-2501.0426696964464,4,5032.3609220465205,5010.085339392893,0.9985688857831725,True,EXPOSED_HISTORY
SPY,2000-10,1,2,normal,True,2,1937,-2561.6536845341334,4,5153.5829517218945,5131.307369068267,0.9971468278039881,False,EXPOSED_HISTORY
SPY,2000-10,1,2,t,True,3,1937,-2501.042669696952,5,5039.9298177109395,5012.085339393904,0.9985685941991201,False,EXPOSED_HISTORY
SPY,2000-10,2,1,normal,True,4,1937,-2560.953151837101,4,5152.1818863278295,5129.906303674202,0.996820279778197,False,EXPOSED_HISTORY
SPY,2000-10,2,1,t,True,5,1937,-2500.748722473153,5,5039.341923263341,5011.497444946306,0.9985574226861785,False,EXPOSED_HISTORY
SPY,2000-11,1,1,normal,True,0,1959,-2606.6006129149314,3,5235.941794083697,5219.201225829863,0.997885288600717,False,EXPOSED_HISTORY
SPY,2000-11,1,1,t,True,1,1959,-2546.781211916198,4,5123.883181504174,5101.562423832396,0.9994868695881883,True,EXPOSED_HISTORY
SPY,2000-11,1,2,normal,True,2,1959,-2606.600612915263,4,5243.521983502304,5221.201225830526,0.997885342384865,False,EXPOSED_HISTORY
SPY,2000-11,1,2,t,True,3,1959,-2546.781211916681,5,5131.463370923085,5103.562423833362,0.999486744099054,False,EXPOSED_HISTORY
SPY,2000-11,2,1,normal,True,4,1959,-2605.5353072411053,4,5241.391372153988,5219.070614482211,0.997447193859797,False,EXPOSED_HISTORY
SPY,2000-11,2,1,t,True,5,1959,-2546.245981425084,5,5130.392909939891,5102.491962850168,0.9995186522691822,False,EXPOSED_HISTORY
SPY,2000-12,1,1,normal,True,0,1980,-2643.463780692179,3,5309.700117755424,5292.927561384358,0.9977938764487239,False,EXPOSED_HISTORY
SPY,2000-12,1,1,t,True,1,1980,-2583.9143179009043,4,5198.192044296563,5175.828635801809,0.9994951576456181,True,EXPOSED_HISTORY
SPY,2000-12,1,2,normal,True,2,1980,-2643.46378072053,4,5317.290969935814,5294.92756144106,0.9977938048867274,False,EXPOSED_HISTORY
SPY,2000-12,1,2,t,True,3,1980,-2583.9143179619136,5,5205.7828965422705,5177.828635923827,0.9994949062134225,False,EXPOSED_HISTORY
SPY,2000-12,2,1,normal,True,4,1980,-2642.3647364823178,4,5315.09288145939,5292.7294729646355,0.9972994710639367,False,EXPOSED_HISTORY
SPY,2000-12,2,1,t,True,5,1980,-2583.3158397517955,5,5204.585940122034,5176.631679503591,0.9994967983956834,False,EXPOSED_HISTORY
SPY,2001-01,1,1,normal,True,0,2000,-2684.7754760556372,3,5392.353659489901,5375.5509521112745,0.998358799329331,False,EXPOSED_HISTORY
SPY,2001-01,1,1,t,True,1,2000,-2626.2301041926794,4,5282.863818223527,5260.460208385359,0.9999999999999988,True,EXPOSED_HISTORY
SPY,2001-01,1,2,normal,True,2,2000,-2684.775476055168,4,5399.954561948504,5377.550952110336,0.9983587298895671,False,EXPOSED_HISTORY
SPY,2001-01,1,2,t,True,3,2000,-2626.230104162886,5,5290.464720623483,5262.460208325772,1.0000000068344794,False,EXPOSED_HISTORY
SPY,2001-01,2,1,normal,True,4,2000,-2683.5529965972246,4,5397.509603032618,5375.105993194449,0.9979289199539995,False,EXPOSED_HISTORY
SPY,2001-01,2,1,t,True,5,2000,-2625.5030600091472,5,5289.010632316005,5261.0061200182945,1.0,False,EXPOSED_HISTORY
SPY,2001-02,1,1,normal,True,0,2021,-2722.645758158564,3,5468.125559469339,5451.291516317128,0.9975975015983294,False,EXPOSED_HISTORY
SPY,2001-02,1,1,t,True,1,2021,-2662.6083779984997,4,5355.6621468666135,5333.216755996999,0.9994792132702307,True,EXPOSED_HISTORY
SPY,2001-02,1,2,normal,True,2,2021,-2722.645758155337,4,5475.736907180288,5453.291516310674,0.9975976682407898,False,EXPOSED_HISTORY
SPY,2001-02,1,2,t,True,3,2021,-2662.608377998469,5,5363.273494583957,5335.216755996938,0.9994792821325443,False,EXPOSED_HISTORY
SPY,2001-02,2,1,normal,True,4,2021,-2721.2737176916353,4,5472.992826252885,5450.547435383271,0.9967768463144261,False,EXPOSED_HISTORY
SPY,2001-02,2,1,t,True,5,2021,-2661.8764299882714,5,5361.809598563561,5333.752859976543,0.999404069319276,False,EXPOSED_HISTORY
SPY,2001-03,1,1,normal,True,0,2040,-2755.3558630069156,3,5533.573841274346,5516.711726013831,0.9978209179361669,False,EXPOSED_HISTORY
SPY,2001-03,1,1,t,True,1,2040,-2696.2903470782026,4,5423.063514503759,5400.580694156405,0.9996824709695998,True,EXPOSED_HISTORY
SPY,2001-03,1,2,normal,True,2,2040,-2755.3558630763932,4,5541.19454650014,5518.7117261527865,0.9978213447378256,False,EXPOSED_HISTORY
SPY,2001-03,1,2,t,True,3,2040,-2696.290347075491,5,5430.684219585173,5402.580694150982,0.9996825830221555,False,EXPOSED_HISTORY
SPY,2001-03,2,1,normal,True,4,2040,-2754.061921163442,4,5538.606662674238,5516.123842326884,0.9973081701649362,False,EXPOSED_HISTORY
SPY,2001-03,2,1,t,True,5,2040,-2695.629042252942,5,5429.361609940075,5401.258084505884,0.9996978130996375,False,EXPOSED_HISTORY
SPY,2001-04,1,1,normal,True,0,2062,-2802.677173188563,3,5628.248641370857,5611.354346377126,0.9986500551885161,False,EXPOSED_HISTORY
SPY,2001-04,1,1,t,True,1,2062,-2744.0447443913527,4,5518.615215441013,5496.089488782705,1.0000000001305167,True,EXPOSED_HISTORY
SPY,2001-04,1,2,normal,True,2,2062,-2802.677173196109,4,5635.880073050525,5613.354346392218,0.9986501726947387,False,EXPOSED_HISTORY
SPY,2001-04,1,2,t,True,3,2062,-2744.0447444020156,5,5526.246647126915,5498.089488804031,1.000000000064239,False,EXPOSED_HISTORY
SPY,2001-04,2,1,normal,True,4,2062,-2801.853636753927,4,5634.233000166161,5611.707273507854,0.9984233703554857,False,EXPOSED_HISTORY
SPY,2001-04,2,1,t,True,5,2062,-2743.509472268841,5,5525.176102860566,5497.018944537682,1.0,False,EXPOSED_HISTORY
SPY,2001-05,1,1,normal,True,0,2082,-2843.9070353040725,3,5710.73732335567,5693.814070608145,0.9985868448687861,False,EXPOSED_HISTORY
SPY,2001-05,1,1,t,True,1,2082,-2785.7678324759145,4,5602.100001948528,5579.535664951829,1.0000000001040903,True,EXPOSED_HISTORY
SPY,2001-05,1,2,normal,True,2,2082,-2843.907035304469,4,5718.378407605637,5695.814070608938,0.9985868716125686,False,EXPOSED_HISTORY
SPY,2001-05,1,2,t,True,3,2082,-2785.7678324886433,5,5609.741086223161,5581.535664977287,1.000000000133935,False,EXPOSED_HISTORY
SPY,2001-05,2,1,normal,True,4,2082,-2843.018744292889,4,5716.601825582477,5694.037488585778,0.9982917548582855,False,EXPOSED_HISTORY
SPY,2001-05,2,1,t,True,5,2082,-2785.14503621805,5,5608.495493681974,5580.2900724361,1.0,False,EXPOSED_HISTORY
SPY,2001-06,1,1,normal,True,0,2104,-2877.578730730558,3,5778.112248182689,5761.157461461116,0.9975141969194065,False,EXPOSED_HISTORY
SPY,2001-06,1,1,t,True,1,2104,-2818.9827663745145,4,5668.571915044459,5645.965532749029,0.9996250131137183,True,EXPOSED_HISTORY
SPY,2001-06,1,2,normal,True,2,2104,-2877.578730730553,4,5785.7638437565365,5763.157461461106,0.9975141967861558,False,EXPOSED_HISTORY
SPY,2001-06,1,2,t,True,3,2104,-2818.98276637048,5,5676.223510610248,5647.96553274096,0.999625368980625,False,EXPOSED_HISTORY
SPY,2001-06,2,1,normal,True,4,2104,-2876.4474178416203,4,5783.501217978671,5760.894835683241,0.996997541272977,False,EXPOSED_HISTORY
SPY,2001-06,2,1,t,True,5,2104,-2818.2545434615145,5,5674.767064792317,5646.509086923029,0.9996192739559357,False,EXPOSED_HISTORY
SPY,2001-07,1,1,normal,True,0,2125,-2904.5418698184394,3,5832.068320880954,5815.083739636879,0.9967647165697595,False,EXPOSED_HISTORY
SPY,2001-07,1,1,t,True,1,2125,-2845.562436708699,4,5721.770981742832,5699.124873417398,0.9989165709891938,True,EXPOSED_HISTORY
SPY,2001-07,1,2,normal,True,2,2125,-2904.5418698918947,4,5839.729848109224,5817.0837397837895,0.9967647430283227,False,EXPOSED_HISTORY
SPY,2001-07,1,2,t,True,3,2125,-2845.562436710271,5,5729.4325088273345,5701.124873420542,0.9989164283474885,False,EXPOSED_HISTORY
SPY,2001-07,2,1,normal,True,4,2125,-2903.271281438838,4,5837.18867120311,5814.542562877676,0.9962528584652552,False,EXPOSED_HISTORY
SPY,2001-07,2,1,t,True,5,2125,-2844.6971291338555,5,5727.7018936745035,5699.394258267711,0.9989113332143766,False,EXPOSED_HISTORY
SPY,2001-08,1,1,normal,True,0,2146,-2939.268762524843,3,5901.551607819259,5884.537525049686,0.9972105350945951,False,EXPOSED_HISTORY
SPY,2001-08,1,1,t,True,1,2146,-2880.8356374803,4,5792.356718653363,5769.6712749606,0.999290366444332,True,EXPOSED_HISTORY
SPY,2001-08,1,2,normal,True,2,2146,-2939.2687625251774,4,5909.222968743117,5886.537525050355,0.9972105261332864,False,EXPOSED_HISTORY
SPY,2001-08,1,2,t,True,3,2146,-2880.8356374789937,5,5800.028079573941,5771.671274957987,0.9992905211871966,False,EXPOSED_HISTORY
SPY,2001-08,2,1,normal,True,4,2146,-2938.2023101066397,4,5907.090063906042,5884.4046202132795,0.9967995056992685,False,EXPOSED_HISTORY
SPY,2001-08,2,1,t,True,5,2146,-2880.109431936607,5,5798.575668489168,5770.218863873214,0.9993239189156424,False,EXPOSED_HISTORY
SPY,2001-09,1,1,normal,True,0,2169,-2974.035989380487,3,5971.118043293455,5954.071978760974,0.9973561901523489,False,EXPOSED_HISTORY
SPY,2001-09,1,1,t,True,1,2169,-2916.5427817342616,4,5863.813649511831,5841.085563468523,0.9994230126874547,True,EXPOSED_HISTORY
SPY,2001-09,1,2,normal,True,2,2169,-2974.0359893872374,4,5978.800064817782,5956.071978774475,0.9973558332007297,False,EXPOSED_HISTORY
SPY,2001-09,1,2,t,True,3,2169,-2916.5427817334503,5,5871.495671021035,5843.085563466901,0.9994230572799351,False,EXPOSED_HISTORY
SPY,2001-09,2,1,normal,True,4,2169,-2972.8336687803353,4,5976.395423603978,5953.667337560671,0.9969371760598676,False,EXPOSED_HISTORY
SPY,2001-09,2,1,t,True,5,2169,-2915.740723512864,5,5869.891554579863,5841.481447025728,0.9994727947318084,False,EXPOSED_HISTORY
SPY,2001-10,1,1,normal,True,0,2184,-3012.391477047101,3,6047.849694104796,6030.782954094202,0.9983800120160432,False,EXPOSED_HISTORY
SPY,2001-10,1,1,t,True,1,2184,-2953.0852907630797,4,5936.926234873618,5914.170581526159,1.0,True,EXPOSED_HISTORY
SPY,2001-10,1,2,normal,True,2,2184,-3012.391477047,4,6055.538607441459,6032.782954094,0.9983799674921262,False,EXPOSED_HISTORY
SPY,2001-10,1,2,t,True,3,2184,-2953.0852907691433,5,5944.6151482226105,5916.170581538287,1.000000000055074,False,EXPOSED_HISTORY
SPY,2001-10,2,1,normal,True,4,2184,-3010.545531273495,4,6051.846715894449,6029.09106254699,0.9978751520777688,False,EXPOSED_HISTORY
SPY,2001-10,2,1,t,True,5,2184,-2951.96603216243,5,5942.376631009184,5913.93206432486,1.0,False,EXPOSED_HISTORY
SPY,2001-11,1,1,normal,True,0,2207,-3051.4046643058464,3,6125.907496830463,6108.809328611693,0.9977821480470521,False,EXPOSED_HISTORY
SPY,2001-11,1,1,t,True,1,2207,-2991.515348923454,4,6013.828255471935,5991.030697846908,0.9999238209112701,True,EXPOSED_HISTORY
SPY,2001-11,1,2,normal,True,2,2207,-3051.404664305484,4,6133.606886235995,6110.809328610968,0.9977822874425608,False,EXPOSED_HISTORY
SPY,2001-11,1,2,t,True,3,2207,-2991.515348921801,5,6021.5276448748855,5993.030697843602,0.9999237501012825,False,EXPOSED_HISTORY
SPY,2001-11,2,1,normal,True,4,2207,-3049.5672685871205,4,6129.932094799268,6107.134537174241,0.9971101775715667,False,EXPOSED_HISTORY
SPY,2001-11,2,1,t,True,5,2207,-2990.446651441522,5,6019.390249914328,5990.893302883044,0.9999626320922405,False,EXPOSED_HISTORY
SPY,2001-12,1,1,normal,True,0,2228,-3084.4411972134103,3,6192.008973229962,6174.882394426821,0.99740271662748,False,EXPOSED_HISTORY
SPY,2001-12,1,1,t,True,1,2228,-3024.684834471938,4,6080.205107348064,6057.369668943876,0.9996160832402425,True,EXPOSED_HISTORY
SPY,2001-12,1,2,normal,True,2,2228,-3084.4411972124512,4,6199.717832829091,6176.8823944249025,0.9974026272682126,False,EXPOSED_HISTORY
SPY,2001-12,1,2,t,True,3,2228,-3024.68483452857,5,6087.913967062375,6059.36966905714,0.999615990754643,False,EXPOSED_HISTORY
SPY,2001-12,2,1,normal,True,4,2228,-3082.508394726933,4,6195.852227858055,6173.016789453866,0.9966839805170387,False,EXPOSED_HISTORY
SPY,2001-12,2,1,t,True,5,2228,-3023.5681404848838,5,6085.680578975003,6057.1362809697675,0.9996244769518005,False,EXPOSED_HISTORY
SPY,2002-01,1,1,normal,True,0,2248,-3113.820184759207,3,6250.793758151455,6233.640369518414,0.9971525028772623,False,EXPOSED_HISTORY
SPY,2002-01,1,1,t,True,1,2248,-3054.3754711049355,4,6139.622127053925,6116.750942209871,0.9994045065609645,True,EXPOSED_HISTORY
SPY,2002-01,1,2,normal,True,2,2248,-3113.820184759567,4,6258.511554363188,6235.640369519134,0.997152577490913,False,EXPOSED_HISTORY
SPY,2002-01,1,2,t,True,3,2248,-3054.3754711030388,5,6147.3399232611455,6118.7509422060775,0.9994044175833974,False,EXPOSED_HISTORY
SPY,2002-01,2,1,normal,True,4,2248,-3111.8684484280525,4,6254.608081700159,6231.736896856105,0.996417997595768,False,EXPOSED_HISTORY
SPY,2002-01,2,1,t,True,5,2248,-3053.247835966882,5,6145.084652988832,6116.495671933764,0.9994030257376434,False,EXPOSED_HISTORY
SPY,2002-02,1,1,normal,True,0,2269,-3147.362567013318,3,6317.9064174809755,6300.725134026636,0.9975823931164557,False,EXPOSED_HISTORY
SPY,2002-02,1,1,t,True,1,2269,-3086.4572245660197,4,6203.822827071159,6180.914449132039,0.9996086438461984,True,EXPOSED_HISTORY
SPY,2002-02,1,2,normal,True,2,2269,-3147.3625670170054,4,6325.63351197313,6302.725134034011,0.9975821312088041,False,EXPOSED_HISTORY
SPY,2002-02,1,2,t,True,3,2269,-3086.4572245689064,5,6211.549921561712,6182.914449137813,0.99960859280995,False,EXPOSED_HISTORY
SPY,2002-02,2,1,normal,True,4,2269,-3145.6331500672404,4,6322.1746780736,6299.266300134481,0.9970670757900589,False,EXPOSED_HISTORY
SPY,2002-02,2,1,t,True,5,2269,-3085.5122867780387,5,6209.6600459799765,6181.0245735560775,0.9996680986815877,False,EXPOSED_HISTORY
SPY,2002-03,1,1,normal,True,0,2288,-3179.236264332384,3,6381.678828722267,6364.472528664768,0.9976313219627323,False,EXPOSED_HISTORY
SPY,2002-03,1,1,t,True,1,2288,-3119.108504245858,4,6269.158741901715,6246.217008491716,0.9997107664453361,True,EXPOSED_HISTORY
SPY,2002-03,1,2,normal,True,2,2288,-3179.2362644441428,4,6389.4142622982845,6366.4725288882855,0.9976312601974228,False,EXPOSED_HISTORY
SPY,2002-03,1,2,t,True,3,2288,-3119.1085042459517,5,6276.8941752544015,6248.2170084919035,0.9997107414882912,False,EXPOSED_HISTORY
SPY,2002-03,2,1,normal,True,4,2288,-3177.5262072496844,4,6385.994147909368,6363.052414499369,0.997099040510547,False,EXPOSED_HISTORY
SPY,2002-03,2,1,t,True,5,2288,-3118.169258890174,5,6275.015684542846,6246.338517780348,0.9997605332287219,False,EXPOSED_HISTORY
SPY,2002-04,1,1,normal,True,0,2308,-3207.16858540676,3,6437.569580696404,6420.33717081352,0.9971832490007427,False,EXPOSED_HISTORY
SPY,2002-04,1,1,t,True,1,2308,-3146.5897474949925,4,6324.156041500497,6301.179494989985,0.9993741243081673,True,EXPOSED_HISTORY
SPY,2002-04,1,2,normal,True,2,2308,-3207.168585423893,4,6445.313717358298,6422.337170847786,0.9971831231804306,False,EXPOSED_HISTORY
SPY,2002-04,1,2,t,True,3,2308,-3146.5897474949534,5,6331.900178128047,6303.179494989907,0.9993742350872448,False,EXPOSED_HISTORY
SPY,2002-04,2,1,normal,True,4,2308,-3205.425425339535,4,6441.827397189582,6418.85085067907,0.996535238336829,False,EXPOSED_HISTORY
SPY,2002-04,2,1,t,True,5,2308,-3145.650962883293,5,6330.0226089047255,6301.301925766586,0.9993671840854262,False,EXPOSED_HISTORY
SPY,2002-05,1,1,normal,True,0,2330,-3240.7831063876397,3,6504.827083414959,6487.566212775279,0.9974226356184072,False,EXPOSED_HISTORY
SPY,2002-05,1,1,t,True,1,2330,-3179.514625478064,4,6390.043745142367,6367.029250956128,0.999519330565843,True,EXPOSED_HISTORY
SPY,2002-05,1,2,normal,True,2,2330,-3240.783106387723,4,6512.580706961685,6489.566212775446,0.997422656715891,False,EXPOSED_HISTORY
SPY,2002-05,1,2,t,True,3,2330,-3179.514625481317,5,6397.797368695433,6369.029250962634,0.9995191754695307,False,EXPOSED_HISTORY
SPY,2002-05,2,1,normal,True,4,2330,-3239.2557194311844,4,6509.525933048608,6486.511438862369,0.9969327247584756,False,EXPOSED_HISTORY
SPY,2002-05,2,1,t,True,5,2330,-3178.57384923882,5,6395.915816210439,6367.14769847764,0.9995511358747575,False,EXPOSED_HISTORY
SPY,2002-06,1,1,normal,True,0,2352,-3279.9771671344633,3,6583.243398195982,6565.954334268927,0.9975399499813262,False,EXPOSED_HISTORY
SPY,2002-06,1,1,t,True,1,2352,-3218.1693914154375,4,6467.390868066949,6444.338782830875,0.9996738298731437,True,EXPOSED_HISTORY
SPY,2002-06,1,2,normal,True,2,2352,-3279.977167134456,4,6591.006419504986,6567.954334268912,0.9975399561497865,False,EXPOSED_HISTORY
SPY,2002-06,1,2,t,True,3,2352,-3218.1693914156517,5,6475.153889376396,6446.338782831303,0.9996738129293135,False,EXPOSED_HISTORY
SPY,2002-06,2,1,normal,True,4,2352,-3278.2567857213858,4,6587.565656678846,6564.5135714427715,0.9969271522528218,False,EXPOSED_HISTORY
SPY,2002-06,2,1,t,True,5,2352,-3217.18162888655,5,6473.1783643181925,6444.3632577731,0.9996843116095653,False,EXPOSED_HISTORY
SPY,2002-07,1,1,normal,True,0,2372,-3317.1270020663515,3,6657.568470413055,6640.254004132703,0.9979825262874968,False,EXPOSED_HISTORY
SPY,2002-07,1,1,t,True,1,2372,-3256.042406965763,4,6543.170768971996,6520.084813931526,1.0,True,EXPOSED_HISTORY
SPY,2002-07,1,2,normal,True,2,2372,-3317.127002065444,4,6665.339959171358,6642.254004130888,0.9979824428091909,False,EXPOSED_HISTORY
SPY,2002-07,1,2,t,True,3,2372,-3256.0424069578603,5,6550.942257716309,6522.084813915721,1.0000000022238837,False,EXPOSED_HISTORY
SPY,2002-07,2,1,normal,True,4,2372,-3315.152084754036,4,6661.390124548542,6638.304169508072,0.9974364800530429,False,EXPOSED_HISTORY
SPY,2002-07,2,1,t,True,5,2372,-3254.776019709061,5,6548.40948321871,6519.552039418122,1.0,False,EXPOSED_HISTORY
SPY,2002-08,1,1,normal,True,0,2394,-3373.136984383696,3,6769.616131425746,6752.273968767392,0.9991590590139368,False,EXPOSED_HISTORY
SPY,2002-08,1,1,t,True,1,2394,-3313.7353526350175,4,6658.593588814507,6635.470705270035,0.999999999814656,True,EXPOSED_HISTORY
SPY,2002-08,1,2,normal,True,2,2394,-3373.136984383666,4,6777.396852311804,6754.273968767332,0.9991590923970189,False,EXPOSED_HISTORY
SPY,2002-08,1,2,t,True,3,2394,-3313.7353525705753,5,6666.37430957174,6637.470705141151,1.000000000564521,False,EXPOSED_HISTORY
SPY,2002-08,2,1,normal,True,4,2394,-3370.6793567116274,4,6772.481596967727,6749.358713423255,0.9986803817889524,False,EXPOSED_HISTORY
SPY,2002-08,2,1,t,True,5,2394,-3312.1299535991297,5,6663.163511628849,6634.2599071982595,1.0000000001957206,False,EXPOSED_HISTORY
SPY,2002-09,1,1,normal,True,0,2416,-3419.852731896202,3,6863.075069469568,6845.705463792404,0.998523847579887,False,EXPOSED_HISTORY
SPY,2002-09,1,1,t,True,1,2416,-3360.8224299419608,4,6752.80433412014,6729.6448598839215,0.9999999999766167,True,EXPOSED_HISTORY
SPY,2002-09,1,2,normal,True,2,2416,-3419.852731892412,4,6870.864938021043,6847.705463784824,0.9985237579931685,False,EXPOSED_HISTORY
SPY,2002-09,1,2,t,True,3,2416,-3360.8224299588865,5,6760.594202713047,6731.644859917773,1.0000000001531413,False,EXPOSED_HISTORY
SPY,2002-09,2,1,normal,True,4,2416,-3417.3521908440407,4,6865.8638559243,6842.704381688081,0.9977663863701467,False,EXPOSED_HISTORY
SPY,2002-09,2,1,t,True,5,2416,-3359.155245944236,5,6757.259834683746,6728.310491888472,1.0000000000001241,False,EXPOSED_HISTORY
SPY,2002-10,1,1,normal,True,0,2436,-3460.399057646614,3,6944.192453179718,6926.798115293228,0.9985681449076645,False,EXPOSED_HISTORY
SPY,2002-10,1,1,t,True,1,2436,-3401.8103375778674,4,6834.813125671054,6811.620675155735,1.000000000151976,True,EXPOSED_HISTORY
SPY,2002-10,1,2,normal,True,2,2436,-3460.3990576476517,4,6951.990565810623,6928.798115295303,0.9985682060448037,False,EXPOSED_HISTORY
SPY,2002-10,1,2,t,True,3,2436,-3401.810336690838,5,6842.611236525825,6813.620673381676,1.0000000147437595,False,EXPOSED_HISTORY
SPY,2002-10,2,1,normal,True,4,2436,-3457.84198605678,4,6946.8764226288795,6923.68397211356,0.9979617331346817,False,EXPOSED_HISTORY
SPY,2002-10,2,1,t,True,5,2436,-3400.130841361669,5,6839.252245867487,6810.261682723338,0.9999999999958299,False,EXPOSED_HISTORY
SPY,2002-11,1,1,normal,True,0,2459,-3513.7042277901905,3,7050.83098570703,7033.408455580381,0.9987793890714449,False,EXPOSED_HISTORY
SPY,2002-11,1,1,t,True,1,2459,-3455.836694785028,4,6942.903429738921,6919.673389570056,1.0000000000397327,True,EXPOSED_HISTORY
SPY,2002-11,1,2,normal,True,2,2459,-3513.704227790299,4,7058.638495749462,7035.408455580598,0.9987794206662953,False,EXPOSED_HISTORY
SPY,2002-11,1,2,t,True,3,2459,-3455.8366941555532,5,6950.7109385221875,6921.6733883111065,1.0000000091325945,False,EXPOSED_HISTORY
SPY,2002-11,2,1,normal,True,4,2459,-3511.141257357919,4,7053.512554884703,7030.282514715838,0.9980871934255277,False,EXPOSED_HISTORY
SPY,2002-11,2,1,t,True,5,2459,-3454.2265105955807,5,6947.4905714022425,6918.4530211911615,1.0000000000042184,False,EXPOSED_HISTORY
SPY,2002-12,1,1,normal,True,0,2479,-3550.632895836683,3,7124.712623269472,7107.265791673366,0.9983235863259903,False,EXPOSED_HISTORY
SPY,2002-12,1,1,t,True,1,2479,-3493.0869606628994,4,7017.4363634539395,6994.173921325799,1.0000000000114864,True,EXPOSED_HISTORY
SPY,2002-12,1,2,normal,True,2,2479,-3550.632895873365,4,7132.528233874871,7109.26579174673,0.9983236127446217,False,EXPOSED_HISTORY
SPY,2002-12,1,2,t,True,3,2479,-3493.086960663653,5,7025.2519739874815,6996.173921327306,1.000000000000156,False,EXPOSED_HISTORY
SPY,2002-12,2,1,normal,True,4,2479,-3547.958568835019,4,7127.179579798179,7103.917137670038,0.9976142235413599,False,EXPOSED_HISTORY
SPY,2002-12,2,1,t,True,5,2479,-3491.4584272377965,5,7021.994907135769,6992.916854475593,1.0000000000007032,False,EXPOSED_HISTORY
SPY,2003-01,1,1,normal,True,0,2500,-3586.1599299600875,3,7195.791997952744,7178.319859920175,0.9979692052612094,False,EXPOSED_HISTORY
SPY,2003-01,1,1,t,True,1,2500,-3528.5179873294273,4,7088.33215870228,7065.035974658855,0.9999999999979142,True,EXPOSED_HISTORY
SPY,2003-01,1,2,normal,True,2,2500,-3586.1599300071457,4,7203.616044057717,7180.319860014291,0.9979687390879588,False,EXPOSED_HISTORY
SPY,2003-01,1,2,t,True,3,2500,-3528.517987115685,5,7096.156204285652,7067.03597423137,1.0000000063375976,False,EXPOSED_HISTORY
SPY,2003-01,2,1,normal,True,4,2500,-3583.473866696683,4,7198.243917436792,7174.947733393366,0.9972902555692595,False,EXPOSED_HISTORY
SPY,2003-01,2,1,t,True,5,2500,-3526.871972511576,5,7092.864175077434,7063.743945023152,0.9999999999977979,False,EXPOSED_HISTORY
SPY,2003-02,1,1,normal,True,0,2521,-3624.676405251807,3,7272.850043285178,7255.352810503614,0.9982736432868148,False,EXPOSED_HISTORY
SPY,2003-02,1,1,t,True,1,2521,-3567.594295550728,4,7166.518234810208,7143.188591101456,1.0,True,EXPOSED_HISTORY
SPY,2003-02,1,2,normal,True,2,2521,-3624.676405350169,4,7280.68245440909,7257.352810700338,0.9982735530674566,False,EXPOSED_HISTORY
SPY,2003-02,1,2,t,True,3,2521,-3567.5942955427117,5,7174.350645721363,7145.1885910854235,1.0000000001582559,False,EXPOSED_HISTORY
SPY,2003-02,2,1,normal,True,4,2521,-3621.9669414445707,4,7275.263526597893,7251.933882889141,0.9976988818590988,False,EXPOSED_HISTORY
SPY,2003-02,2,1,t,True,5,2521,-3565.96469740233,5,7171.0914494406,7141.92939480466,1.0000000000496643,False,EXPOSED_HISTORY
SPY,2003-03,1,1,normal,True,0,2540,-3654.7773920185855,3,7333.074542117209,7315.554784037171,0.998019378325228,False,EXPOSED_HISTORY
SPY,2003-03,1,1,t,True,1,2540,-3598.137452679337,4,7227.634582798724,7204.274905358674,1.0000000000000002,True,EXPOSED_HISTORY
SPY,2003-03,1,2,normal,True,2,2540,-3654.7773920190534,4,7340.914461478157,7317.554784038107,0.9980194879173189,False,EXPOSED_HISTORY
SPY,2003-03,1,2,t,True,3,2540,-3598.1374526501604,5,7235.474502100384,7206.274905300321,1.000000000833524,False,EXPOSED_HISTORY
SPY,2003-03,2,1,normal,True,4,2540,-3652.094758380967,4,7335.549194201984,7312.189516761934,0.9974133123481809,False,EXPOSED_HISTORY
SPY,2003-03,2,1,t,True,5,2540,-3596.5170622339288,5,7232.23372126792,7203.0341244678575,1.0000000000007891,False,EXPOSED_HISTORY
SPY,2003-04,1,1,normal,True,0,2561,-3696.563909677197,3,7416.672278612992,7399.127819354394,0.9985107420253846,False,EXPOSED_HISTORY
SPY,2003-04,1,1,t,True,1,2561,-3639.979352257344,4,7311.351316859486,7287.958704514688,1.0000000001047185,True,EXPOSED_HISTORY
SPY,2003-04,1,2,normal,True,2,2561,-3696.563909676936,4,7424.52043169867,7401.127819353872,0.9985107488006628,False,EXPOSED_HISTORY
SPY,2003-04,1,2,t,True,3,2561,-3639.979352197114,5,7319.199469825226,7289.958704394228,1.0000000009237284,False,EXPOSED_HISTORY
SPY,2003-04,2,1,normal,True,4,2561,-3693.6379862923286,4,7418.668584929455,7395.275972584657,0.9979478663695529,False,EXPOSED_HISTORY
SPY,2003-04,2,1,t,True,5,2561,-3638.185032878325,5,7315.610831187647,7286.37006575665,1.0000000000226104,False,EXPOSED_HISTORY
SPY,2003-05,1,1,normal,True,0,2582,-3731.126138388144,3,7485.821235490508,7468.252276776288,0.9981494964099273,False,EXPOSED_HISTORY
SPY,2003-05,1,1,t,True,1,2582,-3674.7911840083525,4,7381.0076463023315,7357.582368016705,0.9999999994858213,True,EXPOSED_HISTORY
SPY,2003-05,1,2,normal,True,2,2582,-3731.1261383877963,4,7493.677555061219,7470.252276775593,0.9981495762891511,False,EXPOSED_HISTORY
SPY,2003-05,1,2,t,True,3,2582,-3674.7911839122216,5,7388.863965681477,7359.582367824443,1.000000001475804,False,EXPOSED_HISTORY
SPY,2003-05,2,1,normal,True,4,2582,-3728.1860299216505,4,7487.797338128928,7464.372059843301,0.9974842950484406,False,EXPOSED_HISTORY
SPY,2003-05,2,1,t,True,5,2582,-3673.008457046241,5,7385.298511949515,7356.016914092482,0.9999999999984647,False,EXPOSED_HISTORY
SPY,2003-06,1,1,normal,True,0,2603,-3761.7672865034556,3,7547.127832721895,7529.534573006911,0.9979101363517638,False,EXPOSED_HISTORY
SPY,2003-06,1,1,t,True,1,2603,-3705.227645189688,4,7441.912969999354,7418.455290379376,1.000000000041099,True,EXPOSED_HISTORY
SPY,2003-06,1,2,normal,True,2,2603,-3761.7672865969985,4,7554.992252813975,7531.534573193997,0.997909991402886,False,EXPOSED_HISTORY
SPY,2003-06,1,2,t,True,3,2603,-3705.227645163653,5,7449.777389852279,7420.455290327306,1.0000000009535592,False,EXPOSED_HISTORY
SPY,2003-06,2,1,normal,True,4,2603,-3758.689047498493,4,7548.835774616964,7525.378094996986,0.9972276303631145,False,EXPOSED_HISTORY
SPY,2003-06,2,1,t,True,5,2603,-3703.3208218866534,5,7445.96374329828,7416.641643773307,0.9999999999960444,False,EXPOSED_HISTORY
SPY,2003-07,1,1,normal,True,0,2624,-3791.1039339520494,3,7605.8252333542905,7588.207867904099,0.997779167772708,False,EXPOSED_HISTORY
SPY,2003-07,1,1,t,True,1,2624,-3734.968903203201,4,7501.427627006658,7477.937806406402,0.9999999999988288,True,EXPOSED_HISTORY
SPY,2003-07,1,2,normal,True,2,2624,-3791.103933964162,4,7613.69768852858,7590.207867928324,0.9977795108988051,False,EXPOSED_HISTORY
SPY,2003-07,1,2,t,True,3,2624,-3734.9689031820453,5,7509.3000821144105,7479.937806364091,1.0000000012145982,False,EXPOSED_HISTORY
SPY,2003-07,2,1,normal,True,4,2624,-3787.951182546287,4,7607.39218569283,7583.902365092574,0.9970941583991755,False,EXPOSED_HISTORY
SPY,2003-07,2,1,t,True,5,2624,-3732.9798285170227,5,7505.321932784365,7475.959657034045,1.0,False,EXPOSED_HISTORY
SPY,2003-08,1,1,normal,True,0,2646,-3821.9104715998837,3,7667.463356233792,7649.8209431997675,0.9976822108808894,False,EXPOSED_HISTORY
SPY,2003-08,1,1,t,True,1,2646,-3766.3930674702215,4,7564.309352319143,7540.786134940443,1.0,True,EXPOSED_HISTORY
SPY,2003-08,1,2,normal,True,2,2646,-3821.9104715991357,4,7675.344160576971,7651.820943198271,0.9976823384501452,False,EXPOSED_HISTORY
SPY,2003-08,1,2,t,True,3,2646,-3766.3930674201847,5,7572.190156563744,7542.786134840369,1.000000006485723,False,EXPOSED_HISTORY
SPY,2003-08,2,1,normal,True,4,2646,-3818.810686114295,4,7669.14458960729,7645.62137222859,0.996987943409391,False,EXPOSED_HISTORY
SPY,2003-08,2,1,t,True,5,2646,-3764.44221324502,5,7568.288448213414,7538.88442649004,1.0,False,EXPOSED_HISTORY
SPY,2003-09,1,1,normal,True,0,2667,-3845.9161031840545,3,7715.498334940655,7697.832206368109,0.9974444937222933,False,EXPOSED_HISTORY
SPY,2003-09,1,1,t,True,1,2667,-3789.880862233364,4,7611.3165625634565,7587.761724466728,0.9998889385404837,True,EXPOSED_HISTORY
SPY,2003-09,1,2,normal,True,2,2667,-3845.916103182668,4,7723.387044462064,7699.832206365336,0.9974446623647348,False,EXPOSED_HISTORY
SPY,2003-09,1,2,t,True,3,2667,-3789.880862268066,5,7619.205272157042,7589.761724536132,0.9998889493782142,False,EXPOSED_HISTORY
SPY,2003-09,2,1,normal,True,4,2667,-3842.651216423042,4,7716.857270942813,7693.302432846084,0.9966866237929166,False,EXPOSED_HISTORY
SPY,2003-09,2,1,t,True,5,2667,-3787.810758731689,5,7615.065065084288,7585.621517463378,0.9999774032941449,False,EXPOSED_HISTORY
SPY,2003-10,1,1,normal,True,0,2688,-3873.170412103984,3,7770.030482312897,7752.340824207968,0.997499550961454,False,EXPOSED_HISTORY
SPY,2003-10,1,1,t,True,1,2688,-3818.0684122795365,4,7667.723035365645,7644.136824559073,0.9998462875177431,True,EXPOSED_HISTORY
SPY,2003-10,1,2,normal,True,2,2688,-3873.1704121367993,4,7777.927035080171,7754.340824273599,0.9974997422592162,False,EXPOSED_HISTORY
SPY,2003-10,1,2,t,True,3,2688,-3818.0684122845623,5,7675.61958807734,7646.136824569125,0.9998463221304887,False,EXPOSED_HISTORY
SPY,2003-10,2,1,normal,True,4,2688,-3869.7621096458197,4,7771.1104300982115,7747.524219291639,0.9967510369496869,False,EXPOSED_HISTORY
SPY,2003-10,2,1,t,True,5,2688,-3815.9179582516663,5,7671.318680011548,7641.835916503333,0.9999332051737435,False,EXPOSED_HISTORY
SPY,2003-11,1,1,normal,True,0,2711,-3899.002146870946,3,7821.719512290388,7804.004293741892,0.9973408287444756,False,EXPOSED_HISTORY
SPY,2003-11,1,1,t,True,1,2711,-3842.983869175653,4,7717.588029749301,7693.967738351306,0.9997516216470524,True,EXPOSED_HISTORY
SPY,2003-11,1,2,normal,True,2,2711,-3899.0021468677432,4,7829.624585133482,7806.0042937354865,0.9973410512100449,False,EXPOSED_HISTORY
SPY,2003-11,1,2,t,True,3,2711,-3842.9838691747814,5,7725.493102597056,7695.967738349563,0.9997515238635436,False,EXPOSED_HISTORY
SPY,2003-11,2,1,normal,True,4,2711,-3895.609267867605,4,7822.838827133205,7799.21853573521,0.9965373496820371,False,EXPOSED_HISTORY
SPY,2003-11,2,1,t,True,5,2711,-3840.851577797761,5,7721.228519843015,7691.703155595522,0.9998143543371122,False,EXPOSED_HISTORY
SPY,2003-12,1,1,normal,True,0,2730,-3918.685067082055,3,7861.106304828647,7843.37013416411,0.997295978336691,False,EXPOSED_HISTORY
SPY,2003-12,1,1,t,True,1,2730,-3863.180783043654,4,7758.009793640024,7734.361566087308,0.9996102778485751,True,EXPOSED_HISTORY
SPY,2003-12,1,2,normal,True,2,2730,-3918.6850670819626,4,7869.018361716641,7845.370134163925,0.9972959536944099,False,EXPOSED_HISTORY
SPY,2003-12,1,2,t,True,3,2730,-3863.1807830431467,5,7765.921850527188,7736.361566086293,0.9996102865658714,False,EXPOSED_HISTORY
SPY,2003-12,2,1,normal,True,4,2730,-3915.1771553173267,4,7862.002538187369,7838.354310634653,0.9964766193496138,False,EXPOSED_HISTORY
SPY,2003-12,2,1,t,True,5,2730,-3860.9903088081674,5,7761.54090205723,7731.980617616335,0.9996461822558688,False,EXPOSED_HISTORY
SPY,2004-01,1,1,normal,True,0,2752,-3940.173293467437,3,7904.106836532033,7886.346586934874,0.997275521628356,False,EXPOSED_HISTORY
SPY,2004-01,1,1,t,True,1,2752,-3884.5528055488367,4,7800.785943893886,7777.105611097673,0.9995357806615306,True,EXPOSED_HISTORY
SPY,2004-01,1,2,normal,True,2,2752,-3940.1732934665856,4,7912.026919729384,7888.346586933171,0.9972755504994728,False,EXPOSED_HISTORY
SPY,2004-01,1,2,t,True,3,2752,-3884.552805930355,5,7808.706027855977,7779.10561186071,0.9995349088182098,False,EXPOSED_HISTORY
SPY,2004-01,2,1,normal,True,4,2752,-3936.5604151390758,4,7904.801163074364,7881.1208302781515,0.9964791358452356,False,EXPOSED_HISTORY
SPY,2004-01,2,1,t,True,5,2752,-3882.216613966658,5,7804.033643928582,7774.433227933316,0.9995844835098763,False,EXPOSED_HISTORY
SPY,2004-02,1,1,normal,True,0,2772,-3960.615057840711,3,7945.012088762352,7927.230115681422,0.9972541171017951,False,EXPOSED_HISTORY
SPY,2004-02,1,1,t,True,1,2772,-3905.566811704769,4,7842.842920850777,7819.133623409538,0.9993855092018017,True,EXPOSED_HISTORY
SPY,2004-02,1,2,normal,True,2,2772,-3960.6150578374195,4,7952.939413116078,7929.230115674839,0.9972543054355896,False,EXPOSED_HISTORY
SPY,2004-02,1,2,t,True,3,2772,-3905.5668117062983,5,7850.770245214146,7821.1336234125965,0.9993855052690004,False,EXPOSED_HISTORY
SPY,2004-02,2,1,normal,True,4,2772,-3957.1076768025027,4,7945.924651046244,7922.2153536050055,0.9964621225690004,False,EXPOSED_HISTORY
SPY,2004-02,2,1,t,True,5,2772,-3903.3326239460866,5,7846.301869693722,7816.665247892173,0.999382853872766,False,EXPOSED_HISTORY
SPY,2004-03,1,1,normal,True,0,2791,-3976.552349717147,3,7976.907165134903,7959.104699434294,0.9973170180763767,False,EXPOSED_HISTORY
SPY,2004-03,1,1,t,True,1,2791,-3921.073242926863,4,7873.883106787871,7850.146485853726,0.9994100471444618,True,EXPOSED_HISTORY
SPY,2004-03,1,2,normal,True,2,2791,-3976.5523497189415,4,7984.841320372028,7961.104699437883,0.997317141100083,False,EXPOSED_HISTORY
SPY,2004-03,1,2,t,True,3,2791,-3921.073242932157,5,7881.817262031996,7852.146485864314,0.9994102085879606,False,EXPOSED_HISTORY
SPY,2004-03,2,1,normal,True,4,2791,-3973.0662790599577,4,7977.869179054061,7954.132558119915,0.9965573397323857,False,EXPOSED_HISTORY
SPY,2004-03,2,1,t,True,5,2791,-3918.8126527883164,5,7877.2960817443145,7847.625305576633,0.9994213849980328,False,EXPOSED_HISTORY
SPY,2004-04,1,1,normal,True,0,2814,-4009.233206699751,3,8042.293500112525,8024.466413399502,0.9971503660932397,False,EXPOSED_HISTORY
SPY,2004-04,1,1,t,True,1,2814,-3955.18466667777,4,7942.138782306238,7918.36933335554,0.9992218844750983,True,EXPOSED_HISTORY
SPY,2004-04,1,2,normal,True,2,2814,-4009.2332067248412,4,8050.23586240038,8026.4664134496825,0.9971504064167602,False,EXPOSED_HISTORY
SPY,2004-04,1,2,t,True,3,2814,-3955.184666676013,5,7950.081144540398,7920.369333352026,0.9992219351654335,False,EXPOSED_HISTORY
SPY,2004-04,2,1,normal,True,4,2814,-4005.6617760733966,4,8043.093001097491,8019.323552146793,0.9962625469566199,False,EXPOSED_HISTORY
SPY,2004-04,2,1,t,True,5,2814,-3952.896711138978,5,7945.505233466328,7915.793422277956,0.9991483562828806,False,EXPOSED_HISTORY
SPY,2004-05,1,1,normal,True,0,2835,-4034.406133897516,3,8092.661659443518,8074.812267795032,0.9971082452820993,False,EXPOSED_HISTORY
SPY,2004-05,1,1,t,True,1,2835,-3980.364441223341,4,7992.52807131133,7968.728882446682,0.9991584521586208,True,EXPOSED_HISTORY
SPY,2004-05,1,2,normal,True,2,2835,-4034.406133894836,4,8100.611456654319,8076.812267789672,0.9971081993122799,False,EXPOSED_HISTORY
SPY,2004-05,1,2,t,True,3,2835,-3980.3644412235763,5,8000.477868527962,7970.7288824471525,0.9991584586207074,False,EXPOSED_HISTORY
SPY,2004-05,2,1,normal,True,4,2835,-4030.8172319346295,4,8093.4336527339065,8069.634463869259,0.996201944206311,False,EXPOSED_HISTORY
SPY,2004-05,2,1,t,True,5,2835,-3978.048602761214,5,7995.8461916032375,7966.097205522428,0.999067533253194,False,EXPOSED_HISTORY
SPY,2004-06,1,1,normal,True,0,2855,-4057.5572216210103,3,8138.984924608291,8121.114443242021,0.9970187330035745,False,EXPOSED_HISTORY
SPY,2004-06,1,1,t,True,1,2855,-4003.574316409248,4,8038.975941306856,8015.148632818496,0.9990521389435696,True,EXPOSED_HISTORY
SPY,2004-06,1,2,normal,True,2,2855,-4057.5572216210767,4,8146.941751730514,8123.114443242153,0.9970187182852708,False,EXPOSED_HISTORY
SPY,2004-06,1,2,t,True,3,2855,-4003.574316416633,5,8046.932768443717,8017.148632833266,0.9990523043031212,False,EXPOSED_HISTORY
SPY,2004-06,2,1,normal,True,4,2855,-4054.0737233582076,4,8139.974755204776,8116.147446716415,0.9960993423172897,False,EXPOSED_HISTORY
SPY,2004-06,2,1,t,True,5,2855,-4001.327594202754,5,8042.439324015959,8012.655188405508,0.9989319534339948,False,EXPOSED_HISTORY
SPY,2004-07,1,1,normal,True,0,2876,-4078.594321487601,3,8181.081110131725,8163.188642975202,0.9969518734792131,False,EXPOSED_HISTORY
SPY,2004-07,1,1,t,True,1,2876,-4024.662142157211,4,8081.180907189785,8057.324284314422,0.9989447808192388,True,EXPOSED_HISTORY
SPY,2004-07,1,2,normal,True,2,2876,-4078.594321501358,4,8189.04526587808,8165.188643002716,0.9969517129629092,False,EXPOSED_HISTORY
SPY,2004-07,1,2,t,True,3,2876,-4024.6621421596774,5,8089.14506291356,8059.324284319355,0.998944819363443,False,EXPOSED_HISTORY
SPY,2004-07,2,1,normal,True,4,2876,-4075.130032498037,4,8182.1166878714375,8158.260064996074,0.9960316123730737,False,EXPOSED_HISTORY
SPY,2004-07,2,1,t,True,5,2876,-4022.42912011527,5,8084.679018824745,8054.85824023054,0.9988032224726735,False,EXPOSED_HISTORY
SPY,2004-08,1,1,normal,True,0,2897,-4102.608040500785,3,8229.130373994878,8211.21608100157,0.9969005029249274,False,EXPOSED_HISTORY
SPY,2004-08,1,1,t,True,1,2897,-4048.2062856006132,4,8128.298295192304,8104.4125712012265,0.9989270235215942,True,EXPOSED_HISTORY
SPY,2004-08,1,2,normal,True,2,2897,-4102.608040500871,4,8237.101804992819,8213.216081001741,0.9969004994947335,False,EXPOSED_HISTORY
SPY,2004-08,1,2,t,True,3,2897,-4048.206285600495,5,8136.269726189837,8106.41257120099,0.9989270440023174,False,EXPOSED_HISTORY
SPY,2004-08,2,1,normal,True,4,2897,-4099.613906149789,4,8231.113536290655,8207.227812299578,0.995990595777773,False,EXPOSED_HISTORY
SPY,2004-08,2,1,t,True,5,2897,-4046.1473280257187,5,8132.151811040284,8102.294656051437,0.998786533665538,False,EXPOSED_HISTORY
SPY,2004-09,1,1,normal,True,0,2919,-4128.483459719122,3,8280.903908550807,8262.966919438244,0.9968402539235058,False,EXPOSED_HISTORY
SPY,2004-09,1,1,t,True,1,2919,-4074.329100066289,4,8180.574185615994,8156.658200132578,0.9988411542877712,True,EXPOSED_HISTORY
SPY,2004-09,1,2,normal,True,2,2919,-4128.483459718989,4,8288.882904921395,8264.966919437979,0.9968402984951211,False,EXPOSED_HISTORY
SPY,2004-09,1,2,t,True,3,2919,-4074.3291000643394,5,8188.553181982949,8158.658200128679,0.9988410852575853,False,EXPOSED_HISTORY
SPY,2004-09,2,1,normal,True,4,2919,-4125.537836806795,4,8282.991659097006,8259.07567361359,0.9959073150813494,False,EXPOSED_HISTORY
SPY,2004-09,2,1,t,True,5,2919,-4072.262881370984,5,8184.420744596238,8154.525762741968,0.9986765940558441,False,EXPOSED_HISTORY
SPY,2004-10,1,1,normal,True,0,2940,-4147.371401632477,3,8318.701297845952,8300.742803264953,0.996817975808133,False,EXPOSED_HISTORY
SPY,2004-10,1,1,t,True,1,2940,-4093.1966715038584,4,8218.338002449047,8194.393343007716,0.9987567029023343,True,EXPOSED_HISTORY
SPY,2004-10,1,2,normal,True,2,2940,-4147.371401631744,4,8326.68746270482,8302.742803263489,0.9968179504227994,False,EXPOSED_HISTORY
SPY,2004-10,1,2,t,True,3,2940,-4093.1966715000253,5,8226.324167301715,8196.39334300005,0.9987564943655,False,EXPOSED_HISTORY
SPY,2004-10,2,1,normal,True,4,2940,-4144.369201370401,4,8320.683062182134,8296.738402740802,0.9958800486266406,False,EXPOSED_HISTORY
SPY,2004-10,2,1,t,True,5,2940,-4091.1024569289593,5,8222.135738159583,8192.204913857919,0.998571846299556,False,EXPOSED_HISTORY
SPY,2004-11,1,1,normal,True,0,2961,-4173.665321281298,3,8371.3104895469,8353.330642562596,0.9967714755756913,False,EXPOSED_HISTORY
SPY,2004-11,1,1,t,True,1,2961,-4120.098465184061,4,8272.170059680528,8248.196930368122,0.9986343702388191,True,EXPOSED_HISTORY
SPY,2004-11,1,2,normal,True,2,2961,-4173.665321306027,4,8379.30377192446,8355.330642612054,0.99677151427888,False,EXPOSED_HISTORY
SPY,2004-11,1,2,t,True,3,2961,-4120.098465201827,5,8280.163342044161,8250.196930403654,0.9986343827183028,False,EXPOSED_HISTORY
SPY,2004-11,2,1,normal,True,4,2961,-4170.586176556872,4,8373.14548242615,8349.172353113743,0.9958200142176682,False,EXPOSED_HISTORY
SPY,2004-11,2,1,t,True,5,2961,-4117.929069556016,5,8275.824550752539,8245.858139112031,0.9984313048600642,False,EXPOSED_HISTORY
SPY,2004-12,1,1,normal,True,0,2982,-4194.015639912887,3,8412.032328311749,8394.031279825775,0.9967326923810467,False,EXPOSED_HISTORY
SPY,2004-12,1,1,t,True,1,2982,-4140.099705957118,4,8312.200809895536,8288.199411914236,0.998592987979257,True,EXPOSED_HISTORY
SPY,2004-12,1,2,normal,True,2,2982,-4194.015639919717,4,8420.032677820733,8396.031279839433,0.996732745965866,False,EXPOSED_HISTORY
SPY,2004-12,1,2,t,True,3,2982,-4140.099705956241,5,8320.201159389106,8290.199411912483,0.9985929805430307,False,EXPOSED_HISTORY
SPY,2004-12,2,1,normal,True,4,2982,-4191.089807494727,4,8414.181012970754,8390.179614989454,0.9957877949826418,False,EXPOSED_HISTORY
SPY,2004-12,2,1,t,True,5,2982,-4138.067988052313,5,8316.137723581249,8286.135976104626,0.9983719210341034,False,EXPOSED_HISTORY
SPY,2005-01,1,1,normal,True,0,3004,-4210.395106830268,3,8444.813313699187,8426.790213660535,0.9968734428227997,False,EXPOSED_HISTORY
SPY,2005-01,1,1,t,True,1,3004,-4155.954426868865,4,8343.939653789266,8319.90885373773,0.9987245748661865,True,EXPOSED_HISTORY
SPY,2005-01,1,2,normal,True,2,3004,-4210.395106833316,4,8452.821013718169,8428.790213666633,0.9968733511316156,False,EXPOSED_HISTORY
SPY,2005-01,1,2,t,True,3,3004,-4155.954426874859,5,8351.947353814137,8321.908853749717,0.9987248864236723,False,EXPOSED_HISTORY
SPY,2005-01,2,1,normal,True,4,3004,-4207.327531179514,4,8446.685862410564,8422.655062359028,0.9959970758634065,False,EXPOSED_HISTORY
SPY,2005-01,2,1,t,True,5,3004,-4153.794687514664,5,8347.627875093747,8317.589375029327,0.9985484536551473,False,EXPOSED_HISTORY
SPY,2005-02,1,1,normal,True,0,3024,-4229.9326199582765,3,8483.908247128451,8465.865239916553,0.9967977811138962,False,EXPOSED_HISTORY
SPY,2005-02,1,1,t,True,1,3024,-4176.1845772411525,4,8384.426497431503,8360.369154482305,0.9984648839071675,True,EXPOSED_HISTORY
SPY,2005-02,1,2,normal,True,2,3024,-4229.932619958547,4,8491.922582866291,8467.865239917093,0.9967977101304639,False,EXPOSED_HISTORY
SPY,2005-02,1,2,t,True,3,3024,-4176.184577240403,5,8392.440833167304,8362.369154480806,0.9984647963717825,False,EXPOSED_HISTORY
SPY,2005-02,2,1,normal,True,4,3024,-4227.1384096999145,4,8486.334162349027,8462.276819399829,0.9958909084606948,False,EXPOSED_HISTORY
SPY,2005-02,2,1,t,True,5,3024,-4174.273729371271,5,8388.61913742904,8358.547458742541,0.9981852436395537,False,EXPOSED_HISTORY
SPY,2005-03,1,1,normal,True,0,3043,-4249.595603346871,3,8523.253004143433,8505.191206693742,0.9967143750300488,False,EXPOSED_HISTORY
SPY,2005-03,1,1,t,True,1,3043,-4196.385820140722,4,8424.854036881032,8400.771640281444,0.9982721918206142,True,EXPOSED_HISTORY
SPY,2005-03,1,2,normal,True,2,3043,-4249.595603401143,4,8531.273603401874,8507.191206802287,0.9967144151855767,False,EXPOSED_HISTORY
SPY,2005-03,1,2,t,True,3,3043,-4196.3858201401035,5,8432.874636029692,8402.771640280207,0.9982721446386797,False,EXPOSED_HISTORY
SPY,2005-03,2,1,normal,True,4,3043,-4246.632748146474,4,8525.347892892536,8501.265496292948,0.9957941324401559,False,EXPOSED_HISTORY
SPY,2005-03,2,1,t,True,5,3043,-4194.335324526967,5,8428.77364480342,8398.670649053935,0.9979676046283665,False,EXPOSED_HISTORY
SPY,2005-04,1,1,normal,True,0,3065,-4271.980769661601,3,8568.044947868313,8549.961539323202,0.9967234222917288,False,EXPOSED_HISTORY
SPY,2005-04,1,1,t,True,1,3065,-4218.835413833665,4,8469.782039060812,8445.67082766733,0.9982084393728736,True,EXPOSED_HISTORY
SPY,2005-04,1,2,normal,True,2,3065,-4271.980769663902,4,8576.072750721285,8551.961539327804,0.9967235845169985,False,EXPOSED_HISTORY
SPY,2005-04,1,2,t,True,3,3065,-4218.835413832071,5,8477.809841905993,8447.670827664142,0.9982085094116672,False,EXPOSED_HISTORY
SPY,2005-04,2,1,normal,True,4,3065,-4269.031043719856,4,8570.173298833193,8546.062087439712,0.9958406565286896,False,EXPOSED_HISTORY
SPY,2005-04,2,1,t,True,5,3065,-4216.709932189127,5,8473.558878620106,8443.419864378255,0.9979162486923646,False,EXPOSED_HISTORY
SPY,2005-05,1,1,normal,True,0,3086,-4300.9219005781,3,8625.947694254968,8607.8438011562,0.9967131719474155,False,EXPOSED_HISTORY
SPY,2005-05,1,1,t,True,1,3086,-4249.288341769783,4,8530.71520767126,8506.576683539566,0.9980928951473296,True,EXPOSED_HISTORY
SPY,2005-05,1,2,normal,True,2,3086,-4300.921900591347,4,8633.982325314388,8609.843801182695,0.9967131346144099,False,EXPOSED_HISTORY
SPY,2005-05,1,2,t,True,3,3086,-4249.288341776654,5,8538.749838717924,8508.576683553309,0.9980928193593439,False,EXPOSED_HISTORY
SPY,2005-05,2,1,normal,True,4,3086,-4298.06601991407,4,8628.270563959833,8604.13203982814,0.9958047408081667,False,EXPOSED_HISTORY
SPY,2005-05,2,1,t,True,5,3086,-4247.190411291966,5,8534.553977748546,8504.380822583931,0.9977730875546453,False,EXPOSED_HISTORY
SPY,2005-06,1,1,normal,True,0,3107,-4322.188178343463,3,8668.500595415106,8650.376356686926,0.9965452890295816,False,EXPOSED_HISTORY
SPY,2005-06,1,1,t,True,1,3107,-4270.1773175299295,4,8572.52028669743,8548.354635059859,0.9979412898492372,True,EXPOSED_HISTORY
SPY,2005-06,1,2,normal,True,2,3107,-4322.188178343264,4,8676.542008324099,8652.376356686527,0.9965452474571512,False,EXPOSED_HISTORY
SPY,2005-06,1,2,t,True,3,3107,-4270.177317535026,5,8580.561699617017,8550.354635070053,0.9979414528818923,False,EXPOSED_HISTORY
SPY,2005-06,2,1,normal,True,4,3107,-4319.4307956814755,4,8671.027243000523,8646.861591362951,0.9955697287069409,False,EXPOSED_HISTORY
SPY,2005-06,2,1,t,True,5,3107,-4268.16415188448,5,8576.535368315925,8546.32830376896,0.9975724292912234,False,EXPOSED_HISTORY
SPY,2005-07,1,1,normal,True,0,3129,-4339.874353314989,3,8703.894112860984,8685.748706629978,0.9964140065626934,False,EXPOSED_HISTORY
SPY,2005-07,1,1,t,True,1,3129,-4286.949532336086,4,8606.092939646847,8581.899064672172,0.9979316592350822,True,EXPOSED_HISTORY
SPY,2005-07,1,2,normal,True,2,3129,-4339.874353319094,4,8711.942581612862,8687.748706638187,0.9964142336188446,False,EXPOSED_HISTORY
SPY,2005-07,1,2,t,True,3,3129,-4286.949532336255,5,8614.141408390855,8583.89906467251,0.9979316119065446,False,EXPOSED_HISTORY
SPY,2005-07,2,1,normal,True,4,3129,-4337.06845529447,4,8706.330785563616,8682.13691058894,0.9953481698026834,False,EXPOSED_HISTORY
SPY,2005-07,2,1,t,True,5,3129,-4284.888357271053,5,8610.01905826045,8579.776714542106,0.9975252283585725,False,EXPOSED_HISTORY
SPY,2005-08,1,1,normal,True,0,3149,-4356.4189484447725,3,8737.002417552849,8718.837896889545,0.9964981878621276,False,EXPOSED_HISTORY
SPY,2005-08,1,1,t,True,1,3149,-4303.810245202385,4,8639.839851289174,8615.62049040477,0.9978630637655309,True,EXPOSED_HISTORY
SPY,2005-08,1,2,normal,True,2,3149,-4356.41894844552,4,8745.057257775445,8720.83789689104,0.9964980974980454,False,EXPOSED_HISTORY
SPY,2005-08,1,2,t,True,3,3149,-4303.810245201065,5,8647.894691507636,8617.62049040213,0.9978631432470028,False,EXPOSED_HISTORY
SPY,2005-08,2,1,normal,True,4,3149,-4353.668126033348,4,8739.5556129511,8715.336252066696,0.9954878118121946,False,EXPOSED_HISTORY
SPY,2005-08,2,1,t,True,5,3149,-4301.80154576646,5,8643.877292638424,8613.60309153292,0.9974396385915387,False,EXPOSED_HISTORY
SPY,2005-09,1,1,normal,True,0,3172,-4377.839102137578,3,8779.86455702342,8761.678204275157,0.996457511431527,False,EXPOSED_HISTORY
SPY,2005-09,1,1,t,True,1,3172,-4325.816151883402,4,8683.880774097823,8659.632303766804,0.9976498236392943,True,EXPOSED_HISTORY
SPY,2005-09,1,2,normal,True,2,3172,-4377.839102137554,4,8787.926674606126,8763.678204275107,0.9964575026568026,False,EXPOSED_HISTORY
SPY,2005-09,1,2,t,True,3,3172,-4325.816151883284,5,8691.94289168034,8661.632303766568,0.9976497321046349,False,EXPOSED_HISTORY
SPY,2005-09,2,1,normal,True,4,3172,-4375.065169252183,4,8782.378808835385,8758.130338504367,0.9954547669826157,False,EXPOSED_HISTORY
SPY,2005-09,2,1,t,True,5,3172,-4323.771625458396,5,8687.853838830564,8657.543250916791,0.9971886133356995,False,EXPOSED_HISTORY
SPY,2005-10,1,1,normal,True,0,3193,-4395.3494758119095,3,8814.905100201964,8796.698951623819,0.9965665297586227,False,EXPOSED_HISTORY
SPY,2005-10,1,1,t,True,1,3193,-4343.0889997641825,4,8718.452864299225,8694.177999528365,0.9976974848156552,True,EXPOSED_HISTORY
SPY,2005-10,1,2,normal,True,2,3193,-4395.349475814502,4,8822.973816399863,8798.698951629003,0.9965664217820852,False,EXPOSED_HISTORY
SPY,2005-10,1,2,t,True,3,3193,-4343.088999766875,5,8726.521580497323,8696.17799953375,0.9976974483216096,False,EXPOSED_HISTORY
SPY,2005-10,2,1,normal,True,4,3193,-4392.607376862457,4,8817.489618495774,8793.214753724915,0.9956261131789481,False,EXPOSED_HISTORY
SPY,2005-10,2,1,t,True,5,3193,-4341.019427966751,5,8722.382436897076,8692.038855933502,0.9972662420548941,False,EXPOSED_HISTORY
SPY,2005-11,1,1,normal,True,0,3214,-4425.639745165108,3,8875.505304969109,8857.279490330217,0.9964153370717702,False,EXPOSED_HISTORY
SPY,2005-11,1,1,t,True,1,3214,-4374.71367397643,4,8781.72843413805,8757.42734795286,0.9974550719505577,True,EXPOSED_HISTORY
SPY,2005-11,1,2,normal,True,2,3214,-4425.639745277616,4,8883.580576740422,8859.279490555233,0.9964152182473598,False,EXPOSED_HISTORY
SPY,2005-11,1,2,t,True,3,3214,-4374.713673980972,5,8789.803705693432,8759.427347961944,0.9974549039215347,False,EXPOSED_HISTORY
SPY,2005-11,2,1,normal,True,4,3214,-4422.992111624973,4,8878.285309435136,8853.984223249947,0.995416919697853,False,EXPOSED_HISTORY
SPY,2005-11,2,1,t,True,5,3214,-4372.646459293514,5,8785.669276318516,8755.292918587029,0.9969755849881624,False,EXPOSED_HISTORY
SPY,2005-12,1,1,normal,True,0,3235,-4443.7408030744955,3,8911.726958769796,8893.481606148991,0.9962617421451541,False,EXPOSED_HISTORY
SPY,2005-12,1,1,t,True,1,3235,-4392.0580282339915,4,8816.443193295723,8792.116056467983,0.9973566897999228,True,EXPOSED_HISTORY
SPY,2005-12,1,2,normal,True,2,3235,-4443.740803138249,4,8919.808743104239,8895.481606276498,0.9962617467259682,False,EXPOSED_HISTORY
SPY,2005-12,1,2,t,True,3,3235,-4392.05802822729,5,8824.524977489256,8794.11605645458,0.9973568505542703,False,EXPOSED_HISTORY
SPY,2005-12,2,1,normal,True,4,3235,-4441.157275394593,4,8914.641687616926,8890.314550789186,0.9951717627812481,False,EXPOSED_HISTORY
SPY,2005-12,2,1,t,True,5,3235,-4390.095926921068,5,8820.600774876812,8790.191853842136,0.9968214789134566,False,EXPOSED_HISTORY
SPY,2006-01,1,1,normal,True,0,3256,-4458.846393071128,3,8941.957550323623,8923.692786142255,0.9963050806605995,False,EXPOSED_HISTORY
SPY,2006-01,1,1,t,True,1,3256,-4406.9127222526195,4,8846.17846341373,8821.825444505239,0.9973825450701657,True,EXPOSED_HISTORY
SPY,2006-01,1,2,normal,True,2,3256,-4458.846393066791,4,8950.045805042073,8925.692786133583,0.9963052042002475,False,EXPOSED_HISTORY
SPY,2006-01,1,2,t,True,3,3256,-4406.912722253771,5,8854.266718143153,8823.825444507542,0.9973825883846731,False,EXPOSED_HISTORY
SPY,2006-01,2,1,normal,True,4,3256,-4456.0849638602795,4,8944.52294662905,8920.169927720559,0.9952252422499158,False,EXPOSED_HISTORY
SPY,2006-01,2,1,t,True,5,3256,-4404.804114233968,5,8850.049502103548,8819.608228467936,0.9968458908364473,False,EXPOSED_HISTORY
SPY,2006-02,1,1,normal,True,0,3276,-4482.318277772232,3,8988.919690879384,8970.636555544464,0.9960789645078667,False,EXPOSED_HISTORY
SPY,2006-02,1,1,t,True,1,3276,-4428.5243805819155,4,8889.426274943722,8865.048761163831,0.9974201782478128,True,EXPOSED_HISTORY
SPY,2006-02,1,2,normal,True,2,3276,-4482.3182777715565,4,8997.014069323004,8972.636555543113,0.9960789835663562,False,EXPOSED_HISTORY
SPY,2006-02,1,2,t,True,3,3276,-4428.524380584078,5,8897.520653393021,8867.048761168156,0.9974202359095852,False,EXPOSED_HISTORY
SPY,2006-02,2,1,normal,True,4,3276,-4479.719371603165,4,8991.816256986222,8967.43874320633,0.9949464430694387,False,EXPOSED_HISTORY
SPY,2006-02,2,1,t,True,5,3276,-4426.507061559514,5,8893.486015343893,8863.014123119028,0.9968982652946955,False,EXPOSED_HISTORY
SPY,2006-03,1,1,normal,True,0,3295,-4500.4211502353355,3,9025.142784811482,9006.842300470671,0.9960982999268031,False,EXPOSED_HISTORY
SPY,2006-03,1,1,t,True,1,3295,-4446.868994822786,4,8926.138635433317,8901.737989645571,0.9973551061343084,True,EXPOSED_HISTORY
SPY,2006-03,1,2,normal,True,2,3295,-4500.421150236012,4,9033.24294625977,9008.842300472024,0.9960983141310539,False,EXPOSED_HISTORY
SPY,2006-03,1,2,t,True,3,3295,-4446.868994818266,5,8934.238796871216,8903.737989636533,0.9973551766615802,False,EXPOSED_HISTORY
SPY,2006-03,2,1,normal,True,4,3295,-4497.861234344636,4,9028.123114477017,9003.722468689271,0.9949835458678242,False,EXPOSED_HISTORY
SPY,2006-03,2,1,t,True,5,3295,-4444.8551141039825,5,8930.211035442648,8899.710228207965,0.9968247992393876,False,EXPOSED_HISTORY
SPY,2006-04,1,1,normal,True,0,3318,-4518.049117727225,3,9060.419587866701,9042.09823545445,0.996227755558428,False,EXPOSED_HISTORY
SPY,2006-04,1,1,t,True,1,3318,-4464.316079100639,4,8961.06062808428,8936.632158201279,0.9974251455067228,True,EXPOSED_HISTORY
SPY,2006-04,1,2,normal,True,2,3318,-4518.049117730756,4,9068.526705344513,9044.098235461512,0.9962277838797078,False,EXPOSED_HISTORY
SPY,2006-04,1,2,t,True,3,3318,-4464.316079101545,5,8969.167745556842,8938.63215820309,0.9974252516765196,False,EXPOSED_HISTORY
SPY,2006-04,2,1,normal,True,4,3318,-4515.545502983126,4,9063.519475849254,9039.091005966253,0.9951697748942667,False,EXPOSED_HISTORY
SPY,2006-04,2,1,t,True,5,3318,-4462.359820844463,5,8965.255229042677,8934.719641688926,0.9969108939604406,False,EXPOSED_HISTORY
SPY,2006-05,1,1,normal,True,0,3337,-4534.157273856891,3,9092.653030150037,9074.314547713782,0.996214423991586,False,EXPOSED_HISTORY
SPY,2006-05,1,1,t,True,1,3337,-4479.356306440592,4,8991.16392279619,8966.712612881183,0.9975434881820464,True,EXPOSED_HISTORY
SPY,2006-05,1,2,normal,True,2,3337,-4534.157273860543,4,9100.765857636092,9076.314547721086,0.9962143963432623,False,EXPOSED_HISTORY
SPY,2006-05,1,2,t,True,3,3337,-4479.356306442551,5,8999.276750278857,8968.712612885101,0.9975434708496815,False,EXPOSED_HISTORY
SPY,2006-05,2,1,normal,True,4,3337,-4531.579790276121,4,9095.610890467247,9071.159580552241,0.9951785956521155,False,EXPOSED_HISTORY
SPY,2006-05,2,1,t,True,5,3337,-4477.323268201409,5,8995.210673796573,8964.646536402817,0.9970715442476881,False,EXPOSED_HISTORY
SPY,2006-06,1,1,normal,True,0,3359,-4564.645519421946,3,9153.649234612729,9135.291038843892,0.995958823242886,False,EXPOSED_HISTORY
SPY,2006-06,1,1,t,True,1,3359,-4510.774121375243,4,9054.025837108937,9029.548242750487,0.997246072000288,True,EXPOSED_HISTORY
SPY,2006-06,1,2,normal,True,2,3359,-4564.645519421569,4,9161.768633201587,9137.291038843137,0.9959587597512558,False,EXPOSED_HISTORY
SPY,2006-06,1,2,t,True,3,3359,-4510.774121375384,5,9062.14523569883,9031.548242750769,0.9972460615753062,False,EXPOSED_HISTORY
SPY,2006-06,2,1,normal,True,4,3359,-4561.74132246283,4,9155.96023928411,9131.48264492566,0.9948144970980023,False,EXPOSED_HISTORY
SPY,2006-06,2,1,t,True,5,3359,-4508.521110480711,5,9057.639213909484,9027.042220961423,0.9966962850532581,False,EXPOSED_HISTORY
SPY,2006-07,1,1,normal,True,0,3381,-4594.772983173567,3,9213.923746755258,9195.545966347134,0.9959971297203731,False,EXPOSED_HISTORY
SPY,2006-07,1,1,t,True,1,3381,-4541.036957842475,4,9114.577622895782,9090.07391568495,0.997246770522735,True,EXPOSED_HISTORY
SPY,2006-07,1,2,normal,True,2,3381,-4594.772983172789,4,9222.04967355641,9197.545966345579,0.9959970457157676,False,EXPOSED_HISTORY
SPY,2006-07,1,2,t,True,3,3381,-4541.0369578296895,5,9122.703549672919,9092.073915659379,0.9972470057628953,False,EXPOSED_HISTORY
SPY,2006-07,2,1,normal,True,4,3381,-4591.845401709966,4,9216.194510630763,9191.690803419931,0.9948786645869144,False,EXPOSED_HISTORY
SPY,2006-07,2,1,t,True,5,3381,-4538.688616582503,5,9118.006867178545,9087.377233165005,0.9966981217660893,False,EXPOSED_HISTORY
SPY,2006-08,1,1,normal,True,0,3401,-4619.3986879647,3,9263.192850284422,9244.7973759294,0.995944897463557,False,EXPOSED_HISTORY
SPY,2006-08,1,1,t,True,1,3401,-4565.543209656203,4,9163.613718452434,9139.086419312405,0.997195552976444,True,EXPOSED_HISTORY
SPY,2006-08,1,2,normal,True,2,3401,-4619.3986879658305,4,9271.32467507169,9246.797375931661,0.9959447602874512,False,EXPOSED_HISTORY
SPY,2006-08,1,2,t,True,3,3401,-4565.543209655684,5,9171.745543236404,9141.086419311368,0.9971955432512365,False,EXPOSED_HISTORY
SPY,2006-08,2,1,normal,True,4,3401,-4616.584620103111,4,9265.69653934625,9241.169240206222,0.9948477123027683,False,EXPOSED_HISTORY
SPY,2006-08,2,1,t,True,5,3401,-4563.278020231641,5,9167.215164388317,9136.556040463282,0.9966460296632222,False,EXPOSED_HISTORY
SPY,2006-09,1,1,normal,True,0,3424,-4637.045983170094,3,9298.507660551972,9280.091966340187,0.9956546635630815,False,EXPOSED_HISTORY
SPY,2006-09,1,1,t,True,1,3424,-4582.150009245365,4,9196.854277439777,9172.30001849073,0.9970128855334803,True,EXPOSED_HISTORY
SPY,2006-09,1,2,normal,True,2,3424,-4637.045983169815,4,9306.646225288678,9282.09196633963,0.9956546263127608,False,EXPOSED_HISTORY
SPY,2006-09,1,2,t,True,3,3424,-4582.150009250936,5,9204.99284218818,9174.300018501872,0.9970129525234696,False,EXPOSED_HISTORY
SPY,2006-09,2,1,normal,True,4,3424,-4634.058177682829,4,9300.670614314706,9276.116355365659,0.994473264436843,False,EXPOSED_HISTORY
SPY,2006-09,2,1,t,True,5,3424,-4579.779068923785,5,9200.250961533879,9169.55813784757,0.9964188377363525,False,EXPOSED_HISTORY
SPY,2006-10,1,1,normal,True,0,3444,-4651.563759062876,3,9327.560684722393,9309.127518125752,0.9957451377203248,False,EXPOSED_HISTORY
SPY,2006-10,1,1,t,True,1,3444,-4596.677621380324,4,9225.932798222839,9201.355242760648,0.997040427164436,True,EXPOSED_HISTORY
SPY,2006-10,1,2,normal,True,2,3444,-4651.563759218418,4,9335.705073899027,9311.127518436837,0.9957445607923657,False,EXPOSED_HISTORY
SPY,2006-10,1,2,t,True,3,3444,-4596.6776213810745,5,9234.077187089886,9203.355242762149,0.9970403939263673,False,EXPOSED_HISTORY
SPY,2006-10,2,1,normal,True,4,3444,-4648.5437494831,4,9329.665054428391,9305.0874989662,0.9946265254840831,False,EXPOSED_HISTORY
SPY,2006-10,2,1,t,True,5,3444,-4594.30773296768,5,9229.337410263097,9198.61546593536,0.9964559104283877,False,EXPOSED_HISTORY
SPY,2006-11,1,1,normal,True,0,3466,-4664.271970054329,3,9352.996209519486,9334.543940108659,0.9961132935218215,False,EXPOSED_HISTORY
SPY,2006-11,1,1,t,True,1,3466,-4608.492156337011,4,9249.587338555124,9224.984312674022,0.997452171935828,True,EXPOSED_HISTORY
SPY,2006-11,1,2,normal,True,2,3466,-4664.271970052703,4,9361.146965986509,9336.543940105406,0.9961129915881559,False,EXPOSED_HISTORY
SPY,2006-11,1,2,t,True,3,3466,-4608.492156349554,5,9257.738095050485,9226.984312699107,0.9974526610667289,False,EXPOSED_HISTORY
SPY,2006-11,2,1,normal,True,4,3466,-4661.241355299613,4,9355.085736480329,9330.482710599226,0.9951358838502413,False,EXPOSED_HISTORY
SPY,2006-11,2,1,t,True,5,3466,-4606.069115180147,5,9252.89201271167,9222.138230360293,0.99698407671373,False,EXPOSED_HISTORY
SPY,2006-12,1,1,normal,True,0,3487,-4682.425213813322,3,9389.320818766671,9370.850427626645,0.9958019911176914,False,EXPOSED_HISTORY
SPY,2006-12,1,1,t,True,1,3487,-4625.975012571561,4,9284.577213329825,9259.950025143122,0.9972960223520597,True,EXPOSED_HISTORY
SPY,2006-12,1,2,normal,True,2,3487,-4682.425213812745,4,9397.477615812193,9372.85042762549,0.9958020282846463,False,EXPOSED_HISTORY
SPY,2006-12,1,2,t,True,3,3487,-4625.975012572722,5,9292.734010378823,9261.950025145445,0.9972962054488345,False,EXPOSED_HISTORY
SPY,2006-12,2,1,normal,True,4,3487,-4679.338913498059,4,9391.305015182821,9366.677826996118,0.9947721779588299,False,EXPOSED_HISTORY
SPY,2006-12,2,1,t,True,5,3487,-4623.49191216802,5,9287.767809569417,9256.98382433604,0.9967992318528466,False,EXPOSED_HISTORY
SPY,2007-01,1,1,normal,True,0,3507,-4695.038335512477,3,9414.564219775375,9396.076671024954,0.9960918459391045,False,EXPOSED_HISTORY
SPY,2007-01,1,1,t,True,1,3507,-4638.260964338536,4,9309.171993677632,9284.521928677072,0.9974800318956777,True,EXPOSED_HISTORY
SPY,2007-01,1,2,normal,True,2,3507,-4695.038335508092,4,9422.726736016744,9398.076671016184,0.9960916208720896,False,EXPOSED_HISTORY
SPY,2007-01,1,2,t,True,3,3507,-4638.2609643425385,5,9317.334509935778,9286.521928685077,0.9974799172586987,False,EXPOSED_HISTORY
SPY,2007-01,2,1,normal,True,4,3507,-4692.117855436396,4,9416.885775873352,9392.235710872792,0.9951547184227869,False,EXPOSED_HISTORY
SPY,2007-01,2,1,t,True,5,3507,-4635.889394704703,5,9312.591370660106,9281.778789409405,0.997028226386731,False,EXPOSED_HISTORY
SPY,2007-02,1,1,normal,True,0,3527,-4709.849797884688,3,9444.204204560085,9425.699595769376,0.996137477370403,False,EXPOSED_HISTORY
SPY,2007-02,1,1,t,True,1,3527,-4653.1772709985435,4,9339.027353718031,9314.354541997087,0.9973933202121055,True,EXPOSED_HISTORY
SPY,2007-02,1,2,normal,True,2,3527,-4709.849797884713,4,9452.37240749037,9427.699595769425,0.9961375166590393,False,EXPOSED_HISTORY
SPY,2007-02,1,2,t,True,3,3527,-4653.177270996086,5,9347.195556643352,9316.354541992172,0.9973932881031337,False,EXPOSED_HISTORY
SPY,2007-02,2,1,normal,True,4,3527,-4707.092008592891,4,9446.856828906726,9422.184017185782,0.9952186109204784,False,EXPOSED_HISTORY
SPY,2007-02,2,1,t,True,5,3527,-4650.908825662708,5,9342.658665976596,9311.817651325417,0.9969275391910754,False,EXPOSED_HISTORY
SPY,2007-03,1,1,normal,True,0,3546,-4751.823455761929,3,9528.16763798376,9509.646911523858,0.9937782416141582,False,EXPOSED_HISTORY
SPY,2007-03,1,1,t,True,1,3546,-4674.4192288850545,4,9381.532759716645,9356.838457770109,0.9978932900942151,True,EXPOSED_HISTORY
SPY,2007-03,1,2,normal,True,2,3546,-4751.823455773045,4,9536.341213492626,9511.64691154609,0.993778187814549,False,EXPOSED_HISTORY
SPY,2007-03,1,2,t,True,3,3546,-4674.419228887595,5,9389.70633520836,9358.83845777519,0.9978932466431351,False,EXPOSED_HISTORY
SPY,2007-03,2,1,normal,True,4,3546,-4748.749530611951,4,9530.193363170438,9505.499061223902,0.992462868570722,False,EXPOSED_HISTORY
SPY,2007-03,2,1,t,True,5,3546,-4672.369644711345,5,9385.607166855862,9354.73928942269,0.9974992744080071,False,EXPOSED_HISTORY
SPY,2007-04,1,1,normal,True,0,3568,-4780.161887353812,3,9584.863056188724,9566.323774707624,0.9936694834167369,False,EXPOSED_HISTORY
SPY,2007-04,1,1,t,True,1,3568,-4702.3141325728975,4,9437.347307120595,9412.628265145795,0.9977566249421728,True,EXPOSED_HISTORY
SPY,2007-04,1,2,normal,True,2,3568,-4780.1618873530415,4,9593.042816680883,9568.323774706083,0.993669422801307,False,EXPOSED_HISTORY
SPY,2007-04,1,2,t,True,3,3568,-4702.314132573547,5,9445.527067615592,9414.628265147094,0.997756685923046,False,EXPOSED_HISTORY
SPY,2007-04,2,1,normal,True,4,3568,-4777.21018809481,4,9587.139418164421,9562.42037618962,0.9923239484180371,False,EXPOSED_HISTORY
SPY,2007-04,2,1,t,True,5,3568,-4700.297779142213,5,9441.494360752924,9410.595558284425,0.997307065572358,False,EXPOSED_HISTORY
SPY,2007-05,1,1,normal,True,0,3588,-4797.912857951336,3,9620.381766572209,9601.825715902673,0.9933527877977741,False,EXPOSED_HISTORY
SPY,2007-05,1,1,t,True,1,3588,-4719.553247488021,4,9471.847895868757,9447.106494976042,0.997551965379488,True,EXPOSED_HISTORY
SPY,2007-05,1,2,normal,True,2,3588,-4797.912857952302,4,9628.56711679732,9603.825715904604,0.9933529793743413,False,EXPOSED_HISTORY
SPY,2007-05,1,2,t,True,3,3588,-4719.553247489525,5,9480.033246094945,9449.10649497905,0.9975520088476246,False,EXPOSED_HISTORY
SPY,2007-05,2,1,normal,True,4,3588,-4794.734066038235,4,9622.209532969186,9597.46813207647,0.9918139853391346,False,EXPOSED_HISTORY
SPY,2007-05,2,1,t,True,5,3588,-4717.430416265972,5,9475.787583647838,9444.860832531944,0.9970212338684727,False,EXPOSED_HISTORY
SPY,2007-06,1,1,normal,True,0,3610,-4815.772948500728,3,9656.120286155436,9637.545897001455,0.9933047947464498,False,EXPOSED_HISTORY
SPY,2007-06,1,1,t,True,1,3610,-4737.283423577647,4,9507.332699360602,9482.566847155294,0.997481212682651,True,EXPOSED_HISTORY
SPY,2007-06,1,2,normal,True,2,3610,-4815.772948502704,4,9664.311749210716,9639.545897005408,0.9933048040184465,False,EXPOSED_HISTORY
SPY,2007-06,1,2,t,True,3,3610,-4737.283423576946,5,9515.524162410527,9484.566847153892,0.9974812792812531,False,EXPOSED_HISTORY
SPY,2007-06,2,1,normal,True,4,3610,-4812.491382467711,4,9657.74861714073,9632.982764935423,0.9918015490392718,False,EXPOSED_HISTORY
SPY,2007-06,2,1,t,True,5,3610,-4735.095358028713,5,9511.148031314062,9480.190716057426,0.9969465924907456,False,EXPOSED_HISTORY
SPY,2007-07,1,1,normal,True,0,3631,-4845.240072679836,3,9715.071935473916,9696.480145359672,0.993174779464583,False,EXPOSED_HISTORY
SPY,2007-07,1,1,t,True,1,3631,-4767.543187961859,4,9567.875429409376,9543.086375923718,0.9973824995172424,True,EXPOSED_HISTORY
SPY,2007-07,1,2,normal,True,2,3631,-4845.240072680084,4,9723.269198845826,9698.480145360169,0.9931747955423907,False,EXPOSED_HISTORY
SPY,2007-07,1,2,t,True,3,3631,-4767.543187965115,5,9576.072692787302,9545.08637593023,0.9973825128046686,False,EXPOSED_HISTORY
SPY,2007-07,2,1,normal,True,4,3631,-4842.400129440401,4,9717.58931236646,9692.800258880801,0.9916345497884091,False,EXPOSED_HISTORY
SPY,2007-07,2,1,t,True,5,3631,-4765.651389875857,5,9572.289096608785,9541.302779751713,0.9968074667876404,False,EXPOSED_HISTORY
SPY,2007-08,1,1,normal,True,0,3652,-4877.082167358836,3,9778.773425442816,9760.164334717672,0.9932726137474011,False,EXPOSED_HISTORY
SPY,2007-08,1,1,t,True,1,3652,-4799.549899873208,4,9631.911920713275,9607.099799746416,0.9975479670751713,True,EXPOSED_HISTORY
SPY,2007-08,1,2,normal,True,2,3652,-4877.082167356128,4,9786.976455679114,9762.164334712255,0.9932727345673985,False,EXPOSED_HISTORY
SPY,2007-08,1,2,t,True,3,3652,-4799.5498998706225,5,9640.11495094982,9609.099799741245,0.9975480954281197,False,EXPOSED_HISTORY
SPY,2007-08,2,1,normal,True,4,3652,-4874.192199390555,4,9781.19651974797,9756.38439878111,0.9917192858187653,False,EXPOSED_HISTORY
SPY,2007-08,2,1,t,True,5,3652,-4797.6790894816195,5,9636.373330171813,9605.358178963239,0.9969990122943463,False,EXPOSED_HISTORY
SPY,2007-09,1,1,normal,True,0,3675,-4918.383033260829,3,9861.393991756599,9842.766066521657,0.9933497731390589,False,EXPOSED_HISTORY
SPY,2007-09,1,1,t,True,1,3675,-4841.611575016003,4,9716.060383678594,9691.223150032007,0.9976875184659726,True,EXPOSED_HISTORY
SPY,2007-09,1,2,normal,True,2,3675,-4918.383033260816,4,9869.603300168219,9844.766066521632,0.9933497643191388,False,EXPOSED_HISTORY
SPY,2007-09,1,2,t,True,3,3675,-4841.6115750166655,5,9724.269692091566,9693.223150033331,0.9976875134516738,False,EXPOSED_HISTORY
SPY,2007-09,2,1,normal,True,4,3675,-4915.384054416664,4,9863.605342479916,9838.768108833328,0.9917836461810359,False,EXPOSED_HISTORY
SPY,2007-09,2,1,t,True,5,3675,-4839.631915974782,5,9720.310374007799,9689.263831949564,0.9971269779208795,False,EXPOSED_HISTORY
SPY,2007-10,1,1,normal,True,0,3694,-4945.201894823442,3,9915.04718512916,9896.403789646884,0.993161789291118,False,EXPOSED_HISTORY
SPY,2007-10,1,1,t,True,1,3694,-4867.283996677108,4,9767.425853997252,9742.567993354216,0.9974324594681638,True,EXPOSED_HISTORY
SPY,2007-10,1,2,normal,True,2,3694,-4945.201894820663,4,9923.261650284363,9898.403789641327,0.9931618940216534,False,EXPOSED_HISTORY
SPY,2007-10,1,2,t,True,3,3694,-4867.283996676868,5,9775.640319157532,9744.567993353736,0.9974324723695818,False,EXPOSED_HISTORY
SPY,2007-10,2,1,normal,True,4,3694,-4942.2521174274125,4,9917.362095497861,9892.504234854825,0.9915895860318509,False,EXPOSED_HISTORY
SPY,2007-10,2,1,t,True,5,3694,-4865.315839344663,5,9771.704004493122,9740.631678689326,0.9968161693065654,False,EXPOSED_HISTORY
SPY,2007-11,1,1,normal,True,0,3717,-4975.7792855995485,3,9976.22058770999,9957.558571199097,0.9931948268666562,False,EXPOSED_HISTORY
SPY,2007-11,1,1,t,True,1,3717,-4896.791197188923,4,9826.465083059036,9801.582394377847,0.9973404164633336,True,EXPOSED_HISTORY
SPY,2007-11,1,2,normal,True,2,3717,-4975.779285600278,4,9984.441259881745,9959.558571200556,0.9931948236283602,False,EXPOSED_HISTORY
SPY,2007-11,1,2,t,True,3,3717,-4896.79119719063,5,9834.685755232746,9803.58239438126,0.9973404039774104,False,EXPOSED_HISTORY
SPY,2007-11,2,1,normal,True,4,3717,-4972.84129905641,4,9978.56528679401,9953.68259811282,0.9916826731686728,False,EXPOSED_HISTORY
SPY,2007-11,2,1,t,True,5,3717,-4894.755225937415,5,9830.613812726317,9799.51045187483,0.9967261836763674,False,EXPOSED_HISTORY
SPY,2007-12,1,1,normal,True,0,3738,-5019.6027924457885,3,10063.884502855624,10045.205584891577,0.9936874620352929,False,EXPOSED_HISTORY
SPY,2007-12,1,1,t,True,1,3738,-4941.117509149919,4,9915.1402422519,9890.235018299838,0.99790407478312,True,EXPOSED_HISTORY
SPY,2007-12,1,2,normal,True,2,3738,-5019.602792557832,4,10072.110809067726,10047.205585115664,0.9936874765831732,False,EXPOSED_HISTORY
SPY,2007-12,1,2,t,True,3,3738,-4941.1175091484965,5,9923.36654823707,9892.235018296993,0.9979041622441598,False,EXPOSED_HISTORY
SPY,2007-12,2,1,normal,True,4,3738,-5016.264896565948,4,10065.435017083959,10040.529793131896,0.9921032505775673,False,EXPOSED_HISTORY
SPY,2007-12,2,1,t,True,5,3738,-4938.684006628267,5,9918.49954319661,9887.368013256533,0.9972841652395438,False,EXPOSED_HISTORY
SPY,2008-01,1,1,normal,True,0,3758,-5050.790054438146,3,10126.275035416213,10107.580108876293,0.9934094295766519,False,EXPOSED_HISTORY
SPY,2008-01,1,1,t,True,1,3758,-4972.201599660471,4,9977.329768040836,9952.403199320943,0.9976393861792775,True,EXPOSED_HISTORY
SPY,2008-01,1,2,normal,True,2,3758,-5050.790054438132,4,10134.506677596157,10109.580108876264,0.99340943090118,False,EXPOSED_HISTORY
SPY,2008-01,1,2,t,True,3,3758,-4972.201599663621,5,9985.561410227108,9954.403199327242,0.9976395652662708,False,EXPOSED_HISTORY
SPY,2008-01,2,1,normal,True,4,3758,-5047.477597051297,4,10127.881762822488,10102.955194102595,0.9917211249841861,False,EXPOSED_HISTORY
SPY,2008-01,2,1,t,True,5,3758,-4969.790260288426,5,9980.738731476718,9949.580520576852,0.9969438600103496,False,EXPOSED_HISTORY
SPY,2008-02,1,1,normal,True,0,3779,-5088.825961648501,3,10202.36356740705,10183.651923297002,0.9937719258714581,False,EXPOSED_HISTORY
SPY,2008-02,1,1,t,True,1,3779,-5011.066994712035,4,10055.082848237467,10030.13398942407,0.9979470080770709,True,EXPOSED_HISTORY
SPY,2008-02,1,2,normal,True,2,3779,-5088.825961644844,4,10210.600782103085,10185.651923289688,0.9937720499042415,False,EXPOSED_HISTORY
SPY,2008-02,1,2,t,True,3,3779,-5011.066994713074,5,10063.320062942894,10032.133989426147,0.9979468214598508,False,EXPOSED_HISTORY
SPY,2008-02,2,1,normal,True,4,3779,-5085.343572004926,4,10203.636002823248,10178.687144009851,0.9921259564509797,False,EXPOSED_HISTORY
SPY,2008-02,2,1,t,True,5,3779,-5008.478368338554,5,10058.142810193855,10026.956736677108,0.9972812359298088,False,EXPOSED_HISTORY
SPY,2008-03,1,1,normal,True,0,3799,-5120.018732436325,3,10264.764944332213,10246.03746487265,0.9936272970053664,False,EXPOSED_HISTORY
SPY,2008-03,1,1,t,True,1,3799,-5042.277446156662,4,10117.524864926076,10092.554892313325,0.9978036422827798,True,EXPOSED_HISTORY
SPY,2008-03,1,2,normal,True,2,3799,-5120.018732453553,4,10273.007437519856,10248.037464907105,0.9936272417431194,False,EXPOSED_HISTORY
SPY,2008-03,1,2,t,True,3,3799,-5042.277446153403,5,10125.767358072744,10094.554892306805,0.9978036795951645,False,EXPOSED_HISTORY
SPY,2008-03,2,1,normal,True,4,3799,-5116.637724415148,4,10266.245421443047,10241.275448830296,0.9919973393182975,False,EXPOSED_HISTORY
SPY,2008-03,2,1,t,True,5,3799,-5039.781330901784,5,10120.775127569506,10089.562661803568,0.9971352146990229,False,EXPOSED_HISTORY
SPY,2008-04,1,1,normal,True,0,3819,-5161.232797648633,3,10347.208826958942,10328.465595297266,0.9940856942302568,False,EXPOSED_HISTORY
SPY,2008-04,1,1,t,True,1,3819,-5082.620882717491,4,10198.232740983885,10173.241765434983,0.9981969276864155,True,EXPOSED_HISTORY
SPY,2008-04,1,2,normal,True,2,3819,-5161.232797648981,4,10355.456570846865,10330.465595297963,0.9940857490940888,False,EXPOSED_HISTORY
SPY,2008-04,1,2,t,True,3,3819,-5082.620882718713,5,10206.480484873553,10175.241765437426,0.9981968667057128,False,EXPOSED_HISTORY
SPY,2008-04,2,1,normal,True,4,3819,-5157.902401805688,4,10348.795779160278,10323.804803611376,0.9925120245348084,False,EXPOSED_HISTORY
SPY,2008-04,2,1,t,True,5,3819,-5080.2487780445845,5,10201.736275525296,10170.497556089169,0.9976050621275795,False,EXPOSED_HISTORY
SPY,2008-05,1,1,normal,True,0,3841,-5195.2943432975,3,10415.349150680038,10396.588686595,0.9936404870745438,False,EXPOSED_HISTORY
SPY,2008-05,1,1,t,True,1,3841,-5115.55739690711,4,10264.128745927605,10239.11479381422,0.9977704257651018,True,EXPOSED_HISTORY
SPY,2008-05,1,2,normal,True,2,3841,-5195.294343297456,4,10423.602638708297,10398.588686594912,0.9936405052075612,False,EXPOSED_HISTORY
SPY,2008-05,1,2,t,True,3,3841,-5115.557396927609,5,10272.382233996948,10241.114793855219,0.9977704976734727,False,EXPOSED_HISTORY
SPY,2008-05,2,1,normal,True,4,3841,-5191.745161647283,4,10416.50427540795,10391.490323294565,0.9918391169643056,False,EXPOSED_HISTORY
SPY,2008-05,2,1,t,True,5,3841,-5113.039395577005,5,10267.34623129574,10236.07879115401,0.9970289192847287,False,EXPOSED_HISTORY
SPY,2008-06,1,1,normal,True,0,3862,-5223.884799719276,3,10472.546420827517,10453.769599438552,0.9934661348963347,False,EXPOSED_HISTORY
SPY,2008-06,1,1,t,True,1,3862,-5144.139035479891,4,10321.313832811737,10296.278070959783,0.9975922240968801,True,EXPOSED_HISTORY
SPY,2008-06,1,2,normal,True,2,3862,-5223.884799814416,4,10480.805361480785,10455.769599628831,0.9934654069557647,False,EXPOSED_HISTORY
SPY,2008-06,1,2,t,True,3,3862,-5144.139035493798,5,10329.572773302538,10298.278070987595,0.9975923702426771,False,EXPOSED_HISTORY
SPY,2008-06,2,1,normal,True,4,3862,-5220.213909669019,4,10473.463581189992,10448.427819338038,0.9917286660803739,False,EXPOSED_HISTORY
SPY,2008-06,2,1,t,True,5,3862,-5141.487261764295,5,10324.269225843533,10292.97452352859,0.9968663238121479,False,EXPOSED_HISTORY
SPY,2008-07,1,1,normal,True,0,3883,-5260.530895380468,3,10545.85488075013,10527.061790760936,0.9939705085232033,False,EXPOSED_HISTORY
SPY,2008-07,1,1,t,True,1,3883,-5179.171707829375,4,10391.400868977677,10366.34341565875,0.997923142210099,True,EXPOSED_HISTORY
SPY,2008-07,1,2,normal,True,2,3883,-5260.530895380427,4,10554.11924407978,10529.061790760854,0.9939704743589456,False,EXPOSED_HISTORY
SPY,2008-07,1,2,t,True,3,3883,-5179.171707847296,5,10399.66523234325,10368.343415694591,0.9979233570578665,False,EXPOSED_HISTORY
SPY,2008-07,2,1,normal,True,4,3883,-5257.614714658595,4,10548.286882636117,10523.22942931719,0.9926120350753772,False,EXPOSED_HISTORY
SPY,2008-07,2,1,t,True,5,3883,-5176.769627041998,5,10394.861070732655,10363.539254083997,0.9973359136386535,False,EXPOSED_HISTORY
SPY,2008-08,1,1,normal,True,0,3905,-5298.9551210830705,3,10622.720281352962,10603.910242166141,0.9941754719210849,False,EXPOSED_HISTORY
SPY,2008-08,1,1,t,True,1,3905,-5219.024908785217,4,10471.12986981953,10446.049817570434,0.9981488320775685,True,EXPOSED_HISTORY
SPY,2008-08,1,2,normal,True,2,3905,-5298.955121082628,4,10630.99029441435,10605.910242165255,0.9941754501071868,False,EXPOSED_HISTORY
SPY,2008-08,1,2,t,True,3,3905,-5219.024908783524,5,10479.399882878417,10448.049817567047,0.9981487039583609,False,EXPOSED_HISTORY
SPY,2008-08,2,1,normal,True,4,3905,-5296.030904985166,4,10625.141862219427,10600.061809970332,0.9928557651262586,False,EXPOSED_HISTORY
SPY,2008-08,2,1,t,True,5,3905,-5216.588072113653,5,10474.526209538675,10443.176144227305,0.997591410308068,False,EXPOSED_HISTORY
SPY,2008-09,1,1,normal,True,0,3926,-5333.02586907648,3,10690.87786727747,10672.05173815296,0.9941157441629366,False,EXPOSED_HISTORY
SPY,2008-09,1,1,t,True,1,3926,-5253.6234985002375,4,10540.34850249982,10515.246997000475,0.9980937738473188,True,EXPOSED_HISTORY
SPY,2008-09,1,2,normal,True,2,3926,-5333.025869077879,4,10699.153243655104,10674.051738155758,0.9941156396023354,False,EXPOSED_HISTORY
SPY,2008-09,1,2,t,True,3,3926,-5253.623498500936,5,10548.623878876055,10517.246997001872,0.998093727286589,False,EXPOSED_HISTORY
SPY,2008-09,2,1,normal,True,4,3926,-5330.099055851122,4,10693.29961720159,10668.198111702244,0.9927782102885953,False,EXPOSED_HISTORY
SPY,2008-09,2,1,t,True,5,3926,-5251.153990862756,5,10543.684863599694,10512.307981725511,0.997514592654032,False,EXPOSED_HISTORY
SPY,2008-10,1,1,normal,True,0,3947,-5393.349447435119,3,10811.541028097226,10792.698894870238,0.9951973346413103,False,EXPOSED_HISTORY
SPY,2008-10,1,1,t,True,1,3947,-5311.1060779684785,4,10655.33500023961,10630.212155936957,0.9991997591486904,True,EXPOSED_HISTORY
SPY,2008-10,1,2,normal,True,2,3947,-5393.34944743357,4,10819.821739169793,10794.69889486714,0.9951973900137917,False,EXPOSED_HISTORY
SPY,2008-10,1,2,t,True,3,3947,-5311.1060779673735,5,10663.615711313061,10632.212155934747,0.9991996790627339,False,EXPOSED_HISTORY
SPY,2008-10,2,1,normal,True,4,3947,-5389.322462908764,4,10811.76777012018,10786.644925817527,0.9937731911255666,False,EXPOSED_HISTORY
SPY,2008-10,2,1,t,True,5,3947,-5308.234079047446,5,10657.871713473207,10626.468158094893,0.9987213476369887,False,EXPOSED_HISTORY
SPY,2008-11,1,1,normal,True,0,3970,-5469.52588125842,3,10963.911326637883,10945.05176251684,0.9957799271982334,False,EXPOSED_HISTORY
SPY,2008-11,1,1,t,True,1,3970,-5385.900370902307,4,10804.94682729934,10779.800741804615,0.9999147278780987,True,EXPOSED_HISTORY
SPY,2008-11,1,2,normal,True,2,3970,-5469.525881256946,4,10972.197848008618,10947.051762513893,0.9957800397366809,False,EXPOSED_HISTORY
SPY,2008-11,1,2,t,True,3,3970,-5385.900370902231,5,10813.233348672868,10781.800741804462,0.9999147280764913,False,EXPOSED_HISTORY
SPY,2008-11,2,1,normal,True,4,3970,-5464.08450972164,4,10961.315104938005,10936.16901944328,0.9941405317131498,False,EXPOSED_HISTORY
SPY,2008-11,2,1,t,True,5,3970,-5382.077828257017,5,10805.58826338244,10774.155656514034,0.9993560034359286,False,EXPOSED_HISTORY
SPY,2008-12,1,1,normal,True,0,3989,-5524.899386764581,3,11074.672661084878,11055.798773529163,0.995754109174942,False,EXPOSED_HISTORY
SPY,2008-12,1,1,t,True,1,3989,-5442.059018331422,4,10917.283220070465,10892.118036662843,0.9999291546895452,True,EXPOSED_HISTORY
SPY,2008-12,1,2,normal,True,2,3989,-5524.8993867646095,4,11082.963956936841,11057.798773529219,0.9957541259632957,False,EXPOSED_HISTORY
SPY,2008-12,1,2,t,True,3,3989,-5442.059018330282,5,10925.57451592009,10894.118036660564,0.9999290932759418,False,EXPOSED_HISTORY
SPY,2008-12,2,1,normal,True,4,3989,-5519.666956337174,4,11072.49909608197,11047.333912674349,0.9941923787284731,False,EXPOSED_HISTORY
SPY,2008-12,2,1,t,True,5,3989,-5438.419619018618,5,10918.295717296762,10886.839238037235,0.9994220216826708,False,EXPOSED_HISTORY
SPY,2009-01,1,1,normal,True,0,4011,-5579.645994263631,3,11184.182376124572,11165.291988527262,0.9947444253210422,False,EXPOSED_HISTORY
SPY,2009-01,1,1,t,True,1,4011,-5496.289824968497,4,11025.766833400074,11000.579649936994,0.999066095631249,True,EXPOSED_HISTORY
SPY,2009-01,1,2,normal,True,2,4011,-5579.645994259947,4,11192.479171982974,11167.291988519893,0.9947444936639085,False,EXPOSED_HISTORY
SPY,2009-01,1,2,t,True,3,4011,-5496.2898249714635,5,11034.063629271777,11002.579649942927,0.9990661719284979,False,EXPOSED_HISTORY
SPY,2009-01,2,1,normal,True,4,4011,-5573.925789777553,4,11181.038763018187,11155.851579555107,0.9927485737214647,False,EXPOSED_HISTORY
SPY,2009-01,2,1,t,True,5,4011,-5492.304559262299,5,11026.093097853449,10994.609118524599,0.9982858939166093,False,EXPOSED_HISTORY
SPY,2009-02,1,1,normal,True,0,4031,-5626.413020890676,3,11277.731351070704,11258.826041781353,0.994817217968819,False,EXPOSED_HISTORY
SPY,2009-02,1,1,t,True,1,4031,-5543.247584596431,4,11119.70224824533,11094.495169192862,0.9990164974109174,True,EXPOSED_HISTORY
SPY,2009-02,1,2,normal,True,2,4031,-5626.413020894249,4,11286.033120840966,11260.826041788498,0.9948171372034004,False,EXPOSED_HISTORY
SPY,2009-02,1,2,t,True,3,4031,-5543.247584596215,5,11128.004018008016,11096.49516919243,0.9990164565186335,False,EXPOSED_HISTORY
SPY,2009-02,2,1,normal,True,4,4031,-5620.980886350651,4,11275.168851753771,11249.961772701303,0.993250071458482,False,EXPOSED_HISTORY
SPY,2009-02,2,1,t,True,5,4031,-5539.467986436532,5,11120.444821688649,11088.935972873063,0.9984901106447468,False,EXPOSED_HISTORY
SPY,2009-03,1,1,normal,True,0,4050,-5669.169217929071,3,11363.257852338444,11344.338435858142,0.9948762905547808,False,EXPOSED_HISTORY
SPY,2009-03,1,1,t,True,1,4050,-5585.9566390700265,4,11205.139166780455,11179.913278140053,0.9989914803923554,True,EXPOSED_HISTORY
SPY,2009-03,1,2,normal,True,2,4050,-5669.169217929071,4,11371.564324498544,11346.338435858142,0.9948763171974561,False,EXPOSED_HISTORY
SPY,2009-03,1,2,t,True,3,4050,-5585.956639069995,5,11213.445638940493,11181.91327813999,0.9989914588410218,False,EXPOSED_HISTORY
SPY,2009-03,2,1,normal,True,4,4050,-5663.688011275862,4,11360.601911192125,11335.376022551724,0.9933677492048777,False,EXPOSED_HISTORY
SPY,2009-03,2,1,t,True,5,4050,-5582.106923099717,5,11205.746206999938,11174.213846199435,0.9985039582502405,False,EXPOSED_HISTORY
SPY,2009-04,1,1,normal,True,0,4072,-5725.826854600818,3,11476.589377876326,11457.653709201635,0.9953759809587059,False,EXPOSED_HISTORY
SPY,2009-04,1,1,t,True,1,4072,-5642.389192072328,4,11318.025942377577,11292.778384144656,0.9993871053983597,True,EXPOSED_HISTORY
SPY,2009-04,1,2,normal,True,2,4072,-5725.826854949802,4,11484.901268132524,11459.653709899603,0.9953759363930363,False,EXPOSED_HISTORY
SPY,2009-04,1,2,t,True,3,4072,-5642.389192073017,5,11326.337831937184,11294.778384146033,0.9993870680613869,False,EXPOSED_HISTORY
SPY,2009-04,2,1,normal,True,4,4072,-5720.10952279601,4,11473.466603824942,11448.21904559202,0.9939041531410061,False,EXPOSED_HISTORY
SPY,2009-04,2,1,t,True,5,4072,-5638.318727812847,5,11318.196903416847,11286.637455625694,0.9989255178418955,False,EXPOSED_HISTORY
SPY,2009-05,1,1,normal,True,0,4093,-5769.749600455479,3,11564.450301340434,11545.499200910957,0.994967787468366,False,EXPOSED_HISTORY
SPY,2009-05,1,1,t,True,1,4093,-5686.1451395403565,4,11405.558412986682,11380.290279080713,0.998994471060417,False,EXPOSED_HISTORY
SPY,2009-05,1,2,normal,True,2,4093,-5769.749600458119,4,11572.767334822207,11547.499200916238,0.9949676234232812,False,EXPOSED_HISTORY
SPY,2009-05,1,2,t,True,3,4093,-5686.145139542043,5,11413.875446466547,11382.290279084085,0.9989945937920187,False,EXPOSED_HISTORY
SPY,2009-05,2,1,normal,True,4,4093,-5763.912300751961,4,11561.092735409891,11535.824601503922,0.9933845982228361,False,EXPOSED_HISTORY
SPY,2009-05,2,1,t,True,5,4093,-5681.973749969112,5,11405.532667320686,11373.947499938224,0.9984465582604197,True,EXPOSED_HISTORY
SPY,2009-06,1,1,normal,True,0,4113,-5809.179361447959,3,11643.32444680061,11624.358722895919,0.9948794673460595,False,EXPOSED_HISTORY
SPY,2009-06,1,1,t,True,1,4113,-5726.169466212507,4,11485.626564297936,11460.338932425015,0.9989158550890217,False,EXPOSED_HISTORY
SPY,2009-06,1,2,normal,True,2,4113,-5809.179361450759,4,11651.646354774439,11626.358722901517,0.9948792749921067,False,EXPOSED_HISTORY
SPY,2009-06,1,2,t,True,3,4113,-5726.169466213535,5,11493.948472268223,11462.33893242707,0.998915943620097,False,EXPOSED_HISTORY
SPY,2009-06,2,1,normal,True,4,4113,-5803.186672242912,4,11639.660976358746,11614.373344485824,0.9933235190221246,False,EXPOSED_HISTORY
SPY,2009-06,2,1,t,True,5,4113,-5721.898248253379,5,11485.406036347911,11453.796496506759,0.9984002430803756,True,EXPOSED_HISTORY
SPY,2009-07,1,1,normal,True,0,4135,-5846.260074340992,3,11717.501876504357,11698.520148681984,0.9946433070229466,False,EXPOSED_HISTORY
SPY,2009-07,1,1,t,True,1,4135,-5762.7497353391245,4,11558.80844110808,11533.499470678249,0.9986202375689247,False,EXPOSED_HISTORY
SPY,2009-07,1,2,normal,True,2,4135,-5846.260074340964,4,11725.829119111759,11700.520148681928,0.9946433051547094,False,EXPOSED_HISTORY
SPY,2009-07,1,2,t,True,3,4135,-5762.749735337878,5,11567.135683713044,11535.499470675755,0.9986202329076419,False,EXPOSED_HISTORY
SPY,2009-07,2,1,normal,True,4,4135,-5840.152805118699,4,11713.614580667228,11688.305610237398,0.9931165528180427,False,EXPOSED_HISTORY
SPY,2009-07,2,1,t,True,5,4135,-5758.31513721129,5,11558.266487459869,11526.63027442258,0.99810233795945,True,EXPOSED_HISTORY
SPY,2009-08,1,1,normal,True,0,4157,-5883.138287563739,3,11791.274221945236,11772.276575127478,0.99460063699335,False,EXPOSED_HISTORY
SPY,2009-08,1,1,t,True,1,4157,-5799.125386186779,4,11631.580968130569,11606.250772373558,0.9985267717375867,False,EXPOSED_HISTORY
SPY,2009-08,1,2,normal,True,2,4157,-5883.138287559224,4,11799.60677087546,11774.276575118449,0.9946007532232044,False,EXPOSED_HISTORY
SPY,2009-08,1,2,t,True,3,4157,-5799.1253861859195,5,11639.913517068102,11608.250772371839,0.9985268388474228,False,EXPOSED_HISTORY
SPY,2009-08,2,1,normal,True,4,4157,-5876.7365742492,4,11786.803344255412,11761.4731484984,0.9929999535542506,False,EXPOSED_HISTORY
SPY,2009-08,2,1,t,True,5,4157,-5794.399436482251,5,11630.461617660765,11598.798872964502,0.9979667366363862,True,EXPOSED_HISTORY
SPY,2009-09,1,1,normal,True,0,4178,-5914.011732530069,3,11853.036228886487,11834.023465060138,0.9945096674444829,False,EXPOSED_HISTORY
SPY,2009-09,1,1,t,True,1,4178,-5829.943310371953,4,11693.236972512372,11667.886620743906,0.9984178922250089,False,EXPOSED_HISTORY
SPY,2009-09,1,2,normal,True,2,4178,-5914.0117325295305,4,11861.373816827527,11836.023465059061,0.9945096795416055,False,EXPOSED_HISTORY
SPY,2009-09,1,2,t,True,3,4178,-5829.943310371247,5,11701.574560453077,11669.886620742494,0.9984178760579929,False,EXPOSED_HISTORY
SPY,2009-09,2,1,normal,True,4,4178,-5907.579059641872,4,11848.50847105221,11823.158119283744,0.9929233906916985,False,EXPOSED_HISTORY
SPY,2009-09,2,1,t,True,5,4178,-5825.200978491013,5,11692.089896692609,11660.401956982027,0.9978677711594627,True,EXPOSED_HISTORY
SPY,2009-10,1,1,normal,True,0,4199,-5943.069367270628,3,11911.16653958331,11892.138734541257,0.994466190320188,False,EXPOSED_HISTORY
SPY,2009-10,1,1,t,True,1,4199,-5859.066646993953,4,11751.503700710644,11726.133293987907,0.9983506351484989,False,EXPOSED_HISTORY
SPY,2009-10,1,2,normal,True,2,4199,-5943.069367270056,4,11919.50914126285,11894.138734540113,0.9944662870974422,False,EXPOSED_HISTORY
SPY,2009-10,1,2,t,True,3,4199,-5859.066647017149,5,11759.84630243772,11728.133294034298,0.9983504861307514,False,EXPOSED_HISTORY
SPY,2009-10,2,1,normal,True,4,4199,-5936.581812804112,4,11906.534032330961,11881.163625608224,0.9929021535471723,False,EXPOSED_HISTORY
SPY,2009-10,2,1,t,True,5,4199,-5854.256566898144,5,11750.22614219971,11718.513133796288,0.9978087898683851,True,EXPOSED_HISTORY
SPY,2009-11,1,1,normal,True,0,4221,-5981.656981226901,3,11988.357444491148,11969.313962453802,0.9947850104974029,False,EXPOSED_HISTORY
SPY,2009-11,1,1,t,True,1,4221,-5898.253372505767,4,11829.898054394665,11804.506745011535,0.9986780533491872,False,EXPOSED_HISTORY
SPY,2009-11,1,2,normal,True,2,4221,-5981.656981238726,4,11996.705271860583,11971.313962477452,0.9947851170758351,False,EXPOSED_HISTORY
SPY,2009-11,1,2,t,True,3,4221,-5898.253372505991,5,11838.245881740895,11806.506745011982,0.9986780374472272,False,EXPOSED_HISTORY
SPY,2009-11,2,1,normal,True,4,4221,-5975.410845127388,4,11984.212999637906,11958.821690254776,0.9932955490992933,False,EXPOSED_HISTORY
SPY,2009-11,2,1,t,True,5,4221,-5893.6160773214815,5,11828.971291371876,11797.232154642963,0.9982166371029176,True,EXPOSED_HISTORY
SPY,2009-12,1,1,normal,True,0,4241,-6010.7240228805085,3,12046.505708869441,12027.448045761017,0.9946156450826782,False,EXPOSED_HISTORY
SPY,2009-12,1,1,t,True,1,4241,-5927.079170847456,4,11887.56855917281,11862.158341694912,0.9984940012571192,False,EXPOSED_HISTORY
SPY,2009-12,1,2,normal,True,2,4241,-6010.724022878694,4,12054.858263235286,12029.448045757388,0.9946156859014939,False,EXPOSED_HISTORY
SPY,2009-12,1,2,t,True,3,4241,-5927.079170847754,5,11895.92111354288,11864.158341695507,0.9984939680438963,False,EXPOSED_HISTORY
SPY,2009-12,2,1,normal,True,4,4241,-6004.377409617829,4,12042.165036713555,12016.754819235657,0.9930528638130539,False,EXPOSED_HISTORY
SPY,2009-12,2,1,t,True,5,4241,-5922.305721811494,5,11886.37421547036,11854.611443622987,0.9979648460560948,True,EXPOSED_HISTORY
SPY,2010-01,1,1,normal,True,0,4263,-6034.432036068644,3,12093.937257387584,12074.864072137289,0.9942641027568783,False,EXPOSED_HISTORY
SPY,2010-01,1,1,t,True,1,4263,-5950.471011415395,4,11934.37293649785,11908.94202283079,0.9982032685849188,False,EXPOSED_HISTORY
SPY,2010-01,1,2,normal,True,2,4263,-6034.432036066983,4,12102.294985801025,12076.864072133965,0.9942641638199318,False,EXPOSED_HISTORY
SPY,2010-01,1,2,t,True,3,4263,-5950.471011495392,5,11942.73066507461,11910.942022990785,0.9982032348749407,False,EXPOSED_HISTORY
SPY,2010-01,2,1,normal,True,4,4263,-6027.838658420109,4,12089.108230507278,12063.677316840218,0.9925939128666047,False,EXPOSED_HISTORY
SPY,2010-01,2,1,t,True,5,4263,-5945.5068216175005,5,11932.802285318827,11901.013643235001,0.9976067069271015,True,EXPOSED_HISTORY
SPY,2010-02,1,1,normal,True,0,4282,-6063.190587764186,3,12151.46770193582,12132.381175528371,0.9943959835907169,False,EXPOSED_HISTORY
SPY,2010-02,1,1,t,True,1,4282,-5979.910115922068,4,11993.268933720734,11967.820231844136,0.998323488625987,False,EXPOSED_HISTORY
SPY,2010-02,1,2,normal,True,2,4282,-6063.190587863501,4,12159.829877603599,12134.381175727001,0.9943959752508572,False,EXPOSED_HISTORY
SPY,2010-02,1,2,t,True,3,4282,-5979.910115921573,5,12001.631109188895,11969.820231843147,0.9983234576021439,False,EXPOSED_HISTORY
SPY,2010-02,2,1,normal,True,4,4282,-6057.251193788324,4,12147.951089453245,12122.502387576647,0.9928116870306796,False,EXPOSED_HISTORY
SPY,2010-02,2,1,t,True,5,4282,-5975.491470182944,5,11992.793817711636,11960.982940365888,0.9977756495802721,True,EXPOSED_HISTORY
SPY,2010-03,1,1,normal,True,0,4301,-6092.482508216333,3,12210.064824931018,12190.965016432667,0.9943434060944487,False,EXPOSED_HISTORY
SPY,2010-03,1,1,t,True,1,4301,-6008.551086144584,4,12050.568583620303,12025.102172289167,0.9982939110577472,False,EXPOSED_HISTORY
SPY,2010-03,1,2,normal,True,2,4301,-6092.482508214342,4,12218.431427759819,12192.965016428683,0.9943434201856721,False,EXPOSED_HISTORY
SPY,2010-03,1,2,t,True,3,4301,-6008.551086144673,5,12058.935186453264,12027.102172289346,0.9982938699140613,False,EXPOSED_HISTORY
SPY,2010-03,2,1,normal,True,4,4301,-6086.281494800105,4,12206.029400931346,12180.56298960021,0.9926662507270518,False,EXPOSED_HISTORY
SPY,2010-03,2,1,t,True,5,4301,-6003.956245616479,5,12049.745505396875,12017.912491232957,0.9976911974583119,True,EXPOSED_HISTORY
SPY,2010-04,1,1,normal,True,0,4324,-6113.4981134048385,3,12252.112035345954,12232.996226809677,0.9939786310072058,False,EXPOSED_HISTORY
SPY,2010-04,1,1,t,True,1,4324,-6028.8190363281465,4,12091.125817371329,12065.638072656293,0.9980342867201563,False,EXPOSED_HISTORY
SPY,2010-04,1,2,normal,True,2,4324,-6113.498113430638,4,12260.483971576312,12234.996226861276,0.993978486424574,False,EXPOSED_HISTORY
SPY,2010-04,1,2,t,True,3,4324,-6028.819036329253,5,12099.497753552303,12067.638072658507,0.998034303268794,False,EXPOSED_HISTORY
SPY,2010-04,2,1,normal,True,4,4324,-6106.903558819058,4,12247.294862353152,12221.807117638116,0.9921747952332015,False,EXPOSED_HISTORY
SPY,2010-04,2,1,t,True,5,4324,-6023.912234870818,5,12089.684150635432,12057.824469741636,0.9973607910876898,True,EXPOSED_HISTORY
SPY,2010-05,1,1,normal,True,0,4345,-6142.886328736248,3,12310.903000585595,12291.772657472497,0.9939671018176583,False,EXPOSED_HISTORY
SPY,2010-05,1,1,t,True,1,4345,-6057.747774415583,4,12149.002672981964,12123.495548831166,0.998110093020745,False,EXPOSED_HISTORY
SPY,2010-05,1,2,normal,True,2,4345,-6142.886328734469,4,12319.279781619736,12293.772657468939,0.9939672722153202,False,EXPOSED_HISTORY
SPY,2010-05,1,2,t,True,3,4345,-6057.747774428801,5,12157.379454046099,12125.495548857602,0.998109922025536,False,EXPOSED_HISTORY
SPY,2010-05,2,1,normal,True,4,4345,-6135.739918909996,4,12304.98696197079,12279.479837819992,0.9920455108149512,False,EXPOSED_HISTORY
SPY,2010-05,2,1,t,True,5,4345,-6052.514463591005,5,12146.912832370506,12115.02892718201,0.9974065771483728,True,EXPOSED_HISTORY
SPY,2010-06,1,1,normal,True,0,4365,-6189.890212380978,3,12404.924545166776,12385.780424761955,0.9942440558655777,False,EXPOSED_HISTORY
SPY,2010-06,1,1,t,True,1,4365,-6104.350995488992,4,12242.227484851079,12216.701990977985,0.9985943792266958,False,EXPOSED_HISTORY
SPY,2010-06,1,2,normal,True,2,4365,-6189.890212382173,4,12413.30591863744,12387.780424764345,0.9942442284597831,False,EXPOSED_HISTORY
SPY,2010-06,1,2,t,True,3,4365,-6104.35099554498,5,12250.608858431327,12218.70199108996,0.9985944193858793,False,EXPOSED_HISTORY
SPY,2010-06,2,1,normal,True,4,4365,-6181.436619138007,4,12396.398732149108,12370.873238276014,0.99216480411894,False,EXPOSED_HISTORY
SPY,2010-06,2,1,t,True,5,4365,-6098.287872241896,5,12238.48261182516,12206.575744483793,0.9978359539338119,True,EXPOSED_HISTORY
SPY,2010-07,1,1,normal,True,0,4387,-6231.8598914568565,3,12488.878985617212,12469.719782913713,0.9941999435597042,False,EXPOSED_HISTORY
SPY,2010-07,1,1,t,True,1,4387,-6146.201071823429,4,12325.947747251523,12300.402143646857,0.998525693028407,False,EXPOSED_HISTORY
SPY,2010-07,1,2,normal,True,2,4387,-6231.859891506832,4,12497.26538661833,12471.719783013665,0.9941999918789595,False,EXPOSED_HISTORY
SPY,2010-07,1,2,t,True,3,4387,-6146.201071821837,5,12334.334148149504,12302.402143643674,0.9985256839273342,False,EXPOSED_HISTORY
SPY,2010-07,2,1,normal,True,4,4387,-6223.166472172612,4,12479.87854794989,12454.332944345224,0.9920502516533637,False,EXPOSED_HISTORY
SPY,2010-07,2,1,t,True,5,4387,-6139.905175351321,5,12321.742355208473,12289.810350702643,0.9976961453630169,True,EXPOSED_HISTORY
SPY,2010-08,1,1,normal,True,0,4408,-6267.11799573136,3,12559.409520515217,12540.23599146272,0.9940505164173647,False,EXPOSED_HISTORY
SPY,2010-08,1,1,t,True,1,4408,-6180.964502959028,4,12395.493711321387,12369.929005918057,0.9983364767101174,False,EXPOSED_HISTORY
SPY,2010-08,1,2,normal,True,2,4408,-6267.117995734749,4,12567.800696872828,12542.235991469497,0.9940506498050007,False,EXPOSED_HISTORY
SPY,2010-08,1,2,t,True,3,4408,-6180.96450296717,5,12403.884887688504,12371.92900593434,0.9983364476750723,False,EXPOSED_HISTORY
SPY,2010-08,2,1,normal,True,4,4408,-6258.373151911112,4,12550.311009225554,12524.746303822223,0.9918880864872263,False,EXPOSED_HISTORY
SPY,2010-08,2,1,t,True,5,4408,-6174.616992387447,5,12391.189866529057,12359.233984774894,0.997472191959573,True,EXPOSED_HISTORY
SPY,2010-09,1,1,normal,True,0,4430,-6301.323618149002,3,12627.83570088712,12608.647236298004,0.9940573086241734,False,EXPOSED_HISTORY
SPY,2010-09,1,1,t,True,1,4430,-6214.838410680191,4,12463.26144081254,12437.676821360383,0.9982692936917834,False,EXPOSED_HISTORY
SPY,2010-09,1,2,normal,True,2,4430,-6301.323618153377,4,12636.23185575891,12610.647236306753,0.9940575233160893,False,EXPOSED_HISTORY
SPY,2010-09,1,2,t,True,3,4430,-6214.838410680048,5,12471.657595675291,12439.676821360095,0.9982692828751232,False,EXPOSED_HISTORY
SPY,2010-09,2,1,normal,True,4,4430,-6292.5059880252065,4,12618.59659550257,12593.011976050413,0.9919679645091527,False,EXPOSED_HISTORY
SPY,2010-09,2,1,t,True,5,4430,-6208.371139166319,5,12458.723052647834,12426.742278332638,0.9974324639545096,True,EXPOSED_HISTORY
SPY,2010-10,1,1,normal,True,0,4451,-6332.484885257735,3,12690.172422722519,12670.96977051547,0.9940067012567322,False,EXPOSED_HISTORY
SPY,2010-10,1,1,t,True,1,4451,-6245.22800071581,4,12524.059537707682,12498.45600143162,0.9981818169125148,False,EXPOSED_HISTORY
SPY,2010-10,1,2,normal,True,2,4451,-6332.48488525768,4,12698.573306791423,12672.96977051536,0.9940066913039358,False,EXPOSED_HISTORY
SPY,2010-10,1,2,t,True,3,4451,-6245.2280007838835,5,12532.460421912847,12500.456001567767,0.9981816073631009,False,EXPOSED_HISTORY
SPY,2010-10,2,1,normal,True,4,4451,-6323.592728794997,4,12680.788993866057,12655.185457589994,0.9918946654021147,False,EXPOSED_HISTORY
SPY,2010-10,2,1,t,True,5,4451,-6238.72122757099,5,12519.44687548706,12487.44245514198,0.9973296884140741,True,EXPOSED_HISTORY
SPY,2010-11,1,1,normal,True,0,4472,-6354.785288538225,3,12734.787350120956,12715.57057707645,0.9937667214602417,False,EXPOSED_HISTORY
SPY,2010-11,1,1,t,True,1,4472,-6266.641374955315,4,12566.90511396997,12541.28274991063,0.9979852021287042,False,EXPOSED_HISTORY
SPY,2010-11,1,2,normal,True,2,4472,-6354.785288541501,4,12743.192941142343,12717.570577083003,0.9937668713354533,False,EXPOSED_HISTORY
SPY,2010-11,1,2,t,True,3,4472,-6266.64137503485,5,12575.310705143875,12543.2827500697,0.9979852543397307,False,EXPOSED_HISTORY
SPY,2010-11,2,1,normal,True,4,4472,-6345.854587557102,4,12725.331539173543,12699.709175114203,0.9916679923391999,False,EXPOSED_HISTORY
SPY,2010-11,2,1,t,True,5,4472,-6260.067026021059,5,12562.162007116292,12530.134052042118,0.9971331203471955,True,EXPOSED_HISTORY
SPY,2010-12,1,1,normal,True,0,4493,-6383.984165885174,3,12793.199159497559,12773.968331770348,0.993863132002188,False,EXPOSED_HISTORY
SPY,2010-12,1,1,t,True,1,4493,-6295.971920922103,4,12625.584945480487,12599.943841844206,0.9980496602810354,False,EXPOSED_HISTORY
SPY,2010-12,1,2,normal,True,2,4493,-6383.984165886239,4,12801.609435408758,12775.968331772478,0.9938631563918937,False,EXPOSED_HISTORY
SPY,2010-12,1,2,t,True,3,4493,-6295.971920922095,5,12633.995221389541,12601.94384184419,0.9980497093666423,False,EXPOSED_HISTORY
SPY,2010-12,2,1,normal,True,4,4493,-6374.937776743798,4,12783.516657123877,12757.875553487596,0.9917483502806073,False,EXPOSED_HISTORY
SPY,2010-12,2,1,t,True,5,4493,-6289.22423921372,5,12620.49985797279,12588.44847842744,0.997201871115304,True,EXPOSED_HISTORY
SPY,2011-01,1,1,normal,True,0,4515,-6404.827022005458,3,12834.89952540847,12815.654044010917,0.993633038324726,False,EXPOSED_HISTORY
SPY,2011-01,1,1,t,True,1,4515,-6315.283559784726,4,12664.227761432856,12638.567119569452,0.9979606911025729,False,EXPOSED_HISTORY
SPY,2011-01,1,2,normal,True,2,4515,-6404.827022005558,4,12843.31468587452,12817.654044011117,0.9936330589289728,False,EXPOSED_HISTORY
SPY,2011-01,1,2,t,True,3,4515,-6315.283559788265,5,12672.642921905785,12640.56711957653,0.9979606278530184,False,EXPOSED_HISTORY
SPY,2011-01,2,1,normal,True,4,4515,-6395.646429709507,4,12824.953501282418,12799.292859419014,0.9913910992904742,False,EXPOSED_HISTORY
SPY,2011-01,2,1,t,True,5,4515,-6308.5130999695475,5,12659.10200226835,12627.026199939095,0.9970564796880624,True,EXPOSED_HISTORY
SPY,2011-02,1,1,normal,True,0,4535,-6424.899607898948,3,12875.057956885543,12855.799215797895,0.9935334734855822,False,EXPOSED_HISTORY
SPY,2011-02,1,1,t,True,1,4535,-6334.749119473015,4,12703.176560396227,12677.49823894603,0.9979194412716991,False,EXPOSED_HISTORY
SPY,2011-02,1,2,normal,True,2,4535,-6424.899607899326,4,12883.47753724885,12857.799215798652,0.9935334917848491,False,EXPOSED_HISTORY
SPY,2011-02,1,2,t,True,3,4535,-6334.749119483042,5,12711.596140778829,12679.498238966084,0.9979196355548696,False,EXPOSED_HISTORY
SPY,2011-02,2,1,normal,True,4,4535,-6415.512174153649,4,12864.702669757495,12839.024348307297,0.9912441661927315,False,EXPOSED_HISTORY
SPY,2011-02,2,1,t,True,5,4535,-6327.873587398915,5,12697.845076610576,12665.74717479783,0.9969894553498487,True,EXPOSED_HISTORY
SPY,2011-03,1,1,normal,True,0,4554,-6447.2865727830185,3,12919.844429305907,12900.573145566037,0.9934771016131002,False,EXPOSED_HISTORY
SPY,2011-03,1,1,t,True,1,4554,-6355.8428720150105,4,12745.380789016515,12719.685744030021,0.9979510919818447,False,EXPOSED_HISTORY
SPY,2011-03,1,2,normal,True,2,4554,-6447.286572781337,4,12928.268190549168,12902.573145562674,0.9934770114509673,False,EXPOSED_HISTORY
SPY,2011-03,1,2,t,True,3,4554,-6355.84287201442,5,12753.804550261959,12721.68574402884,0.9979511537146191,False,EXPOSED_HISTORY
SPY,2011-03,2,1,normal,True,4,4554,-6437.902574937607,4,12909.500194861708,12883.805149875214,0.9911874096876326,False,EXPOSED_HISTORY
SPY,2011-03,2,1,t,True,5,4554,-6349.007841780165,5,12740.134489793449,12708.01568356033,0.9970283317604627,True,EXPOSED_HISTORY
SPY,2011-04,1,1,normal,True,0,4577,-6481.055925389717,3,12987.398247901396,12968.111850779434,0.9934225806738228,False,EXPOSED_HISTORY
SPY,2011-04,1,1,t,True,1,4577,-6390.38712818605,4,12814.489452534715,12788.7742563721,0.9979076835029761,False,EXPOSED_HISTORY
SPY,2011-04,1,2,normal,True,2,4577,-6481.055925386576,4,12995.827046935767,12970.111850773152,0.9934225004727075,False,EXPOSED_HISTORY
SPY,2011-04,1,2,t,True,3,4577,-6390.387128247188,5,12822.918251697645,12790.774256494376,0.9979073508210969,False,EXPOSED_HISTORY
SPY,2011-04,2,1,normal,True,4,4577,-6471.2982123289075,4,12976.31162082043,12950.596424657815,0.9910584431777594,False,EXPOSED_HISTORY
SPY,2011-04,2,1,t,True,5,4577,-6383.143743327024,5,12808.431481857317,12776.287486654048,0.9969210868054452,True,EXPOSED_HISTORY
SPY,2011-05,1,1,normal,True,0,4597,-6500.010622350132,3,13025.320722287683,13006.021244700263,0.9932468708985398,False,EXPOSED_HISTORY
SPY,2011-05,1,1,t,True,1,4597,-6408.850702716078,4,12851.43404221538,12825.701405432155,0.9977640650870849,False,EXPOSED_HISTORY
SPY,2011-05,1,2,normal,True,2,4597,-6500.010622798196,4,13033.753882379617,13008.021245596392,0.993246998450127,False,EXPOSED_HISTORY
SPY,2011-05,1,2,t,True,3,4597,-6408.8507027375845,5,12859.8672014542,12827.701405475169,0.9977639903776779,False,EXPOSED_HISTORY
SPY,2011-05,2,1,normal,True,4,4597,-6490.136924742243,4,13014.00648626771,12988.273849484485,0.9907893722093325,False,EXPOSED_HISTORY
SPY,2011-05,2,1,t,True,5,4597,-6401.59620475845,5,12845.358205495932,12813.1924095169,0.9967059231988636,True,EXPOSED_HISTORY
SPY,2011-06,1,1,normal,True,0,4618,-6521.524495877029,3,13068.362142723801,13049.048991754058,0.9932334074212652,False,EXPOSED_HISTORY
SPY,2011-06,1,1,t,True,1,4618,-6431.209185454093,4,12896.169238867844,12870.418370908186,0.9976226249421166,False,EXPOSED_HISTORY
SPY,2011-06,1,2,normal,True,2,4618,-6521.524495879707,4,13076.79985971907,13051.048991759413,0.9932335859788027,False,EXPOSED_HISTORY
SPY,2011-06,1,2,t,True,3,4618,-6431.209185458007,5,12904.606955865585,12872.418370916013,0.9976224935205276,False,EXPOSED_HISTORY
SPY,2011-06,2,1,normal,True,4,4618,-6511.6795663294015,4,13057.11000061846,13031.359132658803,0.9907922562068023,False,EXPOSED_HISTORY
SPY,2011-06,2,1,t,True,5,4618,-6423.97535853866,5,12890.139302026892,12857.95071707732,0.9965242306300635,True,EXPOSED_HISTORY
SPY,2011-07,1,1,normal,True,0,4640,-6555.300362956301,3,13135.928134848262,13116.600725912602,0.9932382147236555,False,EXPOSED_HISTORY
SPY,2011-07,1,1,t,True,1,4640,-6465.381463818908,4,12964.532806218696,12938.762927637816,0.9976523895513365,False,EXPOSED_HISTORY
SPY,2011-07,1,2,normal,True,2,4640,-6555.30036311336,4,13144.3706048076,13118.60072622672,0.9932366278076504,False,EXPOSED_HISTORY
SPY,2011-07,1,2,t,True,3,4640,-6465.381463911663,5,12972.975276049427,12940.762927823325,0.9976517756609434,False,EXPOSED_HISTORY
SPY,2011-07,2,1,normal,True,4,4640,-6545.6248195758535,4,13125.019517732588,13099.249639151707,0.9907933173303098,False,EXPOSED_HISTORY
SPY,2011-07,2,1,t,True,5,4640,-6458.011239942989,5,12958.23482811208,12926.022479885978,0.9965602841250218,True,EXPOSED_HISTORY
SPY,2011-08,1,1,normal,True,0,4660,-6583.621209012355,3,13192.58273020607,13173.24241802471,0.9932751712417973,False,EXPOSED_HISTORY
SPY,2011-08,1,1,t,True,1,4660,-6493.929456783009,4,13021.645996474497,12995.858913566019,0.9976632716719658,False,EXPOSED_HISTORY
SPY,2011-08,1,2,normal,True,2,4660,-6583.6212090123145,4,13201.029500933108,13175.242418024629,0.9932751866623796,False,EXPOSED_HISTORY
SPY,2011-08,1,2,t,True,3,4660,-6493.929456783306,5,13030.09276720221,12997.858913566612,0.9976632524821626,False,EXPOSED_HISTORY
SPY,2011-08,2,1,normal,True,4,4660,-6573.736927536424,4,13181.260937981328,13155.473855072849,0.9908174262233692,False,EXPOSED_HISTORY
SPY,2011-08,2,1,t,True,5,4660,-6486.2998925037045,5,13014.833638643007,12982.599785007409,0.9965591760256147,True,EXPOSED_HISTORY
SPY,2011-09,1,1,normal,True,0,4683,-6651.560393473865,3,13328.47586957528,13309.12078694773,0.993775162450462,False,EXPOSED_HISTORY
SPY,2011-09,1,1,t,True,1,4683,-6556.580035582398,4,13146.96684800153,13121.160071164795,0.9984170099368779,False,EXPOSED_HISTORY
SPY,2011-09,1,2,normal,True,2,4683,-6651.56039353791,4,13336.927563912555,13311.12078707582,0.9937751557853106,False,EXPOSED_HISTORY
SPY,2011-09,1,2,t,True,3,4683,-6556.580035608666,5,13155.418542263249,13123.160071217331,0.9984174506663197,False,EXPOSED_HISTORY
SPY,2011-09,2,1,normal,True,4,4683,-6639.382958260769,4,13312.572693358272,13286.765916521537,0.9909247591121634,False,EXPOSED_HISTORY
SPY,2011-09,2,1,t,True,5,4683,-6548.23849431592,5,13138.735459677759,13106.47698863184,0.9972870831006337,True,EXPOSED_HISTORY
SPY,2011-10,1,1,normal,True,0,4704,-6694.553700012004,3,13414.475905492744,13395.107400024008,0.9936673064181961,False,EXPOSED_HISTORY
SPY,2011-10,1,1,t,True,1,4704,-6600.15818081306,4,13234.141035584435,13208.31636162612,0.9983327597965489,False,EXPOSED_HISTORY
SPY,2011-10,1,2,normal,True,2,4704,-6694.553700011882,4,13422.932073982078,13397.107400023764,0.9936673190663008,False,EXPOSED_HISTORY
SPY,2011-10,1,2,t,True,3,4704,-6600.158180813173,5,13242.597204074238,13210.316361626346,0.9983327113347245,False,EXPOSED_HISTORY
SPY,2011-10,2,1,normal,True,4,4704,-6682.418526040767,4,13398.661726039847,13372.837052081533,0.9908944654242098,False,EXPOSED_HISTORY
SPY,2011-10,2,1,t,True,5,4704,-6591.831523515652,5,13225.943889479197,13193.663047031305,0.9972420288923222,True,EXPOSED_HISTORY
SPY,2011-11,1,1,normal,True,0,4725,-6737.54303238971,3,13500.467933299204,13481.08606477942,0.9937309994551204,False,EXPOSED_HISTORY
SPY,2011-11,1,1,t,True,1,4725,-6644.020772042821,4,13321.884035445353,13296.041544085641,0.9984085659161077,False,EXPOSED_HISTORY
SPY,2011-11,1,2,normal,True,2,4725,-6737.543032389647,4,13508.928556139006,13483.086064779294,0.9937309940654109,False,EXPOSED_HISTORY
SPY,2011-11,1,2,t,True,3,4725,-6644.0207720646085,5,13330.344658328857,13298.041544129217,0.9984085038236044,False,EXPOSED_HISTORY
SPY,2011-11,2,1,normal,True,4,4725,-6725.275149863979,4,13484.39279108767,13458.550299727958,0.9909794510897638,False,EXPOSED_HISTORY
SPY,2011-11,2,1,t,True,5,4725,-6635.604791045878,5,13313.512696291396,13281.209582091757,0.9973587188295937,True,EXPOSED_HISTORY
SPY,2011-12,1,1,normal,True,0,4746,-6781.424727881766,3,13588.244628074519,13568.849455763531,0.9939580694994697,False,EXPOSED_HISTORY
SPY,2011-12,1,1,t,True,1,4746,-6688.181684810033,4,13410.22359936805,13384.363369620067,0.9985882750805886,False,EXPOSED_HISTORY
SPY,2011-12,1,2,normal,True,2,4746,-6781.4247280818545,4,13596.709685911692,13570.849456163709,0.9939581279860275,False,EXPOSED_HISTORY
SPY,2011-12,1,2,t,True,3,4746,-6688.1816848092185,5,13418.688656803415,13386.363369618437,0.9985882089026484,False,EXPOSED_HISTORY
SPY,2011-12,2,1,normal,True,4,4746,-6768.8733781314,4,13571.606986010784,13545.7467562628,0.9912061539885669,False,EXPOSED_HISTORY
SPY,2011-12,2,1,t,True,5,4746,-6679.538090961651,5,13401.40146910828,13369.076181923301,0.9975607995857243,True,EXPOSED_HISTORY
SPY,2012-01,1,1,normal,True,0,4767,-6816.450586854251,3,13658.309591074116,13638.901173708502,0.9935945477274976,False,EXPOSED_HISTORY
SPY,2012-01,1,1,t,True,1,4767,-6722.711941776913,4,13479.301773374646,13453.423883553825,0.998217255026363,False,EXPOSED_HISTORY
SPY,2012-01,1,2,normal,True,2,4767,-6816.450586872332,4,13666.779063565484,13640.901173744664,0.9935951207771785,False,EXPOSED_HISTORY
SPY,2012-01,1,2,t,True,3,4767,-6722.711941776615,5,13487.771245829255,13455.42388355323,0.9982172481136109,False,EXPOSED_HISTORY
SPY,2012-01,2,1,normal,True,4,4767,-6803.8690175286865,4,13641.615924878193,13615.738035057373,0.9907922453576014,False,EXPOSED_HISTORY
SPY,2012-01,2,1,t,True,5,4767,-6714.00715873333,5,13470.361679742684,13438.01431746666,0.9971118785814548,True,EXPOSED_HISTORY
SPY,2012-02,1,1,normal,True,0,4787,-6838.057129927431,3,13701.535237423039,13682.114259854861,0.9928614951446983,False,EXPOSED_HISTORY
SPY,2012-02,1,1,t,True,1,4787,-6743.6946145656275,4,13521.283865888825,13495.389229131255,0.9976231833135651,False,EXPOSED_HISTORY
SPY,2012-02,1,2,normal,True,2,4787,-6838.057129927463,4,13710.008896612497,13684.114259854927,0.992861497243353,False,EXPOSED_HISTORY
SPY,2012-02,1,2,t,True,3,4787,-6743.694614567645,5,13529.757525082252,13497.38922913529,0.9976230889794646,False,EXPOSED_HISTORY
SPY,2012-02,2,1,normal,True,4,4787,-6824.595721450769,4,13683.086079659108,13657.191442901538,0.98988523425176,False,EXPOSED_HISTORY
SPY,2012-02,2,1,t,True,5,4787,-6734.128382742819,5,13510.6250614326,13478.256765485638,0.9963818583261707,True,EXPOSED_HISTORY
SPY,2012-03,1,1,normal,True,0,4807,-6855.714016750482,3,13736.861518904647,13717.428033500964,0.9927747726636439,False,EXPOSED_HISTORY
SPY,2012-03,1,1,t,True,1,4807,-6760.894635821893,4,13555.700585515362,13529.789271643785,0.99754703689865,False,EXPOSED_HISTORY
SPY,2012-03,1,2,normal,True,2,4807,-6855.714016750471,4,13745.33934737252,13719.428033500943,0.9927747736063478,False,EXPOSED_HISTORY
SPY,2012-03,1,2,t,True,3,4807,-6760.894635821492,5,13564.178413982452,13531.789271642983,0.9975470308197567,False,EXPOSED_HISTORY
SPY,2012-03,2,1,normal,True,4,4807,-6842.006960970799,4,13717.925235813174,13692.013921941598,0.9899118324503423,False,EXPOSED_HISTORY
SPY,2012-03,2,1,t,True,5,4807,-6751.036675055608,5,13544.462492450686,13512.073350111215,0.9963955709564892,True,EXPOSED_HISTORY
SPY,2012-04,1,1,normal,True,0,4829,-6880.863497107652,3,13787.174178272924,13767.726994215303,0.9927071849585026,False,EXPOSED_HISTORY
SPY,2012-04,1,1,t,True,1,4829,-6785.50208488048,4,13604.933748504454,13579.00416976096,0.9974950523093448,False,EXPOSED_HISTORY
SPY,2012-04,1,2,normal,True,2,4829,-6880.863497107583,4,13795.65657295866,13769.726994215165,0.9927071947708143,False,EXPOSED_HISTORY
SPY,2012-04,1,2,t,True,3,4829,-6785.502084952832,5,13613.416143335031,13581.004169905664,0.9974949277702506,False,EXPOSED_HISTORY
SPY,2012-04,2,1,normal,True,4,4829,-6867.091111650039,4,13768.111802043573,13742.182223300078,0.9897575272487457,False,EXPOSED_HISTORY
SPY,2012-04,2,1,t,True,5,4829,-6775.699094272553,5,13593.810161974474,13561.398188545107,0.9962654664927526,True,EXPOSED_HISTORY
SPY,2012-05,1,1,normal,True,0,4849,-6907.49707670769,3,13840.453736746696,13820.99415341538,0.9926716942396202,False,EXPOSED_HISTORY
SPY,2012-05,1,1,t,True,1,4849,-6813.169395927401,4,13660.284902963223,13634.338791854801,0.9973931689430569,False,EXPOSED_HISTORY
SPY,2012-05,1,2,normal,True,2,4849,-6907.49707671661,4,13848.940264541641,13822.99415343322,0.992671389525152,False,EXPOSED_HISTORY
SPY,2012-05,1,2,t,True,3,4849,-6813.16939592692,5,13668.771430739365,13636.33879185384,0.9973931905423392,False,EXPOSED_HISTORY
SPY,2012-05,2,1,normal,True,4,4849,-6893.7472488354115,4,13821.440608779245,13795.494497670823,0.989687496804842,False,EXPOSED_HISTORY
SPY,2012-05,2,1,t,True,5,4849,-6803.287965462316,5,13649.008569810157,13616.575930924631,0.9961108515721971,True,EXPOSED_HISTORY
SPY,2012-06,1,1,normal,True,0,4871,-6935.6576128748275,3,13896.788389351075,13877.315225749655,0.9926769820882623,False,EXPOSED_HISTORY
SPY,2012-06,1,1,t,True,1,4871,-6841.68311876903,4,13717.330455673287,13691.36623753806,0.9973626713550591,False,EXPOSED_HISTORY
SPY,2012-06,1,2,normal,True,2,4871,-6935.657612874038,4,13905.279443883303,13879.315225748076,0.9926769914975027,False,EXPOSED_HISTORY
SPY,2012-06,1,2,t,True,3,4871,-6841.683118767793,5,13725.821510204618,13693.366237535585,0.9973624917857375,False,EXPOSED_HISTORY
SPY,2012-06,2,1,normal,True,4,4871,-6921.974941851788,4,13877.914101838802,13851.949883703575,0.9897151603829352,False,EXPOSED_HISTORY
SPY,2012-06,2,1,t,True,5,4871,-6831.8592203675325,5,13706.173713404098,13673.718440735065,0.9960871849123416,True,EXPOSED_HISTORY
SPY,2012-07,1,1,normal,True,0,4892,-6972.975646263052,3,13971.437362016526,13951.951292526104,0.9928852266660984,False,EXPOSED_HISTORY
SPY,2012-07,1,1,t,True,1,4892,-6879.054438049696,4,13792.09030208662,13766.108876099392,0.9975907900556841,False,EXPOSED_HISTORY
SPY,2012-07,1,2,normal,True,2,4892,-6972.975646361177,4,13979.93271870958,13953.951292722353,0.9928847400242928,False,EXPOSED_HISTORY
SPY,2012-07,1,2,t,True,3,4892,-6879.054438048644,5,13800.585658581324,13768.108876097289,0.9975909211649509,False,EXPOSED_HISTORY
SPY,2012-07,2,1,normal,True,4,4892,-6958.431882089774,4,13950.845190166776,13924.863764179549,0.9898775868727491,False,EXPOSED_HISTORY
SPY,2012-07,2,1,t,True,5,4892,-6868.453721665814,5,13779.384225815662,13746.907443331627,0.9963015070038758,True,EXPOSED_HISTORY
SPY,2012-08,1,1,normal,True,0,4913,-7001.140386107531,3,14027.77969231157,14008.280772215063,0.9927479391171419,False,EXPOSED_HISTORY
SPY,2012-08,1,1,t,True,1,4913,-6907.176531061299,4,13848.351622251274,13822.353062122598,0.9974392469660792,False,EXPOSED_HISTORY
SPY,2012-08,1,2,normal,True,2,4913,-7001.140386108253,4,14036.27933234518,14010.280772216505,0.9927479248396889,False,EXPOSED_HISTORY
SPY,2012-08,1,2,t,True,3,4913,-6907.176531056866,5,13856.851262274577,13824.353062113732,0.997439072920402,False,EXPOSED_HISTORY
SPY,2012-08,2,1,normal,True,4,4913,-6986.719588834223,4,14007.437737797121,13981.439177668446,0.9897220212226712,False,EXPOSED_HISTORY
SPY,2012-08,2,1,t,True,5,4913,-6896.670455494826,5,13835.839111150495,13803.340910989651,0.9961241777388103,True,EXPOSED_HISTORY
SPY,2012-09,1,1,normal,True,0,4936,-7022.863947299986,3,14071.240826296727,14051.727894599971,0.9924535161433792,False,EXPOSED_HISTORY
SPY,2012-09,1,1,t,True,1,4936,-6927.71275993466,4,13889.44276213166,13863.42551986932,0.997222253131498,False,EXPOSED_HISTORY
SPY,2012-09,1,2,normal,True,2,4936,-7022.863947300417,4,14079.745136863174,14053.727894600834,0.9924535056897079,False,EXPOSED_HISTORY
SPY,2012-09,1,2,t,True,3,4936,-6927.712760006705,5,13897.947072841336,13865.42552001341,0.9972221921659452,False,EXPOSED_HISTORY
SPY,2012-09,2,1,normal,True,4,4936,-7008.17119219575,4,14050.35962665384,14024.3423843915,0.9893484368832939,False,EXPOSED_HISTORY
SPY,2012-09,2,1,t,True,5,4936,-6917.004749898846,5,13876.531052625618,13844.009499797692,0.9958382780672245,True,EXPOSED_HISTORY
SPY,2012-10,1,1,normal,True,0,4955,-7045.334032306598,3,14116.192521953488,14096.668064613195,0.992431991002449,False,EXPOSED_HISTORY
SPY,2012-10,1,1,t,True,1,4955,-6948.584749581025,4,13931.202108949106,13905.16949916205,0.9972596888130557,False,EXPOSED_HISTORY
SPY,2012-10,1,2,normal,True,2,4955,-7045.33403230365,4,14124.700674394357,14098.6680646073,0.9924320098679974,False,EXPOSED_HISTORY
SPY,2012-10,1,2,t,True,3,4955,-6948.584749578169,5,13939.710261390159,13907.169499156338,0.9972595194094832,False,EXPOSED_HISTORY
SPY,2012-10,2,1,normal,True,4,4955,-7030.7927522474565,4,14095.61811428197,14069.585504494913,0.9892643695700439,False,EXPOSED_HISTORY
SPY,2012-10,2,1,t,True,5,4955,-6937.946724551308,5,13918.434211336436,13885.893449102616,0.9958939868481965,True,EXPOSED_HISTORY
SPY,2012-11,1,1,normal,True,0,4976,-7067.253455486248,3,14160.044055875753,14140.506910972495,0.9923979431864639,False,EXPOSED_HISTORY
SPY,2012-11,1,1,t,True,1,4976,-6970.234582543238,4,13974.518691624151,13948.469165086475,0.9972024243150306,False,EXPOSED_HISTORY
SPY,2012-11,1,2,normal,True,2,4976,-7067.253455601929,4,14168.556437741534,14142.506911203858,0.9923979667598987,False,EXPOSED_HISTORY
SPY,2012-11,1,2,t,True,3,4976,-6970.234582541974,5,13983.031073256043,13950.469165083949,0.9972021989297752,False,EXPOSED_HISTORY
SPY,2012-11,2,1,normal,True,4,4976,-7052.543134773757,4,14139.13579608519,14113.086269547513,0.9892284994872378,False,EXPOSED_HISTORY
SPY,2012-11,2,1,t,True,5,4976,-6959.48207203516,5,13961.526052242414,13928.96414407032,0.9958178233409137,True,EXPOSED_HISTORY
SPY,2012-12,1,1,normal,True,0,4997,-7097.352546334514,3,14220.25487170306,14200.705092669028,0.9923642856618893,False,EXPOSED_HISTORY
SPY,2012-12,1,1,t,True,1,4997,-6999.892929250596,4,14033.85223054657,14007.785858501193,0.997191918639734,False,EXPOSED_HISTORY
SPY,2012-12,1,2,normal,True,2,4997,-7097.352546334457,4,14228.771464714291,14202.705092668913,0.9923642884467826,False,EXPOSED_HISTORY
SPY,2012-12,1,2,t,True,3,4997,-6999.892929249732,5,14042.368823556186,14009.785858499465,0.997191964332772,False,EXPOSED_HISTORY
SPY,2012-12,2,1,normal,True,4,4997,-7082.702895649332,4,14199.472163344042,14173.405791298665,0.9891937684368187,False,EXPOSED_HISTORY
SPY,2012-12,2,1,t,True,5,4997,-6989.224384726202,5,14021.031734509124,13988.448769452403,0.99579748167585,True,EXPOSED_HISTORY
SPY,2013-01,1,1,normal,True,0,5017,-7119.375467006069,3,14264.312696285591,14244.750934012138,0.992281013093367,False,EXPOSED_HISTORY
SPY,2013-01,1,1,t,True,1,5017,-7022.170034282503,4,14078.422418262944,14052.340068565007,0.997089934836831,False,EXPOSED_HISTORY
SPY,2013-01,1,2,normal,True,2,5017,-7119.375467006128,4,14272.833283710193,14246.750934012256,0.9922810204517423,False,EXPOSED_HISTORY
SPY,2013-01,1,2,t,True,3,5017,-7022.170034282277,5,14086.943005686975,14054.340068564554,0.997089959548699,False,EXPOSED_HISTORY
SPY,2013-01,2,1,normal,True,4,5017,-7105.021918910592,4,14244.126187519121,14218.043837821184,0.9890582813314276,False,EXPOSED_HISTORY
SPY,2013-01,2,1,t,True,5,5017,-7011.830096568401,5,14066.263130259224,14033.660193136802,0.9956375764415086,True,EXPOSED_HISTORY
SPY,2013-02,1,1,normal,True,0,5038,-7140.875678651863,3,14307.325650674464,14287.751357303727,0.9921233299001193,False,EXPOSED_HISTORY
SPY,2013-02,1,1,t,True,1,5038,-7041.699871951205,4,14117.49880173006,14091.39974390241,0.9970708201930683,False,EXPOSED_HISTORY
SPY,2013-02,1,2,normal,True,2,5038,-7140.875678649732,4,14315.850415127115,14289.751357299465,0.9921233297735459,False,EXPOSED_HISTORY
SPY,2013-02,1,2,t,True,3,5038,-7041.699872155208,5,14126.023566594979,14093.399744310416,0.9970710581198844,False,EXPOSED_HISTORY
SPY,2013-02,2,1,normal,True,4,5038,-7127.313330375216,4,14288.725718578082,14262.626660750431,0.9888300442302699,False,EXPOSED_HISTORY
SPY,2013-02,2,1,t,True,5,5038,-7031.876238491119,5,14106.3762992668,14073.752476982238,0.9956135533637397,True,EXPOSED_HISTORY
SPY,2013-03,1,1,normal,True,0,5057,-7164.746799682042,3,14355.079185467324,14335.493599364085,0.9920707476950236,False,EXPOSED_HISTORY
SPY,2013-03,1,1,t,True,1,5057,-7066.1520547937735,4,14166.418224391868,14140.304109587547,0.9969824698081823,False,EXPOSED_HISTORY
SPY,2013-03,1,2,normal,True,2,5057,-7164.746799681584,4,14363.607714167489,14337.493599363168,0.9920708019008496,False,EXPOSED_HISTORY
SPY,2013-03,1,2,t,True,3,5057,-7066.152054802342,5,14174.946753110084,14142.304109604684,0.9969826238324895,False,EXPOSED_HISTORY
SPY,2013-03,2,1,normal,True,4,5057,-7151.719458371838,4,14337.553031547997,14311.438916743677,0.9887324142372285,False,EXPOSED_HISTORY
SPY,2013-03,2,1,t,True,5,5057,-7056.894896098347,5,14156.432435702094,14123.789792196694,0.9954448076505346,True,EXPOSED_HISTORY
SPY,2013-04,1,1,normal,True,0,5077,-7182.0199105719275,3,14389.637248588697,14370.039821143855,0.9920413595630642,False,EXPOSED_HISTORY
SPY,2013-04,1,1,t,True,1,5077,-7082.92668540943,4,14199.98327407865,14173.85337081886,0.996911953110827,False,EXPOSED_HISTORY
SPY,2013-04,1,2,normal,True,2,5077,-7182.019910569792,4,14398.169724399373,14372.039821139584,0.9920413611725053,False,EXPOSED_HISTORY
SPY,2013-04,1,2,t,True,3,5077,-7082.92668541015,5,14208.515749895036,14175.8533708203,0.9969120310232756,False,EXPOSED_HISTORY
SPY,2013-04,2,1,normal,True,4,5077,-7169.218543947352,4,14372.566991154494,14346.437087894705,0.9886956617151592,False,EXPOSED_HISTORY
SPY,2013-04,2,1,t,True,5,5077,-7073.905179842266,5,14190.472738759268,14157.810359684532,0.9953506651450044,True,EXPOSED_HISTORY
SPY,2013-05,1,1,normal,True,0,5099,-7211.767717851993,3,14449.145834867153,14429.535435703987,0.991902246496163,False,EXPOSED_HISTORY
SPY,2013-05,1,1,t,True,1,5099,-7112.02743453166,4,14258.20206794754,14232.05486906332,0.9968333790548887,False,EXPOSED_HISTORY
SPY,2013-05,1,2,normal,True,2,5099,-7211.767717851452,4,14457.682634587125,14431.535435702905,0.9919023302120832,False,EXPOSED_HISTORY
SPY,2013-05,1,2,t,True,3,5099,-7112.027434530482,5,14266.738867666241,14234.054869060965,0.9968332904476609,False,EXPOSED_HISTORY
SPY,2013-05,2,1,normal,True,4,5099,-7199.098665340729,4,14432.344529565678,14406.197330681458,0.9884812556018859,False,EXPOSED_HISTORY
SPY,2013-05,2,1,t,True,5,5099,-7103.336664733033,5,14249.357328071343,14216.673329466066,0.9952244431131544,True,EXPOSED_HISTORY
SPY,2013-06,1,1,normal,True,0,5121,-7234.587040856561,3,14494.797396747508,14475.174081713121,0.9918254663051856,False,EXPOSED_HISTORY
SPY,2013-06,1,1,t,True,1,5121,-7134.999942340358,4,14304.164304726566,14277.999884680716,0.996721131946026,False,EXPOSED_HISTORY
SPY,2013-06,1,2,normal,True,2,5121,-7234.587040856035,4,14503.33850175792,14477.17408171207,0.9918255518983583,False,EXPOSED_HISTORY
SPY,2013-06,1,2,t,True,3,5121,-7134.999942339749,5,14312.70540973681,14279.999884679499,0.9967213111613411,False,EXPOSED_HISTORY
SPY,2013-06,2,1,normal,True,4,5121,-7221.861156843295,4,14477.886733732441,14451.72231368659,0.9883562720506996,False,EXPOSED_HISTORY
SPY,2013-06,2,1,t,True,5,5121,-7126.289203068922,5,14295.283931195156,14262.578406137844,0.9950730834679807,True,EXPOSED_HISTORY
SPY,2013-07,1,1,normal,True,0,5141,-7265.369261600009,3,14556.373531876185,14536.738523200018,0.9918541939534555,False,EXPOSED_HISTORY
SPY,2013-07,1,1,t,True,1,5141,-7167.0328771076565,4,14368.245765783535,14342.065754215313,0.9967029811982188,False,EXPOSED_HISTORY
SPY,2013-07,1,2,normal,True,2,5141,-7265.369261599736,4,14564.918534767694,14538.738523199472,0.9918541892248067,False,EXPOSED_HISTORY
SPY,2013-07,1,2,t,True,3,5141,-7167.032877136202,5,14376.79076873268,14344.065754272404,0.9967034356993739,False,EXPOSED_HISTORY
SPY,2013-07,2,1,normal,True,4,5141,-7252.51474990299,4,14539.209511374202,14513.02949980598,0.9883639530313614,False,EXPOSED_HISTORY
SPY,2013-07,2,1,t,True,5,5141,-7158.073356248993,5,14358.871726958263,14326.146712497986,0.9950023658611639,True,EXPOSED_HISTORY
SPY,2013-08,1,1,normal,True,0,5163,-7284.7849958975385,3,14595.217811049715,14575.569991795077,0.9915533281507051,False,EXPOSED_HISTORY
SPY,2013-08,1,1,t,True,1,5163,-7185.119960903405,4,14404.437014146328,14378.23992180681,0.9965269974284394,False,EXPOSED_HISTORY
SPY,2013-08,1,2,normal,True,2,5163,-7284.784995976557,4,14603.767084292633,14577.569991953114,0.9915533447863494,False,EXPOSED_HISTORY
SPY,2013-08,1,2,t,True,3,5163,-7185.119960903315,5,14412.986287231028,14380.23992180663,0.996527170766107,False,EXPOSED_HISTORY
SPY,2013-08,2,1,normal,True,4,5163,-7271.618402754952,4,14577.433897849422,14551.236805509903,0.9878902061044507,False,EXPOSED_HISTORY
SPY,2013-08,2,1,t,True,5,5163,-7175.907812092572,5,14394.561989609543,14361.815624185145,0.9947079514101926,True,EXPOSED_HISTORY
SPY,2013-09,1,1,normal,True,0,5185,-7307.540724095334,3,14640.742023552659,14621.081448190667,0.9915078050672358,False,EXPOSED_HISTORY
SPY,2013-09,1,1,t,True,1,5185,-7207.6069522418775,4,14449.42800496641,14423.213904483755,0.9964558067693781,False,EXPOSED_HISTORY
SPY,2013-09,1,2,normal,True,2,5185,-7307.540724095228,4,14649.295548673112,14623.081448190456,0.9915078348065427,False,EXPOSED_HISTORY
SPY,2013-09,1,2,t,True,3,5185,-7207.606952241973,5,14457.981530087263,14425.213904483946,0.9964559669407004,False,EXPOSED_HISTORY
SPY,2013-09,2,1,normal,True,4,5185,-7294.318811404838,4,14622.851723292331,14596.637622809676,0.987829342586984,False,EXPOSED_HISTORY
SPY,2013-09,2,1,t,True,5,5185,-7198.31624785441,5,14439.400121312137,14406.63249570882,0.9946114243317388,True,EXPOSED_HISTORY
SPY,2013-10,1,1,normal,True,0,5205,-7324.910658261992,3,14675.49344146713,14655.821316523983,0.9915624404339688,False,EXPOSED_HISTORY
SPY,2013-10,1,1,t,True,1,5205,-7224.889443050217,4,14484.00838602463,14457.778886100434,0.9964216548034224,False,EXPOSED_HISTORY
SPY,2013-10,1,2,normal,True,2,5205,-7324.91065826167,4,14684.050816447536,14657.82131652334,0.991562433634726,False,EXPOSED_HISTORY
SPY,2013-10,1,2,t,True,3,5205,-7224.889443050659,5,14492.565761006563,14459.778886101318,0.9964217068035981,False,EXPOSED_HISTORY
SPY,2013-10,2,1,normal,True,4,5205,-7311.775316674852,4,14657.7801332739,14631.550633349703,0.9879209607002248,False,EXPOSED_HISTORY
SPY,2013-10,2,1,t,True,5,5205,-7215.631053930227,5,14474.048982765698,14441.262107860453,0.9945878116869986,True,EXPOSED_HISTORY
SPY,2013-11,1,1,normal,True,0,5228,-7353.019244468074,3,14731.723841160381,14712.038488936148,0.9914228993556806,False,EXPOSED_HISTORY
SPY,2013-11,1,1,t,True,1,5228,-7253.055617029316,4,14540.358370357608,14514.111234058631,0.9962478117264432,False,EXPOSED_HISTORY
SPY,2013-11,1,2,normal,True,2,5228,-7353.019244467895,4,14740.285625234766,14714.03848893579,0.9914228972101609,False,EXPOSED_HISTORY
SPY,2013-11,1,2,t,True,3,5228,-7253.055617255883,5,14548.920154885485,14516.111234511765,0.996248039384739,False,EXPOSED_HISTORY
SPY,2013-11,2,1,normal,True,4,5228,-7339.545472658484,4,14713.338081615944,14687.090945316968,0.9876704939583286,False,EXPOSED_HISTORY
SPY,2013-11,2,1,t,True,5,5228,-7243.630551346832,5,14530.070023067385,14497.261102693665,0.9943081491373063,True,EXPOSED_HISTORY
SPY,2013-12,1,1,normal,True,0,5248,-7370.832744046372,3,14767.362295084615,14747.665488092744,0.9914282621648814,False,EXPOSED_HISTORY
SPY,2013-12,1,1,t,True,1,5248,-7270.317270602588,4,14574.896950527671,14548.634541205176,0.9962706284829107,False,EXPOSED_HISTORY
SPY,2013-12,1,2,normal,True,2,5248,-7370.832744046257,4,14775.92789741501,14749.665488092514,0.9914282862571299,False,EXPOSED_HISTORY
SPY,2013-12,1,2,t,True,3,5248,-7270.317270605322,5,14583.462552863764,14550.634541210644,0.9962707912125417,False,EXPOSED_HISTORY
SPY,2013-12,2,1,normal,True,4,5248,-7357.741082290069,4,14749.744573902633,14723.482164580138,0.9877256988568688,False,EXPOSED_HISTORY
SPY,2013-12,2,1,t,True,5,5248,-7261.230803812135,5,14565.28961927739,14532.46160762427,0.994357873198307,True,EXPOSED_HISTORY
SPY,2014-01,1,1,normal,True,0,5269,-7391.181866592749,3,14808.072520796126,14788.363733185499,0.9913890226498931,False,EXPOSED_HISTORY
SPY,2014-01,1,1,t,True,1,5269,-7289.974796930645,4,14614.227977342129,14587.94959386129,0.9962483782988598,False,EXPOSED_HISTORY
SPY,2014-01,1,2,normal,True,2,5269,-7391.1818665921255,4,14816.642116665089,14790.363733184251,0.9913890318621221,False,EXPOSED_HISTORY
SPY,2014-01,1,2,t,True,3,5269,-7289.974796930519,5,14622.797573212085,14589.949593861038,0.9962483734554599,False,EXPOSED_HISTORY
SPY,2014-01,2,1,normal,True,4,5269,-7377.958315866112,4,14790.195015213061,14763.916631732223,0.9876748241428895,False,EXPOSED_HISTORY
SPY,2014-01,2,1,t,True,5,5269,-7280.765754795975,5,14604.379488942997,14571.53150959195,0.9943397337705738,True,EXPOSED_HISTORY
SPY,2014-02,1,1,normal,True,0,5290,-7417.184654895093,3,14860.090030364743,14840.369309790187,0.9912905086899937,False,EXPOSED_HISTORY
SPY,2014-02,1,1,t,True,1,5290,-7315.4545507355,4,14665.203395570408,14638.909101471,0.9961922430374659,False,EXPOSED_HISTORY
SPY,2014-02,1,2,normal,True,2,5290,-7417.184654894791,4,14868.66360388899,14842.369309789581,0.9912906301731542,False,EXPOSED_HISTORY
SPY,2014-02,1,2,t,True,3,5290,-7315.454550732754,5,14673.77696908977,14640.909101465508,0.9961921712908437,False,EXPOSED_HISTORY
SPY,2014-02,2,1,normal,True,4,5290,-7404.384955877678,4,14843.064205854766,14816.769911755357,0.9875838314865951,False,EXPOSED_HISTORY
SPY,2014-02,2,1,t,True,5,5290,-7306.522603592504,5,14655.91307480927,14623.045207185009,0.9942773893965811,True,EXPOSED_HISTORY
SPY,2014-03,1,1,normal,True,0,5309,-7440.089150211794,3,14905.909776741339,14886.178300423588,0.9911365216482634,False,EXPOSED_HISTORY
SPY,2014-03,1,1,t,True,1,5309,-7337.6609482227095,4,14709.630531535753,14683.321896445419,0.996107564562787,False,EXPOSED_HISTORY
SPY,2014-03,1,2,normal,True,2,5309,-7440.089150211314,4,14914.486935512961,14888.178300422627,0.9911365095082001,False,EXPOSED_HISTORY
SPY,2014-03,1,2,t,True,3,5309,-7337.660948225303,5,14718.207690313526,14685.321896450607,0.9961075999893504,False,EXPOSED_HISTORY
SPY,2014-03,2,1,normal,True,4,5309,-7427.050845561093,4,14888.41032621252,14862.101691122187,0.9872855103785827,False,EXPOSED_HISTORY
SPY,2014-03,2,1,t,True,5,5309,-7328.584363668949,5,14700.054521200816,14667.168727337898,0.9940862949764427,True,EXPOSED_HISTORY
SPY,2014-04,1,1,normal,True,0,5330,-7460.514126125808,3,14946.771571803096,14927.028252251615,0.991128494380927,False,EXPOSED_HISTORY
SPY,2014-04,1,1,t,True,1,5330,-7358.301297592265,4,14750.927021253168,14724.60259518453,0.9960243240124558,False,EXPOSED_HISTORY
SPY,2014-04,1,2,normal,True,2,5330,-7460.514126124173,4,14955.352678316985,14929.028252248347,0.9911284692912299,False,EXPOSED_HISTORY
SPY,2014-04,1,2,t,True,3,5330,-7358.30129839273,5,14759.50812937126,14726.60259678546,0.9960238042652654,False,EXPOSED_HISTORY
SPY,2014-04,2,1,normal,True,4,5330,-7447.477636890222,4,14929.279699849083,14902.955273780444,0.9873293808197516,False,EXPOSED_HISTORY
SPY,2014-04,2,1,t,True,5,5330,-7349.209446805264,5,14741.324426196326,14708.418893610527,0.9940055941919235,True,EXPOSED_HISTORY
SPY,2014-05,1,1,normal,True,0,5351,-7486.460143336029,3,14998.675402886993,14978.920286672059,0.9910300078868566,False,EXPOSED_HISTORY
SPY,2014-05,1,1,t,True,1,5351,-7384.3071310288,4,14802.954417010844,14776.6142620576,0.9959165562166677,False,EXPOSED_HISTORY
SPY,2014-05,1,2,normal,True,2,5351,-7486.460143335816,4,15007.260441624876,14980.920286671631,0.9910300022855077,False,EXPOSED_HISTORY
SPY,2014-05,1,2,t,True,3,5351,-7384.307131028842,5,14811.539455749242,14778.614262057685,0.9959165208355157,False,EXPOSED_HISTORY
SPY,2014-05,2,1,normal,True,4,5351,-7473.734105190614,4,14981.808365334473,14955.468210381228,0.987154752173076,False,EXPOSED_HISTORY
SPY,2014-05,2,1,t,True,5,5351,-7375.523283478367,5,14793.971760648292,14761.046566956735,0.9938253057701484,True,EXPOSED_HISTORY
SPY,2014-06,1,1,normal,True,0,5372,-7503.675772836243,3,15033.118412345415,15013.351545672485,0.9910352672869852,False,EXPOSED_HISTORY
SPY,2014-06,1,1,t,True,1,5372,-7401.272834565938,4,14836.901491362449,14810.545669131876,0.9958866325999794,False,EXPOSED_HISTORY
SPY,2014-06,1,2,normal,True,2,5372,-7503.6757728361845,4,15041.707367902942,15015.351545672369,0.9910352760406147,False,EXPOSED_HISTORY
SPY,2014-06,1,2,t,True,3,5372,-7401.272834564983,5,14845.490446918182,14812.545669129966,0.9958866854177728,False,EXPOSED_HISTORY
SPY,2014-06,2,1,normal,True,4,5372,-7490.8491219019,4,15016.054066034372,14989.6982438038,0.9871662738392102,False,EXPOSED_HISTORY
SPY,2014-06,2,1,t,True,5,5372,-7392.417757589052,5,14827.78029296632,14794.835515178103,0.9937836693123507,True,EXPOSED_HISTORY
SPY,2014-07,1,1,normal,True,0,5393,-7515.339285272609,3,15056.45714183123,15036.678570545218,0.9913681145203568,False,EXPOSED_HISTORY
SPY,2014-07,1,1,t,True,1,5393,-7411.868512493258,4,14858.108453367866,14831.737024986516,0.9962432373808738,False,EXPOSED_HISTORY
SPY,2014-07,1,2,normal,True,2,5393,-7515.339285385929,4,15065.049999153207,15038.678570771857,0.9913681422256525,False,EXPOSED_HISTORY
SPY,2014-07,1,2,t,True,3,5393,-7411.8685128487505,5,14866.701311174187,14833.737025697501,0.9962431493149497,False,EXPOSED_HISTORY
SPY,2014-07,2,1,normal,True,4,5393,-7502.556963799316,4,15039.485355979981,15013.113927598632,0.9876788238298109,False,EXPOSED_HISTORY
SPY,2014-07,2,1,t,True,5,5393,-7403.044945640508,5,14849.054176757701,14816.089891281015,0.9942790907738304,True,EXPOSED_HISTORY
SPY,2014-08,1,1,normal,True,0,5415,-7537.587507244574,3,15100.965798967454,15081.175014489148,0.9910843579797316,False,EXPOSED_HISTORY
SPY,2014-08,1,1,t,True,1,5415,-7432.88292691358,4,14900.153566464902,14873.76585382716,0.9960291987182999,False,EXPOSED_HISTORY
SPY,2014-08,1,2,normal,True,2,5415,-7537.58750724452,4,15109.56272712678,15083.17501448904,0.9910843665765601,False,EXPOSED_HISTORY
SPY,2014-08,1,2,t,True,3,5415,-7432.882926912745,5,14908.750494622665,14875.76585382549,0.9960289655593104,False,EXPOSED_HISTORY
SPY,2014-08,2,1,normal,True,4,5415,-7524.76823894583,4,15083.9241905294,15057.53647789166,0.9873872995246074,False,EXPOSED_HISTORY
SPY,2014-08,2,1,t,True,5,5415,-7424.155517742676,5,14891.295676282529,14858.311035485352,0.9940214848913641,True,EXPOSED_HISTORY
SPY,2014-09,1,1,normal,True,0,5436,-7554.887139276569,3,15135.57667487895,15115.774278553137,0.9911794249198689,False,EXPOSED_HISTORY
SPY,2014-09,1,1,t,True,1,5436,-7449.419222387909,4,14933.241639876902,14906.838444775818,0.9961162782029719,False,EXPOSED_HISTORY
SPY,2014-09,1,2,normal,True,2,5436,-7554.887139276318,4,15144.177473653719,15117.774278552635,0.9911794466624999,False,EXPOSED_HISTORY
SPY,2014-09,1,2,t,True,3,5436,-7449.419222385364,5,14941.842438647083,14908.838444770729,0.9961162476718126,False,EXPOSED_HISTORY
SPY,2014-09,2,1,normal,True,4,5436,-7542.06503248255,4,15118.533260066184,15092.1300649651,0.9874885488068531,False,EXPOSED_HISTORY
SPY,2014-09,2,1,t,True,5,5436,-7440.615749919743,5,14924.235493715842,14891.231499839487,0.994125351720081,True,EXPOSED_HISTORY
SPY,2014-10,1,1,normal,True,0,5457,-7572.9512941408375,3,15171.716551683234,15151.902588281675,0.9911334631756962,False,EXPOSED_HISTORY
SPY,2014-10,1,1,t,True,1,5457,-7467.520319939888,4,14969.459257748522,14943.040639879777,0.9959785901651235,False,EXPOSED_HISTORY
SPY,2014-10,1,2,normal,True,2,5457,-7572.951294137796,4,15180.321206144337,15153.902588275592,0.9911336365620502,False,EXPOSED_HISTORY
SPY,2014-10,1,2,t,True,3,5457,-7467.520320105927,5,14978.063912547785,14945.040640211853,0.9959782497228455,False,EXPOSED_HISTORY
SPY,2014-10,2,1,normal,True,4,5457,-7560.102679478417,4,15154.623976825578,15128.205358956833,0.987391250264878,False,EXPOSED_HISTORY
SPY,2014-10,2,1,t,True,5,5457,-7458.754676790013,5,14960.532625915957,14927.509353580026,0.9938983019692383,True,EXPOSED_HISTORY
SPY,2014-11,1,1,normal,True,0,5480,-7609.9304793343645,3,15245.687539808556,15225.860958668729,0.9910232926554601,False,EXPOSED_HISTORY
SPY,2014-11,1,1,t,True,1,5480,-7506.159816650326,4,15046.755074820421,15020.319633300653,0.9958687559840309,False,EXPOSED_HISTORY
SPY,2014-11,1,2,normal,True,2,5480,-7609.930479334411,4,15254.29640018859,15227.860958668822,0.9910233099425452,False,EXPOSED_HISTORY
SPY,2014-11,1,2,t,True,3,5480,-7506.159816659272,5,15055.363935218254,15022.319633318544,0.9958688528547859,False,EXPOSED_HISTORY
SPY,2014-11,2,1,normal,True,4,5480,-7596.912897970342,4,15228.261237460452,15201.825795940684,0.9872218040607341,False,EXPOSED_HISTORY
SPY,2014-11,2,1,t,True,5,5480,-7497.045556323561,5,15037.135414546832,15004.091112647122,0.9937131294476891,True,EXPOSED_HISTORY
SPY,2014-12,1,1,normal,True,0,5499,-7623.601859845352,3,15273.040684300227,15253.203719690704,0.9906483731552145,False,EXPOSED_HISTORY
SPY,2014-12,1,1,t,True,1,5499,-7518.320761958243,4,15071.090810062517,15044.641523916485,0.9956455929737243,False,EXPOSED_HISTORY
SPY,2014-12,1,2,normal,True,2,5499,-7623.601859845354,4,15281.653005836739,15255.203719690708,0.9906483697843391,False,EXPOSED_HISTORY
SPY,2014-12,1,2,t,True,3,5499,-7518.320761959056,5,15079.70313160065,15046.641523918111,0.9956455006860021,False,EXPOSED_HISTORY
SPY,2014-12,2,1,normal,True,4,5499,-7610.016446923284,4,15254.4821799926,15228.032893846568,0.9866425897139203,False,EXPOSED_HISTORY
SPY,2014-12,2,1,t,True,5,5499,-7508.719469401878,5,15060.500546486295,15027.438938803756,0.993318424720832,True,EXPOSED_HISTORY
SPY,2015-01,1,1,normal,True,0,5521,-7655.235576844761,3,15336.320096536376,15316.471153689523,0.9904687236100257,False,EXPOSED_HISTORY
SPY,2015-01,1,1,t,True,1,5521,-7549.564581785198,4,15133.594420699532,15107.129163570396,0.9955885083911638,False,EXPOSED_HISTORY
SPY,2015-01,1,2,normal,True,2,5521,-7655.23557684437,4,15344.936410817876,15318.47115368874,0.9904686894051539,False,EXPOSED_HISTORY
SPY,2015-01,1,2,t,True,3,5521,-7549.564581784551,5,15142.210734980521,15109.129163569101,0.9955885350809757,False,EXPOSED_HISTORY
SPY,2015-01,2,1,normal,True,4,5521,-7641.80622847628,4,15318.077714081695,15291.61245695256,0.9862458780559304,False,EXPOSED_HISTORY
SPY,2015-01,2,1,t,True,5,5521,-7540.275605268729,5,15123.632781948878,15090.551210537458,0.9931188937458733,True,EXPOSED_HISTORY
SPY,2015-02,1,1,normal,True,0,5541,-7685.017999299279,3,15395.89578940516,15376.035998598558,0.9905267613369055,False,EXPOSED_HISTORY
SPY,2015-02,1,1,t,True,1,5541,-7580.578549325108,4,15195.636819725685,15169.157098650216,0.9956125346723959,False,EXPOSED_HISTORY
SPY,2015-02,1,2,normal,True,2,5541,-7685.017999298992,4,15404.515719673454,15378.035998597985,0.9905267420929547,False,EXPOSED_HISTORY
SPY,2015-02,1,2,t,True,3,5541,-7580.578549336096,5,15204.25675001653,15171.157098672193,0.9956125162380707,False,EXPOSED_HISTORY
SPY,2015-02,2,1,normal,True,4,5541,-7671.528192010461,4,15377.536105096391,15351.056384020922,0.9863297816207369,False,EXPOSED_HISTORY
SPY,2015-02,2,1,t,True,5,5541,-7571.216277619587,5,15185.532206583512,15152.432555239175,0.9931617181633815,True,EXPOSED_HISTORY
SPY,2015-03,1,1,normal,True,0,5560,-7704.553276035654,3,15434.976612233042,15415.106552071307,0.9902270374670711,False,EXPOSED_HISTORY
SPY,2015-03,1,1,t,True,1,5560,-7599.492828633182,4,15233.479070815343,15206.985657266365,0.9953742405446482,False,EXPOSED_HISTORY
SPY,2015-03,1,2,normal,True,2,5560,-7704.553276035036,4,15443.59996561905,15417.106552070072,0.9902270357688697,False,EXPOSED_HISTORY
SPY,2015-03,1,2,t,True,3,5560,-7599.49282863283,5,15242.102424201885,15208.98565726566,0.9953741567538972,False,EXPOSED_HISTORY
SPY,2015-03,2,1,normal,True,4,5560,-7690.875924731863,4,15416.245263012705,15389.751849463726,0.9858903454623483,False,EXPOSED_HISTORY
SPY,2015-03,2,1,t,True,5,5560,-7589.9432322660095,5,15223.003231468243,15189.886464532019,0.9927929579927923,True,EXPOSED_HISTORY
SPY,2015-04,1,1,normal,True,0,5582,-7733.685211405124,3,15493.252330052537,15473.370422810249,0.9902706541136921,False,EXPOSED_HISTORY
SPY,2015-04,1,1,t,True,1,5582,-7629.431760893507,4,15293.3727314434,15266.863521787014,0.9953670090786699,False,EXPOSED_HISTORY
SPY,2015-04,1,2,normal,True,2,5582,-7733.6852114121,4,15501.879632480586,15475.3704228242,0.990270566470185,False,EXPOSED_HISTORY
SPY,2015-04,1,2,t,True,3,5582,-7629.431760901466,5,15302.000033873413,15268.863521802932,0.9953669227887972,False,EXPOSED_HISTORY
SPY,2015-04,2,1,normal,True,4,5582,-7719.535492687779,4,15473.580195031944,15447.070985375558,0.9858215850124791,False,EXPOSED_HISTORY
SPY,2015-04,2,1,t,True,5,5582,-7619.418522820734,5,15281.97355771195,15248.837045641469,0.992692115484241,True,EXPOSED_HISTORY
SPY,2015-05,1,1,normal,True,0,5603,-7752.405958093258,3,15530.705088529212,15510.811916186516,0.9901717973086387,False,EXPOSED_HISTORY
SPY,2015-05,1,1,t,True,1,5603,-7647.689549464902,4,15329.903328720064,15303.379098929803,0.995258676882253,False,EXPOSED_HISTORY
SPY,2015-05,1,2,normal,True,2,5603,-7752.405958543715,4,15539.336146877691,15512.81191708743,0.9901717473707357,False,EXPOSED_HISTORY
SPY,2015-05,1,2,t,True,3,5603,-7647.689549472358,5,15338.534386182542,15305.379098944715,0.9952587192084308,False,EXPOSED_HISTORY
SPY,2015-05,2,1,normal,True,4,5603,-7738.385583163966,4,15511.295396118192,15484.771166327931,0.9857097924489507,False,EXPOSED_HISTORY
SPY,2015-05,2,1,t,True,5,5603,-7637.842950620832,5,15318.841188479491,15285.685901241664,0.9925580786865896,True,EXPOSED_HISTORY
SPY,2015-06,1,1,normal,True,0,5623,-7773.061179682928,3,15572.026221190732,15552.122359365856,0.9901671523388141,False,EXPOSED_HISTORY
SPY,2015-06,1,1,t,True,1,5623,-7668.566434000135,4,15371.671350433438,15345.13286800027,0.9951929268072305,False,EXPOSED_HISTORY
SPY,2015-06,1,2,normal,True,2,5623,-7773.061179683002,4,15580.660841799172,15554.122359366003,0.9901671682696087,False,EXPOSED_HISTORY
SPY,2015-06,1,2,t,True,3,5623,-7668.566434846258,5,15380.305972733977,15347.132869692516,0.9951921973870037,False,EXPOSED_HISTORY
SPY,2015-06,2,1,normal,True,4,5623,-7759.158732118925,4,15552.85594667102,15526.31746423785,0.9857115691219109,False,EXPOSED_HISTORY
SPY,2015-06,2,1,t,True,5,5623,-7658.857093391745,5,15360.887289824952,15327.71418678349,0.9924682945056348,True,EXPOSED_HISTORY
SPY,2015-07,1,1,normal,True,0,5645,-7797.270186034333,3,15620.455948498418,15600.540372068666,0.9901033405064572,False,EXPOSED_HISTORY
SPY,2015-07,1,1,t,True,1,5645,-7691.56666594166,4,15417.687433789655,15391.13333188332,0.9951935904336986,False,EXPOSED_HISTORY
SPY,2015-07,1,2,normal,True,2,5645,-7797.270186031752,4,15629.094473969839,15602.540372063504,0.9901029629866732,False,EXPOSED_HISTORY
SPY,2015-07,1,2,t,True,3,5645,-7691.566665947899,5,15426.325959278718,15393.133331895799,0.9951938140501165,False,EXPOSED_HISTORY
SPY,2015-07,2,1,normal,True,4,5645,-7782.827918724797,4,15600.20993935593,15573.655837449594,0.9856265546211751,False,EXPOSED_HISTORY
SPY,2015-07,2,1,t,True,5,5645,-7681.401006711136,5,15405.994640805191,15372.802013422272,0.9924784320551455,True,EXPOSED_HISTORY
SPY,2015-08,1,1,normal,True,0,5667,-7822.069145739429,3,15670.065536947366,15650.138291478857,0.9900709345441464,False,EXPOSED_HISTORY
SPY,2015-08,1,1,t,True,1,5667,-7716.362887640237,4,15467.295435905153,15440.725775280474,0.9951246687931137,False,EXPOSED_HISTORY
SPY,2015-08,1,2,normal,True,2,5667,-7822.069145739412,4,15678.707952103503,15652.138291478825,0.9900709383855195,False,EXPOSED_HISTORY
SPY,2015-08,1,2,t,True,3,5667,-7716.362888097903,5,15475.937851976654,15442.725776195806,0.9951247406459651,False,EXPOSED_HISTORY
SPY,2015-08,2,1,normal,True,4,5667,-7807.750737893563,4,15650.071136411805,15623.501475787127,0.9855931165228474,False,EXPOSED_HISTORY
SPY,2015-08,2,1,t,True,5,5667,-7706.27908303339,5,15455.770241847627,15422.55816606678,0.9923959608723412,True,EXPOSED_HISTORY
SPY,2015-09,1,1,normal,True,0,5688,-7864.121930953264,3,15754.182203820978,15734.243861906529,0.9900210705263348,False,EXPOSED_HISTORY
SPY,2015-09,1,1,t,True,1,5688,-7755.994510119337,4,15546.573476124606,15519.989020238674,0.9954706547545722,False,EXPOSED_HISTORY
SPY,2015-09,1,2,normal,True,2,5688,-7864.121932967214,4,15762.82832182036,15736.243865934428,0.9900208036313919,False,EXPOSED_HISTORY
SPY,2015-09,1,2,t,True,3,5688,-7755.9945101233825,5,15555.21959010418,15521.989020246765,0.9954704799595744,False,EXPOSED_HISTORY
SPY,2015-09,2,1,normal,True,4,5688,-7853.359858461822,4,15741.304172809576,15714.719716923644,0.9857860826578961,False,EXPOSED_HISTORY
SPY,2015-09,2,1,t,True,5,5688,-7747.472485525675,5,15538.175540908765,15504.94497105135,0.9929933765973216,True,EXPOSED_HISTORY
SPY,2015-10,1,1,normal,True,0,5709,-7901.270982395152,3,15828.491362258197,15808.541964790304,0.9898415246700563,False,EXPOSED_HISTORY
SPY,2015-10,1,1,t,True,1,5709,-7793.1502475993075,4,15620.899691822471,15594.300495198615,0.9952901318711831,False,EXPOSED_HISTORY
SPY,2015-10,1,2,normal,True,2,5709,-7901.27098239525,4,15837.141161414356,15810.5419647905,0.9898414339332526,False,EXPOSED_HISTORY
SPY,2015-10,1,2,t,True,3,5709,-7793.15024763983,5,15629.54949105948,15596.30049527966,0.9952897945561281,False,EXPOSED_HISTORY
SPY,2015-10,2,1,normal,True,4,5709,-7890.391711908329,4,15815.382620440514,15788.783423816658,0.9854693302640141,False,EXPOSED_HISTORY
SPY,2015-10,2,1,t,True,5,5709,-7784.462085669073,5,15612.173167117966,15578.924171338145,0.9926572460737126,True,EXPOSED_HISTORY
SPY,2015-11,1,1,normal,True,0,5731,-7930.470416504291,3,15886.901768952237,15866.940833008583,0.9894367345978099,False,EXPOSED_HISTORY
SPY,2015-11,1,1,t,True,1,5731,-7822.119476868427,4,15678.853534995062,15652.238953736854,0.9949113753020123,False,EXPOSED_HISTORY
SPY,2015-11,1,2,normal,True,2,5731,-7930.470416958056,4,15895.55541517432,15868.940833916113,0.989436982726245,False,EXPOSED_HISTORY
SPY,2015-11,1,2,t,True,3,5731,-7822.119476864656,5,15687.50718030207,15654.238953729311,0.9949114051873662,False,EXPOSED_HISTORY
SPY,2015-11,2,1,normal,True,4,5731,-7919.445145807661,4,15873.50487287353,15846.890291615322,0.9850513210885514,False,EXPOSED_HISTORY
SPY,2015-11,2,1,t,True,5,5731,-7813.311443861418,5,15669.891114295595,15636.622887722837,0.9922461647620764,True,EXPOSED_HISTORY
SPY,2015-12,1,1,normal,True,0,5751,-7953.585339817504,3,15933.14206673015,15913.170679635008,0.9893001582131005,False,EXPOSED_HISTORY
SPY,2015-12,1,1,t,True,1,5751,-7844.98252261651,4,15724.593561359876,15697.96504523302,0.994788408010665,False,EXPOSED_HISTORY
SPY,2015-12,1,2,normal,True,2,5751,-7953.585339815893,4,15941.799195758642,15915.170679631787,0.9893001343256346,False,EXPOSED_HISTORY
SPY,2015-12,1,2,t,True,3,5751,-7844.982522619634,5,15733.250690397837,15699.965045239269,0.9947884951894771,False,EXPOSED_HISTORY
SPY,2015-12,2,1,normal,True,4,5751,-7942.614812299019,4,15919.858140724893,15893.229624598038,0.9849246493984569,False,EXPOSED_HISTORY
SPY,2015-12,2,1,t,True,5,5751,-7836.271566590995,5,15715.828778340558,15682.54313318199,0.9921430822084015,True,EXPOSED_HISTORY
SPY,2016-01,1,1,normal,True,0,5773,-7988.785201682293,3,16003.553244829767,15983.570403364585,0.9894140400315706,False,EXPOSED_HISTORY
SPY,2016-01,1,1,t,True,1,5773,-7881.766377826761,4,15798.176544273765,15771.532755653521,0.9948834832262838,False,EXPOSED_HISTORY
SPY,2016-01,1,2,normal,True,2,5773,-7988.785201682404,4,16012.214191985051,15985.570403364807,0.9894141399257603,False,EXPOSED_HISTORY
SPY,2016-01,1,2,t,True,3,5773,-7881.7663778272445,5,15806.837491429793,15773.532755654489,0.994883416629494,False,EXPOSED_HISTORY
SPY,2016-01,2,1,normal,True,4,5773,-7978.101138692439,4,15990.846066005122,15964.202277384878,0.9850832615236279,False,EXPOSED_HISTORY
SPY,2016-01,2,1,t,True,5,5773,-7873.302881250201,5,15789.910498275705,15756.605762500401,0.9922489346144799,True,EXPOSED_HISTORY
SPY,2016-02,1,1,normal,True,0,5792,-8024.897430254848,3,16075.787559311892,16055.794860509695,0.9896861900760568,False,EXPOSED_HISTORY
SPY,2016-02,1,1,t,True,1,5792,-7919.140556889777,4,15872.938045515817,15846.281113779554,0.9951601626845563,False,EXPOSED_HISTORY
SPY,2016-02,1,2,normal,True,2,5792,-8024.897430255263,4,16084.45179224679,16057.794860510527,0.9896862476379139,False,EXPOSED_HISTORY
SPY,2016-02,1,2,t,True,3,5792,-7919.14055690001,5,15881.602278470347,15848.28111380002,0.9951599399817403,False,EXPOSED_HISTORY
SPY,2016-02,2,1,normal,True,4,5792,-8014.174438180966,4,16063.005808098194,16036.348876361932,0.9854503364299838,False,EXPOSED_HISTORY
SPY,2016-02,2,1,t,True,5,5792,-7910.595834165766,5,15864.51283300186,15831.191668331532,0.9926107307406404,True,EXPOSED_HISTORY
SPY,2016-03,1,1,normal,True,0,5812,-8056.6357012055205,3,16139.274442485112,16119.271402411041,0.9895486233107292,False,EXPOSED_HISTORY
SPY,2016-03,1,1,t,True,1,5812,-7951.321202038658,4,15937.313124176077,15910.642404077316,0.9950433805351433,False,EXPOSED_HISTORY
SPY,2016-03,1,2,normal,True,2,5812,-8056.635701205369,4,16147.942122509497,16121.271402410737,0.9895487278116479,False,EXPOSED_HISTORY
SPY,2016-03,1,2,t,True,3,5812,-7951.321202037983,5,15945.980804199418,15912.642404075967,0.9950434047691319,False,EXPOSED_HISTORY
SPY,2016-03,2,1,normal,True,4,5812,-8045.946983421023,4,16126.564686940806,16099.893966842046,0.9852886423036011,False,EXPOSED_HISTORY
SPY,2016-03,2,1,t,True,5,5812,-7942.813569808952,5,15928.965539741355,15895.627139617904,0.9924758278144876,True,EXPOSED_HISTORY
SPY,2016-04,1,1,normal,True,0,5834,-8082.163301329378,3,16190.340977110038,16170.326602658755,0.9891517055173927,False,EXPOSED_HISTORY
SPY,2016-04,1,1,t,True,1,5834,-7976.120141741792,4,15986.926116085295,15960.240283483585,0.9946741342882932,False,EXPOSED_HISTORY
SPY,2016-04,1,2,normal,True,2,5834,-8082.163301329436,4,16199.012435260582,16172.326602658872,0.9891517122696032,False,EXPOSED_HISTORY
SPY,2016-04,1,2,t,True,3,5834,-7976.120141741793,5,15995.597574235724,15962.240283483587,0.9946741610006719,False,EXPOSED_HISTORY
SPY,2016-04,2,1,normal,True,4,5834,-8071.080113423903,4,16176.846059449515,16150.160226847805,0.984804523059117,False,EXPOSED_HISTORY
SPY,2016-04,2,1,t,True,5,5834,-7967.218134000979,5,15977.793558754096,15944.436268001959,0.9920077845755761,True,EXPOSED_HISTORY
SPY,2016-05,1,1,normal,True,0,5855,-8102.68213405873,3,16231.389421945556,16211.36426811746,0.9891068499717658,False,EXPOSED_HISTORY
SPY,2016-05,1,1,t,True,1,5855,-7996.7967753069925,4,16028.293755718112,16001.593550613985,0.9946100328321623,False,EXPOSED_HISTORY
SPY,2016-05,1,2,normal,True,2,5855,-8102.682134057903,4,16240.064473219933,16213.364268115805,0.9891067812181504,False,EXPOSED_HISTORY
SPY,2016-05,1,2,t,True,3,5855,-7996.796775419053,5,16036.968807218265,16003.593550838106,0.9946101500795824,False,EXPOSED_HISTORY
SPY,2016-05,2,1,normal,True,4,5855,-8091.743094211413,4,16218.186393526954,16191.486188422827,0.98481746635998,False,EXPOSED_HISTORY
SPY,2016-05,2,1,t,True,5,5855,-7988.128720649597,5,16019.632697679353,15986.257441299194,0.9919762812778113,True,EXPOSED_HISTORY
SPY,2016-06,1,1,normal,True,0,5876,-8124.96858663023,3,16275.97306787234,16255.93717326046,0.9890986978814285,False,EXPOSED_HISTORY
SPY,2016-06,1,1,t,True,1,5876,-8019.672166604552,4,16074.05885935828,16047.344333209105,0.994500916973085,False,EXPOSED_HISTORY
SPY,2016-06,1,2,normal,True,2,5876,-8124.968586625781,4,16284.651699400738,16257.937173251563,0.9890984462745724,False,EXPOSED_HISTORY
SPY,2016-06,1,2,t,True,3,5876,-8019.672166605731,5,16082.737490897931,16049.344333211462,0.9945010037695297,False,EXPOSED_HISTORY
SPY,2016-06,2,1,normal,True,4,5876,-8114.1711926725075,4,16263.05691149419,16236.342385345015,0.984826571037112,False,EXPOSED_HISTORY
SPY,2016-06,2,1,t,True,5,5876,-8011.20129856616,5,16065.79575481879,16032.40259713232,0.9918216547137549,True,EXPOSED_HISTORY
SPY,2016-07,1,1,normal,True,0,5898,-8161.597391661928,3,16349.241889091982,16329.194783323856,0.9886375174420543,False,EXPOSED_HISTORY
SPY,2016-07,1,1,t,True,1,5898,-8050.225900025955,4,16135.18127440941,16108.45180005191,0.9946728423282025,False,EXPOSED_HISTORY
SPY,2016-07,1,2,normal,True,2,5898,-8161.597391661913,4,16357.924257681327,16331.194783323826,0.9886375028481229,False,EXPOSED_HISTORY
SPY,2016-07,1,2,t,True,3,5898,-8050.22590002614,5,16143.863642999157,16110.45180005228,0.9946729509977047,False,EXPOSED_HISTORY
SPY,2016-07,2,1,normal,True,4,5898,-8153.58180471596,4,16341.89308378942,16315.16360943192,0.9843906349490499,False,EXPOSED_HISTORY
SPY,2016-07,2,1,t,True,5,5898,-8042.797517697742,5,16129.00687834236,16095.595035395483,0.9921059335100643,True,EXPOSED_HISTORY
SPY,2016-08,1,1,normal,True,0,5918,-8182.012564081803,3,16390.082389662486,16370.025128163606,0.9881090791135729,False,EXPOSED_HISTORY
SPY,2016-08,1,1,t,True,1,5918,-8069.144219736176,4,16173.031454804192,16146.288439472351,0.9942455052609314,False,EXPOSED_HISTORY
SPY,2016-08,1,2,normal,True,2,5918,-8182.01256407933,4,16398.768143490503,16372.02512815866,0.9881092694676706,False,EXPOSED_HISTORY
SPY,2016-08,1,2,t,True,3,5918,-8069.144219736127,5,16181.717208637054,16148.288439472253,0.9942455080259378,False,EXPOSED_HISTORY
SPY,2016-08,2,1,normal,True,4,5918,-8173.894041225368,4,16382.531097782576,16355.788082450736,0.9835705179929176,False,EXPOSED_HISTORY
SPY,2016-08,2,1,t,True,5,5918,-8061.678044047945,5,16166.78485726069,16133.35608809589,0.9913962524253109,True,EXPOSED_HISTORY
SPY,2016-09,1,1,normal,True,0,5941,-8194.41735382619,3,16414.903605897445,16394.83470765238,0.9882352866596086,False,EXPOSED_HISTORY
SPY,2016-09,1,1,t,True,1,5941,-8080.333360601083,4,16195.42525219559,16168.666721202166,0.9944495242389115,False,EXPOSED_HISTORY
SPY,2016-09,1,2,normal,True,2,5941,-8194.417353825895,4,16423.59323864521,16396.83470765179,0.9882352295272003,False,EXPOSED_HISTORY
SPY,2016-09,1,2,t,True,3,5941,-8080.333360604534,5,16204.114884950848,16170.666721209069,0.9944496825106486,False,EXPOSED_HISTORY
SPY,2016-09,2,1,normal,True,4,5941,-8185.8215273008855,4,16406.401585595195,16379.643054601771,0.9838930969758738,False,EXPOSED_HISTORY
SPY,2016-09,2,1,t,True,5,5941,-8072.232364832997,5,16187.912893407773,16154.464729665993,0.9918035706136811,True,EXPOSED_HISTORY
SPY,2016-10,1,1,normal,True,0,5962,-8227.086966968345,3,16480.253417759406,16460.17393393669,0.9869622214826681,False,EXPOSED_HISTORY
SPY,2016-10,1,1,t,True,1,5962,-8108.08498279521,4,16250.94261068737,16224.16996559042,0.9943497839926442,False,EXPOSED_HISTORY
SPY,2016-10,1,2,normal,True,2,5962,-8227.08696696824,4,16488.946579033432,16462.17393393648,0.9869622829380181,False,EXPOSED_HISTORY
SPY,2016-10,1,2,t,True,3,5962,-8108.084982797416,5,16259.635771966023,16226.169965594832,0.9943496669158544,False,EXPOSED_HISTORY
SPY,2016-10,2,1,normal,True,4,5962,-8218.857283265,4,16472.487211626954,16445.71456653,0.9821887185356255,False,EXPOSED_HISTORY
SPY,2016-10,2,1,t,True,5,5962,-8100.674352066062,5,16244.814510503315,16211.348704132124,0.9916461232432026,True,EXPOSED_HISTORY
SPY,2016-11,1,1,normal,True,0,5983,-8242.41414554776,3,16510.91832327569,16490.82829109552,0.9869669403906625,False,EXPOSED_HISTORY
SPY,2016-11,1,1,t,True,1,5983,-8122.036691945366,4,16278.860093464293,16252.073383890733,0.9944653377407695,False,EXPOSED_HISTORY
SPY,2016-11,1,2,normal,True,2,5983,-8242.41414554784,4,16519.61500066924,16492.82829109568,0.9869669480845734,False,EXPOSED_HISTORY
SPY,2016-11,1,2,t,True,3,5983,-8122.0366919399185,5,16287.556770846788,16254.073383879837,0.9944650691826504,False,EXPOSED_HISTORY
SPY,2016-11,2,1,normal,True,4,5983,-8234.15406061148,4,16503.09483079652,16476.30812122296,0.9822123763087597,False,EXPOSED_HISTORY
SPY,2016-11,2,1,t,True,5,5983,-8114.582110378809,5,16272.64760772457,16239.164220757619,0.9917924924824154,True,EXPOSED_HISTORY
SPY,2016-12,1,1,normal,True,0,6004,-8266.083320447215,3,16558.26718447269,16538.16664089443,0.9867081755118006,False,EXPOSED_HISTORY
SPY,2016-12,1,1,t,True,1,6004,-8143.283193780808,4,16321.36711233263,16294.566387561616,0.9944353941827128,False,EXPOSED_HISTORY
SPY,2016-12,1,2,normal,True,2,6004,-8266.083320447262,4,16566.967365665536,16540.166640894524,0.9867081817232434,False,EXPOSED_HISTORY
SPY,2016-12,1,2,t,True,3,6004,-8143.283193784115,5,16330.067293531996,16296.56638756823,0.9944355193194143,False,EXPOSED_HISTORY
SPY,2016-12,2,1,normal,True,4,6004,-8257.668695273449,4,16550.13811531791,16523.337390546898,0.9817573009559962,False,EXPOSED_HISTORY
SPY,2016-12,2,1,t,True,5,6004,-8135.842164366355,5,16315.185234696477,16281.68432873271,0.9916905976685085,True,EXPOSED_HISTORY
SPY,2017-01,1,1,normal,True,0,6025,-8282.623459171968,3,16591.357936619013,16571.246918343935,0.9868159643586932,False,EXPOSED_HISTORY
SPY,2017-01,1,1,t,True,1,6025,-8159.236858993938,4,16353.288409021312,16326.473717987876,0.9945063053798983,False,EXPOSED_HISTORY
SPY,2017-01,1,2,normal,True,2,6025,-8282.623459173337,4,16600.06160938011,16573.246918346675,0.9868161029240944,False,EXPOSED_HISTORY
SPY,2017-01,1,2,t,True,3,6025,-8159.236858993626,5,16361.992081779046,16328.473717987252,0.9945063547881766,False,EXPOSED_HISTORY
SPY,2017-01,2,1,normal,True,4,6025,-8274.214880736401,4,16583.24445250624,16556.429761472802,0.9818975927140544,False,EXPOSED_HISTORY
SPY,2017-01,2,1,t,True,5,6025,-8151.7609751007185,5,16347.040313993231,16313.521950201437,0.9917917802261279,True,EXPOSED_HISTORY
SPY,2017-02,1,1,normal,True,0,6045,-8295.120598456204,3,16616.362157201555,16596.241196912408,0.9871093241298368,False,EXPOSED_HISTORY
SPY,2017-02,1,1,t,True,1,6045,-8171.227233595557,4,16377.28241424331,16350.454467191114,0.9946596764497629,False,EXPOSED_HISTORY
SPY,2017-02,1,2,normal,True,2,6045,-8295.120598456399,4,16625.069143964993,16598.241196912797,0.9871093819461689,False,EXPOSED_HISTORY
SPY,2017-02,1,2,t,True,3,6045,-8171.227233599009,5,16385.989401013263,16352.454467198018,0.9946598312770768,False,EXPOSED_HISTORY
SPY,2017-02,2,1,normal,True,4,6045,-8286.843401131804,4,16608.514749315804,16581.686802263608,0.9823132823431474,False,EXPOSED_HISTORY
SPY,2017-02,2,1,t,True,5,6045,-8163.856235567176,5,16371.247404949596,16337.712471134351,0.9920102590249107,True,EXPOSED_HISTORY
SPY,2017-03,1,1,normal,True,0,6064,-8304.818819331282,3,16635.76801344453,16615.637638662563,0.9876139337050192,False,EXPOSED_HISTORY
SPY,2017-03,1,1,t,True,1,6064,-8179.722721437104,4,16394.285942583498,16367.445442874208,0.9951476236250667,False,EXPOSED_HISTORY
SPY,2017-03,1,2,normal,True,2,6064,-8304.818819336408,4,16644.478138382103,16617.637638672815,0.9876141926786822,False,EXPOSED_HISTORY
SPY,2017-03,1,2,t,True,3,6064,-8179.72272143883,5,16402.996067514272,16369.44544287766,0.9951477266476839,False,EXPOSED_HISTORY
SPY,2017-03,2,1,normal,True,4,6064,-8296.779368229618,4,16628.399236168523,16601.558736459236,0.9829959134066286,False,EXPOSED_HISTORY
SPY,2017-03,2,1,t,True,5,6064,-8172.546533792896,5,16388.643692222402,16355.093067585793,0.9926719301300698,True,EXPOSED_HISTORY
SPY,2017-04,1,1,normal,True,0,6087,-8324.238387288824,3,16674.618506463128,16654.476774577648,0.9875117009675749,False,EXPOSED_HISTORY
SPY,2017-04,1,1,t,True,1,6087,-8197.593461630204,4,16430.042565774384,16403.186923260408,0.9951772012808211,False,EXPOSED_HISTORY
SPY,2017-04,1,2,normal,True,2,6087,-8324.238387288779,4,16683.332417091533,16656.476774577557,0.98751168336398,False,EXPOSED_HISTORY
SPY,2017-04,1,2,t,True,3,6087,-8197.593461638084,5,16438.756476418635,16405.186923276167,0.9951775451332069,False,EXPOSED_HISTORY
SPY,2017-04,2,1,normal,True,4,6087,-8316.385915453402,4,16667.62747342078,16640.771830906804,0.9829243247548185,False,EXPOSED_HISTORY
SPY,2017-04,2,1,t,True,5,6087,-8190.701982895627,5,16424.973518933723,16391.403965791254,0.9927341709781057,True,EXPOSED_HISTORY
SPY,2017-05,1,1,normal,True,0,6106,-8337.40347164631,3,16700.958024812506,16680.80694329262,0.9876897817622403,False,EXPOSED_HISTORY
SPY,2017-05,1,1,t,True,1,6106,-8210.360615996806,4,16455.58934068679,16428.72123199361,0.9952378778177046,False,EXPOSED_HISTORY
SPY,2017-05,1,2,normal,True,2,6106,-8337.403471646809,4,16709.675051986796,16682.806943293617,0.9876898389617725,False,EXPOSED_HISTORY
SPY,2017-05,1,2,t,True,3,6106,-8210.360617170525,5,16464.306370207523,16430.72123434105,0.9952378960201803,False,EXPOSED_HISTORY
SPY,2017-05,2,1,normal,True,4,6106,-8329.68658715135,4,16694.241282995878,16667.3731743027,0.983165107428794,False,EXPOSED_HISTORY
SPY,2017-05,2,1,t,True,5,6106,-8203.637556555903,5,16450.86024897828,16417.275113111806,0.9927972095436612,True,EXPOSED_HISTORY
SPY,2017-06,1,1,normal,True,0,6128,-8354.793687276686,3,16735.74924568763,16715.58737455337,0.9875992687257561,False,EXPOSED_HISTORY
SPY,2017-06,1,1,t,True,1,6128,-8224.278172734495,4,16483.438840314673,16456.55634546899,0.9956643256079618,False,EXPOSED_HISTORY
SPY,2017-06,1,2,normal,True,2,6128,-8354.793687274196,4,16744.469869394074,16717.58737454839,0.9875991688024599,False,EXPOSED_HISTORY
SPY,2017-06,1,2,t,True,3,6128,-8224.27817273537,5,16492.15946402784,16458.55634547074,0.9956641705376004,False,EXPOSED_HISTORY
SPY,2017-06,2,1,normal,True,4,6128,-8347.146397134342,4,16729.175289114366,16702.292794268684,0.9830485943231246,False,EXPOSED_HISTORY
SPY,2017-06,2,1,t,True,5,6128,-8217.761418881404,5,16479.12595631991,16445.52283776281,0.9933286952295377,True,EXPOSED_HISTORY
SPY,2017-07,1,1,normal,True,0,6150,-8369.800271382366,3,16765.773164847134,16745.600542764732,0.9877717596427198,False,EXPOSED_HISTORY
SPY,2017-07,1,1,t,True,1,6150,-8238.840861274355,4,16512.57855199191,16485.68172254871,0.9957401575928515,False,EXPOSED_HISTORY
SPY,2017-07,1,2,normal,True,2,6150,-8369.800271382377,4,16774.497372207956,16747.600542764754,0.9877717871419367,False,EXPOSED_HISTORY
SPY,2017-07,1,2,t,True,3,6150,-8238.840861275594,5,16521.30275935519,16487.681722551188,0.9957399905316973,False,EXPOSED_HISTORY
SPY,2017-07,2,1,normal,True,4,6150,-8362.343329864514,4,16759.58348917223,16732.686659729028,0.9832763101042916,False,EXPOSED_HISTORY
SPY,2017-07,2,1,t,True,5,6150,-8232.586317557045,5,16508.79367191809,16475.17263511409,0.9933938252271571,True,EXPOSED_HISTORY
SPY,2017-08,1,1,normal,True,0,6170,-8380.783969215698,3,16787.750300782092,16767.567938431395,0.9881693959428056,False,EXPOSED_HISTORY
SPY,2017-08,1,1,t,True,1,6170,-8248.012030203397,4,16530.93387687439,16504.024060406795,0.9963031126421731,False,EXPOSED_HISTORY
SPY,2017-08,1,2,normal,True,2,6170,-8380.783969212207,4,16796.47775489201,16769.567938424414,0.9881694094186023,False,EXPOSED_HISTORY
SPY,2017-08,1,2,t,True,3,6170,-8248.012030203197,5,16539.661330990893,16506.024060406395,0.9963032006281359,False,EXPOSED_HISTORY
SPY,2017-08,2,1,normal,True,4,6170,-8373.557266955715,4,16782.024350379026,16755.11453391143,0.9838053376666053,False,EXPOSED_HISTORY
SPY,2017-08,2,1,t,True,5,6170,-8241.973217904715,5,16527.58370639393,16493.94643580943,0.994117136861661,True,EXPOSED_HISTORY
SPY,2017-09,1,1,normal,True,0,6193,-8402.092056956755,3,16830.377638616326,16810.18411391351,0.9878504978397108,False,EXPOSED_HISTORY
SPY,2017-09,1,1,t,True,1,6193,-8267.132057819343,4,16569.188815242436,16542.264115638685,0.996422194545926,False,EXPOSED_HISTORY
SPY,2017-09,1,2,normal,True,2,6193,-8402.092056956768,4,16839.108813517287,16812.184113913536,0.9878505129191929,False,EXPOSED_HISTORY
SPY,2017-09,1,2,t,True,3,6193,-8267.132057818935,5,16577.91999014256,16544.26411563787,0.9964223406539594,False,EXPOSED_HISTORY
SPY,2017-09,2,1,normal,True,4,6193,-8394.456179111525,4,16823.8370578268,16796.91235822305,0.9833868542687122,False,EXPOSED_HISTORY
SPY,2017-09,2,1,t,True,5,6193,-8260.702943028682,5,16565.061760562054,16531.405886057364,0.9942960170596458,True,EXPOSED_HISTORY
SPY,2017-10,1,1,normal,True,0,6213,-8412.827967684576,3,16851.859132819343,16831.655935369152,0.988158357560704,False,EXPOSED_HISTORY
SPY,2017-10,1,1,t,True,1,6213,-8275.925434656845,4,16586.788465913945,16559.85086931369,0.9969204381498714,False,EXPOSED_HISTORY
SPY,2017-10,1,2,normal,True,2,6213,-8412.827967745328,4,16860.593532090912,16833.655935490657,0.9881584168837375,False,EXPOSED_HISTORY
SPY,2017-10,1,2,t,True,3,6213,-8275.925434655182,5,16595.522865060684,16561.850869310365,0.9969204327080022,False,EXPOSED_HISTORY
SPY,2017-10,2,1,normal,True,4,6213,-8405.235527913212,4,16845.40865242668,16818.471055826423,0.9837772968657479,False,EXPOSED_HISTORY
SPY,2017-10,2,1,t,True,5,6213,-8269.558953117,5,16582.78990198432,16549.117906234,0.9949174483231404,True,EXPOSED_HISTORY
SPY,2017-11,1,1,normal,True,0,6235,-8421.983467025633,3,16870.18073562561,16849.966934051266,0.9887738745261561,False,EXPOSED_HISTORY
SPY,2017-11,1,1,t,True,1,6235,-8283.608240021451,4,16602.168215475358,16575.216480042902,0.9974475462125476,False,EXPOSED_HISTORY
SPY,2017-11,1,2,normal,True,2,6235,-8421.98346704636,4,16878.918669525177,16851.96693409272,0.988773840437403,False,EXPOSED_HISTORY
SPY,2017-11,1,2,t,True,3,6235,-8283.6082401567,5,16610.906149603972,16577.2164803134,0.9974470140658283,False,EXPOSED_HISTORY
SPY,2017-11,2,1,normal,True,4,6235,-8414.48008129408,4,16863.911898020615,16836.96016258816,0.9846388414554712,False,EXPOSED_HISTORY
SPY,2017-11,2,1,t,True,5,6235,-8277.253723374648,5,16598.197116039868,16564.507446749296,0.9956571996123618,True,EXPOSED_HISTORY
SPY,2017-12,1,1,normal,True,0,6256,-8434.085887783347,3,16894.39566441337,16874.171775566694,0.989115001907004,False,EXPOSED_HISTORY
SPY,2017-12,1,1,t,True,1,6256,-8294.91503668257,4,16624.795258494043,16597.83007336514,0.9976317774114781,False,EXPOSED_HISTORY
SPY,2017-12,1,2,normal,True,2,6256,-8434.085887784026,4,16903.136960696953,16876.17177556805,0.9891149733117323,False,EXPOSED_HISTORY
SPY,2017-12,1,2,t,True,3,6256,-8294.91503670107,5,16633.536554813265,16599.83007340214,0.9976319238518417,False,EXPOSED_HISTORY
SPY,2017-12,2,1,normal,True,4,6256,-8426.704420490789,4,16888.37402611048,16861.408840981578,0.9851283864261487,False,EXPOSED_HISTORY
SPY,2017-12,2,1,t,True,5,6256,-8288.569188308324,5,16620.844858027773,16587.138376616647,0.9959775413041762,True,EXPOSED_HISTORY
SPY,2018-01,1,1,normal,True,0,6276,-8444.399914123145,3,16915.03329258785,16894.79982824629,0.9895437957087306,False,EXPOSED_HISTORY
SPY,2018-01,1,1,t,True,1,6276,-8303.720227290974,4,16642.41840703736,16615.44045458195,0.9980181688309337,False,EXPOSED_HISTORY
SPY,2018-01,1,2,normal,True,2,6276,-8444.399914119738,4,16923.777780694887,16896.799828239476,0.9895439006306254,False,EXPOSED_HISTORY
SPY,2018-01,1,2,t,True,3,6276,-8303.72022729349,5,16651.162895156245,16617.44045458698,0.9980184533987464,False,EXPOSED_HISTORY
SPY,2018-01,2,1,normal,True,4,6276,-8437.41632098248,4,16909.81059442037,16882.83264196496,0.9856899889820259,False,EXPOSED_HISTORY
SPY,2018-01,2,1,t,True,5,6276,-8297.798614559502,5,16639.31966968827,16605.597229119005,0.9964673310168285,True,EXPOSED_HISTORY
SPY,2018-02,1,1,normal,True,0,6297,-8463.519803840245,3,16953.283093505957,16933.03960768049,0.9894883306790696,False,EXPOSED_HISTORY
SPY,2018-02,1,1,t,True,1,6297,-8324.314093652798,4,16683.61950173955,16656.628187305596,0.9975449710377277,False,EXPOSED_HISTORY
SPY,2018-02,1,2,normal,True,2,6297,-8463.51980383971,4,16962.030922113376,16935.03960767942,0.9894883667146025,False,EXPOSED_HISTORY
SPY,2018-02,1,2,t,True,3,6297,-8324.314093652578,5,16692.3673303476,16658.628187305156,0.997545055955852,False,EXPOSED_HISTORY
SPY,2018-02,2,1,normal,True,4,6297,-8456.476527479379,4,16947.944369392713,16920.953054958758,0.9856519317970973,False,EXPOSED_HISTORY
SPY,2018-02,2,1,t,True,5,6297,-8318.247558586587,5,16680.234260215617,16646.495117173174,0.9959127800963649,True,EXPOSED_HISTORY
SPY,2018-03,1,1,normal,True,0,6316,-8510.552247277337,3,17047.357018680803,17027.104494554675,0.9890122796841676,False,EXPOSED_HISTORY
SPY,2018-03,1,1,t,True,1,6316,-8366.058213136317,4,16767.119791774137,16740.116426272634,0.9978203542317219,False,EXPOSED_HISTORY
SPY,2018-03,1,2,normal,True,2,6316,-8510.552247277277,4,17056.107860056058,17029.104494554555,0.9890122823045446,False,EXPOSED_HISTORY
SPY,2018-03,1,2,t,True,3,6316,-8366.058213131626,5,16775.87063314013,16742.116426263252,0.997820619861265,False,EXPOSED_HISTORY
SPY,2018-03,2,1,normal,True,4,6316,-8505.260808836085,4,17045.524983173673,17018.52161767217,0.9855779190795807,False,EXPOSED_HISTORY
SPY,2018-03,2,1,t,True,5,6316,-8360.633625150655,5,16765.021457178187,16731.26725030131,0.9963120282717425,True,EXPOSED_HISTORY
SPY,2018-04,1,1,normal,True,0,6337,-8545.68154589891,3,17117.62557404579,17097.36309179782,0.9891379666708738,False,EXPOSED_HISTORY
SPY,2018-04,1,1,t,True,1,6337,-8400.926218942837,4,16836.869080882967,16809.852437885675,0.9979009026870729,False,EXPOSED_HISTORY
SPY,2018-04,1,2,normal,True,2,6337,-8545.681545902298,4,17126.37973480189,17099.363091804596,0.9891379836089763,False,EXPOSED_HISTORY
SPY,2018-04,1,2,t,True,3,6337,-8400.92621906894,5,16845.6232418845,16811.85243813788,0.9979005201485226,False,EXPOSED_HISTORY
SPY,2018-04,2,1,normal,True,4,6337,-8540.834909526307,4,17116.686462049907,17089.669819052615,0.985900886529295,False,EXPOSED_HISTORY
SPY,2018-04,2,1,t,True,5,6337,-8395.915503387696,5,16835.60181052201,16801.831006775392,0.9965180010867359,True,EXPOSED_HISTORY
SPY,2018-05,1,1,normal,True,0,6358,-8576.527780163296,3,17179.327967751004,17159.055560326593,0.9888328764647887,False,EXPOSED_HISTORY
SPY,2018-05,1,1,t,True,1,6358,-8431.998515422296,4,16899.026907410476,16871.99703084459,0.9976431982032824,False,EXPOSED_HISTORY
SPY,2018-05,1,2,normal,True,2,6358,-8576.527780163344,4,17188.085436892572,17161.055560326688,0.9888328588102052,False,EXPOSED_HISTORY
SPY,2018-05,1,2,t,True,3,6358,-8431.998515419586,5,16907.784376546526,16873.99703083917,0.9976432552046754,False,EXPOSED_HISTORY
SPY,2018-05,2,1,normal,True,4,6358,-8571.503383783787,4,17178.03664413346,17151.006767567575,0.9854543070047781,False,EXPOSED_HISTORY
SPY,2018-05,2,1,t,True,5,6358,-8426.795318644252,5,16897.37798299586,16863.590637288504,0.9961433939728762,True,EXPOSED_HISTORY
SPY,2018-06,1,1,normal,True,0,6380,-8599.529857198284,3,17225.342484525583,17205.059714396568,0.988561015873901,False,EXPOSED_HISTORY
SPY,2018-06,1,1,t,True,1,6380,-8454.990975653458,4,16945.02564481227,16917.981951306916,0.9974141985706538,False,EXPOSED_HISTORY
SPY,2018-06,1,2,normal,True,2,6380,-8599.529857198153,4,17234.10340790166,17207.059714396306,0.988561021411012,False,EXPOSED_HISTORY
SPY,2018-06,1,2,t,True,3,6380,-8454.990975657536,5,16953.786568196767,16919.981951315072,0.9974140513744567,False,EXPOSED_HISTORY
SPY,2018-06,2,1,normal,True,4,6380,-8594.454428825462,4,17223.95255115628,17196.908857650924,0.9851886369230324,False,EXPOSED_HISTORY
SPY,2018-06,2,1,t,True,5,6380,-8449.790758115632,5,16943.38613311296,16909.581516231265,0.9958986146219571,True,EXPOSED_HISTORY
SPY,2018-07,1,1,normal,True,0,6401,-8617.478619722913,3,17261.249867967254,17240.957239445826,0.9884686806964621,False,EXPOSED_HISTORY
SPY,2018-07,1,1,t,True,1,6401,-8472.109247141978,4,16979.275332312525,16952.218494283956,0.9973472085740627,False,EXPOSED_HISTORY
SPY,2018-07,1,2,normal,True,2,6401,-8617.478619767335,4,17270.01407756324,17242.95723953467,0.988468664420582,False,EXPOSED_HISTORY
SPY,2018-07,1,2,t,True,3,6401,-8472.10924714496,5,16988.03954182563,16954.21849428992,0.9973470336663844,False,EXPOSED_HISTORY
SPY,2018-07,2,1,normal,True,4,6401,-8612.311522494545,4,17259.67988301766,17232.62304498909,0.9850771848104006,False,EXPOSED_HISTORY
SPY,2018-07,2,1,t,True,5,6401,-8466.747935590083,5,16977.31691871588,16943.495871180166,0.9958253736322112,True,EXPOSED_HISTORY
SPY,2018-08,1,1,normal,True,0,6422,-8635.243366359335,3,17296.789187342616,17276.48673271867,0.9885024688211722,False,EXPOSED_HISTORY
SPY,2018-08,1,1,t,True,1,6422,-8490.270421590907,4,17015.61078268041,16988.540843181814,0.9972212872981623,False,EXPOSED_HISTORY
SPY,2018-08,1,2,normal,True,2,6422,-8635.24336635652,4,17305.55667221164,17278.48673271304,0.988502633466505,False,EXPOSED_HISTORY
SPY,2018-08,1,2,t,True,3,6422,-8490.270421591329,5,17024.378267555905,16990.540843182658,0.9972212935760741,False,EXPOSED_HISTORY
SPY,2018-08,2,1,normal,True,4,6422,-8630.189558465769,4,17295.449056430134,17268.379116931537,0.985151704024759,False,EXPOSED_HISTORY
SPY,2018-08,2,1,t,True,5,6422,-8485.020943784304,5,17013.879311941855,16980.04188756861,0.9956769455454848,True,EXPOSED_HISTORY
SPY,2018-09,1,1,normal,True,0,6445,-8651.10509384878,3,17328.523367443682,17308.21018769756,0.9886587033682014,False,EXPOSED_HISTORY
SPY,2018-09,1,1,t,True,1,6445,-8505.94107679007,4,17046.966393241633,17019.88215358014,0.9971953033676577,False,EXPOSED_HISTORY
SPY,2018-09,1,2,normal,True,2,6445,-8651.105093845128,4,17337.29442735175,17310.210187690256,0.9886589388676973,False,EXPOSED_HISTORY
SPY,2018-09,1,2,t,True,3,6445,-8505.941076789177,5,17055.73745315522,17021.882153578354,0.9971953913087644,False,EXPOSED_HISTORY
SPY,2018-09,2,1,normal,True,4,6445,-8646.192959877008,4,17327.47015941551,17300.385919754015,0.9853876465777398,False,EXPOSED_HISTORY
SPY,2018-09,2,1,t,True,5,6445,-8500.835545514095,5,17045.526390605057,17011.67109102819,0.9956602219272077,True,EXPOSED_HISTORY
SPY,2018-10,1,1,normal,True,0,6464,-8660.588217744324,3,17347.49844628925,17327.176435488647,0.98899224490105,False,EXPOSED_HISTORY
SPY,2018-10,1,1,t,True,1,6464,-8514.270546007832,4,17063.637106416467,17036.541092015665,0.9974813051358513,False,EXPOSED_HISTORY
SPY,2018-10,1,2,normal,True,2,6464,-8660.588217744431,4,17356.272449889664,17329.176435488862,0.9889921898328392,False,EXPOSED_HISTORY
SPY,2018-10,1,2,t,True,3,6464,-8514.270546004584,5,17072.411110010173,17038.541092009167,0.9974814314726856,False,EXPOSED_HISTORY
SPY,2018-10,2,1,normal,True,4,6464,-8655.74971703505,4,17346.595448470904,17319.4994340701,0.9858262514349133,False,EXPOSED_HISTORY
SPY,2018-10,2,1,t,True,5,6464,-8509.1854455556,5,17062.240909112206,17028.3708911112,0.9960491800304406,True,EXPOSED_HISTORY
SPY,2018-11,1,1,normal,True,0,6487,-8713.12062839305,3,17452.573923145737,17432.2412567861,0.9875852840576939,False,EXPOSED_HISTORY
SPY,2018-11,1,1,t,True,1,6487,-8556.293558342084,4,17147.69733849702,17120.587116684168,0.99775299637837,False,EXPOSED_HISTORY
SPY,2018-11,1,2,normal,True,2,6487,-8713.120628392007,4,17461.351478596865,17434.241256784015,0.9875853864730989,False,EXPOSED_HISTORY
SPY,2018-11,1,2,t,True,3,6487,-8556.29355838227,5,17156.4748940306,17122.58711676454,0.9977531930783443,False,EXPOSED_HISTORY
SPY,2018-11,2,1,normal,True,4,6487,-8707.826704127736,4,17450.763630068323,17423.65340825547,0.9842268743623945,False,EXPOSED_HISTORY
SPY,2018-11,2,1,t,True,5,6487,-8551.604322525931,5,17147.096422317925,17113.208645051862,0.9964167898731942,True,EXPOSED_HISTORY
SPY,2018-12,1,1,normal,True,0,6508,-8746.788863843996,3,17519.92009009301,17499.577727687993,0.9875884064310462,False,EXPOSED_HISTORY
SPY,2018-12,1,1,t,True,1,6508,-8590.299910975273,4,17215.7229718239,17188.599821950545,0.9977177236159379,False,EXPOSED_HISTORY
SPY,2018-12,1,2,normal,True,2,6508,-8746.788863844024,4,17528.7008775614,17501.577727688047,0.9875884520103645,False,EXPOSED_HISTORY
SPY,2018-12,1,2,t,True,3,6508,-8590.299911182907,5,17224.50375970751,17190.599822365813,0.9977174912202079,False,EXPOSED_HISTORY
SPY,2018-12,2,1,normal,True,4,6508,-8741.444403917769,4,17518.01195770889,17490.888807835538,0.9842032020473641,False,EXPOSED_HISTORY
SPY,2018-12,2,1,t,True,5,6508,-8585.528649874102,5,17214.9612370899,17181.057299748205,0.9963598168177176,True,EXPOSED_HISTORY
SPY,2019-01,1,1,normal,True,0,6527,-8788.565207131804,3,17603.481522359514,17583.130414263607,0.9880567639876907,False,EXPOSED_HISTORY
SPY,2019-01,1,1,t,True,1,6527,-8631.5914508877,4,17298.31771256994,17271.1829017754,0.9981652073784127,False,EXPOSED_HISTORY
SPY,2019-01,1,2,normal,True,2,6527,-8788.565207130228,4,17612.265225054998,17585.130414260457,0.9880571371360753,False,EXPOSED_HISTORY
SPY,2019-01,1,2,t,True,3,6527,-8631.591450886743,5,17307.10141526666,17273.182901773485,0.998165260821601,False,EXPOSED_HISTORY
SPY,2019-01,2,1,normal,True,4,6527,-8783.518559634935,4,17602.17193006441,17575.03711926987,0.9848918858274142,False,EXPOSED_HISTORY
SPY,2019-01,2,1,t,True,5,6527,-8626.954615857248,5,17297.827745207673,17263.909231714497,0.9969459676761266,True,EXPOSED_HISTORY
SPY,2019-02,1,1,normal,True,0,6548,-8822.218305065802,3,17670.797354947077,17650.436610131605,0.9876184703641406,False,EXPOSED_HISTORY
SPY,2019-02,1,1,t,True,1,6548,-8665.071699513423,4,17365.29105878081,17338.143399026845,0.9977931750462166,False,EXPOSED_HISTORY
SPY,2019-02,1,2,normal,True,2,6548,-8822.218305067798,4,17679.58426988956,17652.436610135595,0.9876184004264968,False,EXPOSED_HISTORY
SPY,2019-02,1,2,t,True,3,6548,-8665.071699518652,5,17374.07797372976,17340.143399037304,0.9977930432817763,False,EXPOSED_HISTORY
SPY,2019-02,2,1,normal,True,4,6548,-8817.106536759697,4,17669.36073327336,17642.213073519393,0.984356084617543,False,EXPOSED_HISTORY
SPY,2019-02,2,1,t,True,5,6548,-8660.446976176803,5,17364.828527046062,17330.893952353606,0.9964931863545253,True,EXPOSED_HISTORY
SPY,2019-03,1,1,normal,True,0,6567,-8840.380000772166,3,17707.129438702905,17686.76000154433,0.9870723147010111,False,EXPOSED_HISTORY
SPY,2019-03,1,1,t,True,1,6567,-8682.54972511805,4,17400.25869978086,17373.0994502361,0.9973656719878653,False,EXPOSED_HISTORY
SPY,2019-03,1,2,normal,True,2,6567,-8840.380001367306,4,17715.919252279375,17688.760002734612,0.987072327927334,False,EXPOSED_HISTORY
SPY,2019-03,1,2,t,True,3,6567,-8682.549725115012,5,17409.048512160978,17375.099450230024,0.9973654639380066,False,EXPOSED_HISTORY
SPY,2019-03,2,1,normal,True,4,6567,-8834.804051916522,4,17704.767353377807,17677.608103833045,0.983737210796431,False,EXPOSED_HISTORY
SPY,2019-03,2,1,t,True,5,6567,-8677.355531272135,5,17398.660124475224,17364.71106254427,0.995989461509726,True,EXPOSED_HISTORY
SPY,2019-04,1,1,normal,True,0,6588,-8864.504699915295,3,17755.38841510448,17735.00939983059,0.9870460895043254,False,EXPOSED_HISTORY
SPY,2019-04,1,1,t,True,1,6588,-8706.351983657918,4,17447.875987681025,17420.703967315836,0.9973464581475701,False,EXPOSED_HISTORY
SPY,2019-04,1,2,normal,True,2,6588,-8864.504699915266,4,17764.18142019572,17737.00939983053,0.987046079071899,False,EXPOSED_HISTORY
SPY,2019-04,1,2,t,True,3,6588,-8706.351983652903,5,17456.668992762294,17422.703967305806,0.9973461661680342,False,EXPOSED_HISTORY
SPY,2019-04,2,1,normal,True,4,6588,-8859.186611459463,4,17753.545243284116,17726.373222918926,0.9837444335050682,False,EXPOSED_HISTORY
SPY,2019-04,2,1,t,True,5,6588,-8701.337356591059,5,17446.639738638605,17412.674713182118,0.9959743451167711,True,EXPOSED_HISTORY
SPY,2019-05,1,1,normal,True,0,6609,-8879.311189346969,3,17785.010941600347,17764.622378693937,0.9870222958248163,False,EXPOSED_HISTORY
SPY,2019-05,1,1,t,True,1,6609,-8719.731447615019,4,17474.647645771918,17447.462895230037,0.9974070985611532,False,EXPOSED_HISTORY
SPY,2019-05,1,2,normal,True,2,6609,-8879.311190451368,4,17793.807131444617,17766.622380902736,0.9870223178208387,False,EXPOSED_HISTORY
SPY,2019-05,1,2,t,True,3,6609,-8719.731447613289,5,17483.44383340393,17449.462895226578,0.9974072494134016,False,EXPOSED_HISTORY
SPY,2019-05,2,1,normal,True,4,6609,-8873.935947729155,4,17783.05664600019,17755.87189545831,0.9837199858311085,False,EXPOSED_HISTORY
SPY,2019-05,2,1,t,True,5,6609,-8714.63842620073,5,17473.257790578813,17439.27685240146,0.9960579461305558,True,EXPOSED_HISTORY
SPY,2019-06,1,1,normal,True,0,6631,-8912.939415844343,3,17852.277364392794,17831.878831688686,0.9868298515642554,False,EXPOSED_HISTORY
SPY,2019-06,1,1,t,True,1,6631,-8752.600535886704,4,17540.399115378885,17513.20107177341,0.997326901337361,False,EXPOSED_HISTORY
SPY,2019-06,1,2,normal,True,2,6631,-8912.939415844876,4,17861.076875295228,17833.87883168975,0.9868297539636539,False,EXPOSED_HISTORY
SPY,2019-06,1,2,t,True,3,6631,-8752.600535886224,5,17549.198626279293,17515.201071772448,0.9973268816513987,False,EXPOSED_HISTORY
SPY,2019-06,2,1,normal,True,4,6631,-8907.094312330595,4,17849.386668266667,17822.18862466119,0.9833549031887423,False,EXPOSED_HISTORY
SPY,2019-06,2,1,t,True,5,6631,-8747.195432426706,5,17538.388419360257,17504.390864853412,0.9959014100760035,True,EXPOSED_HISTORY
SPY,2019-07,1,1,normal,True,0,6651,-8935.59565750897,3,17897.598882512793,17877.19131501794,0.9867064252763457,False,EXPOSED_HISTORY
SPY,2019-07,1,1,t,True,1,6651,-8774.55949283162,4,17584.32907565638,17557.11898566324,0.9972228702019252,False,EXPOSED_HISTORY
SPY,2019-07,1,2,normal,True,2,6651,-8935.595657507954,4,17906.401405009048,17879.19131501591,0.9867063284352505,False,EXPOSED_HISTORY
SPY,2019-07,1,2,t,True,3,6651,-8774.55949283276,5,17593.13159815694,17559.11898566552,0.9972228098794211,False,EXPOSED_HISTORY
SPY,2019-07,2,1,normal,True,4,6651,-8929.587778906329,4,17894.385647805797,17867.175557812658,0.9831526008608207,False,EXPOSED_HISTORY
SPY,2019-07,2,1,t,True,5,6651,-8769.039624982828,5,17582.091862457077,17548.079249965656,0.9957476245805904,True,EXPOSED_HISTORY
SPY,2019-08,1,1,normal,True,0,6673,-8953.733532024944,3,17933.884538488597,17913.467064049888,0.9866592962947691,False,EXPOSED_HISTORY
SPY,2019-08,1,1,t,True,1,6673,-8792.953054688202,4,17621.129408628018,17593.906109376403,0.9970722050019208,False,EXPOSED_HISTORY
SPY,2019-08,1,2,normal,True,2,6673,-8953.73353222445,4,17942.690363700516,17915.4670644489,0.9866591443741127,False,EXPOSED_HISTORY
SPY,2019-08,1,2,t,True,3,6673,-8792.953054716621,5,17629.93523349776,17595.906109433243,0.9970722433928022,False,EXPOSED_HISTORY
SPY,2019-08,2,1,normal,True,4,6673,-8947.582750160102,4,17930.388799571818,17903.165500320203,0.9831016441476802,False,EXPOSED_HISTORY
SPY,2019-08,2,1,t,True,5,6673,-8787.301061583647,5,17618.63124723181,17584.602123167293,0.9955539190020553,True,EXPOSED_HISTORY
SPY,2019-09,1,1,normal,True,0,6695,-8999.402304261015,3,18025.231957296408,18004.80460852203,0.9865357969273696,False,EXPOSED_HISTORY
SPY,2019-09,1,1,t,True,1,6695,-8836.43011915441,4,17708.096703341318,17680.86023830882,0.9972664419269267,False,EXPOSED_HISTORY
SPY,2019-09,1,2,normal,True,2,6695,-8999.40230426082,4,18034.04107355414,18006.80460852164,0.9865357923996264,False,EXPOSED_HISTORY
SPY,2019-09,1,2,t,True,3,6695,-8836.430119155335,5,17716.905819601296,17682.86023831067,0.9972664775158647,False,EXPOSED_HISTORY
SPY,2019-09,2,1,normal,True,4,6695,-8992.888826337608,4,18021.014117707717,17993.777652675217,0.9828282917185268,False,EXPOSED_HISTORY
SPY,2019-09,2,1,t,True,5,6695,-8830.665181715109,5,17705.375944720843,17671.330363430217,0.9956977113710054,True,EXPOSED_HISTORY
SPY,2019-10,1,1,normal,True,0,6715,-9018.70394891219,3,18063.844195151254,18043.40789782438,0.9859735545797632,False,EXPOSED_HISTORY
SPY,2019-10,1,1,t,True,1,6715,-8855.083759698868,4,17745.415915833564,17718.167519397735,0.9968394866921804,False,EXPOSED_HISTORY
SPY,2019-10,1,2,normal,True,2,6715,-9018.703948913684,4,18072.656294263197,18045.40789782737,0.9859733814384466,False,EXPOSED_HISTORY
SPY,2019-10,1,2,t,True,3,6715,-8855.083759699442,5,17754.22801494367,17720.167519398885,0.996839557205522,False,EXPOSED_HISTORY
SPY,2019-10,2,1,normal,True,4,6715,-9011.755490957024,4,18058.759378349878,18031.51098191405,0.9820900453419239,False,EXPOSED_HISTORY
SPY,2019-10,2,1,t,True,5,6715,-8848.964511096412,5,17741.98951773761,17707.929022192824,0.99511828391199,True,EXPOSED_HISTORY
SPY,2019-11,1,1,normal,True,0,6738,-9046.378748880543,3,18119.204053032987,18098.757497761086,0.9859127682362437,False,EXPOSED_HISTORY
SPY,2019-11,1,1,t,True,1,6738,-8882.860100282773,4,17800.982274261412,17773.720200565545,0.9967989704012582,False,EXPOSED_HISTORY
SPY,2019-11,1,2,normal,True,2,6738,-9046.378748887078,4,18128.019571470024,18100.757497774157,0.985912719462882,False,EXPOSED_HISTORY
SPY,2019-11,1,2,t,True,3,6738,-8882.860100347842,5,17809.797792815516,17775.720200695683,0.996798808827732,False,EXPOSED_HISTORY
SPY,2019-11,2,1,normal,True,4,6738,-9039.738514197817,4,18114.739102091502,18087.477028395635,0.9820093434550039,False,EXPOSED_HISTORY
SPY,2019-11,2,1,t,True,5,6738,-8877.029662960813,5,17798.13691804146,17764.059325921626,0.9950615427429552,True,EXPOSED_HISTORY
SPY,2019-12,1,1,normal,True,0,6758,-9058.370621249232,3,18143.196689300286,18122.741242498465,0.9859998410716078,False,EXPOSED_HISTORY
SPY,2019-12,1,1,t,True,1,6758,-8893.896396058528,4,17823.06672118615,17795.792792117056,0.9968851162253016,False,EXPOSED_HISTORY
SPY,2019-12,1,2,normal,True,2,6758,-9058.370621254391,4,18152.015171577877,18124.741242508782,0.9859999165801036,False,EXPOSED_HISTORY
SPY,2019-12,1,2,t,True,3,6758,-8893.896396106526,5,17831.885203549424,17797.79279221305,0.9968848261352709,False,EXPOSED_HISTORY
SPY,2019-12,2,1,normal,True,4,6758,-9051.568211712809,4,18138.410352494713,18111.136423425618,0.9821735060767872,False,EXPOSED_HISTORY
SPY,2019-12,2,1,t,True,5,6758,-8887.857043708715,5,17819.806498753802,17785.71408741743,0.9952008285457463,True,EXPOSED_HISTORY
SPY,2020-01,1,1,normal,True,0,6779,-9073.815980405536,3,18174.096715443364,18153.63196081107,0.9861215159061981,False,EXPOSED_HISTORY
SPY,2020-01,1,1,t,True,1,6779,-8909.311541693034,4,17853.90942289579,17826.623083386068,0.9968143884906417,False,EXPOSED_HISTORY
SPY,2020-01,1,2,normal,True,2,6779,-9073.815980404825,4,18182.918300319372,18155.63196080965,0.9861216147537767,False,EXPOSED_HISTORY
SPY,2020-01,1,2,t,True,3,6779,-8909.31154169287,5,17862.731007772894,17828.62308338574,0.996814386485061,False,EXPOSED_HISTORY
SPY,2020-01,2,1,normal,True,4,6779,-9067.042383683407,4,18169.371106876537,18142.084767366814,0.9823288082319387,False,EXPOSED_HISTORY
SPY,2020-01,2,1,t,True,5,6779,-8903.254433434895,5,17850.616791256944,17816.50886686979,0.9951192949177086,True,EXPOSED_HISTORY
SPY,2020-02,1,1,normal,True,0,6800,-9097.791239324028,3,18222.05651232155,18201.582478648055,0.9860054132084816,False,EXPOSED_HISTORY
SPY,2020-02,1,1,t,True,1,6800,-8933.996672625188,4,17903.292056815033,17875.993345250376,0.9965846084511211,False,EXPOSED_HISTORY
SPY,2020-02,1,2,normal,True,2,6800,-9097.791239323913,4,18230.881190212483,18203.582478647826,0.9860054226704258,False,EXPOSED_HISTORY
SPY,2020-02,1,2,t,True,3,6800,-8933.99667262334,5,17912.1167347025,17877.99334524668,0.9965847703694362,False,EXPOSED_HISTORY
SPY,2020-02,2,1,normal,True,4,6800,-9091.218442112244,4,18217.735595789145,18190.436884224488,0.9822363357178351,False,EXPOSED_HISTORY
SPY,2020-02,2,1,t,True,5,6800,-8928.131052252604,5,17900.38549396103,17866.262104505207,0.9948441974673082,True,EXPOSED_HISTORY
SPY,2020-03,1,1,normal,True,0,6819,-9136.761468365177,3,18300.005341067917,18279.522936730355,0.9862812399637841,False,EXPOSED_HISTORY
SPY,2020-03,1,1,t,True,1,6819,-8968.550233260827,4,17972.410338971735,17945.100466521653,0.9970534413441688,False,EXPOSED_HISTORY
SPY,2020-03,1,2,normal,True,2,6819,-9136.76146836644,4,18308.83280918296,18281.52293673288,0.9862810687940501,False,EXPOSED_HISTORY
SPY,2020-03,1,2,t,True,3,6819,-8968.550233261012,5,17981.237807084628,17947.100466522024,0.9970535372904568,False,EXPOSED_HISTORY
SPY,2020-03,2,1,normal,True,4,6819,-9131.10211486442,4,18297.51410217892,18270.20422972884,0.9829171753866444,False,EXPOSED_HISTORY
SPY,2020-03,2,1,t,True,5,6819,-8963.110978861261,5,17970.359298285126,17936.221957722522,0.9954932558489518,True,EXPOSED_HISTORY
SPY,2020-04,1,1,normal,True,0,6841,-9211.477658412441,3,18449.447384421164,18428.955316824882,0.9867735999996372,False,EXPOSED_HISTORY
SPY,2020-04,1,1,t,True,1,6841,-9044.394765542798,4,18124.11228788064,18096.789531085597,0.9978524549135155,False,EXPOSED_HISTORY
SPY,2020-04,1,2,normal,True,2,6841,-9211.47765841235,4,18458.278073619746,18430.9553168247,0.9867735836508492,False,EXPOSED_HISTORY
SPY,2020-04,1,2,t,True,3,6841,-9044.394765547067,5,18132.94297708794,18098.789531094135,0.9978525243459732,False,EXPOSED_HISTORY
SPY,2020-04,2,1,normal,True,4,6841,-9205.020920828028,4,18445.364598451102,18418.041841656057,0.9832623812629842,False,EXPOSED_HISTORY
SPY,2020-04,2,1,t,True,5,6841,-9038.395763366292,5,18120.94497272639,18086.791526732584,0.9962608995735691,True,EXPOSED_HISTORY
SPY,2020-05,1,1,normal,True,0,6862,-9261.276218646857,3,18549.05369996397,18528.552437293714,0.9859816936929918,False,EXPOSED_HISTORY
SPY,2020-05,1,1,t,True,1,6862,-9094.326995667576,4,18223.989008228826,18196.65399133515,0.9971661290516577,False,EXPOSED_HISTORY
SPY,2020-05,1,2,normal,True,2,6862,-9261.276218648181,4,18557.887454190037,18530.552437296363,0.9859817564640788,False,EXPOSED_HISTORY
SPY,2020-05,1,2,t,True,3,6862,-9094.326995669344,5,18232.82276245578,18198.653991338688,0.9971666165207437,False,EXPOSED_HISTORY
SPY,2020-05,2,1,normal,True,4,6862,-9254.342510264716,4,18544.020037423106,18516.685020529432,0.9822507256980555,False,EXPOSED_HISTORY
SPY,2020-05,2,1,t,True,5,6862,-9087.884414755968,5,18219.93760062903,18185.768829511937,0.9953903230402725,True,EXPOSED_HISTORY
SPY,2020-06,1,1,normal,True,0,6882,-9297.17471557167,3,18620.85942490241,18600.34943114334,0.9854999221056278,False,EXPOSED_HISTORY
SPY,2020-06,1,1,t,True,1,6882,-9130.506922434526,4,18296.36050321448,18269.013844869052,0.9966706581594339,False,EXPOSED_HISTORY
SPY,2020-06,1,2,normal,True,2,6882,-9297.174715573243,4,18629.696089491914,18602.349431146486,0.9854999941659104,False,EXPOSED_HISTORY
SPY,2020-06,1,2,t,True,3,6882,-9130.506922437864,5,18305.197167807513,18271.013844875728,0.9966705972402713,False,EXPOSED_HISTORY
SPY,2020-06,2,1,normal,True,4,6882,-9289.921022958844,4,18615.188704263117,18587.84204591769,0.9817934570950013,False,EXPOSED_HISTORY
SPY,2020-06,2,1,t,True,5,6882,-9123.723335228951,5,18291.629993389688,18257.446670457903,0.9949415304107972,True,EXPOSED_HISTORY
SPY,2020-07,1,1,normal,True,0,6904,-9346.97155064642,3,18720.46266999113,18699.94310129284,0.9865137819884442,False,EXPOSED_HISTORY
SPY,2020-07,1,1,t,True,1,6904,-9174.876590264972,4,18385.112605460996,18357.753180529944,0.997017052153593,False,EXPOSED_HISTORY
SPY,2020-07,1,2,normal,True,2,6904,-9346.971550647751,4,18729.302526226555,18701.943101295503,0.9865136114054497,False,EXPOSED_HISTORY
SPY,2020-07,1,2,t,True,3,6904,-9174.876590263591,5,18393.952461691,18359.753180527183,0.9970172940603761,False,EXPOSED_HISTORY
SPY,2020-07,2,1,normal,True,4,6904,-9339.821868865045,4,18715.00316266114,18687.64373773009,0.9828394183031819,False,EXPOSED_HISTORY
SPY,2020-07,2,1,t,True,5,6904,-9168.26787575473,5,18380.735032673274,18346.53575150946,0.9954294689775139,True,EXPOSED_HISTORY
SPY,2020-08,1,1,normal,True,0,6926,-9376.492508731095,3,18779.514130637075,18758.98501746219,0.9859961991809858,False,EXPOSED_HISTORY
SPY,2020-08,1,1,t,True,1,6926,-9204.54888449347,4,18444.46991988679,18417.09776898694,0.9965513816852356,False,EXPOSED_HISTORY
SPY,2020-08,1,2,normal,True,2,6926,-9376.492508730847,4,18788.357168361545,18760.985017461695,0.9859962260457822,False,EXPOSED_HISTORY
SPY,2020-08,1,2,t,True,3,6926,-9204.548884490192,5,18453.312957605194,18419.097768980384,0.9965514761042538,False,EXPOSED_HISTORY
SPY,2020-08,2,1,normal,True,4,6926,-9369.09128152081,4,18773.55471394147,18746.18256304162,0.9822247751576856,False,EXPOSED_HISTORY
SPY,2020-08,2,1,t,True,5,6926,-9197.775928235838,5,18439.767045096487,18405.551856471677,0.9948924248812117,True,EXPOSED_HISTORY
SPY,2020-09,1,1,normal,True,0,6947,-9396.96518791492,3,18820.46857140192,18799.93037582984,0.9858075895814665,False,EXPOSED_HISTORY
SPY,2020-09,1,1,t,True,1,6947,-9224.875501778592,4,18485.135264319953,18457.751003557183,0.9963429878857264,False,EXPOSED_HISTORY
SPY,2020-09,1,2,normal,True,2,6947,-9396.965187916643,4,18829.314636596057,18801.930375833286,0.98580764549534,False,EXPOSED_HISTORY
SPY,2020-09,1,2,t,True,3,6947,-9224.875501783168,5,18493.9813295198,18459.751003566336,0.9963431437051038,False,EXPOSED_HISTORY
SPY,2020-09,2,1,normal,True,4,6947,-9389.477886324566,4,18814.340033411903,18786.955772649133,0.9820585596784187,False,EXPOSED_HISTORY
SPY,2020-09,2,1,t,True,5,6947,-9218.003878289413,5,18480.23808253229,18446.007756578827,0.9946824839623907,True,EXPOSED_HISTORY
SPY,2020-10,1,1,normal,True,0,6968,-9441.733840152698,3,18910.01493086099,18889.467680305395,0.9859072005479621,False,EXPOSED_HISTORY
SPY,2020-10,1,1,t,True,1,6968,-9268.07841421298,4,18571.553162500088,18544.15682842596,0.9966334413296581,False,EXPOSED_HISTORY
SPY,2020-10,1,2,normal,True,2,6968,-9441.733840153905,4,18918.86401438194,18891.46768030781,0.9859071454135578,False,EXPOSED_HISTORY
SPY,2020-10,1,2,t,True,3,6968,-9268.078416484837,5,18580.402250562336,18546.156832969675,0.9966334879532137,False,EXPOSED_HISTORY
SPY,2020-10,2,1,normal,True,4,6968,-9434.86256092526,4,18905.121455924647,18877.72512185052,0.9822058467250603,False,EXPOSED_HISTORY
SPY,2020-10,2,1,t,True,5,6968,-9261.372543021898,5,18566.990503636458,18532.745086043797,0.9949860740954893,True,EXPOSED_HISTORY
SPY,2020-11,1,1,normal,True,0,6990,-9479.887834949739,3,18986.33237740516,18965.775669899478,0.9861543862326729,False,EXPOSED_HISTORY
SPY,2020-11,1,1,t,True,1,6990,-9305.229107601537,4,18645.867158543984,18618.458215203074,0.9967801340061097,False,EXPOSED_HISTORY
SPY,2020-11,1,2,normal,True,2,6990,-9479.887834951398,4,18995.184613243706,18967.775669902796,0.9861543639805516,False,EXPOSED_HISTORY
SPY,2020-11,1,2,t,True,3,6990,-9305.2291076027,5,18654.71939438154,18620.4582152054,0.9967801710457962,False,EXPOSED_HISTORY
SPY,2020-11,2,1,normal,True,4,6990,-9472.82716646013,4,18981.06327626117,18953.65433292026,0.9824184596928858,False,EXPOSED_HISTORY
SPY,2020-11,2,1,t,True,5,6990,-9298.44272486885,5,18641.14662891384,18606.8854497377,0.9951676827418368,True,EXPOSED_HISTORY
SPY,2020-12,1,1,normal,True,0,7010,-9510.360655193512,3,19047.28658932711,19026.721310387024,0.9859249109637908,False,EXPOSED_HISTORY
SPY,2020-12,1,1,t,True,1,7010,-9336.1738078956,4,18707.767987711315,18680.3476157912,0.9965733617636238,False,EXPOSED_HISTORY
SPY,2020-12,1,2,normal,True,2,7010,-9510.360655195762,4,19056.141682311638,19028.721310391524,0.9859248071994544,False,EXPOSED_HISTORY
SPY,2020-12,1,2,t,True,3,7010,-9336.173807899373,5,18716.62308069889,18682.347615798746,0.9965731653287375,False,EXPOSED_HISTORY
SPY,2020-12,2,1,normal,True,4,7010,-9503.30311546558,4,19042.026602851274,19014.60623093116,0.9821353336199072,False,EXPOSED_HISTORY
SPY,2020-12,2,1,t,True,5,7010,-9329.367214561746,5,18703.009894023635,18668.73442912349,0.9949003091384372,True,EXPOSED_HISTORY
SPY,2021-01,1,1,normal,True,0,7032,-9530.769546487256,3,19088.113772292607,19067.53909297451,0.9856532561749017,False,EXPOSED_HISTORY
SPY,2021-01,1,1,t,True,1,7032,-9355.940279465667,4,18747.313464688796,18719.880558931334,0.9963357934775489,False,EXPOSED_HISTORY
SPY,2021-01,1,2,normal,True,2,7032,-9530.769546488806,4,19096.971998735073,19069.53909297761,0.9856532067444616,False,EXPOSED_HISTORY
SPY,2021-01,1,2,t,True,3,7032,-9355.940280684776,5,18756.171693566375,18721.88056136955,0.996333836695947,False,EXPOSED_HISTORY
SPY,2021-01,2,1,normal,True,4,7032,-9523.476461257611,4,19082.385828272683,19054.952922515222,0.9818388174399476,False,EXPOSED_HISTORY
SPY,2021-01,2,1,t,True,5,7032,-9348.858438148758,5,18742.00800849434,18707.716876297516,0.9946380290148646,True,EXPOSED_HISTORY
SPY,2021-02,1,1,normal,True,0,7051,-9560.647999674924,3,19147.878773539003,19127.295999349848,0.9857495542697241,False,EXPOSED_HISTORY
SPY,2021-02,1,1,t,True,1,7051,-9385.243301432412,4,18805.9303017837,18778.486602864825,0.996479215815517,False,EXPOSED_HISTORY
SPY,2021-02,1,2,normal,True,2,7051,-9560.647999674944,4,19156.739698268764,19129.295999349888,0.9857495051603464,False,EXPOSED_HISTORY
SPY,2021-02,1,2,t,True,3,7051,-9385.243301441342,5,18814.791226531277,18780.486602882684,0.996479349322839,False,EXPOSED_HISTORY
SPY,2021-02,2,1,normal,True,4,7051,-9553.18486712421,4,19141.813433167295,19114.36973424842,0.9818808210696516,False,EXPOSED_HISTORY
SPY,2021-02,2,1,t,True,5,7051,-9378.16715162099,5,18800.638926890573,18766.33430324198,0.9947619890947965,True,EXPOSED_HISTORY
SPY,2021-03,1,1,normal,True,0,7070,-9586.775477455943,3,19200.14180218856,19179.550954911887,0.9856599375907497,False,EXPOSED_HISTORY
SPY,2021-03,1,1,t,True,1,7070,-9410.069382544356,4,18855.593228124275,18828.13876508871,0.9964062695255796,False,EXPOSED_HISTORY
SPY,2021-03,1,2,normal,True,2,7070,-9586.7754774527,4,19209.005417940964,19181.5509549054,0.9856599383056526,False,EXPOSED_HISTORY
SPY,2021-03,1,2,t,True,3,7070,-9410.069382595095,5,18864.456843984644,18830.13876519019,0.996406093069092,False,EXPOSED_HISTORY
SPY,2021-03,2,1,normal,True,4,7070,-9579.905954088319,4,19195.2663712122,19167.811908176638,0.981894227112667,False,EXPOSED_HISTORY
SPY,2021-03,2,1,t,True,5,7070,-9403.336896866478,5,18850.99187252741,18816.673793732956,0.9947004656063572,True,EXPOSED_HISTORY
SPY,2021-04,1,1,normal,True,0,7093,-9619.942432025899,3,19266.485455035403,19245.884864051797,0.9855362443871183,False,EXPOSED_HISTORY
SPY,2021-04,1,1,t,True,1,7093,-9443.528332287111,4,18922.52411921903,18895.056664574222,0.9963041812768061,False,EXPOSED_HISTORY
SPY,2021-04,1,2,normal,True,2,7093,-9619.942432023594,4,19275.352318691996,19247.884864047188,0.9855362169227498,False,EXPOSED_HISTORY
SPY,2021-04,1,2,t,True,3,7093,-9443.528332285583,5,18931.390982877176,18897.056664571166,0.9963041098788731,False,EXPOSED_HISTORY
SPY,2021-04,2,1,normal,True,4,7093,-9612.799937723943,4,19261.067330092694,19233.599875447886,0.9816424821369125,False,EXPOSED_HISTORY
SPY,2021-04,2,1,t,True,5,7093,-9436.490665738338,5,18917.315649782686,18882.981331476676,0.9945004170478261,True,EXPOSED_HISTORY
SPY,2021-05,1,1,normal,True,0,7114,-9642.510138726702,3,19311.62973731093,19291.020277453405,0.9854379427009015,False,EXPOSED_HISTORY
SPY,2021-05,1,1,t,True,1,7114,-9466.508780795579,4,18968.496841401193,18941.017561591158,0.9961550633415297,False,EXPOSED_HISTORY
SPY,2021-05,1,2,normal,True,2,7114,-9642.510138724603,4,19320.49955725924,19293.020277449206,0.9854379357845265,False,EXPOSED_HISTORY
SPY,2021-05,1,2,t,True,3,7114,-9466.508781601715,5,18977.36666296597,18943.01756320343,0.9961555183369375,False,EXPOSED_HISTORY
SPY,2021-05,2,1,normal,True,4,7114,-9635.449589733873,4,19306.37845927778,19278.899179467746,0.9815738797768987,False,EXPOSED_HISTORY
SPY,2021-05,2,1,t,True,5,7114,-9459.614638865809,5,18963.57837749416,18929.229277731618,0.9943467467098687,True,EXPOSED_HISTORY
SPY,2021-06,1,1,normal,True,0,7134,-9668.486372020348,3,19363.59062613845,19342.972744040697,0.9853423774597159,False,EXPOSED_HISTORY
SPY,2021-06,1,1,t,True,1,7134,-9492.67969198343,4,19020.849893430535,18993.35938396686,0.9960656778090997,False,EXPOSED_HISTORY
SPY,2021-06,1,2,normal,True,2,7134,-9668.486372018724,4,19372.463253501122,19344.972744037448,0.985342333645014,False,EXPOSED_HISTORY
SPY,2021-06,1,2,t,True,3,7134,-9492.679691979898,5,19029.72252078939,18995.359383959796,0.9960657327381919,False,EXPOSED_HISTORY
SPY,2021-06,2,1,normal,True,4,7134,-9661.532660832687,4,19358.555831129048,19331.065321665374,0.9814389550682628,False,EXPOSED_HISTORY
SPY,2021-06,2,1,t,True,5,7134,-9485.95235064628,5,19016.267838122152,18981.90470129256,0.9942088522581519,True,EXPOSED_HISTORY
SPY,2021-07,1,1,normal,True,0,7156,-9687.942635805548,3,19402.512390944983,19381.885271611096,0.9851828545881223,False,EXPOSED_HISTORY
SPY,2021-07,1,1,t,True,1,7156,-9510.880959654965,4,19057.264745088447,19029.76191930993,0.9960159327153624,False,EXPOSED_HISTORY
SPY,2021-07,1,2,normal,True,2,7156,-9687.942635804236,4,19411.38809738699,19383.885271608473,0.9851828059777388,False,EXPOSED_HISTORY
SPY,2021-07,1,2,t,True,3,7156,-9510.880960128403,5,19066.140452479947,19031.761920256806,0.9960161662710312,False,EXPOSED_HISTORY
SPY,2021-07,2,1,normal,True,4,7156,-9681.254016789302,4,19398.01085935712,19370.508033578604,0.9812794181302896,False,EXPOSED_HISTORY
SPY,2021-07,2,1,t,True,5,7156,-9504.470910948647,5,19053.320354120435,19018.941821897293,0.9941509801479621,True,EXPOSED_HISTORY
SPY,2021-08,1,1,normal,True,0,7177,-9710.92841804709,3,19448.49274633647,19427.85683609418,0.9851243027367919,False,EXPOSED_HISTORY
SPY,2021-08,1,1,t,True,1,7177,-9534.531103338055,4,19104.57675366583,19077.06220667611,0.9958540973786727,False,EXPOSED_HISTORY
SPY,2021-08,1,2,normal,True,2,7177,-9710.92841804809,4,19457.3713830859,19429.85683609618,0.9851241417190397,False,EXPOSED_HISTORY
SPY,2021-08,1,2,t,True,3,7177,-9534.531103350746,5,19113.45539043864,19079.062206701492,0.9958538793226253,False,EXPOSED_HISTORY
SPY,2021-08,2,1,normal,True,4,7177,-9704.59525764875,4,19444.705062287223,19417.1905152975,0.9812823677222225,False,EXPOSED_HISTORY
SPY,2021-08,2,1,t,True,5,7177,-9528.501611362875,5,19101.3964064629,19067.00322272575,0.9939769089068401,True,EXPOSED_HISTORY
SPY,2021-09,1,1,normal,True,0,7199,-9729.384925247294,3,19485.414942713996,19464.769850494587,0.9850965107800399,False,EXPOSED_HISTORY
SPY,2021-09,1,1,t,True,1,7199,-9552.88203829347,4,19141.290866212817,19113.76407658694,0.9957431784409952,False,EXPOSED_HISTORY
SPY,2021-09,1,2,normal,True,2,7199,-9729.384925246193,4,19494.296640118264,19466.769850492386,0.9850964655733536,False,EXPOSED_HISTORY
SPY,2021-09,1,2,t,True,3,7199,-9552.882038291662,5,19150.17256361567,19115.764076583324,0.9957433633356435,False,EXPOSED_HISTORY
SPY,2021-09,2,1,normal,True,4,7199,-9723.102580455346,4,19481.73195053657,19454.205160910693,0.9812540370490392,False,EXPOSED_HISTORY
SPY,2021-09,2,1,t,True,5,7199,-9546.91321616651,5,19138.234919365364,19103.82643233302,0.9938328372220846,True,EXPOSED_HISTORY
SPY,2021-10,1,1,normal,True,0,7220,-9754.451482877135,3,19535.55679644993,19514.90296575427,0.9850791697576705,False,EXPOSED_HISTORY
SPY,2021-10,1,1,t,True,1,7220,-9578.287033299526,4,19192.1125075266,19164.574066599052,0.9956972199585643,False,EXPOSED_HISTORY
SPY,2021-10,1,2,normal,True,2,7220,-9754.451482876088,4,19544.44140667972,19516.902965752175,0.9850791107064665,False,EXPOSED_HISTORY
SPY,2021-10,1,2,t,True,3,7220,-9578.287033512353,5,19200.997118184143,19166.574067024707,0.9956978078298497,False,EXPOSED_HISTORY
SPY,2021-10,2,1,normal,True,4,7220,-9747.941596104265,4,19531.421633136077,19503.88319220853,0.9811729302803514,False,EXPOSED_HISTORY
SPY,2021-10,2,1,t,True,5,7220,-9571.989261183424,5,19188.401573526284,19153.978522366848,0.9937296558825881,True,EXPOSED_HISTORY
SPY,2021-11,1,1,normal,True,0,7241,-9778.449548239427,3,19583.56164027102,19562.899096478854,0.9849327826796915,False,EXPOSED_HISTORY
SPY,2021-11,1,1,t,True,1,7241,-9602.191817856889,4,19239.933694103333,19212.383635713777,0.9955351583207442,False,EXPOSED_HISTORY
SPY,2021-11,1,2,normal,True,2,7241,-9778.449548241206,4,19592.449154871967,19564.89909648241,0.9849325805589716,False,EXPOSED_HISTORY
SPY,2021-11,1,2,t,True,3,7241,-9602.191817857793,5,19248.821208702528,19214.383635715585,0.9955352912534252,False,EXPOSED_HISTORY
SPY,2021-11,2,1,normal,True,4,7241,-9771.966114905943,4,19579.48228820144,19551.932229811886,0.9809954587475748,False,EXPOSED_HISTORY
SPY,2021-11,2,1,t,True,5,7241,-9595.91344108364,5,19236.26445515422,19201.82688216728,0.9935225696906048,True,EXPOSED_HISTORY
SPY,2021-12,1,1,normal,True,0,7262,-9804.003533988187,3,19634.678299632298,19614.007067976374,0.9845516464618643,False,EXPOSED_HISTORY
SPY,2021-12,1,1,t,True,1,7262,-9624.378197565473,4,19284.318037338842,19256.756395130946,0.9956670411429579,False,EXPOSED_HISTORY
SPY,2021-12,1,2,normal,True,2,7262,-9804.003533987981,4,19643.56871018386,19616.007067975963,0.9845516132741211,False,EXPOSED_HISTORY
SPY,2021-12,1,2,t,True,3,7262,-9624.378197561127,5,19293.208447882127,19258.756395122255,0.9956667705178288,False,EXPOSED_HISTORY
SPY,2021-12,2,1,normal,True,4,7262,-9797.581857312196,4,19630.72535683229,19603.163714624392,0.980488272907428,False,EXPOSED_HISTORY
SPY,2021-12,2,1,t,True,5,7262,-9618.221224648529,5,19280.89450205693,19246.442449297057,0.9936741167560215,True,EXPOSED_HISTORY
SPY,2022-01,1,1,normal,True,0,7284,-9836.62448362149,3,19699.92927356552,19679.24896724298,0.9844522353331462,False,EXPOSED_HISTORY
SPY,2022-01,1,1,t,True,1,7284,-9658.073941304941,4,19351.721624373273,19324.147882609883,0.9955490491538332,False,EXPOSED_HISTORY
SPY,2022-01,1,2,normal,True,2,7284,-9836.624483622321,4,19708.822709008033,19681.248967244643,0.9844521046729291,False,EXPOSED_HISTORY
SPY,2022-01,1,2,t,True,3,7284,-9658.07394130482,5,19360.615059813877,19326.14788260964,0.9955491291804718,False,EXPOSED_HISTORY
SPY,2022-01,2,1,normal,True,4,7284,-9830.174331126313,4,19695.922404016015,19668.348662252625,0.980342595109186,False,EXPOSED_HISTORY
SPY,2022-01,2,1,t,True,5,7284,-9651.796189701672,5,19348.059556607583,19313.592379403344,0.9934860242210611,True,EXPOSED_HISTORY
SPY,2022-02,1,1,normal,True,0,7304,-9869.212534107302,3,19765.11360048143,19744.425068214605,0.9847021793440681,False,EXPOSED_HISTORY
SPY,2022-02,1,1,t,True,1,7304,-9691.160704982383,4,19417.906119653864,19390.321409964767,0.9957722295217393,False,EXPOSED_HISTORY
SPY,2022-02,1,2,normal,True,2,7304,-9869.21253410706,4,19774.00977790322,19746.42506821412,0.984702113240182,False,EXPOSED_HISTORY
SPY,2022-02,1,2,t,True,3,7304,-9691.160704983859,5,19426.80229707909,19392.321409967717,0.9957723950633393,False,EXPOSED_HISTORY
SPY,2022-02,2,1,normal,True,4,7304,-9862.59428483089,4,19760.773279350877,19733.18856966178,0.9805930807941462,False,EXPOSED_HISTORY
SPY,2022-02,2,1,t,True,5,7304,-9684.731132418172,5,19413.94315194772,19379.462264836344,0.9937392059978,True,EXPOSED_HISTORY
SPY,2022-03,1,1,normal,True,0,7323,-9902.952488914098,3,19832.60130390538,19811.904977828195,0.9848114374501065,False,EXPOSED_HISTORY
SPY,2022-03,1,1,t,True,1,7323,-9726.071998893052,4,19487.739099222348,19460.143997786105,0.9958844766592746,False,EXPOSED_HISTORY
SPY,2022-03,1,2,normal,True,2,7323,-9902.95248891528,4,19841.500079266803,19813.90497783056,0.9848113652514718,False,EXPOSED_HISTORY
SPY,2022-03,1,2,t,True,3,7323,-9726.072000306467,5,19496.63787740824,19462.144000612934,0.9958838229694349,False,EXPOSED_HISTORY
SPY,2022-03,2,1,normal,True,4,7323,-9896.23285656323,4,19828.060814562705,19800.46571312646,0.9806883389611893,False,EXPOSED_HISTORY
SPY,2022-03,2,1,t,True,5,7323,-9719.482238412795,5,19483.458353620896,19448.96447682559,0.9938425509094543,True,EXPOSED_HISTORY
SPY,2022-04,1,1,normal,True,0,7346,-9944.458216097162,3,19915.622165873465,19894.916432194324,0.9848377085812119,False,EXPOSED_HISTORY
SPY,2022-04,1,1,t,True,1,7346,-9768.546239110492,4,19572.700123126502,19545.092478220984,0.995913853677817,False,EXPOSED_HISTORY
SPY,2022-04,1,2,normal,True,2,7346,-9944.45821609729,4,19924.524077100097,19896.91643219458,0.9848376459343243,False,EXPOSED_HISTORY
SPY,2022-04,1,2,t,True,3,7346,-9768.546239112207,5,19581.602034356314,19547.092478224415,0.995913981208033,False,EXPOSED_HISTORY
SPY,2022-04,2,1,normal,True,4,7346,-9937.590900672336,4,19910.78944625019,19883.181801344672,0.9806632137040271,False,EXPOSED_HISTORY
SPY,2022-04,2,1,t,True,5,7346,-9761.78582457031,5,19568.08120527252,19533.57164914062,0.9938384583613218,True,EXPOSED_HISTORY
SPY,2022-05,1,1,normal,True,0,7366,-9982.368992420268,3,19991.45187513155,19970.737984840536,0.9851555576698612,False,EXPOSED_HISTORY
SPY,2022-05,1,1,t,True,1,7366,-9807.15771075115,4,19649.93394189032,19622.3154215023,0.9962911227016308,False,EXPOSED_HISTORY
SPY,2022-05,1,2,normal,True,2,7366,-9982.368992420757,4,20000.356505229534,19972.737984841515,0.9851555381452545,False,EXPOSED_HISTORY
SPY,2022-05,1,2,t,True,3,7366,-9807.157710752057,5,19658.838571989138,19624.315421504114,0.9962913491105826,False,EXPOSED_HISTORY
SPY,2022-05,2,1,normal,True,4,7366,-9975.157581667447,4,19985.933683722913,19958.315163334893,0.9809206775408268,False,EXPOSED_HISTORY
SPY,2022-05,2,1,t,True,5,7366,-9800.013832465454,5,19644.550815415932,19610.02766493091,0.9942199289828149,True,EXPOSED_HISTORY
SPY,2022-06,1,1,normal,True,0,7387,-10026.745417937247,3,20080.21326680708,20059.490835874494,0.9852281439640637,False,EXPOSED_HISTORY
SPY,2022-06,1,1,t,True,1,7387,-9851.907569199975,4,19739.445046310066,19711.81513839995,0.9963554076800715,False,EXPOSED_HISTORY
SPY,2022-06,1,2,normal,True,2,7387,-10026.745417937025,4,20089.120743784166,20061.49083587405,0.9852281602703897,False,EXPOSED_HISTORY
SPY,2022-06,1,2,t,True,3,7387,-9851.907569200288,5,19748.35252328822,19713.815138400576,0.9963558466645355,False,EXPOSED_HISTORY
SPY,2022-06,2,1,normal,True,4,7387,-10019.4760856942,4,20074.582079298514,20046.9521713884,0.9810028509974296,False,EXPOSED_HISTORY
SPY,2022-06,2,1,t,True,5,7387,-9844.6064330929,5,19733.750251073445,19699.2128661858,0.9942630945266148,True,EXPOSED_HISTORY
SPY,2022-07,1,1,normal,True,0,7408,-10070.490012679422,3,20167.710972687823,20146.980025358844,0.9853742491508147,False,EXPOSED_HISTORY
SPY,2022-07,1,1,t,True,1,7408,-9896.265449488761,4,19828.172162082825,19800.530898977522,0.996492597093346,False,EXPOSED_HISTORY
SPY,2022-07,1,2,normal,True,2,7408,-10070.490012678787,4,20176.621288462877,20148.980025357574,0.9853742018421606,False,EXPOSED_HISTORY
SPY,2022-07,1,2,t,True,3,7408,-9896.265451707088,5,19837.082482295806,19802.530903414176,0.9964928859558482,False,EXPOSED_HISTORY
SPY,2022-07,2,1,normal,True,4,7408,-10063.445197887944,4,20162.53165888119,20134.89039577589,0.9812883047982208,False,EXPOSED_HISTORY
SPY,2022-07,2,1,t,True,5,7408,-9889.101425289311,5,19822.754429460252,19788.202850578622,0.9944901280585103,True,EXPOSED_HISTORY
SPY,2022-08,1,1,normal,True,0,7428,-10104.604705908245,3,20235.94844758391,20215.20941181649,0.9853334985192157,False,EXPOSED_HISTORY
SPY,2022-08,1,1,t,True,1,7428,-9930.549915011576,4,19896.751877713043,19869.09983002315,0.9964105797061734,False,EXPOSED_HISTORY
SPY,2022-08,1,2,normal,True,2,7428,-10104.604705907695,4,20244.861459505282,20217.20941181539,0.985333452773158,False,EXPOSED_HISTORY
SPY,2022-08,1,2,t,True,3,7428,-9930.549915680935,5,19905.664890974233,19871.09983136187,0.9964106025326016,False,EXPOSED_HISTORY
SPY,2022-08,2,1,normal,True,4,7428,-10097.525478146908,4,20230.70300398371,20203.050956293817,0.9812569668147203,False,EXPOSED_HISTORY
SPY,2022-08,2,1,t,True,5,7428,-9923.378314848189,5,19891.32168930874,19856.756629696378,0.9944311317427217,True,EXPOSED_HISTORY
SPY,2022-09,1,1,normal,True,0,7451,-10143.330005552589,3,20313.40832169684,20292.660011105178,0.9854828562857473,False,EXPOSED_HISTORY
SPY,2022-09,1,1,t,True,1,7451,-9968.260150789083,4,19972.18471570038,19944.520301578166,0.996476898012921,False,EXPOSED_HISTORY
SPY,2022-09,1,2,normal,True,2,7451,-10143.330005554635,4,20322.324425231483,20294.66001110927,0.9854829265880058,False,EXPOSED_HISTORY
SPY,2022-09,1,2,t,True,3,7451,-9968.260150790129,5,19981.100819233026,19946.520301580258,0.9964768669657483,False,EXPOSED_HISTORY
SPY,2022-09,2,1,normal,True,4,7451,-10136.484190416915,4,20308.632794956044,20280.96838083383,0.9815369470103751,False,EXPOSED_HISTORY
SPY,2022-09,2,1,t,True,5,7451,-9961.151364366215,5,19966.883246385198,19932.30272873243,0.9945598406512172,True,EXPOSED_HISTORY
SPY,2022-10,1,1,normal,True,0,7472,-10184.526664020364,3,20395.810081980457,20375.05332804073,0.9857819102583558,False,EXPOSED_HISTORY
SPY,2022-10,1,1,t,True,1,7472,-10008.4426723712,4,20052.561016662035,20024.8853447424,0.9966653636811783,False,EXPOSED_HISTORY
SPY,2022-10,1,2,normal,True,2,7472,-10184.526664018638,4,20404.72899995691,20377.053328037277,0.9857818461440542,False,EXPOSED_HISTORY
SPY,2022-10,1,2,t,True,3,7472,-10008.442672370087,5,20061.47993463972,20026.885344740174,0.9966654229960439,False,EXPOSED_HISTORY
SPY,2022-10,2,1,normal,True,4,7472,-10177.672421137591,4,20391.020514194817,20363.344842275183,0.9818923966046261,False,EXPOSED_HISTORY
SPY,2022-10,2,1,t,True,5,7472,-10001.304207758873,5,20047.20300541729,20012.608415517745,0.994790109214387,True,EXPOSED_HISTORY
SPY,2022-11,1,1,normal,True,0,7493,-10226.736409766057,3,20480.237993123206,20459.472819532115,0.9859019748574207,False,EXPOSED_HISTORY
SPY,2022-11,1,1,t,True,1,7493,-10051.684929782212,4,20139.05675768588,20111.369859564424,0.9967936433594472,False,EXPOSED_HISTORY
SPY,2022-11,1,2,normal,True,2,7493,-10226.736409765403,4,20489.159717652263,20461.472819530805,0.9859018768812257,False,EXPOSED_HISTORY
SPY,2022-11,1,2,t,True,3,7493,-10051.684929786881,5,20147.978482225582,20113.369859573762,0.9967938845161443,False,EXPOSED_HISTORY
SPY,2022-11,2,1,normal,True,4,7493,-10219.93526752092,4,20475.557433163296,20447.87053504184,0.9820608828102818,False,EXPOSED_HISTORY
SPY,2022-11,2,1,t,True,5,7493,-10044.601564140446,5,20133.811750932713,20099.203128280893,0.9949649069770321,True,EXPOSED_HISTORY
SPY,2022-12,1,1,normal,True,0,7514,-10270.488333449266,3,20567.750236576932,20546.976666898532,0.9863205002053103,False,EXPOSED_HISTORY
SPY,2022-12,1,1,t,True,1,7514,-10093.177237599495,4,20222.052568103525,20194.35447519899,0.9969739905720968,False,EXPOSED_HISTORY
SPY,2022-12,1,2,normal,True,2,7514,-10270.488333450881,4,20576.674759806298,20548.976666901763,0.9863203867932455,False,EXPOSED_HISTORY
SPY,2022-12,1,2,t,True,3,7514,-10093.17723759778,5,20230.97709132623,20196.35447519556,0.9969741459707846,False,EXPOSED_HISTORY
SPY,2022-12,2,1,normal,True,4,7514,-10264.280674131682,4,20564.2594411679,20536.561348263363,0.9828056752361336,False,EXPOSED_HISTORY
SPY,2022-12,2,1,t,True,5,7514,-10086.36178145936,5,20217.34617904939,20182.72356291872,0.9952662957987588,True,EXPOSED_HISTORY
SPY,2023-01,1,1,normal,True,0,7535,-10304.198703408261,3,20635.179349149705,20614.397406816523,0.9862042539016318,False,EXPOSED_HISTORY
SPY,2023-01,1,1,t,True,1,7535,-10127.216943854935,4,20290.143144154114,20262.43388770987,0.9968288608103859,False,EXPOSED_HISTORY
SPY,2023-01,1,2,normal,True,2,7535,-10304.19870340831,4,20644.106663260864,20616.39740681662,0.9862042328989777,False,EXPOSED_HISTORY
SPY,2023-01,1,2,t,True,3,7535,-10127.21694385357,5,20299.070458262442,20264.43388770714,0.9968289801062505,False,EXPOSED_HISTORY
SPY,2023-01,2,1,normal,True,4,7535,-10297.928328617574,4,20631.56591367939,20603.85665723515,0.9826788851975222,False,EXPOSED_HISTORY
SPY,2023-01,2,1,t,True,5,7535,-10120.35954068757,5,20285.355651930444,20250.71908137514,0.9951164950941914,True,EXPOSED_HISTORY
SPY,2023-02,1,1,normal,True,0,7555,-10334.40364486815,3,20695.597184360424,20674.8072897363,0.9862091074951936,False,EXPOSED_HISTORY
SPY,2023-02,1,1,t,True,1,7555,-10157.951705140116,4,20351.62326977906,20323.903410280232,0.9968014692701023,False,EXPOSED_HISTORY
SPY,2023-02,1,2,normal,True,2,7555,-10334.403644866303,4,20704.52714923143,20676.807289732606,0.9862090634566751,False,EXPOSED_HISTORY
SPY,2023-02,1,2,t,True,3,7555,-10157.951705141782,5,20360.553234657098,20325.903410283565,0.9968015494015776,False,EXPOSED_HISTORY
SPY,2023-02,2,1,normal,True,4,7555,-10328.21667222745,4,20692.153203953727,20664.4333444549,0.9827291837970117,False,EXPOSED_HISTORY
SPY,2023-02,2,1,t,True,5,7555,-10151.192962831987,5,20347.035750037507,20312.385925663973,0.9951191023231902,True,EXPOSED_HISTORY
SPY,2023-03,1,1,normal,True,0,7574,-10361.188715897395,3,20749.174861620177,20728.37743179479,0.9861621426522432,False,EXPOSED_HISTORY
SPY,2023-03,1,1,t,True,1,7574,-10185.164151083214,4,20406.058208600276,20378.32830216643,0.9967290498915046,False,EXPOSED_HISTORY
SPY,2023-03,1,2,normal,True,2,7574,-10361.18871589655,4,20758.107338226946,20730.3774317931,0.9861621935413032,False,EXPOSED_HISTORY
SPY,2023-03,1,2,t,True,3,7574,-10185.16415109076,5,20414.990685223827,20380.32830218152,0.9967290585385471,False,EXPOSED_HISTORY
SPY,2023-03,2,1,normal,True,4,7574,-10354.893884011335,4,20745.517674456518,20717.78776802267,0.9826380058989443,False,EXPOSED_HISTORY
SPY,2023-03,2,1,t,True,5,7574,-10178.278493584363,5,20401.219370211034,20366.556987168726,0.9950134877562914,True,EXPOSED_HISTORY
SPY,2023-04,1,1,normal,True,0,7597,-10397.324934090695,3,20821.4563943159,20800.64986818139,0.9862509672360292,False,EXPOSED_HISTORY
SPY,2023-04,1,1,t,True,1,7597,-10222.683155007391,4,20481.108344860797,20453.366310014782,0.9967979465713446,False,EXPOSED_HISTORY
SPY,2023-04,1,2,normal,True,2,7597,-10397.324934090633,4,20830.39190302728,20802.649868181266,0.9862509518485524,False,EXPOSED_HISTORY
SPY,2023-04,1,2,t,True,3,7597,-10222.683155004415,5,20490.043853566345,20455.36631000883,0.9967981980971609,False,EXPOSED_HISTORY
SPY,2023-04,2,1,normal,True,4,7597,-10390.837985058373,4,20817.41800496276,20789.675970116747,0.9826737147426363,False,EXPOSED_HISTORY
SPY,2023-04,2,1,t,True,5,7597,-10215.565321449863,5,20475.80818645724,20441.130642899727,0.9950549330889626,True,EXPOSED_HISTORY
SPY,2023-05,1,1,normal,True,0,7616,-10420.26501384779,3,20867.34404742499,20846.53002769558,0.9861106316528682,False,EXPOSED_HISTORY
SPY,2023-05,1,1,t,True,1,7616,-10244.570067495752,4,20524.892161297386,20497.140134991503,0.9967078074398414,False,EXPOSED_HISTORY
SPY,2023-05,1,2,normal,True,2,7616,-10420.265013847547,4,20876.282054000978,20848.530027695095,0.9861105873078962,False,EXPOSED_HISTORY
SPY,2023-05,1,2,t,True,3,7616,-10244.570067494935,5,20533.830167872227,20499.14013498987,0.9967079762804094,False,EXPOSED_HISTORY
SPY,2023-05,2,1,normal,True,4,7616,-10413.594199323565,4,20862.940424953013,20835.18839864713,0.9824344377036331,False,EXPOSED_HISTORY
SPY,2023-05,2,1,t,True,5,7616,-10237.293288287798,5,20519.276609457953,20484.586576575595,0.994921702444593,True,EXPOSED_HISTORY
SPY,2023-06,1,1,normal,True,0,7638,-10446.963321888301,3,20920.74931697996,20899.926643776602,0.9860465984275216,False,EXPOSED_HISTORY
SPY,2023-06,1,1,t,True,1,7638,-10271.57192226803,4,20578.907408807205,20551.14384453606,0.9965956751581863,False,EXPOSED_HISTORY
SPY,2023-06,1,2,normal,True,2,7638,-10446.96332188473,4,20929.690208040603,20901.92664376946,0.9860467365757442,False,EXPOSED_HISTORY
SPY,2023-06,1,2,t,True,3,7638,-10271.571922267685,5,20587.8482998743,20553.14384453537,0.9965956760375658,False,EXPOSED_HISTORY
SPY,2023-06,2,1,normal,True,4,7638,-10440.365312877271,4,20916.494190025685,20888.730625754542,0.9823801284342412,False,EXPOSED_HISTORY
SPY,2023-06,2,1,t,True,5,7638,-10264.376588212937,5,20573.457631764802,20538.753176425875,0.9947923492092811,True,EXPOSED_HISTORY
SPY,2023-07,1,1,normal,True,0,7659,-10470.182065513076,3,20967.19504114388,20946.364131026152,0.9860013225292509,False,EXPOSED_HISTORY
SPY,2023-07,1,1,t,True,1,7659,-10295.281888493839,4,20626.338323811317,20598.563776987678,0.9964851841632839,False,EXPOSED_HISTORY
SPY,2023-07,1,2,normal,True,2,7659,-10470.182065517489,4,20976.138677858617,20948.364131034978,0.9860013493229929,False,EXPOSED_HISTORY
SPY,2023-07,1,2,t,True,3,7659,-10295.281888494635,5,20635.28196051882,20600.56377698927,0.9964853505435068,False,EXPOSED_HISTORY
SPY,2023-07,2,1,normal,True,4,7659,-10463.5358525855,4,20962.84625199464,20935.071705171,0.9823155414063275,False,EXPOSED_HISTORY
SPY,2023-07,2,1,t,True,5,7659,-10288.008870034548,5,20620.735923598644,20586.017740069095,0.9946551709763903,True,EXPOSED_HISTORY
SPY,2023-08,1,1,normal,True,0,7679,-10486.98462148466,3,21000.80797679731,20979.96924296932,0.9859859803450671,False,EXPOSED_HISTORY
SPY,2023-08,1,1,t,True,1,7679,-10311.908555057984,4,20659.60208855329,20631.817110115968,0.9963936837620432,False,EXPOSED_HISTORY
SPY,2023-08,1,2,normal,True,2,7679,-10486.98462148687,4,21009.75422141106,20981.96924297374,0.9859860343180057,False,EXPOSED_HISTORY
SPY,2023-08,1,2,t,True,3,7679,-10311.908555057884,5,20668.54833316242,20633.817110115768,0.9963939850922693,False,EXPOSED_HISTORY
SPY,2023-08,2,1,normal,True,4,7679,-10480.344874757753,4,20996.474727952827,20968.689749515506,0.9823122482496198,False,EXPOSED_HISTORY
SPY,2023-08,2,1,t,True,5,7679,-10304.627314297893,5,20653.98585164244,20619.254628595787,0.9945509461938317,True,EXPOSED_HISTORY
SPY,2023-09,1,1,normal,True,0,7702,-10514.037224156536,3,21054.922154256197,21034.074448313073,0.9859569820426001,False,EXPOSED_HISTORY
SPY,2023-09,1,1,t,True,1,7702,-10339.958427448986,4,20715.713796155473,20687.916854897972,0.9962567505536155,False,EXPOSED_HISTORY
SPY,2023-09,1,2,normal,True,2,7702,-10514.037224159112,4,21063.871389575725,21036.074448318224,0.9859569801424646,False,EXPOSED_HISTORY
SPY,2023-09,1,2,t,True,3,7702,-10339.958427444439,5,20724.66303146075,20689.916854888877,0.9962571832935952,False,EXPOSED_HISTORY
SPY,2023-09,2,1,normal,True,4,7702,-10507.413789114593,4,21050.624519486686,21022.827578229186,0.9822870559771462,False,EXPOSED_HISTORY
SPY,2023-09,2,1,t,True,5,7702,-10332.651079867737,5,20710.048336307347,20675.302159735475,0.9943869255746745,True,EXPOSED_HISTORY
SPY,2023-10,1,1,normal,True,0,7722,-10536.49916227554,3,21099.853810581553,21078.99832455108,0.9859196042852576,False,EXPOSED_HISTORY
SPY,2023-10,1,1,t,True,1,7722,-10362.392682051966,4,20760.59267881123,20732.785364103933,0.9961882016369742,False,EXPOSED_HISTORY
SPY,2023-10,1,2,normal,True,2,7722,-10536.499162279468,4,21108.805639266233,21080.998324558936,0.9859196831718408,False,EXPOSED_HISTORY
SPY,2023-10,1,2,t,True,3,7722,-10362.39268205221,5,20769.544507488543,20734.78536410442,0.9961882030710718,False,EXPOSED_HISTORY
SPY,2023-10,2,1,normal,True,4,7722,-10529.97481471803,4,21095.75694414336,21067.94962943606,0.9822558097536913,False,EXPOSED_HISTORY
SPY,2023-10,2,1,t,True,5,7722,-10355.151591422431,5,20755.062326228985,20720.303182844862,0.99430705306232,True,EXPOSED_HISTORY
SPY,2023-11,1,1,normal,True,0,7744,-10564.908998941592,3,21156.682018770054,21135.817997883183,0.9859345116097374,False,EXPOSED_HISTORY
SPY,2023-11,1,1,t,True,1,7744,-10392.176716910217,4,20820.17212833626,20792.353433820434,0.9961251373898407,False,EXPOSED_HISTORY
SPY,2023-11,1,2,normal,True,2,7744,-10564.908998944757,4,21165.63669240534,21137.817997889513,0.9859347326584678,False,EXPOSED_HISTORY
SPY,2023-11,1,2,t,True,3,7744,-10392.176716945514,5,20829.12680203581,20794.35343389103,0.9961255547142902,False,EXPOSED_HISTORY
SPY,2023-11,2,1,normal,True,4,7744,-10558.281263857227,4,21152.38122223028,21124.562527714454,0.98224520686804,False,EXPOSED_HISTORY
SPY,2023-11,2,1,t,True,5,7744,-10384.798101342298,5,20814.369570829378,20779.596202684595,0.9942153039359014,True,EXPOSED_HISTORY
SPY,2023-12,1,1,normal,True,0,7765,-10590.142797490644,3,21207.157740188035,21186.285594981287,0.9857885943733052,False,EXPOSED_HISTORY
SPY,2023-12,1,1,t,True,1,7765,-10416.756182874666,4,20869.341892691664,20841.51236574933,0.9960212670813128,False,EXPOSED_HISTORY
SPY,2023-12,1,2,normal,True,2,7765,-10590.142797490375,4,21216.11512192308,21188.28559498075,0.9857885924375211,False,EXPOSED_HISTORY
SPY,2023-12,1,2,t,True,3,7765,-10416.756182880044,5,20878.299274438003,20843.51236576009,0.9960214539965502,False,EXPOSED_HISTORY
SPY,2023-12,2,1,normal,True,4,7765,-10583.45078875631,4,21202.731104454953,21174.90157751262,0.9820423221956245,False,EXPOSED_HISTORY
SPY,2023-12,2,1,t,True,5,7765,-10409.31566554492,5,20863.418239767754,20828.63133108984,0.9940605134587425,True,EXPOSED_HISTORY
SPY,2024-01,1,1,normal,True,0,7785,-10609.874170536032,3,21246.628203324868,21225.748341072063,0.9857375024709586,False,EXPOSED_HISTORY
SPY,2024-01,1,1,t,True,1,7785,-10436.433060056126,4,20908.705936449325,20880.866120112252,0.9959400681277722,False,EXPOSED_HISTORY
SPY,2024-01,1,2,normal,True,2,7785,-10609.874170534016,4,21255.588157405105,21227.748341068032,0.9857374440078994,False,EXPOSED_HISTORY
SPY,2024-01,1,2,t,True,3,7785,-10436.433060961626,5,20917.665892344594,20882.866121923253,0.9959403267516339,False,EXPOSED_HISTORY
SPY,2024-01,2,1,normal,True,4,7785,-10603.245185430778,4,21242.33018719863,21214.490370861557,0.9819968444275058,False,EXPOSED_HISTORY
SPY,2024-01,2,1,t,True,5,7785,-10429.149446827738,5,20903.098664076817,20868.298893655476,0.9939630648593923,True,EXPOSED_HISTORY
SPY,2024-02,1,1,normal,True,0,7806,-10632.791932672802,3,21292.471809188828,21271.583865345605,0.9857107284478851,False,EXPOSED_HISTORY
SPY,2024-02,1,1,t,True,1,7806,-10459.222859097612,4,20954.296309986184,20926.445718195224,0.99588560960799,False,EXPOSED_HISTORY
SPY,2024-02,1,2,normal,True,2,7806,-10632.79193267028,4,21301.43445713152,21273.58386534056,0.9857105754474682,False,EXPOSED_HISTORY
SPY,2024-02,1,2,t,True,3,7806,-10459.222859096208,5,20963.258957931117,20928.445718192415,0.9958857513685363,False,EXPOSED_HISTORY
SPY,2024-02,2,1,normal,True,4,7806,-10626.121219360668,4,21288.093030512297,21260.242438721336,0.9819577162128341,False,EXPOSED_HISTORY
SPY,2024-02,2,1,t,True,5,7806,-10451.896094427168,5,20948.605428593037,20913.792188854335,0.9939003383798882,True,EXPOSED_HISTORY
SPY,2024-03,1,1,normal,True,0,7826,-10657.452446869916,3,21341.800514148144,21320.904893739833,0.9856927253479733,False,EXPOSED_HISTORY
SPY,2024-03,1,1,t,True,1,7826,-10483.420994089098,4,21002.70281538928,20974.841988178196,0.9958459671021067,False,EXPOSED_HISTORY
SPY,2024-03,1,2,normal,True,2,7826,-10657.452446869796,4,21350.765720950676,21322.904893739593,0.985692709568405,False,EXPOSED_HISTORY
SPY,2024-03,1,2,t,True,3,7826,-10483.42099408994,5,21011.66802219373,20976.84198817988,0.9958461530747806,False,EXPOSED_HISTORY
SPY,2024-03,2,1,normal,True,4,7826,-10650.938216933922,4,21337.737261078928,21309.876433867845,0.981975598776633,False,EXPOSED_HISTORY
SPY,2024-03,2,1,t,True,5,7826,-10476.339230733945,5,20997.504495481742,20962.67846146789,0.9938706611676857,True,EXPOSED_HISTORY
SPY,2024-04,1,1,normal,True,0,7846,-10676.91144790191,3,21380.726173184128,21359.82289580382,0.9856483013867867,False,EXPOSED_HISTORY
SPY,2024-04,1,1,t,True,1,7846,-10503.04812958522,4,21041.967295677518,21014.09625917044,0.995753502754288,False,EXPOSED_HISTORY
SPY,2024-04,1,2,normal,True,2,7846,-10676.911447897486,4,21389.69393230205,21361.822895794972,0.9856481444359746,False,EXPOSED_HISTORY
SPY,2024-04,1,2,t,True,3,7846,-10503.048129592014,5,21050.935054817877,21016.09625918403,0.9957538698231752,False,EXPOSED_HISTORY
SPY,2024-04,2,1,normal,True,4,7846,-10670.303702935907,4,21376.47844237889,21348.607405871815,0.981903511396945,False,EXPOSED_HISTORY
SPY,2024-04,2,1,t,True,5,7846,-10495.840299785967,5,21036.51939520578,21001.680599571933,0.993752281864513,True,EXPOSED_HISTORY
SPY,2024-05,1,1,normal,True,0,7868,-10704.673907599172,3,21436.25949273687,21415.347815198344,0.9856465936448695,False,EXPOSED_HISTORY
SPY,2024-05,1,1,t,True,1,7868,-10532.163272553324,4,21100.208781824684,21072.326545106647,0.9956607417362565,False,EXPOSED_HISTORY
SPY,2024-05,1,2,normal,True,2,7868,-10704.673907598837,4,21445.23005191571,21417.347815197674,0.9856465560497215,False,EXPOSED_HISTORY
SPY,2024-05,1,2,t,True,3,7868,-10532.163272552181,5,21109.17934100191,21074.326545104363,0.9956610378082708,False,EXPOSED_HISTORY
SPY,2024-05,2,1,normal,True,4,7868,-10698.11578491592,4,21432.113806549878,21404.23156983184,0.9819087115519988,False,EXPOSED_HISTORY
SPY,2024-05,2,1,t,True,5,7868,-10525.021345776213,5,21094.895487449972,21060.042691552426,0.9936352856293649,True,EXPOSED_HISTORY
SPY,2024-06,1,1,normal,True,0,7890,-10726.620184797108,3,21480.160423835736,21459.240369594216,0.985552137295267,False,EXPOSED_HISTORY
SPY,2024-06,1,1,t,True,1,7890,-10554.109965539343,4,21144.113336734044,21116.219931078685,0.9955192711156592,False,EXPOSED_HISTORY
SPY,2024-06,1,2,normal,True,2,7890,-10726.620184797024,4,21489.133775249407,21461.24036959405,0.9855521523714902,False,EXPOSED_HISTORY
SPY,2024-06,1,2,t,True,3,7890,-10554.109968282784,5,21153.08669363477,21118.21993656557,0.9955203353168601,False,EXPOSED_HISTORY
SPY,2024-06,2,1,normal,True,4,7890,-10720.086323343714,4,21476.066052342787,21448.172646687428,0.9817978790360347,False,EXPOSED_HISTORY
SPY,2024-06,2,1,t,True,5,7890,-10547.026997922021,5,21138.920752913244,21104.053995844042,0.9934563537585662,True,EXPOSED_HISTORY
SPY,2024-07,1,1,normal,True,0,7909,-10739.984452796722,3,21506.896175485002,21485.968905593443,0.9856290159072407,False,EXPOSED_HISTORY
SPY,2024-07,1,1,t,True,1,7909,-10566.311476843133,4,21168.525980208346,21140.622953686267,0.9956344140751564,False,EXPOSED_HISTORY
SPY,2024-07,1,2,normal,True,2,7909,-10739.984452795692,4,21515.871932113463,21487.968905591384,0.9856289969762011,False,EXPOSED_HISTORY
SPY,2024-07,1,2,t,True,3,7909,-10566.311476906856,5,21177.50173696631,21142.622953813712,0.995634730493496,False,EXPOSED_HISTORY
SPY,2024-07,2,1,normal,True,4,7909,-10733.422670519107,4,21502.748367560293,21474.845341038214,0.9819096454332428,False,EXPOSED_HISTORY
SPY,2024-07,2,1,t,True,5,7909,-10559.159326695628,5,21163.197436543855,21128.318653391256,0.9936149885505456,True,EXPOSED_HISTORY
SPY,2024-08,1,1,normal,True,0,7931,-10768.788712040961,3,21564.513027312172,21543.577424081923,0.9855601116491857,False,EXPOSED_HISTORY
SPY,2024-08,1,1,t,True,1,7931,-10596.060271933791,4,21228.034681507917,21200.120543867582,0.9954456150003479,False,EXPOSED_HISTORY
SPY,2024-08,1,2,normal,True,2,7931,-10768.788712040725,4,21573.491561721785,21545.57742408145,0.9855600850013387,False,EXPOSED_HISTORY
SPY,2024-08,1,2,t,True,3,7931,-10596.060271950497,5,21237.01321595141,21202.120543900994,0.9954459730108268,False,EXPOSED_HISTORY
SPY,2024-08,2,1,normal,True,4,7931,-10761.796334279856,4,21559.506806200046,21531.59266855971,0.9817537738259455,False,EXPOSED_HISTORY
SPY,2024-08,2,1,t,True,5,7931,-10588.554767658261,5,21222.00220736694,21187.109535316522,0.9933164276932901,True,EXPOSED_HISTORY
SPY,2024-09,1,1,normal,True,0,7953,-10803.647766377617,3,21634.239446240106,21613.295532755234,0.9853891235139524,False,EXPOSED_HISTORY
SPY,2024-09,1,1,t,True,1,7953,-10631.171631629877,4,21298.268481239582,21270.343263259754,0.9953477419509977,False,EXPOSED_HISTORY
SPY,2024-09,1,2,normal,True,2,7953,-10803.647766377388,4,21643.220750734603,21615.295532754775,0.9853890951249665,False,EXPOSED_HISTORY
SPY,2024-09,1,2,t,True,3,7953,-10631.171631628196,5,21307.24978573118,21272.343263256393,0.9953476957363162,False,EXPOSED_HISTORY
SPY,2024-09,2,1,normal,True,4,7953,-10796.599685690651,4,21629.12458936113,21601.199371381303,0.9815142960684672,False,EXPOSED_HISTORY
SPY,2024-09,2,1,t,True,5,7953,-10623.585841174881,5,21292.07820482455,21257.171682349763,0.9931491924362693,True,EXPOSED_HISTORY
SPY,2024-10,1,1,normal,True,0,7973,-10829.01752579217,3,21684.986499921844,21664.03505158434,0.9853660226957541,False,EXPOSED_HISTORY
SPY,2024-10,1,1,t,True,1,7973,-10655.85698533778,4,21347.64923512557,21319.71397067556,0.9952947386276321,False,EXPOSED_HISTORY
SPY,2024-10,1,2,normal,True,2,7973,-10829.01752579194,4,21693.97031603389,21666.03505158388,0.9853660051109581,False,EXPOSED_HISTORY
SPY,2024-10,1,2,t,True,3,7973,-10655.856985789465,5,21356.633052141442,21321.71397157893,0.9952947993535147,False,EXPOSED_HISTORY
SPY,2024-10,2,1,normal,True,4,7973,-10822.110276315452,4,21680.155817080915,21652.220552630904,0.9815811740037182,False,EXPOSED_HISTORY
SPY,2024-10,2,1,t,True,5,7973,-10648.3230970054,5,21341.56527457331,21306.6461940108,0.9931357994771434,True,EXPOSED_HISTORY
SPY,2024-11,1,1,normal,True,0,7996,-10854.480905848148,3,21735.921901783156,21714.961811696296,0.9852572124917345,False,EXPOSED_HISTORY
SPY,2024-11,1,1,t,True,1,7996,-10680.162762520646,4,21396.272311823774,21368.32552504129,0.9952814100249137,False,EXPOSED_HISTORY
SPY,2024-11,1,2,normal,True,2,7996,-10854.480905847378,4,21744.90859847724,21716.961811694757,0.9852571305386593,False,EXPOSED_HISTORY
SPY,2024-11,1,2,t,True,3,7996,-10680.162762527503,5,21405.259008533107,21370.325525055006,0.9952815950366534,False,EXPOSED_HISTORY
SPY,2024-11,2,1,normal,True,4,7996,-10847.699586754006,4,21731.345960290495,21703.399173508013,0.9814688701073009,False,EXPOSED_HISTORY
SPY,2024-11,2,1,t,True,5,7996,-10672.77868591198,5,21390.49085530206,21355.55737182396,0.9931357841933096,True,EXPOSED_HISTORY
SPY,2024-12,1,1,normal,True,0,8016,-10878.611594374494,3,21784.19077321896,21763.223188748987,0.9851342993879043,False,EXPOSED_HISTORY
SPY,2024-12,1,1,t,True,1,8016,-10703.21323662193,4,21442.383252537158,21414.42647324386,0.9952196298890422,False,EXPOSED_HISTORY
SPY,2024-12,1,2,normal,True,2,8016,-10878.61159437373,4,21793.179968040757,21765.22318874746,0.9851342174969012,False,EXPOSED_HISTORY
SPY,2024-12,1,2,t,True,3,8016,-10703.213236622661,5,21451.372447361948,21416.426473245323,0.9952195443550277,False,EXPOSED_HISTORY
SPY,2024-12,2,1,normal,True,4,8016,-10871.933155737417,4,21779.82309076813,21751.866311474834,0.9813241524800751,False,EXPOSED_HISTORY
SPY,2024-12,2,1,t,True,5,8016,-10695.95796740778,5,21436.861908932184,21401.91593481556,0.9930565144145754,True,EXPOSED_HISTORY
SPY,2025-01,1,1,normal,True,0,8037,-10910.43051579325,3,21847.83646506114,21826.8610315865,0.9848428497114498,False,EXPOSED_HISTORY
SPY,2025-01,1,1,t,True,1,8037,-10729.060840869171,4,21494.088926371194,21466.121681738343,0.9953160279723792,False,EXPOSED_HISTORY
SPY,2025-01,1,2,normal,True,2,8037,-10910.430515793118,4,21856.828276219087,21828.861031586235,0.9848428710170782,False,EXPOSED_HISTORY
SPY,2025-01,1,2,t,True,3,8037,-10729.060840962566,5,21503.080737716195,21468.12168192513,0.9953162497259489,False,EXPOSED_HISTORY
SPY,2025-01,2,1,normal,True,4,8037,-10903.642136838233,4,21843.251518309316,21815.284273676465,0.9808289441200537,False,EXPOSED_HISTORY
SPY,2025-01,2,1,t,True,5,8037,-10721.504823652056,5,21487.968703095175,21453.009647304112,0.9931155591237867,True,EXPOSED_HISTORY
SPY,2025-02,1,1,normal,True,0,8057,-10936.556725602522,3,21900.096340878375,21879.113451205045,0.9848111708894001,False,EXPOSED_HISTORY
SPY,2025-02,1,1,t,True,1,8057,-10755.521577835558,4,21547.020341902225,21519.043155671116,0.9952501792813424,False,EXPOSED_HISTORY
SPY,2025-02,1,2,normal,True,2,8057,-10936.556725606239,4,21909.090637443587,21881.113451212477,0.9848109526345813,False,EXPOSED_HISTORY
SPY,2025-02,1,2,t,True,3,8057,-10755.521577830548,5,21556.014638449982,21521.043155661097,0.9952504661849916,False,EXPOSED_HISTORY
SPY,2025-02,2,1,normal,True,4,8057,-10929.628568645801,4,21895.234323522713,21867.257137291603,0.9807410841566766,False,EXPOSED_HISTORY
SPY,2025-02,2,1,t,True,5,8057,-10747.771221898129,5,21540.513926585143,21505.542443796257,0.9930039161517901,True,EXPOSED_HISTORY
SPY,2025-03,1,1,normal,True,0,8076,-10960.006410876782,3,21947.00277769186,21926.012821753564,0.9847870686212854,False,EXPOSED_HISTORY
SPY,2025-03,1,1,t,True,1,8076,-10778.94693515131,4,21593.88047822035,21565.89387030262,0.9952396592969721,False,EXPOSED_HISTORY
SPY,2025-03,1,2,normal,True,2,8076,-10960.0064108768,4,21955.99942967133,21928.0128217536,0.9847870731300874,False,EXPOSED_HISTORY
SPY,2025-03,1,2,t,True,3,8076,-10778.946935215314,5,21602.87713032779,21567.893870430627,0.9952399255559697,False,EXPOSED_HISTORY
SPY,2025-03,2,1,normal,True,4,8076,-10953.10909114798,4,21942.20479021369,21914.21818229596,0.9807161478022925,False,EXPOSED_HISTORY
SPY,2025-03,2,1,t,True,5,8076,-10771.259980953328,5,21587.503221803818,21552.519961906655,0.9930002458574156,True,EXPOSED_HISTORY
SPY,2025-04,1,1,normal,True,0,8097,-10996.662064196611,3,22020.32187509828,21999.324128393222,0.9848575993094254,False,EXPOSED_HISTORY
SPY,2025-04,1,1,t,True,1,8097,-10816.70077316989,4,21669.398541946524,21641.40154633978,0.9953298950788798,False,EXPOSED_HISTORY
SPY,2025-04,1,2,normal,True,2,8097,-10996.662064194228,4,22029.3211239952,22001.324128388456,0.9848577088046018,False,EXPOSED_HISTORY
SPY,2025-04,1,2,t,True,3,8097,-10816.700773169869,5,21678.39779084817,21643.401546339737,0.9953299682081379,False,EXPOSED_HISTORY
SPY,2025-04,2,1,normal,True,4,8097,-10989.45224167663,4,22014.901478960004,21986.90448335326,0.9806900049795526,False,EXPOSED_HISTORY
SPY,2025-04,2,1,t,True,5,8097,-10808.667781894128,5,21662.331808296687,21627.335563788256,0.9930205535761141,True,EXPOSED_HISTORY
SPY,2025-05,1,1,normal,True,0,8118,-11062.02668466788,3,22151.058886627958,22130.05336933576,0.9854785096132038,False,EXPOSED_HISTORY
SPY,2025-05,1,1,t,True,1,8118,-10873.183949305298,4,21782.375255000192,21754.367898610595,0.9958022666708172,False,EXPOSED_HISTORY
SPY,2025-05,1,2,normal,True,2,8118,-11062.026684667995,4,22160.060725725587,22132.05336933599,0.9854785164807714,False,EXPOSED_HISTORY
SPY,2025-05,1,2,t,True,3,8118,-10873.18394930111,5,21791.377094089214,21756.36789860222,0.9958021688034481,False,EXPOSED_HISTORY
SPY,2025-05,2,1,normal,True,4,8118,-11055.53864469469,4,22147.084645778978,22119.07728938938,0.9817267507740118,False,EXPOSED_HISTORY
SPY,2025-05,2,1,t,True,5,8118,-10865.943469550999,5,21776.89613458899,21741.886939101998,0.9937329696148056,True,EXPOSED_HISTORY
SPY,2025-06,1,1,normal,True,0,8139,-11095.933337683422,3,22218.879943170825,22197.866675366844,0.9849808759540669,False,EXPOSED_HISTORY
SPY,2025-06,1,1,t,True,1,8139,-10906.370060385161,4,21848.75781117563,21820.740120770322,0.995242603598336,False,EXPOSED_HISTORY
SPY,2025-06,1,2,normal,True,2,8139,-11095.933337683391,4,22227.88436577209,22199.866675366782,0.984980868484333,False,EXPOSED_HISTORY
SPY,2025-06,1,2,t,True,3,8139,-10906.370060387162,5,21857.76223378096,21822.740120774324,0.9952423257332234,False,EXPOSED_HISTORY
SPY,2025-06,2,1,normal,True,4,8139,-11089.150547364628,4,22214.318785134565,22186.301094729257,0.9812653125152497,False,EXPOSED_HISTORY
SPY,2025-06,2,1,t,True,5,8139,-10898.626254273186,5,21842.274621553006,21807.25250854637,0.9930940960494126,True,EXPOSED_HISTORY
SPY,2025-07,1,1,normal,True,0,8159,-11117.815765610441,3,22262.65216189517,22241.631531220883,0.9846382315649378,False,EXPOSED_HISTORY
SPY,2025-07,1,1,t,True,1,8159,-10928.453757491883,4,21892.93502254948,21864.907514983766,0.994919517931506,False,EXPOSED_HISTORY
SPY,2025-07,1,2,normal,True,2,8159,-11117.81576561041,4,22271.659038786536,22243.63153122082,0.9846382326958157,False,EXPOSED_HISTORY
SPY,2025-07,1,2,t,True,3,8159,-10928.45375749396,5,21901.941899445064,21866.90751498792,0.9949197186220744,False,EXPOSED_HISTORY
SPY,2025-07,2,1,normal,True,4,8159,-11110.817824213678,4,22257.663155993072,22229.635648427357,0.9809395008230809,False,EXPOSED_HISTORY
SPY,2025-07,2,1,t,True,5,8159,-10920.52612318789,5,21886.086630832924,21851.05224637578,0.9927808475752012,True,EXPOSED_HISTORY
SPY,2025-08,1,1,normal,True,0,8181,-11132.923848573962,3,22292.876406162464,22271.847697147925,0.984649242765685,False,EXPOSED_HISTORY
SPY,2025-08,1,1,t,True,1,8181,-10942.496612708932,4,21921.031504103918,21892.993225417864,0.9949607287721091,False,EXPOSED_HISTORY
SPY,2025-08,1,2,normal,True,2,8181,-11132.923848573684,4,22301.885975833422,22273.84769714737,0.9846491933794486,False,EXPOSED_HISTORY
SPY,2025-08,1,2,t,True,3,8181,-10942.496612707873,5,21930.041073773315,21894.993225415747,0.9949609734203552,False,EXPOSED_HISTORY
SPY,2025-08,2,1,normal,True,4,8181,-11125.831109619689,4,22287.70049792543,22259.662219239377,0.981012010529166,False,EXPOSED_HISTORY
SPY,2025-08,2,1,t,True,5,8181,-10934.406831718574,5,21913.861511794716,21878.813663437148,0.9928934297782624,True,EXPOSED_HISTORY
SPY,2025-09,1,1,normal,True,0,8202,-11159.001345266366,3,22345.039090450588,22324.002690532732,0.984401698545805,False,EXPOSED_HISTORY
SPY,2025-09,1,1,t,True,1,8202,-10967.725883998495,4,21971.5003012208,21943.45176799699,0.99481698056519,False,EXPOSED_HISTORY
SPY,2025-09,1,2,normal,True,2,8202,-11159.001345266368,4,22354.051223756545,22326.002690532736,0.984401698127965,False,EXPOSED_HISTORY
SPY,2025-09,1,2,t,True,3,8202,-10967.72588399917,5,21980.5124345281,21945.45176799834,0.9948170985956882,False,EXPOSED_HISTORY
SPY,2025-09,2,1,normal,True,4,8202,-11152.405820158814,4,22340.860173541438,22312.81164031763,0.980760982366703,False,EXPOSED_HISTORY
SPY,2025-09,2,1,t,True,5,8202,-10960.180301587914,5,21965.42126970559,21930.360603175828,0.9927140004784316,True,EXPOSED_HISTORY
SPY,2025-10,1,1,normal,True,0,8223,-11174.608662374014,3,22376.26139590294,22355.217324748028,0.9844815705897365,False,EXPOSED_HISTORY
SPY,2025-10,1,1,t,True,1,8223,-10983.111997621068,4,22002.28275678202,21974.223995242137,0.9947868411649414,False,EXPOSED_HISTORY
SPY,2025-10,1,2,normal,True,2,8223,-11174.608662384891,4,22385.276086309666,22357.217324769783,0.9844814722651832,False,EXPOSED_HISTORY
SPY,2025-10,1,2,t,True,3,8223,-10983.111997622216,5,22011.297447169287,21976.223995244432,0.9947869228603673,False,EXPOSED_HISTORY
SPY,2025-10,2,1,normal,True,4,8223,-11168.024404038068,4,22372.10756961602,22344.048808076135,0.9808688929024725,False,EXPOSED_HISTORY
SPY,2025-10,2,1,t,True,5,8223,-10975.569454940864,5,21996.21236180658,21961.138909881727,0.9926844872647819,True,EXPOSED_HISTORY
SPY,2025-11,1,1,normal,True,0,8246,-11208.660690268072,3,22444.373831075944,22423.321380536145,0.983846321615543,False,EXPOSED_HISTORY
SPY,2025-11,1,1,t,True,1,8246,-11011.601280611447,4,22059.27249527596,22031.202561222894,0.9948021084174871,False,EXPOSED_HISTORY
SPY,2025-11,1,2,normal,True,2,8246,-11208.660690270095,4,22453.391314593257,22425.32138054019,0.9838463134041773,False,EXPOSED_HISTORY
SPY,2025-11,1,2,t,True,3,8246,-11011.601280651192,5,22068.289978868717,22033.202561302383,0.9948026692168421,False,EXPOSED_HISTORY
SPY,2025-11,2,1,normal,True,4,8246,-11202.136617031741,4,22440.34316811655,22412.273234063483,0.9801241947216016,False,EXPOSED_HISTORY
SPY,2025-11,2,1,t,True,5,8246,-11004.453742985223,5,22053.99490353678,22018.907485970445,0.9927396634856677,True,EXPOSED_HISTORY
SPY,2025-12,1,1,normal,True,0,8265,-11235.137281889836,3,22497.333918810436,22476.274563779672,0.9838888865581505,False,EXPOSED_HISTORY
SPY,2025-12,1,1,t,True,1,8265,-11039.003287459527,4,22114.085714960074,22086.006574919054,0.9948067581181194,False,EXPOSED_HISTORY
SPY,2025-12,1,2,normal,True,2,8265,-11235.137281891426,4,22506.353703823872,22478.274563782852,0.9838889960384735,False,EXPOSED_HISTORY
SPY,2025-12,1,2,t,True,3,8265,-11039.003287462201,5,22123.105499975678,22088.006574924402,0.9948069192486314,False,EXPOSED_HISTORY
SPY,2025-12,2,1,normal,True,4,8265,-11228.362365924435,4,22492.80387188989,22464.72473184887,0.9801034449852793,False,EXPOSED_HISTORY
SPY,2025-12,2,1,t,True,5,8265,-11031.531256674398,5,22108.16143840007,22073.062513348796,0.9927050206805952,True,EXPOSED_HISTORY
SPY,2026-01,1,1,normal,True,0,8287,-11255.346897155883,3,22537.761124214314,22516.693794311766,0.98373710088301,False,EXPOSED_HISTORY
SPY,2026-01,1,1,t,True,1,8287,-11058.696318647451,4,22153.482410498298,22125.392637294903,0.9946420371053332,False,EXPOSED_HISTORY
SPY,2026-01,1,2,normal,True,2,8287,-11255.346897158277,4,22546.78356751995,22518.693794316554,0.9837371236887859,False,EXPOSED_HISTORY
SPY,2026-01,1,2,t,True,3,8287,-11058.696318676328,5,22162.5048538569,22127.392637352656,0.9946423927195293,False,EXPOSED_HISTORY
SPY,2026-01,2,1,normal,True,4,8287,-11248.582223512101,4,22533.254220227598,22505.164447024203,0.9799215448231894,False,EXPOSED_HISTORY
SPY,2026-01,2,1,t,True,5,8287,-11051.286963447843,5,22147.68614339993,22112.573926895686,0.9924987083047595,True,EXPOSED_HISTORY
SPY,2026-02,1,1,normal,True,0,8307,-11276.71163817672,3,22580.497837788957,22559.42327635344,0.9835664866643491,False,EXPOSED_HISTORY
SPY,2026-02,1,1,t,True,1,8307,-11077.535017649512,4,22191.169450546382,22163.070035299024,0.9946712839043369,False,EXPOSED_HISTORY
SPY,2026-02,1,2,normal,True,2,8307,-11276.71163818025,4,22589.522691607857,22561.4232763605,0.9835664170423124,False,EXPOSED_HISTORY
SPY,2026-02,1,2,t,True,3,8307,-11077.535017647187,5,22200.194304353572,22165.070035294375,0.9946712161294463,False,EXPOSED_HISTORY
SPY,2026-02,2,1,normal,True,4,8307,-11270.142841541992,4,22576.385098331342,22548.285683083985,0.9797492776206095,False,EXPOSED_HISTORY
SPY,2026-02,2,1,t,True,5,8307,-11070.47112939482,5,22186.066527848838,22150.94225878964,0.9925625589091693,True,EXPOSED_HISTORY
SPY,2026-03,1,1,normal,True,0,8326,-11300.821882537146,3,22628.725180357556,22607.643765074292,0.9835316770552341,False,EXPOSED_HISTORY
SPY,2026-03,1,1,t,True,1,8326,-11102.129152945621,4,22240.36685960226,22212.258305891242,0.9945916807917593,False,EXPOSED_HISTORY
SPY,2026-03,1,2,normal,True,2,8326,-11300.821882537164,4,22637.752318785348,22609.64376507433,0.9835316768828596,False,EXPOSED_HISTORY
SPY,2026-03,1,2,t,True,3,8326,-11102.12915303453,5,22249.393998207834,22214.25830606906,0.9945916041296434,False,EXPOSED_HISTORY
SPY,2026-03,2,1,normal,True,4,8326,-11294.438847239117,4,22624.986248189252,22596.877694478233,0.9797545868527382,False,EXPOSED_HISTORY
SPY,2026-03,2,1,t,True,5,8326,-11095.229239186448,5,22235.59417051167,22200.458478372897,0.9924915266107993,True,EXPOSED_HISTORY
SPY,2026-04,1,1,normal,True,0,8348,-11334.968531992967,3,22697.026395790526,22675.937063985933,0.9836894390375587,False,EXPOSED_HISTORY
SPY,2026-04,1,1,t,True,1,8348,-11137.45387780718,4,22311.02686468715,22282.90775561436,0.994744096321644,False,EXPOSED_HISTORY
SPY,2026-04,1,2,normal,True,2,8348,-11334.968531991819,4,22706.056173056426,22677.937063983638,0.983689437021167,False,EXPOSED_HISTORY
SPY,2026-04,1,2,t,True,3,8348,-11137.453877808695,5,22320.056641958377,22284.90775561739,0.9947441109027986,False,EXPOSED_HISTORY
SPY,2026-04,2,1,normal,True,4,8348,-11328.20046269698,4,22692.520034466746,22664.40092539396,0.9798399519724069,False,EXPOSED_HISTORY
SPY,2026-04,2,1,t,True,5,8348,-11130.235539950047,5,22305.61996624108,22270.471079900093,0.9926208344081853,True,EXPOSED_HISTORY
SPY,2026-05,1,1,normal,True,0,8369,-11362.849608847366,3,22752.79608674083,22731.69921769473,0.9834888948476875,False,EXPOSED_HISTORY
SPY,2026-05,1,1,t,True,1,8369,-11164.754590068653,4,22365.638338865436,22337.509180137306,0.9945291032334115,False,EXPOSED_HISTORY
SPY,2026-05,1,2,normal,True,2,8369,-11362.849608849383,4,22761.828376426896,22733.699217698766,0.9834888199320925,False,EXPOSED_HISTORY
SPY,2026-05,1,2,t,True,3,8369,-11164.754590067305,5,22374.670628544773,22339.50918013461,0.9945289174465386,False,EXPOSED_HISTORY
SPY,2026-05,2,1,normal,True,4,8369,-11356.009496495546,4,22748.148151719222,22720.018992991092,0.9795697424924161,False,EXPOSED_HISTORY
SPY,2026-05,2,1,t,True,5,8369,-11157.500002046594,5,22360.16145250335,22325.00000409319,0.9923402170853717,True,EXPOSED_HISTORY
SPY,2026-06,1,1,normal,True,0,8389,-11383.522092895548,3,22794.148215599635,22773.044185791096,0.9834030977528487,False,EXPOSED_HISTORY
SPY,2026-06,1,1,t,True,1,8389,-11185.486532632212,4,22407.11177167581,22378.973065264425,0.99441892715431,False,EXPOSED_HISTORY
SPY,2026-06,1,2,normal,True,2,8389,-11383.522092895093,4,22803.18289220157,22775.044185790186,0.9834031474448353,False,EXPOSED_HISTORY
SPY,2026-06,1,2,t,True,3,8389,-11185.48653262997,5,22416.146448274172,22380.97306525994,0.994418982830757,False,EXPOSED_HISTORY
SPY,2026-06,2,1,normal,True,4,8389,-11376.660764978773,4,22789.46023636893,22761.321529957546,0.9794921769002368,False,EXPOSED_HISTORY
SPY,2026-06,2,1,t,True,5,8389,-11178.203853016601,5,22401.581089047435,22366.407706033202,0.9922250529650031,True,EXPOSED_HISTORY
SPY,2026-07,1,1,normal,True,0,8410,-11419.091226701716,3,22865.293983662334,22844.18245340343,0.9833986357957126,False,EXPOSED_HISTORY
SPY,2026-07,1,1,t,True,1,8410,-11219.104566462525,4,22474.357839936918,22446.20913292505,0.9945426058155602,False,EXPOSED_HISTORY
SPY,2026-07,1,2,normal,True,2,8410,-11419.091226698993,4,22874.331160409853,22846.182453397985,0.9833985732039896,False,EXPOSED_HISTORY
SPY,2026-07,1,2,t,True,3,8410,-11219.104566463851,5,22483.39501669254,22448.209132927703,0.9945422114569549,False,EXPOSED_HISTORY
SPY,2026-07,2,1,normal,True,4,8410,-11412.086724704404,4,22860.322156420676,22832.17344940881,0.9793876410929991,False,EXPOSED_HISTORY
SPY,2026-07,2,1,t,True,5,8410,-11211.531705516973,5,22468.24929479878,22433.063411033945,0.9923128288955465,True,EXPOSED_HISTORY
SPY,2026-08,1,1,normal,True,0,8432,-11444.962104270766,3,22917.043576353874,22895.92420854153,0.9832745810720125,False,EXPOSED_HISTORY
SPY,2026-08,1,1,t,True,1,8432,-11245.02894068386,4,22526.217038450846,22498.05788136772,0.9944237298902725,False,EXPOSED_HISTORY
SPY,2026-08,1,2,normal,True,2,8432,-11444.962104270026,4,22926.083365623177,22897.92420854005,0.9832744776825978,False,EXPOSED_HISTORY
SPY,2026-08,1,2,t,True,3,8432,-11245.028940686756,5,22535.25682772742,22500.057881373512,0.9944237136682422,False,EXPOSED_HISTORY
SPY,2026-08,2,1,normal,True,4,8432,-11438.032893543648,4,22912.224944170423,22884.065787087296,0.9792542725751727,False,EXPOSED_HISTORY
SPY,2026-08,2,1,t,True,5,8432,-11237.576282952678,5,22520.35151225926,22485.152565905355,0.9921826577192974,True,EXPOSED_HISTORY
